Mapa                     ;Data;Unb Nota;Nota;Serie;Unb Cliente;Cod. Cliente;Nome Cliente;Telefone;Area;Setor;Placa;Valor;Volume;Data Devol.;Cod. Motivo;Desc. Motivo;Orig. Pedido;Usuario;Hora 
178890                            ;01/10/2024;    ;227315;006;    ;0009582;CHURRASCARIA E PIZZA                              ;(87)98171-6565 ;040;410;QYB6002;    2898,44;    3,01;02/10/2024;23;(C)Pedidos duplicados         ;   ;lucianob   ;14:52
178895                            ;01/10/2024;    ;227443;006;    ;0009220;DISTR LAS VEGAS                                   ;(87)98168-8297 ;040;408;PER3140;     808,50;    1,03;01/10/2024;42;Produto/Quantidade Errada     ;   ;sinval     ;17:29
178897                            ;01/10/2024;    ;227502;006;    ;0014327;ELIZTE MARTINS DE SE                              ;(63)98101-5174 ;040;408;OYP3193;     541,46;    0,51;01/10/2024;72;PDV FECHADO (HORARIO COM.)    ;   ;sinval     ;15:51
178902                            ;01/10/2024;    ;227581;006;    ;0011237;PADARIA ADRIELLY                                  ;(87)99929-3193 ;040;404;RZH6B16;     215,60;    0,27;01/10/2024;72;PDV FECHADO (HORARIO COM.)    ;   ;sinval     ;14:34
178902                            ;01/10/2024;    ;227587;006;    ;0017931;WS FATIADO                                        ;(87)98832-3724 ;040;404;RZH6B16;     262,64;    0,28;01/10/2024;72;PDV FECHADO (HORARIO COM.)    ;   ;sinval     ;14:34
178903                            ;01/10/2024;    ;227600;006;    ;0016147;MERCADO JS                                        ;(87)99150-3410 ;040;400;RZW8I16;     208,60;    0,26;01/10/2024;72;PDV FECHADO (HORARIO COM.)    ;   ;sinval     ;14:02
178903                            ;01/10/2024;    ;227601;006;    ;0016147;MERCADO JS                                        ;(87)99150-3410 ;040;400;RZW8I16;     205,94;    0,23;01/10/2024;72;PDV FECHADO (HORARIO COM.)    ;   ;sinval     ;14:03
178905                            ;01/10/2024;    ;227631;006;    ;0004481;BAR DA SOCORRO                                    ;(87)98807-1528 ;040;403;RZH6B16;      10,87;    0,01;01/10/2024;63;PRODUTO / QTDE. ERRADA        ;DER;carlosed   ;19:11
178910                            ;01/10/2024;    ;227714;006;    ;0008291;CLAUDIA BEBIDAS                                   ;(87)98863-1571 ;040;409;QYI7A36;     323,40;    0,41;01/10/2024;70;CLIENTE CANCELOU              ;DER;sinval     ;17:32
178911                            ;01/10/2024;    ;227718;006;    ;0006341;CALDINHO DA ANNE                                  ;(87)98869-2279 ;040;412;PDB9366;     880,90;    0,98;01/10/2024;72;PDV FECHADO (HORARIO COM.)    ;   ;carlosed   ;18:38
178913                            ;01/10/2024;    ;227816;006;    ;0018340;RS ESPETO                                         ;(85)98166-0729 ;040;403;PGW8630;    1134,12;    1,72;01/10/2024;72;PDV FECHADO (HORARIO COM.)    ;   ;sinval     ;17:43
178913                            ;01/10/2024;    ;227817;006;    ;0018340;RS ESPETO                                         ;(85)98166-0729 ;040;403;PGW8630;     481,38;    0,53;01/10/2024;72;PDV FECHADO (HORARIO COM.)    ;   ;sinval     ;17:43
178916                            ;01/10/2024;    ;227885;006;    ;0006955;MERC E D MARIA JOAO                               ;(87) 9652-0786 ;040;413;RZN7B71;    2061,80;    2,60;01/10/2024;72;PDV FECHADO (HORARIO COM.)    ;   ;sinval     ;15:20
178916                            ;01/10/2024;    ;227886;006;    ;0006955;MERC E D MARIA JOAO                               ;(87) 9652-0786 ;040;413;RZN7B71;     124,90;    0,14;01/10/2024;72;PDV FECHADO (HORARIO COM.)    ;   ;sinval     ;15:21
178926                            ;02/10/2024;    ;227989;006;    ;0009898;Bar Do Keke                                       ;(87)98151-2339 ;040;411;PCI2653;       4,17;    0,00;03/10/2024;42;Produto/Quantidade Errada     ;   ;sinval     ;14:50
178929                            ;02/10/2024;    ;228102;006;    ;0018554;MERC EXPEDITO                                     ;(87)99205-0678 ;040;406;PER3140;     160,08;    0,20;02/10/2024;73;FALTA DE ATIVOS DE GIRO       ;   ;lucianob   ;14:53
178930                            ;02/10/2024;    ;228137;006;    ;0015820;bar e pet da ronaria                              ;(87)99157-0271 ;040;406;PCG6384;     451,88;    0,54;02/10/2024;73;FALTA DE ATIVOS DE GIRO       ;   ;lucianob   ;17:23
178933                            ;02/10/2024;    ;228226;006;    ;0010603;ESTER BEBIDAS                                     ;(87)99941-9271 ;040;400;KIZ3217;    1376,90;    1,97;02/10/2024;71;SEM DINHEIRO/CHEQUE           ;   ;lucianob   ;17:23
178934                            ;02/10/2024;    ;228254;006;    ;0010689;MERCADO MM MIRANDA                                ;(87)99944-4608 ;080;841;RZN7B71;     194,68;    0,15;02/10/2024;42;Produto/Quantidade Errada     ;   ;lucianob   ;17:45
178934                            ;02/10/2024;    ;228255;006;    ;0010689;MERCADO MM MIRANDA                                ;(87)99944-4608 ;080;841;RZN7B71;     136,41;    0,14;02/10/2024;42;Produto/Quantidade Errada     ;   ;lucianob   ;17:44
178934                            ;02/10/2024;    ;228256;006;    ;0010689;MERCADO MM MIRANDA                                ;(87)99944-4608 ;080;841;RZN7B71;      63,96;    0,10;02/10/2024;42;Produto/Quantidade Errada     ;   ;lucianob   ;17:44
178934                            ;02/10/2024;    ;228257;006;    ;0010689;MERCADO MM MIRANDA                                ;(87)99944-4608 ;080;841;RZN7B71;     585,90;    0,74;02/10/2024;42;Produto/Quantidade Errada     ;   ;lucianob   ;17:43
178934                            ;02/10/2024;    ;228258;006;    ;0010689;MERCADO MM MIRANDA                                ;(87)99944-4608 ;080;841;RZN7B71;     549,21;    0,63;02/10/2024;42;Produto/Quantidade Errada     ;   ;lucianob   ;17:43
178934                            ;02/10/2024;    ;228277;006;    ;0007347;GELADAO DO CICERO                                 ;(87)99908-0378 ;040;400;RZN7B71;    1163,70;    1,36;02/10/2024;72;PDV FECHADO (HORARIO COM.)    ;   ;lucianob   ;17:41
178934                            ;02/10/2024;    ;228278;006;    ;0007347;GELADAO DO CICERO                                 ;(87)99908-0378 ;040;400;RZN7B71;     690,04;    0,82;02/10/2024;72;PDV FECHADO (HORARIO COM.)    ;   ;lucianob   ;17:42
178934                            ;02/10/2024;    ;228279;006;    ;0007347;GELADAO DO CICERO                                 ;(87)99908-0378 ;040;400;RZN7B71;     756,62;    0,90;02/10/2024;72;PDV FECHADO (HORARIO COM.)    ;   ;lucianob   ;17:42
178941                            ;02/10/2024;    ;228399;006;    ;0008385;PANIF FERNANDES                                   ;(87)99821-7070 ;040;404;RZW8I16;      95,58;    0,12;02/10/2024;72;PDV FECHADO (HORARIO COM.)    ;   ;lucianob   ;14:37
178950                            ;02/10/2024;    ;228596;006;    ;0006261;RONY PETISCOS                                     ;(87) 8842-7150 ;040;403;PDC0246;    1663,49;    1,84;02/10/2024;53;PROD PROXIMO VENCIM. COMERCIAL;   ;evanete    ;20:43
178967                            ;03/10/2024;    ;228828;006;    ;0018362;SOPA E CIA                                        ;(87)98818-1410 ;040;402;RZH6B16;     266,96;    0,89;03/10/2024;72;PDV FECHADO (HORARIO COM.)    ;   ;sinval     ;14:19
178969                            ;03/10/2024;    ;228850;006;    ;0017645;PANIFICADORA DA VAL                               ;(87)98173-4461 ;040;402;OXN0I49;     147,25;    0,29;03/10/2024;72;PDV FECHADO (HORARIO COM.)    ;   ;sinval     ;15:49
178972                            ;03/10/2024;    ;228903;006;    ;0017909;RESTAURANTE DA PAULA                              ;(79)99849-5813 ;040;408;OXN0I49;     122,52;    0,28;03/10/2024;89;PDV FECHADO APOS HORARIO      ;   ;carlosed   ;20:04
178972                            ;03/10/2024;    ;228904;006;    ;0003871;ISRAEL MARQUES                                    ;(87)98812-6343 ;040;408;OXN0I49;     132,06;    0,18;03/10/2024;89;PDV FECHADO APOS HORARIO      ;   ;carlosed   ;20:05
178972                            ;03/10/2024;    ;228905;006;    ;0011244;MORENA FLOR                                       ;(87)98805-5925 ;040;408;OXN0I49;     294,09;    0,43;03/10/2024;89;PDV FECHADO APOS HORARIO      ;   ;carlosed   ;20:05
178976                            ;03/10/2024;    ;229008;006;    ;0011884;JR DISTRIBUIDORA                                  ;(87)99142-6467 ;040;404;RZN7B71;    1486,00;    2,15;03/10/2024;42;Produto/Quantidade Errada     ;   ;sinval     ;15:46
178976                            ;03/10/2024;    ;229009;006;    ;0011884;JR DISTRIBUIDORA                                  ;(87)99142-6467 ;040;404;RZN7B71;      59,10;    0,21;03/10/2024;42;Produto/Quantidade Errada     ;   ;sinval     ;15:46
178980                            ;03/10/2024;    ;229155;006;    ;0010440;DISTRIBUIDORA SOUZA                               ;(87)98862-5753 ;040;407;PDB9366;     804,42;    0,90;03/10/2024;42;Produto/Quantidade Errada     ;   ;sinval     ;18:22
178980                            ;03/10/2024;    ;229156;006;    ;0010440;DISTRIBUIDORA SOUZA                               ;(87)98862-5753 ;040;407;PDB9366;     216,70;    0,27;03/10/2024;42;Produto/Quantidade Errada     ;   ;sinval     ;18:23
178982                            ;03/10/2024;    ;229234;006;    ;0008059;NOVA VIDA SUPERMERCA                              ;(87) 9998-0248 ;080;841;PER3140;    1976,51;    2,56;03/10/2024;72;PDV FECHADO (HORARIO COM.)    ;   ;carlosed   ;20:19
178983                            ;03/10/2024;    ;229235;006;    ;0018377;RESERVA MUSIC E BAR                               ;(86)99435-3683 ;040;412;PDC0246;     356,58;    0,19;03/10/2024;72;PDV FECHADO (HORARIO COM.)    ;   ;carlosed   ;20:56
178983                            ;03/10/2024;    ;229244;006;    ;0001216;BAR DA JOJO                                       ;(87)98836-5493 ;040;408;PDC0246;      74,44;    0,16;03/10/2024;72;PDV FECHADO (HORARIO COM.)    ;   ;carlosed   ;20:56
178994                            ;04/10/2024;    ;229389;006;    ;0011540;GS DISTRIBUIDORA                                  ;(87)99195-9917 ;040;406;PCI2653;      50,00;    0,04;05/10/2024;42;Produto/Quantidade Errada     ;   ;sinval     ;14:45
178994                            ;04/10/2024;    ;229390;006;    ;0011540;GS DISTRIBUIDORA                                  ;(87)99195-9917 ;040;406;PCI2653;       2,61;    0,00;05/10/2024;42;Produto/Quantidade Errada     ;   ;sinval     ;14:46
178995                            ;04/10/2024;    ;229483;006;    ;0008497;BAR DO IZAIAS                                     ;(87)98117-9454 ;040;410;QYB6002;      42,11;    0,06;05/10/2024;71;SEM DINHEIRO/CHEQUE           ;   ;sinval     ;16:39
178996                            ;04/10/2024;    ;229526;006;    ;0007446;MERCADAO S DOMINGOS                               ;(87)99613-9723 ;080;841;PCI2783;      75,00;    0,07;05/10/2024;50;CARGA ERRADA ARMAZEM          ;DER;sinval     ;12:23
178996                            ;04/10/2024;    ;229527;006;    ;0007446;MERCADAO S DOMINGOS                               ;(87)99613-9723 ;080;841;PCI2783;      41,67;    0,04;05/10/2024;50;CARGA ERRADA ARMAZEM          ;   ;sinval     ;12:23
178998                            ;04/10/2024;    ;229593;006;    ;0017001;SORVETERIA PAIXaO                                 ;(87)98801-8216 ;040;406;PEM1880;     459,32;    0,55;04/10/2024;72;PDV FECHADO (HORARIO COM.)    ;   ;evanete    ;18:26
179003                            ;04/10/2024;    ;229697;006;    ;0015968;REST DA ROSELMA                                   ;(87)99179-3655 ;040;408;RZW8I16;     394,26;    0,47;04/10/2024;71;SEM DINHEIRO/CHEQUE           ;   ;lucianob   ;16:  
179006                            ;04/10/2024;    ;229746;006;    ;0017171;QUIOSQUE DA YSSA                                  ;(87)98834-5015 ;040;409;RZW8I16;     106,88;    0,13;04/10/2024;72;PDV FECHADO (HORARIO COM.)    ;   ;evanete    ;19:20
179007                            ;04/10/2024;    ;229772;006;    ;0018589;DISK BEER                                         ;(79)98141-7611 ;040;409;PDB6166;    2466,16;    2,67;04/10/2024;71;SEM DINHEIRO/CHEQUE           ;   ;lucianob   ;17:27
179011                            ;04/10/2024;    ;229908;006;    ;0009995;DISTRIBUIDORA                                     ;(87)99961-5805 ;040;408;PDC0246;    1130,42;    1,29;05/10/2024;72;PDV FECHADO (HORARIO COM.)    ;   ;sinval     ;12:22
179013                            ;04/10/2024;    ;230004;006;    ;0017677;CARAVANAS RAIZ                                    ;(87)99652-4530 ;040;412;PCG6384;     849,72;    0,72;04/10/2024;71;SEM DINHEIRO/CHEQUE           ;   ;evanete    ;19:28
179013                            ;04/10/2024;    ;230023;006;    ;0017280;PIRATA LANCHES                                    ;(87)98866-0867 ;040;409;PCG6384;    1455,26;    1,71;04/10/2024;73;FALTA DE ATIVOS DE GIRO       ;DER;evanete    ;19:29
179015                            ;04/10/2024;    ;230070;006;    ;0016287;MERCADO VALE DAS ESM                              ;(87)99981-1894 ;040;402;QYW7A22;      33,60;    0,04;04/10/2024;87;TEMPO INSUFICIENTE            ;   ;evanete    ;19:54
179015                            ;04/10/2024;    ;230071;006;    ;0016287;MERCADO VALE DAS ESM                              ;(87)99981-1894 ;040;402;QYW7A22;      76,20;    0,01;04/10/2024;87;TEMPO INSUFICIENTE            ;   ;evanete    ;19:55
179015                            ;04/10/2024;    ;230072;006;    ;0016287;MERCADO VALE DAS ESM                              ;(87)99981-1894 ;040;402;QYW7A22;    1010,36;    1,36;04/10/2024;87;TEMPO INSUFICIENTE            ;   ;evanete    ;19:55
179015                            ;04/10/2024;    ;230073;006;    ;0016287;MERCADO VALE DAS ESM                              ;(87)99981-1894 ;040;402;QYW7A22;      29,72;    0,02;04/10/2024;87;TEMPO INSUFICIENTE            ;   ;evanete    ;19:56
179015                            ;04/10/2024;    ;230074;006;    ;0016287;MERCADO VALE DAS ESM                              ;(87)99981-1894 ;040;402;QYW7A22;      77,43;    0,26;04/10/2024;87;TEMPO INSUFICIENTE            ;   ;evanete    ;19:56
179015                            ;04/10/2024;    ;230075;006;    ;0016287;MERCADO VALE DAS ESM                              ;(87)99981-1894 ;040;402;QYW7A22;     154,23;    0,20;04/10/2024;87;TEMPO INSUFICIENTE            ;   ;evanete    ;19:56
179015                            ;04/10/2024;    ;230106;006;    ;0026181;MERCADINHO NUNES                                  ;(87)98809-6915 ;080;841;QYW7A22;    2381,63;    5,26;04/10/2024;87;TEMPO INSUFICIENTE            ;   ;evanete    ;19:54
179015                            ;04/10/2024;    ;230107;006;    ;0006955;MERC E D MARIA JOAO                               ;(87) 9652-0786 ;040;413;QYW7A22;    2481,96;    3,11;04/10/2024;87;TEMPO INSUFICIENTE            ;   ;evanete    ;19:52
179016                            ;04/10/2024;    ;230114;006;    ;0024543;MERC. J. JUNIOR                                   ;(87)98837-0850 ;080;840;RZN7B71;    2723,39;    3,23;04/10/2024;64;SEM VASILHAME                 ;   ;evanete    ;19:13
179016                            ;04/10/2024;    ;230115;006;    ;0024543;MERC. J. JUNIOR                                   ;(87)98837-0850 ;080;840;RZN7B71;    1059,62;    1,87;04/10/2024;64;SEM VASILHAME                 ;   ;evanete    ;19:13
179016                            ;04/10/2024;    ;230132;006;    ;0018340;RS ESPETO                                         ;(85)98166-0729 ;040;403;RZN7B71;     453,73;    0,51;04/10/2024;64;SEM VASILHAME                 ;   ;evanete    ;19:12
179020                            ;04/10/2024;    ;230192;006;    ;0000490;BONTEMPO SUPERMERCAD                              ;(87)99822-6204 ;080;840;PCX2687;      12,08;    0,01;05/10/2024;23;(C)Pedidos duplicados         ;   ;sinval     ;15:34
179020                            ;04/10/2024;    ;230199;006;    ;0000491;BONTEMPO SUPERMERCAD                              ;(87)98815-1555 ;080;840;PCX2687;    2432,92;    4,45;05/10/2024;87;TEMPO INSUFICIENTE            ;   ;sinval     ;15:34
179020                            ;04/10/2024;    ;230200;006;    ;0000491;BONTEMPO SUPERMERCAD                              ;(87)98815-1555 ;080;840;PCX2687;      63,09;    0,05;05/10/2024;87;TEMPO INSUFICIENTE            ;DER;sinval     ;15:35
179032                            ;05/10/2024;    ;230257;006;    ;0008254;COMAL                                             ;(87) 9994-9492 ;080;840;MXF8510;     875,72;    1,18;05/10/2024;32;ENTREGA ATRASADA (BUFFER)     ;   ;carlosed   ;19:08
179033                            ;05/10/2024;    ;230292;006;    ;0010018;OFERTAO SOUZA                                     ;(87)98831-7101 ;080;841;QYW7A22;    1962,01;    3,23;05/10/2024;72;PDV FECHADO (HORARIO COM.)    ;   ;sinval     ;17:39
179033                            ;05/10/2024;    ;230293;006;    ;0010018;OFERTAO SOUZA                                     ;(87)98831-7101 ;080;841;QYW7A22;    2430,54;    2,20;05/10/2024;72;PDV FECHADO (HORARIO COM.)    ;   ;sinval     ;17:39
179033                            ;05/10/2024;    ;230294;006;    ;0010018;OFERTAO SOUZA                                     ;(87)98831-7101 ;080;841;QYW7A22;    1637,07;    1,24;05/10/2024;72;PDV FECHADO (HORARIO COM.)    ;   ;sinval     ;17:40
179053                            ;07/10/2024;    ;230512;006;    ;0009638;DIST BEER HOUSE                                   ;(87)98803-3341 ;040;407;RZH6B16;     232,95;    0,61;07/10/2024;72;PDV FECHADO (HORARIO COM.)    ;   ;sinval     ;16:52
179053                            ;07/10/2024;    ;230513;006;    ;0009638;DIST BEER HOUSE                                   ;(87)98803-3341 ;040;407;RZH6B16;       2,61;    0,00;07/10/2024;72;PDV FECHADO (HORARIO COM.)    ;   ;sinval     ;16:52
179054                            ;07/10/2024;    ;230553;006;    ;0025586;NALDO DIST DE BEBIDA                              ;(87)99933-1496 ;040;409;RZW8I16;     338,66;    0,32;07/10/2024;72;PDV FECHADO (HORARIO COM.)    ;   ;sinval     ;16:45
179054                            ;07/10/2024;    ;230555;006;    ;0018664;MARIÁ RESTAURANTE E                               ;(87)99191-7510 ;040;401;RZW8I16;      17,80;    0,06;07/10/2024;72;PDV FECHADO (HORARIO COM.)    ;   ;sinval     ;16:46
179057                            ;07/10/2024;    ;230603;006;    ;0009118;BAR E REST ENCONTRO                               ;(87)98829-0765 ;040;402;OXN0I49;     749,96;    1,11;07/10/2024;87;TEMPO INSUFICIENTE            ;   ;carlosed   ;19:09
179057                            ;07/10/2024;    ;230608;006;    ;0018345;OXENTE CALDOS                                     ;(87)99978-4297 ;040;402;OXN0I49;     196,85;    0,27;07/10/2024;87;TEMPO INSUFICIENTE            ;   ;carlosed   ;19:09
179057                            ;07/10/2024;    ;230609;006;    ;0018345;OXENTE CALDOS                                     ;(87)99978-4297 ;040;402;OXN0I49;     148,24;    0,06;07/10/2024;87;TEMPO INSUFICIENTE            ;DER;carlosed   ;19:09
179057                            ;07/10/2024;    ;230610;006;    ;0014303;PANIFICADORA PRIMOR                               ;(87)98858-7880 ;040;402;OXN0I49;     239,29;    0,74;07/10/2024;87;TEMPO INSUFICIENTE            ;   ;carlosed   ;19:10
179057                            ;07/10/2024;    ;230619;006;    ;0017302;COM ASA BRANCA                                    ;(87)99132-8204 ;040;402;OXN0I49;     436,36;    0,66;07/10/2024;87;TEMPO INSUFICIENTE            ;   ;carlosed   ;19:07
179058                            ;07/10/2024;    ;230653;006;    ;0008298;PAULA TEREZA                                      ;(87)98802-6961 ;040;404;PDB9366;     232,25;    0,27;08/10/2024;71;SEM DINHEIRO/CHEQUE           ;   ;lucianob   ;10:48
179058                            ;07/10/2024;    ;230657;006;    ;0018063;ANNY DISTRIBUIDORA                                ;(87)99177-7522 ;040;404;PDB9366;     133,70;    0,15;08/10/2024;72;PDV FECHADO (HORARIO COM.)    ;   ;lucianob   ;10:49
179059                            ;07/10/2024;    ;230715;006;    ;0008299;COMERCIAL SOUZA                                   ;(87)98824-3938 ;040;413;PDB6166;    1141,96;    1,36;08/10/2024;72;PDV FECHADO (HORARIO COM.)    ;   ;lucianob   ;15:32
179060                            ;07/10/2024;    ;230722;006;    ;0009600;GELADAO ALTAS HORAS                               ;(87)99112-4379 ;040;413;PER3140;    3613,63;    4,50;07/10/2024;72;PDV FECHADO (HORARIO COM.)    ;   ;sinval     ;18:14
179060                            ;07/10/2024;    ;230723;006;    ;0009600;GELADAO ALTAS HORAS                               ;(87)99112-4379 ;040;413;PER3140;    1900,56;    2,32;07/10/2024;72;PDV FECHADO (HORARIO COM.)    ;   ;sinval     ;18:14
179063                            ;07/10/2024;    ;230835;006;    ;0011980;ESPETOS BAR E MERC                                ;(87)98148-1745 ;040;405;QYI7A36;     539,00;    0,69;07/10/2024;73;FALTA DE ATIVOS DE GIRO       ;   ;sinval     ;17:18
179063                            ;07/10/2024;    ;230836;006;    ;0011980;ESPETOS BAR E MERC                                ;(87)98148-1745 ;040;405;QYI7A36;     462,84;    0,52;07/10/2024;73;FALTA DE ATIVOS DE GIRO       ;   ;sinval     ;17:18
179063                            ;07/10/2024;    ;230839;006;    ;0016077;LUIZA BOMBONIERE                                  ;(87)98824-2480 ;040;405;QYI7A36;     144,13;    0,25;07/10/2024;73;FALTA DE ATIVOS DE GIRO       ;   ;sinval     ;17:16
179063                            ;07/10/2024;    ;230840;006;    ;0016077;LUIZA BOMBONIERE                                  ;(87)98824-2480 ;040;405;QYI7A36;     320,56;    0,34;07/10/2024;73;FALTA DE ATIVOS DE GIRO       ;   ;sinval     ;17:16
179063                            ;07/10/2024;    ;230841;006;    ;0016077;LUIZA BOMBONIERE                                  ;(87)98824-2480 ;040;405;QYI7A36;     167,72;    0,30;07/10/2024;73;FALTA DE ATIVOS DE GIRO       ;   ;sinval     ;17:16
179063                            ;07/10/2024;    ;230858;006;    ;0015083;BAR e PETISCARIA TM                               ;(87)99611-6226 ;040;401;QYI7A36;     280,13;    0,24;07/10/2024;71;SEM DINHEIRO/CHEQUE           ;   ;sinval     ;17:17
179063                            ;07/10/2024;    ;230859;006;    ;0015083;BAR e PETISCARIA TM                               ;(87)99611-6226 ;040;401;QYI7A36;     894,50;    1,03;07/10/2024;71;SEM DINHEIRO/CHEQUE           ;   ;sinval     ;17:17
179063                            ;07/10/2024;    ;230860;006;    ;0015083;BAR e PETISCARIA TM                               ;(87)99611-6226 ;040;401;QYI7A36;     361,00;    0,42;07/10/2024;71;SEM DINHEIRO/CHEQUE           ;   ;sinval     ;17:17
179064                            ;07/10/2024;    ;230894;006;    ;0017601;MERC JEANE                                        ;(87)98839-7427 ;040;403;SNT2B29;     110,12;    0,20;07/10/2024;72;PDV FECHADO (HORARIO COM.)    ;   ;sinval     ;16:23
179064                            ;07/10/2024;    ;230896;006;    ;0006286;Co de bebida do vale                              ;(87) 8816-5426 ;040;403;SNT2B29;    1689,80;    2,23;07/10/2024;71;SEM DINHEIRO/CHEQUE           ;   ;sinval     ;16:23
179065                            ;07/10/2024;    ;230933;006;    ;0016225;RESTAURANTE KANTIN N                              ;(87)99604-4236 ;040;404;QYW7A22;     472,78;    1,05;07/10/2024;72;PDV FECHADO (HORARIO COM.)    ;   ;sinval     ;18:13
179067                            ;07/10/2024;    ;230943;006;    ;0018061;COXINHAS                                          ;(87)98854-5915 ;040;408;PCX2687;     864,03;    2,25;07/10/2024;87;TEMPO INSUFICIENTE            ;   ;sinval     ;17:27
179067                            ;07/10/2024;    ;230951;006;    ;0008766;RESTAURANTE RODRIGUE                              ;(87)98829-5644 ;040;408;PCX2687;    2718,09;    2,98;07/10/2024;87;TEMPO INSUFICIENTE            ;   ;sinval     ;17:28
179067                            ;07/10/2024;    ;230956;006;    ;0018514;LG BEBIDAS                                        ;(87)98878-2969 ;040;408;PCX2687;    1002,50;    1,21;07/10/2024;87;TEMPO INSUFICIENTE            ;   ;sinval     ;17:26
179067                            ;07/10/2024;    ;230957;006;    ;0018514;LG BEBIDAS                                        ;(87)98878-2969 ;040;408;PCX2687;      34,90;    0,04;07/10/2024;87;TEMPO INSUFICIENTE            ;DER;sinval     ;17:26
179067                            ;07/10/2024;    ;230959;006;    ;0008973;DIST RANCHO DAS BEB                               ;(87)99176-1447 ;040;413;PCX2687;    2402,45;    3,09;07/10/2024;87;TEMPO INSUFICIENTE            ;   ;sinval     ;17:27
179067                            ;07/10/2024;    ;230962;006;    ;0016183;VANDA BAR                                         ;(87)90000-0000 ;040;405;PCX2687;     382,72;    0,45;07/10/2024;87;TEMPO INSUFICIENTE            ;   ;sinval     ;17:28
179068                            ;07/10/2024;    ;230981;006;    ;0025807;COMERCIAL RODRIGUES                               ;(87)98819-3918 ;040;407;PCG6384;     290,89;    0,35;07/10/2024;42;Produto/Quantidade Errada     ;   ;carlosed   ;19:01
179068                            ;07/10/2024;    ;230982;006;    ;0025807;COMERCIAL RODRIGUES                               ;(87)98819-3918 ;040;407;PCG6384;     696,02;    0,69;07/10/2024;42;Produto/Quantidade Errada     ;   ;carlosed   ;19:02
179068                            ;07/10/2024;    ;230984;006;    ;0017420;dis de bebid do vale                              ;(87)99681-8741 ;040;407;PCG6384;      69,91;    0,12;07/10/2024;73;FALTA DE ATIVOS DE GIRO       ;   ;carlosed   ;19:02
179078                            ;08/10/2024;    ;231082;006;    ;0016729;MERC PRECO BAIXO                                  ;(87)89171-3183 ;040;406;OYP3193;    1386,34;    1,68;08/10/2024;73;FALTA DE ATIVOS DE GIRO       ;   ;lucianob   ;17:27
179084                            ;08/10/2024;    ;231304;006;    ;0018193;JANELA ABERTA                                     ;(87)99636-3475 ;040;404;RZH6B16;      45,82;    0,06;08/10/2024;73;FALTA DE ATIVOS DE GIRO       ;   ;lucianob   ;10:59
179084                            ;08/10/2024;    ;231309;006;    ;0018334;BATISTA BEBIDAS                                   ;(87)98123-8558 ;040;404;RZH6B16;     525,10;    0,62;08/10/2024;73;FALTA DE ATIVOS DE GIRO       ;   ;lucianob   ;11:  
179085                            ;08/10/2024;    ;231341;006;    ;0007704;CIA DAS BEBIDAS                                   ;(87)98828-0507 ;040;413;RZW8I16;    1092,67;    1,52;08/10/2024;71;SEM DINHEIRO/CHEQUE           ;   ;lucianob   ;10:42
179085                            ;08/10/2024;    ;231342;006;    ;0007704;CIA DAS BEBIDAS                                   ;(87)98828-0507 ;040;413;RZW8I16;      44,68;    0,10;08/10/2024;71;SEM DINHEIRO/CHEQUE           ;   ;lucianob   ;10:42
179089                            ;08/10/2024;    ;231419;006;    ;0018338;MERC SANDRA                                       ;(98)98831-7605 ;040;403;OXN0I49;     299,30;    0,34;08/10/2024;72;PDV FECHADO (HORARIO COM.)    ;   ;lucianob   ;15:56
179091                            ;08/10/2024;    ;231453;006;    ;0016428;TEMPERO DE MaE                                    ;(87)98827-7840 ;040;405;OXN0I49;     345,60;    0,45;08/10/2024;72;PDV FECHADO (HORARIO COM.)    ;   ;evanete    ;19:45
179096                            ;08/10/2024;    ;231630;006;    ;0000628;COMERCIAL RIBEIRO                                 ;(87)98838-4600 ;040;407;PCG6384;    1852,92;    3,31;08/10/2024;73;FALTA DE ATIVOS DE GIRO       ;   ;evanete    ;18:47
179097                            ;08/10/2024;    ;231644;006;    ;0004380;BAMBUZINHO BAR                                    ;(87)98837-6626 ;040;412;PCX2687;    2267,58;    2,37;08/10/2024;85;DIFICIL ACESSO                ;   ;evanete    ;18:36
179097                            ;08/10/2024;    ;231645;006;    ;0004380;BAMBUZINHO BAR                                    ;(87)98837-6626 ;040;412;PCX2687;    1309,40;    1,75;08/10/2024;85;DIFICIL ACESSO                ;   ;evanete    ;18:36
179097                            ;08/10/2024;    ;231646;006;    ;0004380;BAMBUZINHO BAR                                    ;(87)98837-6626 ;040;412;PCX2687;      12,50;    0,00;08/10/2024;85;DIFICIL ACESSO                ;DER;evanete    ;18:37
179097                            ;08/10/2024;    ;231653;006;    ;0012008;ALFORRIA RESTAURANTE                              ;(87)98879-7907 ;040;412;PCX2687;     185,52;    0,27;08/10/2024;72;PDV FECHADO (HORARIO COM.)    ;   ;evanete    ;18:36
179099                            ;08/10/2024;    ;231678;006;    ;0009214;DIST BIG BROTHER                                  ;(87)98842-5657 ;040;413;KKM3540;    9522,00;   12,42;09/10/2024;64;SEM VASILHAME                 ;   ;evanete    ;23:19
179100                            ;08/10/2024;    ;231713;006;    ;0000491;BONTEMPO SUPERMERCAD                              ;(87)98815-1555 ;080;840;QYW7A22;    2232,40;    2,90;08/10/2024;86;HORARIO DE ENTREGA            ;   ;evanete    ;19:01
179101                            ;08/10/2024;    ;231760;006;    ;0016045;PADARIA SILVA                                     ;(87)99961-6260 ;040;402;RZN7B71;     539,00;    0,69;08/10/2024;71;SEM DINHEIRO/CHEQUE           ;   ;lucianob   ;15:55
179102                            ;08/10/2024;    ;231766;006;    ;0017349;GAZULA BEBIDAS                                    ;(87)98160-5425 ;040;407;MXF8510;    4034,80;    4,95;08/10/2024;87;TEMPO INSUFICIENTE            ;   ;evanete    ;20:19
179103                            ;08/10/2024;    ;231828;006;    ;0025325;BAR DA ISA                                        ;(87)98834-7145 ;040;403;SNT2B29;       4,17;    0,00;08/10/2024;73;FALTA DE ATIVOS DE GIRO       ;   ;lucianob   ;18:05
179104                            ;08/10/2024;    ;231862;006;    ;0009018;GPS PREMIUM DISTRIBU                              ;(87)99191-4387 ;040;401;PDB9366;     696,22;    1,22;08/10/2024;42;Produto/Quantidade Errada     ;   ;evanete    ;19:18
179115                            ;09/10/2024;    ;232082;006;    ;0000277;BIRA BAR                                          ;(87)99801-8744 ;040;410;PEM1880;     397,26;    0,61;10/10/2024;72;PDV FECHADO (HORARIO COM.)    ;   ;lucianob   ;14:41
179115                            ;09/10/2024;    ;232083;006;    ;0000277;BIRA BAR                                          ;(87)99801-8744 ;040;410;PEM1880;     123,62;    0,14;10/10/2024;72;PDV FECHADO (HORARIO COM.)    ;   ;lucianob   ;14:41
179116                            ;09/10/2024;    ;232104;006;    ;0018487;RESTAURANTE                                       ;(87)99198-5602 ;040;406;OYP3193;     185,34;    0,14;09/10/2024;71;SEM DINHEIRO/CHEQUE           ;   ;sinval     ;14:14
179122                            ;09/10/2024;    ;232343;006;    ;0018581;HG BEBIDAS                                        ;(87)99106-1763 ;040;402;QYW7A22;    1875,20;    1,93;09/10/2024;42;Produto/Quantidade Errada     ;   ;carlosed   ;18:45
179125                            ;09/10/2024;    ;232427;006;    ;0012606;BAR DA MORENA                                     ;(87)98871-8475 ;040;405;RZW8I16;     142,56;    0,22;09/10/2024;72;PDV FECHADO (HORARIO COM.)    ;   ;sinval     ;10:14
179125                            ;09/10/2024;    ;232428;006;    ;0012606;BAR DA MORENA                                     ;(87)98871-8475 ;040;405;RZW8I16;      35,60;    0,12;09/10/2024;72;PDV FECHADO (HORARIO COM.)    ;DER;sinval     ;10:14
179125                            ;09/10/2024;    ;232431;006;    ;0010540;MERCADINHO LOURDES                                ;(87)98806-9376 ;040;405;RZW8I16;     184,28;    0,31;09/10/2024;71;SEM DINHEIRO/CHEQUE           ;   ;sinval     ;10:14
179128                            ;09/10/2024;    ;232510;006;    ;0018454;RIO CENTER                                        ;(74)99800-0007 ;040;412;RZW8I16;     388,76;    0,39;09/10/2024;72;PDV FECHADO (HORARIO COM.)    ;   ;sinval     ;18:18
179130                            ;09/10/2024;    ;232541;006;    ;0007778;MERCADINHO FERNANDES                              ;(87)98801-7925 ;080;840;RZW8I16;     283,64;    0,51;09/10/2024;72;PDV FECHADO (HORARIO COM.)    ;   ;sinval     ;13:19
179130                            ;09/10/2024;    ;232542;006;    ;0007778;MERCADINHO FERNANDES                              ;(87)98801-7925 ;080;840;RZW8I16;       5,67;    0,00;09/10/2024;72;PDV FECHADO (HORARIO COM.)    ;DER;sinval     ;13:19
179130                            ;09/10/2024;    ;232546;006;    ;0007328;MERCADO SUPER OFERTA                              ;(87)98802-8868 ;080;840;RZW8I16;    1007,31;    1,12;09/10/2024;42;Produto/Quantidade Errada     ;   ;sinval     ;13:18
179132                            ;09/10/2024;    ;232566;006;    ;0004632;PAJEU LOJA 15                                     ;(81) 3252-8302 ;080;841;PGW8630;      41,28;    0,06;09/10/2024;32;ENTREGA ATRASADA (BUFFER)     ;   ;sinval     ;17:28
179132                            ;09/10/2024;    ;232567;006;    ;0004632;PAJEU LOJA 15                                     ;(81) 3252-8302 ;080;841;PGW8630;    7435,52;    9,13;09/10/2024;32;ENTREGA ATRASADA (BUFFER)     ;   ;sinval     ;17:29
179132                            ;09/10/2024;    ;232568;006;    ;0004632;PAJEU LOJA 15                                     ;(81) 3252-8302 ;080;841;PGW8630;    1579,60;    1,84;09/10/2024;32;ENTREGA ATRASADA (BUFFER)     ;   ;sinval     ;17:29
179133                            ;09/10/2024;    ;232606;006;    ;0018286;BUDEGA MIX DISK                                   ;(87)98875-8976 ;040;405;PDB6166;     866,50;    1,01;10/10/2024;72;PDV FECHADO (HORARIO COM.)    ;   ;lucianob   ;15:27
179137                            ;09/10/2024;    ;232756;006;    ;0016079;JG DISTRIBUIDORA                                  ;(87)98866-0253 ;040;404;RZN7B71;     134,97;    0,18;09/10/2024;85;DIFICIL ACESSO                ;   ;carlosed   ;19:37
179137                            ;09/10/2024;    ;232757;006;    ;0016079;JG DISTRIBUIDORA                                  ;(87)98866-0253 ;040;404;RZN7B71;     293,64;    0,40;09/10/2024;85;DIFICIL ACESSO                ;   ;carlosed   ;19:38
179137                            ;09/10/2024;    ;232758;006;    ;0016079;JG DISTRIBUIDORA                                  ;(87)98866-0253 ;040;404;RZN7B71;     335,50;    0,58;09/10/2024;85;DIFICIL ACESSO                ;   ;carlosed   ;19:39
179137                            ;09/10/2024;    ;232796;006;    ;0025446;BAR JP                                            ;(87)98839-4355 ;040;401;RZN7B71;     269,50;    0,34;09/10/2024;42;Produto/Quantidade Errada     ;   ;carlosed   ;19:40
179153                            ;10/10/2024;    ;232963;006;    ;0026513;MP BAR                                            ;(87)99253-8583 ;040;406;PGO7569;     339,78;    0,46;10/10/2024;71;SEM DINHEIRO/CHEQUE           ;   ;evanete    ;18:39
179154                            ;10/10/2024;    ;233027;006;    ;0025945;LANCHE e CIA                                      ;(87)99125-1465 ;040;400;PER3140;      92,48;    0,10;10/10/2024;71;SEM DINHEIRO/CHEQUE           ;   ;lucianob   ;16:37
179158                            ;10/10/2024;    ;233169;006;    ;0007589;REST TOK CASEIRO                                  ;(87)98804-2802 ;040;401;PDC0246;     418,72;    0,72;11/10/2024;71;SEM DINHEIRO/CHEQUE           ;   ;sinval     ;11:46
179163                            ;10/10/2024;    ;233281;006;    ;0003283;BAR DA JO                                         ;(87)99924-4580 ;040;405;RZH6B16;     483,13;    0,76;10/10/2024;73;FALTA DE ATIVOS DE GIRO       ;   ;lucianob   ;11:31
179167                            ;10/10/2024;    ;233372;006;    ;0016715;MERCADINHO JB                                     ;(87)99946-6755 ;040;401;OXN0I49;     394,47;    0,87;10/10/2024;72;PDV FECHADO (HORARIO COM.)    ;   ;lucianob   ;14:52
179168                            ;10/10/2024;    ;233387;006;    ;0000322;MERCADINHO                                        ;(87)98828-5710 ;040;402;RZH6B16;      29,72;    0,02;10/10/2024;71;SEM DINHEIRO/CHEQUE           ;   ;evanete    ;18:59
179168                            ;10/10/2024;    ;233388;006;    ;0000322;MERCADINHO                                        ;(87)98828-5710 ;040;402;RZH6B16;      35,60;    0,12;10/10/2024;71;SEM DINHEIRO/CHEQUE           ;DER;evanete    ;18:58
179171                            ;10/10/2024;    ;233464;006;    ;0018345;OXENTE CALDOS                                     ;(87)99978-4297 ;040;402;PCX2687;     155,26;    0,15;11/10/2024;72;PDV FECHADO (HORARIO COM.)    ;   ;sinval     ;16:42
179171                            ;10/10/2024;    ;233465;006;    ;0018345;OXENTE CALDOS                                     ;(87)99978-4297 ;040;402;PCX2687;      35,60;    0,12;11/10/2024;72;PDV FECHADO (HORARIO COM.)    ;DER;sinval     ;16:41
179190                            ;11/10/2024;    ;233662;006;    ;0018068;MERC MIQUEIAS                                     ;(87)98143-3141 ;040;403;PCI2653;     142,69;    0,31;14/10/2024;42;Produto/Quantidade Errada     ;   ;evanete    ;18:54
179190                            ;11/10/2024;    ;233716;006;    ;0016257;PADARIA ME E                                      ;(87)98809-1323 ;040;403;PCI2653;     114,17;    0,32;14/10/2024;72;PDV FECHADO (HORARIO COM.)    ;   ;evanete    ;18:54
179190                            ;11/10/2024;    ;233734;006;    ;0025850;ECONOMIA REAL                                     ;(87) 9383-3100 ;080;841;PCI2653;    1254,39;    2,76;14/10/2024;86;HORARIO DE ENTREGA            ;   ;evanete    ;18:55
179192                            ;11/10/2024;    ;233852;006;    ;0001275;OSVALDINHO                                        ;(74)98806-0787 ;040;403;PCI2783;   13860,30;   17,88;17/10/2024;91;CONSIGNACAO                   ;   ;yuri       ;19:24
179193                            ;11/10/2024;    ;233891;006;    ;0018253;FRANCISCO JHONES ARA                              ;(87)99603-4559 ;040;401;KIZ3217;       8,33;    0,00;11/10/2024;02;Sem Vasilhame Ambev           ;   ;sinval     ;18:01
179197                            ;11/10/2024;    ;234016;006;    ;0018210;ONISHI                                            ;(87)98809-5968 ;040;412;OXN0I49;     732,34;    0,73;11/10/2024;72;PDV FECHADO (HORARIO COM.)    ;   ;sinval     ;11:15
179198                            ;11/10/2024;    ;234034;006;    ;0005751;MAINHA MALAGUETA                                  ;(87)98851-3916 ;040;407;RZH6B16;     322,67;    0,36;11/10/2024;72;PDV FECHADO (HORARIO COM.)    ;   ;sinval     ;15:08
179198                            ;11/10/2024;    ;234035;006;    ;0005751;MAINHA MALAGUETA                                  ;(87)98851-3916 ;040;407;RZH6B16;     175,50;    0,20;11/10/2024;72;PDV FECHADO (HORARIO COM.)    ;   ;sinval     ;15:09
179199                            ;11/10/2024;    ;234050;006;    ;0008680;LACO DE CHITA                                     ;(87)98808-5296 ;040;408;RZW8I16;     386,89;    0,51;11/10/2024;72;PDV FECHADO (HORARIO COM.)    ;   ;sinval     ;13:50
179206                            ;11/10/2024;    ;234251;006;    ;0001661;DULVALLE BEBID                                    ;(87)99187-6472 ;080;840;PEM1880;    3197,80;    2,62;11/10/2024;64;SEM VASILHAME                 ;   ;sinval     ;18:18
179212                            ;11/10/2024;    ;234495;006;    ;0018041;villa mix                                         ;(87)93611-4789 ;040;412;PDB6166;     316,66;    0,65;11/10/2024;71;SEM DINHEIRO/CHEQUE           ;   ;carlosed   ;19:46
179216                            ;11/10/2024;    ;234556;006;    ;0026390;ZEGRO GRAU BEBIDAS                                ;(87)98845-5112 ;040;404;KKM3540;      13,44;    0,04;14/10/2024;71;SEM DINHEIRO/CHEQUE           ;   ;lucianob   ;15:18
179216                            ;11/10/2024;    ;234557;006;    ;0026390;ZEGRO GRAU BEBIDAS                                ;(87)98845-5112 ;040;404;KKM3540;     646,80;    0,82;14/10/2024;71;SEM DINHEIRO/CHEQUE           ;   ;lucianob   ;15:16
179216                            ;11/10/2024;    ;234558;006;    ;0026390;ZEGRO GRAU BEBIDAS                                ;(87)98845-5112 ;040;404;KKM3540;     539,00;    0,69;14/10/2024;71;SEM DINHEIRO/CHEQUE           ;   ;lucianob   ;15:16
179216                            ;11/10/2024;    ;234560;006;    ;0026390;ZEGRO GRAU BEBIDAS                                ;(87)98845-5112 ;040;404;KKM3540;     790,68;    0,93;14/10/2024;71;SEM DINHEIRO/CHEQUE           ;   ;lucianob   ;15:18
179216                            ;11/10/2024;    ;234561;006;    ;0026390;ZEGRO GRAU BEBIDAS                                ;(87)98845-5112 ;040;404;KKM3540;     539,00;    0,69;14/10/2024;71;SEM DINHEIRO/CHEQUE           ;   ;lucianob   ;15:17
179216                            ;11/10/2024;    ;234562;006;    ;0026390;ZEGRO GRAU BEBIDAS                                ;(87)98845-5112 ;040;404;KKM3540;     215,60;    0,27;14/10/2024;71;SEM DINHEIRO/CHEQUE           ;   ;lucianob   ;15:17
179216                            ;11/10/2024;    ;234564;006;    ;0026390;ZEGRO GRAU BEBIDAS                                ;(87)98845-5112 ;040;404;KKM3540;     460,30;    0,55;14/10/2024;71;SEM DINHEIRO/CHEQUE           ;   ;lucianob   ;15:17
179216                            ;11/10/2024;    ;234565;006;    ;0026390;ZEGRO GRAU BEBIDAS                                ;(87)98845-5112 ;040;404;KKM3540;      42,00;    0,12;14/10/2024;71;SEM DINHEIRO/CHEQUE           ;   ;lucianob   ;15:18
179235                            ;14/10/2024;    ;234681;006;    ;0018179;BARZINHO                                          ;(81)99935-2422 ;040;411;RZN5A62;     297,04;    0,29;15/10/2024;72;PDV FECHADO (HORARIO COM.)    ;   ;sinval     ;11:59
179238                            ;14/10/2024;    ;234698;006;    ;0004954;COMERCIAL NARCIZO                                 ;(87)99932-9581 ;080;841;QYB6002;    1347,36;    3,42;15/10/2024;50;CARGA ERRADA ARMAZEM          ;   ;sinval     ;14:20
179239                            ;14/10/2024;    ;234754;006;    ;0017988;SABOR NA PRAÇA                                    ;(87)98146-2017 ;040;410;RZN4I62;     656,70;    0,78;14/10/2024;71;SEM DINHEIRO/CHEQUE           ;   ;lucianob   ;17:05
179241                            ;14/10/2024;    ;234840;006;    ;0017083;RONNYSGRILL                                       ;(87)99825-2583 ;040;407;RZH6B16;      89,07;    0,07;14/10/2024;72;PDV FECHADO (HORARIO COM.)    ;   ;lucianob   ;16:54
179241                            ;14/10/2024;    ;234846;006;    ;0017630;HORT E MERC SOUZA                                 ;(87)98816-5620 ;040;407;RZH6B16;     142,70;    0,18;14/10/2024;72;PDV FECHADO (HORARIO COM.)    ;   ;lucianob   ;16:55
179241                            ;14/10/2024;    ;234875;006;    ;0016120;MERCADINHO SOARES E                               ;(87)98812-0985 ;040;405;RZH6B16;     243,66;    0,72;14/10/2024;71;SEM DINHEIRO/CHEQUE           ;   ;lucianob   ;16:55
179242                            ;14/10/2024;    ;234891;006;    ;0025939;BAR DA PATRICIA                                   ;(87) 8861-3391 ;040;402;RZW8I16;     117,00;    0,13;14/10/2024;71;SEM DINHEIRO/CHEQUE           ;   ;lucianob   ;17:43
179245                            ;14/10/2024;    ;234988;006;    ;0017047;Luna merc e distribu                              ;(11)96604-6545 ;040;405;OYP3193;    1123,87;    1,43;14/10/2024;64;SEM VASILHAME                 ;   ;lucianob   ;17:45
179246                            ;14/10/2024;    ;235034;006;    ;0017234;PH DISTRIBUIDORA                                  ;(87)98818-6492 ;040;407;SNT2B29;     484,53;    0,68;15/10/2024;72;PDV FECHADO (HORARIO COM.)    ;   ;sinval     ;16:56
179246                            ;14/10/2024;    ;235037;006;    ;0001467;MERCADINHO PNZ                                    ;(87)99940-5741 ;080;840;SNT2B29;     567,14;    1,17;15/10/2024;50;CARGA ERRADA ARMAZEM          ;   ;sinval     ;16:55
179246                            ;14/10/2024;    ;235038;006;    ;0001467;MERCADINHO PNZ                                    ;(87)99940-5741 ;080;840;SNT2B29;      85,12;    0,13;15/10/2024;50;CARGA ERRADA ARMAZEM          ;   ;sinval     ;16:54
179249                            ;14/10/2024;    ;235141;006;    ;0009071;KAEL DISTRIBUIDORA                                ;(87)99189-1469 ;040;413;PER3140;    1743,72;    2,09;14/10/2024;72;PDV FECHADO (HORARIO COM.)    ;   ;lucianob   ;17:52
179249                            ;14/10/2024;    ;235142;006;    ;0009071;KAEL DISTRIBUIDORA                                ;(87)99189-1469 ;040;413;PER3140;     102,80;    0,21;14/10/2024;72;PDV FECHADO (HORARIO COM.)    ;   ;lucianob   ;17:53
179252                            ;14/10/2024;    ;235258;006;    ;0006958;DISTRIBUID ZERO GRAU                              ;(87)98116-4008 ;040;413;RZN7B71;    2645,00;    3,45;14/10/2024;72;PDV FECHADO (HORARIO COM.)    ;   ;lucianob   ;14:29
179252                            ;14/10/2024;    ;235261;006;    ;0009094;COMERCIAL FAVORITO                                ;(87)98818-2008 ;040;413;RZN7B71;    4932,21;    6,12;14/10/2024;72;PDV FECHADO (HORARIO COM.)    ;   ;lucianob   ;14:28
179279                            ;15/10/2024;    ;235364;006;    ;0018678;MERCADINHO LEVE MAIS                              ;(87)98181-8207 ;040;410;PCI2783;     148,74;    0,21;16/10/2024;82;ENDERECO NAO ENCONTRADO       ;   ;lucianob   ;13:33
179282                            ;15/10/2024;    ;235474;006;    ;0009195;MERC RIBEIRO                                      ;(87)99128-8498 ;080;840;PCG6384;     758,05;    0,92;15/10/2024;73;FALTA DE ATIVOS DE GIRO       ;   ;sinval     ;16:17
179288                            ;15/10/2024;    ;235672;006;    ;0004612;BAR DOS AMIGOS                                    ;(87)98841-2287 ;040;404;RZW8I16;     204,88;    0,28;15/10/2024;73;FALTA DE ATIVOS DE GIRO       ;   ;sinval     ;11:28
179290                            ;15/10/2024;    ;235715;006;    ;0018373;MERCEARIA DIAS                                    ;(87)98876-8421 ;040;402;RZH6B16;     553,66;    0,61;15/10/2024;72;PDV FECHADO (HORARIO COM.)    ;   ;sinval     ;13:15
179291                            ;15/10/2024;    ;235751;006;    ;0026085;DE CA                                             ;(87)99811-1511 ;040;407;RZW8I16;    1001,84;    1,05;15/10/2024;71;SEM DINHEIRO/CHEQUE           ;   ;sinval     ;15:50
179294                            ;15/10/2024;    ;235803;006;    ;0018224;TECHMERCADO PNZ                                   ;(87)98806-3533 ;040;403;OXN0I49;    1375,44;    1,52;15/10/2024;89;PDV FECHADO APOS HORARIO      ;   ;carlosed   ;19:15
179294                            ;15/10/2024;    ;235804;006;    ;0018224;TECHMERCADO PNZ                                   ;(87)98806-3533 ;040;403;OXN0I49;     119,46;    0,06;15/10/2024;89;PDV FECHADO APOS HORARIO      ;   ;carlosed   ;19:16
179296                            ;15/10/2024;    ;235863;006;    ;0016001;MERC MILDO                                        ;(87)98839-4926 ;080;840;PGW8630;     615,32;    0,93;15/10/2024;64;SEM VASILHAME                 ;DER;carlosed   ;20:41
179298                            ;15/10/2024;    ;235937;006;    ;0016111;COFRE FORTE                                       ;(87)98841-4670 ;040;403;RZN4I62;     162,14;    0,33;15/10/2024;71;SEM DINHEIRO/CHEQUE           ;   ;sinval     ;17:43
179298                            ;15/10/2024;    ;235940;006;    ;0018338;MERC SANDRA                                       ;(98)98831-7605 ;040;403;RZN4I62;     123,80;    0,13;15/10/2024;73;FALTA DE ATIVOS DE GIRO       ;   ;sinval     ;17:43
179300                            ;15/10/2024;    ;235999;006;    ;0007672;ESPETINHO DO JANDOCA                              ;(87)98854-8887 ;040;407;RZN7B71;    1754,50;    2,49;15/10/2024;64;SEM VASILHAME                 ;   ;sinval     ;17:13
179302                            ;15/10/2024;    ;236025;006;    ;0008299;COMERCIAL SOUZA                                   ;(87)98824-3938 ;040;413;PCX2687;      53,90;    0,06;15/10/2024;72;PDV FECHADO (HORARIO COM.)    ;   ;sinval     ;16:48
179302                            ;15/10/2024;    ;236026;006;    ;0008299;COMERCIAL SOUZA                                   ;(87)98824-3938 ;040;413;PCX2687;      53,90;    0,06;15/10/2024;72;PDV FECHADO (HORARIO COM.)    ;   ;sinval     ;16:49
179302                            ;15/10/2024;    ;236027;006;    ;0008299;COMERCIAL SOUZA                                   ;(87)98824-3938 ;040;413;PCX2687;      53,90;    0,06;15/10/2024;72;PDV FECHADO (HORARIO COM.)    ;   ;sinval     ;16:49
179302                            ;15/10/2024;    ;236028;006;    ;0008299;COMERCIAL SOUZA                                   ;(87)98824-3938 ;040;413;PCX2687;      53,90;    0,06;15/10/2024;72;PDV FECHADO (HORARIO COM.)    ;   ;sinval     ;16:50
179302                            ;15/10/2024;    ;236029;006;    ;0008299;COMERCIAL SOUZA                                   ;(87)98824-3938 ;040;413;PCX2687;    3562,00;    4,36;15/10/2024;72;PDV FECHADO (HORARIO COM.)    ;   ;sinval     ;16:50
179317                            ;16/10/2024;    ;236285;006;    ;0009898;Bar Do Keke                                       ;(87)98151-2339 ;040;411;PCI2653;     587,40;    0,64;17/10/2024;71;SEM DINHEIRO/CHEQUE           ;   ;sinval     ;16:15
179322                            ;16/10/2024;    ;236502;006;    ;0017131;VERDURaO PAI E FILHO                              ;(87)99106-3731 ;040;402;QYW7A22;     180,83;    0,35;16/10/2024;82;ENDERECO NAO ENCONTRADO       ;   ;evanete    ;18:35
179322                            ;16/10/2024;    ;236503;006;    ;0017131;VERDURaO PAI E FILHO                              ;(87)99106-3731 ;040;402;QYW7A22;      17,80;    0,06;16/10/2024;82;ENDERECO NAO ENCONTRADO       ;   ;evanete    ;18:35
179326                            ;16/10/2024;    ;236655;006;    ;0016270;DISTRIBUIDORA RIBEIR                              ;(87)98148-1832 ;040;404;RZH6B16;     362,87;    0,63;16/10/2024;72;PDV FECHADO (HORARIO COM.)    ;   ;lucianob   ;11:10
179326                            ;16/10/2024;    ;236656;006;    ;0009139;CAPITAL DIST                                      ;(61)99107-6044 ;040;404;RZH6B16;     475,04;    0,64;16/10/2024;71;SEM DINHEIRO/CHEQUE           ;   ;lucianob   ;11:10
179327                            ;16/10/2024;    ;236675;006;    ;0002497;50MM BAR VERDES MARE                              ;(87)98814-9980 ;040;407;OXN0I49;     175,50;    0,20;16/10/2024;72;PDV FECHADO (HORARIO COM.)    ;   ;lucianob   ;11:20
179330                            ;16/10/2024;    ;236731;006;    ;0025875;JB BAR                                            ;(87)98833-3430 ;040;401;RZW8I16;     273,53;    0,31;16/10/2024;73;FALTA DE ATIVOS DE GIRO       ;   ;lucianob   ;13:53
179339                            ;16/10/2024;    ;236891;006;    ;0008501;DISTRIBUIDORA PAULO                               ;(87)99618-9733 ;040;413;RZN7B71;     459,72;    0,42;16/10/2024;72;PDV FECHADO (HORARIO COM.)    ;   ;lucianob   ;15:20
179339                            ;16/10/2024;    ;236892;006;    ;0008501;DISTRIBUIDORA PAULO                               ;(87)99618-9733 ;040;413;RZN7B71;    1065,56;    1,00;16/10/2024;72;PDV FECHADO (HORARIO COM.)    ;   ;lucianob   ;15:21
179339                            ;16/10/2024;    ;236893;006;    ;0008501;DISTRIBUIDORA PAULO                               ;(87)99618-9733 ;040;413;RZN7B71;     390,26;    1,20;16/10/2024;72;PDV FECHADO (HORARIO COM.)    ;   ;lucianob   ;15:21
179339                            ;16/10/2024;    ;236894;006;    ;0008501;DISTRIBUIDORA PAULO                               ;(87)99618-9733 ;040;413;RZN7B71;      13,16;    0,02;16/10/2024;72;PDV FECHADO (HORARIO COM.)    ;   ;lucianob   ;15:22
179339                            ;16/10/2024;    ;236895;006;    ;0008501;DISTRIBUIDORA PAULO                               ;(87)99618-9733 ;040;413;RZN7B71;     222,85;    0,60;16/10/2024;72;PDV FECHADO (HORARIO COM.)    ;   ;lucianob   ;15:22
179339                            ;16/10/2024;    ;236896;006;    ;0008501;DISTRIBUIDORA PAULO                               ;(87)99618-9733 ;040;413;RZN7B71;     218,94;    0,27;16/10/2024;72;PDV FECHADO (HORARIO COM.)    ;   ;lucianob   ;15:22
179339                            ;16/10/2024;    ;236897;006;    ;0008501;DISTRIBUIDORA PAULO                               ;(87)99618-9733 ;040;413;RZN7B71;     152,22;    0,14;16/10/2024;72;PDV FECHADO (HORARIO COM.)    ;   ;lucianob   ;15:23
179339                            ;16/10/2024;    ;236898;006;    ;0008501;DISTRIBUIDORA PAULO                               ;(87)99618-9733 ;040;413;RZN7B71;     608,28;    0,69;16/10/2024;72;PDV FECHADO (HORARIO COM.)    ;   ;lucianob   ;15:23
179339                            ;16/10/2024;    ;236899;006;    ;0008501;DISTRIBUIDORA PAULO                               ;(87)99618-9733 ;040;413;RZN7B71;     322,32;    0,23;16/10/2024;72;PDV FECHADO (HORARIO COM.)    ;   ;lucianob   ;15:23
179339                            ;16/10/2024;    ;236900;006;    ;0008501;DISTRIBUIDORA PAULO                               ;(87)99618-9733 ;040;413;RZN7B71;    1642,06;    2,07;16/10/2024;72;PDV FECHADO (HORARIO COM.)    ;   ;lucianob   ;15:24
179339                            ;16/10/2024;    ;236901;006;    ;0008501;DISTRIBUIDORA PAULO                               ;(87)99618-9733 ;040;413;RZN7B71;     314,30;    0,34;16/10/2024;72;PDV FECHADO (HORARIO COM.)    ;   ;lucianob   ;15:24
179339                            ;16/10/2024;    ;236902;006;    ;0008501;DISTRIBUIDORA PAULO                               ;(87)99618-9733 ;040;413;RZN7B71;     164,21;    0,20;16/10/2024;72;PDV FECHADO (HORARIO COM.)    ;   ;lucianob   ;15:24
179339                            ;16/10/2024;    ;236903;006;    ;0008501;DISTRIBUIDORA PAULO                               ;(87)99618-9733 ;040;413;RZN7B71;     239,60;    0,27;16/10/2024;72;PDV FECHADO (HORARIO COM.)    ;   ;lucianob   ;15:25
179343                            ;16/10/2024;    ;236940;006;    ;0004925;DIVINO FOGAO                                      ;(87)98801-7975 ;040;412;PGW8630;    1876,00;    2,00;16/10/2024;32;ENTREGA ATRASADA (BUFFER)     ;   ;evanete    ;20:37
179357                            ;17/10/2024;    ;237010;006;    ;0015451;CASTRO EVENTOS                                    ;(87)98862-0035 ;040;408;KJM7820;  111616,40;  128,98;25/10/2024;91;CONSIGNACAO                   ;   ;bitencourt ;14:29
179361                            ;17/10/2024;    ;237138;006;    ;0025945;LANCHE e CIA                                      ;(87)99125-1465 ;040;400;PEM1880;     175,78;    0,22;17/10/2024;71;SEM DINHEIRO/CHEQUE           ;   ;sinval     ;16:59
179370                            ;17/10/2024;    ;237354;006;    ;0017188;PASSA TEMPO DO VALE                               ;(87)98834-1789 ;040;407;RZH6B16;     234,00;    0,27;17/10/2024;73;FALTA DE ATIVOS DE GIRO       ;   ;sinval     ;10:47
179370                            ;17/10/2024;    ;237370;006;    ;0024913;MERCADINHO LUZ                                    ;(87)98802-5485 ;040;407;RZH6B16;     139,20;    0,31;17/10/2024;42;Produto/Quantidade Errada     ;   ;sinval     ;10:48
179372                            ;17/10/2024;    ;237413;006;    ;0018612;PANIFICADORA E MERCA                              ;(87)98819-7153 ;040;401;OXN0I49;     147,92;    0,48;17/10/2024;72;PDV FECHADO (HORARIO COM.)    ;   ;sinval     ;14:53
179372                            ;17/10/2024;    ;237417;006;    ;0018544;BUTECO DELAS                                      ;(87)99137-8314 ;040;401;OXN0I49;     257,60;    0,37;17/10/2024;64;SEM VASILHAME                 ;   ;sinval     ;14:52
179376                            ;17/10/2024;    ;237496;006;    ;0003541;HOTEL DO WAR TTC                                  ;(87) 3866-8050 ;040;408;RZW8I16;     396,01;    0,78;17/10/2024;86;HORARIO DE ENTREGA            ;   ;carlosed   ;20:01
179376                            ;17/10/2024;    ;237497;006;    ;0003541;HOTEL DO WAR TTC                                  ;(87) 3866-8050 ;040;408;RZW8I16;      36,06;    0,12;17/10/2024;86;HORARIO DE ENTREGA            ;DER;carlosed   ;20:02
179377                            ;17/10/2024;    ;237514;006;    ;0010618;DRINK CENTER                                      ;(87)99999-0132 ;040;402;OXN0I49;     774,38;    1,18;17/10/2024;64;SEM VASILHAME                 ;   ;sinval     ;18:26
179382                            ;17/10/2024;    ;237665;006;    ;0010597;QUIOSQUE DE NOBRE                                 ;(87)98846-1929 ;040;403;PCX2687;     585,00;    0,69;17/10/2024;32;ENTREGA ATRASADA (BUFFER)     ;   ;sinval     ;18:22
179382                            ;17/10/2024;    ;237666;006;    ;0010597;QUIOSQUE DE NOBRE                                 ;(87)98846-1929 ;040;403;PCX2687;     526,50;    0,62;17/10/2024;32;ENTREGA ATRASADA (BUFFER)     ;   ;sinval     ;18:22
179383                            ;17/10/2024;    ;237716;006;    ;0000492;SB SUPERMERCADO                                   ;(87)98809-4598 ;080;841;PCG6384;    4866,03;    7,74;17/10/2024;32;ENTREGA ATRASADA (BUFFER)     ;   ;sinval     ;16:42
179384                            ;17/10/2024;    ;237778;006;    ;0010440;DISTRIBUIDORA SOUZA                               ;(87)98862-5753 ;040;407;PDB9366;    1066,00;    1,27;17/10/2024;42;Produto/Quantidade Errada     ;   ;sinval     ;16:53
179389                            ;17/10/2024;    ;237853;006;    ;0015451;CASTRO EVENTOS                                    ;(87)98862-0035 ;040;408;GEN0000;  193100,00;    0,00;17/10/2024;51;NF ERRADA                     ;   ;sinval     ;16:05
179401                            ;18/10/2024;    ;237863;006;    ;0018261;NOSSO PONTO                                       ;(87)99959-9273 ;040;410;QYB6002;     117,00;    0,13;19/10/2024;72;PDV FECHADO (HORARIO COM.)    ;   ;sinval     ;16:39
179405                            ;18/10/2024;    ;238226;006;    ;0017763;MERCADINHO OLIVEIRA                               ;(87)99931-6386 ;040;406;PEM1880;      40,32;    0,12;18/10/2024;71;SEM DINHEIRO/CHEQUE           ;   ;lucianob   ;16:58
179405                            ;18/10/2024;    ;238227;006;    ;0017763;MERCADINHO OLIVEIRA                               ;(87)99931-6386 ;040;406;PEM1880;     377,32;    0,33;18/10/2024;71;SEM DINHEIRO/CHEQUE           ;   ;lucianob   ;16:58
179411                            ;18/10/2024;    ;238287;006;    ;0008509;DEP CAMINHO DE CASA                               ;(87)99125-7304 ;040;406;MXF8510;     907,34;    1,11;18/10/2024;71;SEM DINHEIRO/CHEQUE           ;   ;evanete    ;19:52
179411                            ;18/10/2024;    ;238288;006;    ;0008509;DEP CAMINHO DE CASA                               ;(87)99125-7304 ;040;406;MXF8510;       4,17;    0,00;18/10/2024;71;SEM DINHEIRO/CHEQUE           ;DER;evanete    ;19:52
179416                            ;18/10/2024;    ;238363;006;    ;0009741;REI DA BUCHADA                                    ;(87)98875-2574 ;040;405;RZH6B16;     699,65;    1,28;18/10/2024;71;SEM DINHEIRO/CHEQUE           ;   ;lucianob   ;11:05
179418                            ;18/10/2024;    ;238430;006;    ;0017092;Distrib Sao Pedro                                 ;(74)99926-8018 ;040;413;OXN0I49;     593,72;    0,61;18/10/2024;72;PDV FECHADO (HORARIO COM.)    ;   ;lucianob   ;11:23
179419                            ;18/10/2024;    ;238439;006;    ;0005302;MERC. POPULAR                                     ;(87) 3867-0804 ;040;407;RZH6B16;     508,43;    1,44;18/10/2024;72;PDV FECHADO (HORARIO COM.)    ;   ;lucianob   ;15:23
179419                            ;18/10/2024;    ;238447;006;    ;0008643;BOTECO NORDESTINO                                 ;(19)99886-6129 ;040;407;RZH6B16;     600,27;    0,65;18/10/2024;72;PDV FECHADO (HORARIO COM.)    ;   ;lucianob   ;15:23
179420                            ;18/10/2024;    ;238454;006;    ;0013727;PADARIA KANTINHO DO                               ;(87) 8803-5620 ;040;408;OXN0I49;     205,10;    0,56;18/10/2024;72;PDV FECHADO (HORARIO COM.)    ;   ;lucianob   ;14:55
179420                            ;18/10/2024;    ;238455;006;    ;0013727;PADARIA KANTINHO DO                               ;(87) 8803-5620 ;040;408;OXN0I49;     127,72;    0,32;18/10/2024;72;PDV FECHADO (HORARIO COM.)    ;   ;lucianob   ;14:55
179421                            ;18/10/2024;    ;238482;006;    ;0018410;MERC CACHOEIRINHA                                 ;(87)99953-6788 ;040;409;RZW8I16;     577,68;    1,24;18/10/2024;71;SEM DINHEIRO/CHEQUE           ;   ;lucianob   ;16:09
179422                            ;18/10/2024;    ;238487;006;    ;0006791;DIST E MERC ALVES                                 ;(87)98808-5179 ;040;405;RZH6B16;      53,90;    0,06;18/10/2024;71;SEM DINHEIRO/CHEQUE           ;   ;evanete    ;18:25
179422                            ;18/10/2024;    ;238490;006;    ;0026392;MERCADO DA SOCORRO                                ;(87)98859-1329 ;040;405;RZH6B16;      48,40;    0,06;18/10/2024;71;SEM DINHEIRO/CHEQUE           ;   ;evanete    ;18:24
179422                            ;18/10/2024;    ;238497;006;    ;0008853;BAR BORALA                                        ;(87)98826-8825 ;040;405;RZH6B16;     870,11;    1,00;18/10/2024;32;ENTREGA ATRASADA (BUFFER)     ;   ;evanete    ;18:25
179422                            ;18/10/2024;    ;238498;006;    ;0008853;BAR BORALA                                        ;(87)98826-8825 ;040;405;RZH6B16;     150,66;    0,14;18/10/2024;32;ENTREGA ATRASADA (BUFFER)     ;   ;evanete    ;18:25
179422                            ;18/10/2024;    ;238499;006;    ;0008853;BAR BORALA                                        ;(87)98826-8825 ;040;405;RZH6B16;      46,10;    0,04;18/10/2024;32;ENTREGA ATRASADA (BUFFER)     ;   ;evanete    ;18:26
179424                            ;18/10/2024;    ;238534;006;    ;0016295;CHURRAS REMANSO                                   ;(87)98155-3910 ;040;408;RZW8I16;     161,70;    0,20;18/10/2024;72;PDV FECHADO (HORARIO COM.)    ;   ;evanete    ;19:38
179424                            ;18/10/2024;    ;238544;006;    ;0008680;LACO DE CHITA                                     ;(87)98808-5296 ;040;408;RZW8I16;     107,73;    0,12;18/10/2024;72;PDV FECHADO (HORARIO COM.)    ;   ;evanete    ;19:37
179424                            ;18/10/2024;    ;238545;006;    ;0008680;LACO DE CHITA                                     ;(87)98808-5296 ;040;408;RZW8I16;      20,48;    0,06;18/10/2024;72;PDV FECHADO (HORARIO COM.)    ;   ;evanete    ;19:37
179424                            ;18/10/2024;    ;238546;006;    ;0008680;LACO DE CHITA                                     ;(87)98808-5296 ;040;408;RZW8I16;      35,60;    0,12;18/10/2024;72;PDV FECHADO (HORARIO COM.)    ;DER;evanete    ;19:37
179424                            ;18/10/2024;    ;238554;006;    ;0003360;POINT DO ESPETINHO                                ;(87)99183-3067 ;040;408;RZW8I16;      31,85;    0,02;18/10/2024;42;Produto/Quantidade Errada     ;   ;evanete    ;19:39
179425                            ;18/10/2024;    ;238566;006;    ;0026322;HABIB S                                           ;(87)98832-7701 ;040;412;PGW8630;    1091,59;    2,97;18/10/2024;87;TEMPO INSUFICIENTE            ;   ;evanete    ;19:40
179425                            ;18/10/2024;    ;238578;006;    ;0005170;QUIOSQUE DA ELIANA                                ;(87)98848-8667 ;040;408;PGW8630;      47,43;    0,07;18/10/2024;89;PDV FECHADO APOS HORARIO      ;   ;evanete    ;19:41
179426                            ;18/10/2024;    ;238610;006;    ;0002573;CANTINHO DO SURURU                                ;(87)99491-2789 ;040;412;PCX2687;     162,68;    0,36;18/10/2024;72;PDV FECHADO (HORARIO COM.)    ;   ;evanete    ;19:35
179427                            ;18/10/2024;    ;238663;006;    ;0000909;PIZZA BURGUER                                     ;(87) 8827-1871 ;040;412;QYW7A22;    1305,13;    1,59;18/10/2024;73;FALTA DE ATIVOS DE GIRO       ;   ;evanete    ;20:19
179428                            ;18/10/2024;    ;238677;006;    ;0018037;distribui Rodrigues                               ;(87)99144-5948 ;040;401;RZN7B71;       2,61;    0,00;18/10/2024;72;PDV FECHADO (HORARIO COM.)    ;DER;lucianob   ;17:48
179428                            ;18/10/2024;    ;238690;006;    ;0017645;PANIFICADORA DA VAL                               ;(87)98173-4461 ;040;402;RZN7B71;      36,00;    0,12;18/10/2024;42;Produto/Quantidade Errada     ;   ;lucianob   ;17:49
179430                            ;18/10/2024;    ;238769;006;    ;0010431;JM DISTRIBUIDORA                                  ;(87)99183-8755 ;040;401;KHW1563;     298,45;    0,66;18/10/2024;71;SEM DINHEIRO/CHEQUE           ;   ;lucianob   ;17:08
179430                            ;18/10/2024;    ;238788;006;    ;0010682;EMPORIO GELADO                                    ;(87)99184-3231 ;040;401;KHW1563;     548,00;    0,80;18/10/2024;71;SEM DINHEIRO/CHEQUE           ;   ;lucianob   ;17:09
179447                            ;18/10/2024;    ;238852;006;    ;0015451;CASTRO EVENTOS                                    ;(87)98862-0035 ;040;408;PER3140;   19950,00;   21,00;25/10/2024;91;CONSIGNACAO                   ;   ;bitencourt ;14:29
179449                            ;19/10/2024;    ;238855;006;    ;0002756;COMERC BARBOSA                                    ;(87) 9941-8521 ;040;408;RZH6B16;     221,29;    0,34;19/10/2024;72;PDV FECHADO (HORARIO COM.)    ;   ;sinval     ;16:06
179449                            ;19/10/2024;    ;238856;006;    ;0002756;COMERC BARBOSA                                    ;(87) 9941-8521 ;040;408;RZH6B16;      17,80;    0,06;19/10/2024;72;PDV FECHADO (HORARIO COM.)    ;   ;sinval     ;16:06
179450                            ;19/10/2024;    ;238902;006;    ;0001005;MERCADINHO MELO                                   ;(87) 3864-1007 ;080;841;RZW8I16;     111,54;    0,36;19/10/2024;72;PDV FECHADO (HORARIO COM.)    ;   ;sinval     ;13:37
179450                            ;19/10/2024;    ;238931;006;    ;0014303;PANIFICADORA PRIMOR                               ;(87)98858-7880 ;040;402;RZW8I16;     219,84;    0,51;19/10/2024;72;PDV FECHADO (HORARIO COM.)    ;   ;sinval     ;13:38
179454                            ;19/10/2024;    ;238995;006;    ;0018432;MERC IVONETE                                      ;(87)99197-3836 ;040;400;PCG6384;     180,00;    0,22;19/10/2024;42;Produto/Quantidade Errada     ;   ;sinval     ;16:20
179454                            ;19/10/2024;    ;238996;006;    ;0018432;MERC IVONETE                                      ;(87)99197-3836 ;040;400;PCG6384;     234,93;    0,35;19/10/2024;42;Produto/Quantidade Errada     ;   ;sinval     ;16:20
179454                            ;19/10/2024;    ;239006;006;    ;0004885;MERCEARIA DA ESTER                                ;(87)98829-1932 ;040;400;PCG6384;     286,78;    0,36;19/10/2024;73;FALTA DE ATIVOS DE GIRO       ;   ;sinval     ;16:19
179456                            ;19/10/2024;    ;239061;006;    ;0010269;TEMPERO NORDESTINO                                ;(87)98822-3730 ;040;412;PEM1880;    1843,39;    2,95;19/10/2024;64;SEM VASILHAME                 ;   ;sinval     ;16:45
179456                            ;19/10/2024;    ;239062;006;    ;0010269;TEMPERO NORDESTINO                                ;(87)98822-3730 ;040;412;PEM1880;      35,60;    0,12;19/10/2024;64;SEM VASILHAME                 ;DER;sinval     ;16:45
179456                            ;19/10/2024;    ;239063;006;    ;0001541;MINE MERCADO COELHO                               ;(87) 8872-4685 ;040;408;PEM1880;     794,77;    1,00;19/10/2024;72;PDV FECHADO (HORARIO COM.)    ;   ;sinval     ;16:46
179457                            ;19/10/2024;    ;239112;006;    ;0008316;MOFADAO BAR                                       ;(87)98831-8873 ;040;412;PER3140;    1118,02;    1,06;19/10/2024;72;PDV FECHADO (HORARIO COM.)    ;   ;sinval     ;18:06
179457                            ;19/10/2024;    ;239115;006;    ;0017667;MERCEARIA ESPEDITO                                ;(87)99203-1734 ;040;409;PER3140;     721,40;    0,75;19/10/2024;32;ENTREGA ATRASADA (BUFFER)     ;DER;sinval     ;18:08
179457                            ;19/10/2024;    ;239117;006;    ;0008941;DIST e PET FAVORITOS                              ;(87)98818-2008 ;040;409;PER3140;    1078,00;    1,38;19/10/2024;87;TEMPO INSUFICIENTE            ;   ;sinval     ;18:07
179457                            ;19/10/2024;    ;239124;006;    ;0023670;BAR ESPACO VERDE                                  ;(87)98815-0911 ;040;412;PER3140;    1380,87;    1,39;19/10/2024;86;HORARIO DE ENTREGA            ;   ;sinval     ;18:05
179457                            ;19/10/2024;    ;239125;006;    ;0003205;BIROSKA GLDRGB                                    ;(74)98126-3200 ;040;412;PER3140;    4360,64;    4,71;19/10/2024;86;HORARIO DE ENTREGA            ;   ;sinval     ;18:06
179458                            ;19/10/2024;    ;239179;006;    ;0016741;MC DISTRIBUIDORA                                  ;(87)99666-1352 ;040;404;OYP3193;     107,80;    0,13;19/10/2024;50;CARGA ERRADA ARMAZEM          ;   ;sinval     ;17:02
179459                            ;19/10/2024;    ;239190;006;    ;0001056;CANTO DO JULIAO                                   ;(87)98878-1220 ;040;412;PCX2687;     702,96;    0,65;19/10/2024;72;PDV FECHADO (HORARIO COM.)    ;   ;sinval     ;17:34
179459                            ;19/10/2024;    ;239191;006;    ;0001056;CANTO DO JULIAO                                   ;(87)98878-1220 ;040;412;PCX2687;      17,80;    0,06;19/10/2024;72;PDV FECHADO (HORARIO COM.)    ;   ;sinval     ;17:34
179459                            ;19/10/2024;    ;239192;006;    ;0018197;BOM GOSTO CERVEJARIA                              ;(87)98851-2192 ;040;412;PCX2687;    1162,14;    1,16;19/10/2024;71;SEM DINHEIRO/CHEQUE           ;   ;sinval     ;17:33
179459                            ;19/10/2024;    ;239193;006;    ;0018197;BOM GOSTO CERVEJARIA                              ;(87)98851-2192 ;040;412;PCX2687;     149,90;    0,14;19/10/2024;71;SEM DINHEIRO/CHEQUE           ;   ;sinval     ;17:33
179460                            ;19/10/2024;    ;239211;006;    ;0001058;CALDI ELE ELA GLDRGB                              ;(87)98837-5252 ;040;412;PDC0246;    3803,48;    3,95;19/10/2024;72;PDV FECHADO (HORARIO COM.)    ;   ;sinval     ;15:11
179460                            ;19/10/2024;    ;239212;006;    ;0001058;CALDI ELE ELA GLDRGB                              ;(87)98837-5252 ;040;412;PDC0246;      47,04;    0,12;19/10/2024;72;PDV FECHADO (HORARIO COM.)    ;   ;sinval     ;15:12
179463                            ;19/10/2024;    ;239326;006;    ;0010018;OFERTAO SOUZA                                     ;(87)98831-7101 ;080;841;SNT2B29;     618,24;    0,66;19/10/2024;73;FALTA DE ATIVOS DE GIRO       ;   ;sinval     ;17:42
179465                            ;19/10/2024;    ;239364;006;    ;0008850;RED HOUSE                                         ;(87)98846-9940 ;040;412;MXF8510;    1808,25;    2,29;19/10/2024;83;PROPRIETARIO AUSENTE          ;   ;sinval     ;16:35
179465                            ;19/10/2024;    ;239367;006;    ;0008254;COMAL                                             ;(87) 9994-9492 ;080;840;MXF8510;     789,03;    1,17;19/10/2024;86;HORARIO DE ENTREGA            ;   ;sinval     ;16:36
179465                            ;19/10/2024;    ;239368;006;    ;0008254;COMAL                                             ;(87) 9994-9492 ;080;840;MXF8510;      63,84;    0,07;19/10/2024;86;HORARIO DE ENTREGA            ;   ;sinval     ;16:37
179465                            ;19/10/2024;    ;239382;006;    ;0008255;EMPORIO DAS CARNES                                ;(87)98843-4978 ;080;840;MXF8510;    3059,23;    3,27;19/10/2024;86;HORARIO DE ENTREGA            ;   ;sinval     ;16:37
179465                            ;19/10/2024;    ;239383;006;    ;0008255;EMPORIO DAS CARNES                                ;(87)98843-4978 ;080;840;MXF8510;     477,50;    0,60;19/10/2024;86;HORARIO DE ENTREGA            ;   ;sinval     ;16:38
179467                            ;19/10/2024;    ;239420;006;    ;0017272;MERCADINHO REAL                                   ;(87)98826-9472 ;040;407;PGW8630;     826,56;    1,07;19/10/2024;71;SEM DINHEIRO/CHEQUE           ;   ;sinval     ;17:48
179467                            ;19/10/2024;    ;239421;006;    ;0017272;MERCADINHO REAL                                   ;(87)98826-9472 ;040;407;PGW8630;     483,85;    0,61;19/10/2024;71;SEM DINHEIRO/CHEQUE           ;   ;sinval     ;17:48
179467                            ;19/10/2024;    ;239422;006;    ;0017272;MERCADINHO REAL                                   ;(87)98826-9472 ;040;407;PGW8630;       4,83;    0,00;19/10/2024;71;SEM DINHEIRO/CHEQUE           ;   ;sinval     ;17:49
179467                            ;19/10/2024;    ;239437;006;    ;0006392;DIST DE BEBIDA LIMA                               ;(87)98854-1275 ;040;405;PGW8630;     161,70;    0,20;19/10/2024;87;TEMPO INSUFICIENTE            ;   ;sinval     ;17:49
179467                            ;19/10/2024;    ;239438;006;    ;0006392;DIST DE BEBIDA LIMA                               ;(87)98854-1275 ;040;405;PGW8630;     634,80;    0,82;19/10/2024;87;TEMPO INSUFICIENTE            ;   ;sinval     ;17:50
179467                            ;19/10/2024;    ;239439;006;    ;0006392;DIST DE BEBIDA LIMA                               ;(87)98854-1275 ;040;405;PGW8630;     119,02;    0,14;19/10/2024;87;TEMPO INSUFICIENTE            ;   ;sinval     ;17:50
179467                            ;19/10/2024;    ;239440;006;    ;0006392;DIST DE BEBIDA LIMA                               ;(87)98854-1275 ;040;405;PGW8630;     631,47;    0,85;19/10/2024;87;TEMPO INSUFICIENTE            ;   ;sinval     ;17:51
179467                            ;19/10/2024;    ;239441;006;    ;0006392;DIST DE BEBIDA LIMA                               ;(87)98854-1275 ;040;405;PGW8630;     137,60;    0,14;19/10/2024;87;TEMPO INSUFICIENTE            ;   ;sinval     ;17:52
179467                            ;19/10/2024;    ;239442;006;    ;0006392;DIST DE BEBIDA LIMA                               ;(87)98854-1275 ;040;405;PGW8630;     109,80;    0,08;19/10/2024;87;TEMPO INSUFICIENTE            ;   ;sinval     ;17:52
179467                            ;19/10/2024;    ;239443;006;    ;0017689;DOUGLAS EDUARDO  OLI                              ;(87)98116-5606 ;040;405;PGW8630;    1187,14;    1,18;19/10/2024;64;SEM VASILHAME                 ;   ;sinval     ;17:53
179467                            ;19/10/2024;    ;239448;006;    ;0026107;COMERCIAL LOPES                                   ;(87)99979-0670 ;040;413;PGW8630;     185,62;    0,34;19/10/2024;42;Produto/Quantidade Errada     ;   ;sinval     ;17:54
179467                            ;19/10/2024;    ;239449;006;    ;0026107;COMERCIAL LOPES                                   ;(87)99979-0670 ;040;413;PGW8630;     301,02;    0,49;19/10/2024;42;Produto/Quantidade Errada     ;   ;sinval     ;17:54
179467                            ;19/10/2024;    ;239450;006;    ;0026107;COMERCIAL LOPES                                   ;(87)99979-0670 ;040;413;PGW8630;       5,22;    0,00;19/10/2024;42;Produto/Quantidade Errada     ;   ;sinval     ;17:53
179468                            ;19/10/2024;    ;239455;006;    ;0018007;DISTRIB NEGONA                                    ;(87)98845-1925 ;040;413;KHW1563;    1373,92;    1,68;19/10/2024;87;TEMPO INSUFICIENTE            ;   ;carlosed   ;19:07
179468                            ;19/10/2024;    ;239464;006;    ;0017370;BAR DO DELEGADO                                   ;(87)98871-1496 ;040;404;KHW1563;     149,80;    0,24;19/10/2024;63;PRODUTO / QTDE. ERRADA        ;   ;carlosed   ;19:10
179468                            ;19/10/2024;    ;239480;006;    ;0008180;MERC MA 3 IRMAOS                                  ;(87)99151-9720 ;040;404;KHW1563;    1064,47;    1,11;19/10/2024;87;TEMPO INSUFICIENTE            ;   ;carlosed   ;19:06
179468                            ;19/10/2024;    ;239484;006;    ;0007510;MERCADINHO RODRIGUES                              ;(87)98802-8977 ;040;404;KHW1563;     261,84;    0,31;19/10/2024;87;TEMPO INSUFICIENTE            ;   ;carlosed   ;19:08
179468                            ;19/10/2024;    ;239485;006;    ;0007510;MERCADINHO RODRIGUES                              ;(87)98802-8977 ;040;404;KHW1563;     218,38;    0,27;19/10/2024;87;TEMPO INSUFICIENTE            ;   ;carlosed   ;19:09
179468                            ;19/10/2024;    ;239492;006;    ;0012640;RM DISTRIBUIDORA DE                               ;(74)98826-2980 ;040;403;KHW1563;     259,10;    1,26;19/10/2024;72;PDV FECHADO (HORARIO COM.)    ;   ;carlosed   ;19:10
179474                            ;21/10/2024;    ;239572;006;    ;0008700;BAR DO ZE CARLOS                                  ;(87)98806-8483 ;040;411;RZN5A62;     634,20;    0,50;22/10/2024;71;SEM DINHEIRO/CHEQUE           ;   ;lucianob   ;15:10
179474                            ;21/10/2024;    ;239573;006;    ;0008700;BAR DO ZE CARLOS                                  ;(87)98806-8483 ;040;411;RZN5A62;     529,00;    0,69;22/10/2024;71;SEM DINHEIRO/CHEQUE           ;   ;lucianob   ;15:09
179476                            ;21/10/2024;    ;239707;006;    ;0017710;BAR DINDINHA                                      ;(87)98121-5872 ;040;410;RZN4I62;     269,50;    0,34;21/10/2024;73;FALTA DE ATIVOS DE GIRO       ;   ;sinval     ;18:05
179478                            ;21/10/2024;    ;239722;006;    ;0009049;MERCADINHO ALVES                                  ;(87)98137-8331 ;040;411;OYP3193;      12,50;    0,01;21/10/2024;73;FALTA DE ATIVOS DE GIRO       ;   ;sinval     ;17:28
179478                            ;21/10/2024;    ;239723;006;    ;0009049;MERCADINHO ALVES                                  ;(87)98137-8331 ;040;411;OYP3193;       2,67;    0,00;21/10/2024;73;FALTA DE ATIVOS DE GIRO       ;   ;sinval     ;17:27
179483                            ;22/10/2024;    ;239779;006;    ;0009220;DISTR LAS VEGAS                                   ;(87)98168-8297 ;040;408;OYP3193;     539,00;    0,69;22/10/2024;23;(C)Pedidos duplicados         ;   ;lucianob   ;14:51
179483                            ;22/10/2024;    ;239780;006;    ;0009220;DISTR LAS VEGAS                                   ;(87)98168-8297 ;040;408;OYP3193;     872,50;    1,05;22/10/2024;23;(C)Pedidos duplicados         ;   ;lucianob   ;14:51
179483                            ;22/10/2024;    ;239783;006;    ;0009220;DISTR LAS VEGAS                                   ;(87)98168-8297 ;040;408;OYP3193;     938,00;    1,13;22/10/2024;23;(C)Pedidos duplicados         ;   ;lucianob   ;14:52
179489                            ;22/10/2024;    ;239907;006;    ;0007345;DIAS SUPERMERCADO                                 ;(87) 3986-4574 ;080;840;QYI7A36;   11727,14;   15,59;22/10/2024;73;FALTA DE ATIVOS DE GIRO       ;   ;lucianob   ;13:19
179491                            ;22/10/2024;    ;239935;006;    ;0018420;BOTECO DO MANO                                    ;(87)99629-8139 ;040;409;PDB9366;     536,30;    0,42;22/10/2024;72;PDV FECHADO (HORARIO COM.)    ;   ;lucianob   ;16:33
179491                            ;22/10/2024;    ;239952;006;    ;0009590;DISTRIBUIDORA PNZ                                 ;(87)98802-7448 ;080;841;PDB9366;     499,00;    0,56;22/10/2024;71;SEM DINHEIRO/CHEQUE           ;   ;lucianob   ;16:32
179491                            ;22/10/2024;    ;239954;006;    ;0017362;FUNCIONARIO ERIK                                  ;(74)98100-2341 ;085;992;PDB9366;      40,00;    0,04;22/10/2024;82;ENDERECO NAO ENCONTRADO       ;   ;lucianob   ;16:33
179493                            ;22/10/2024;    ;240013;006;    ;0010113;BOTECO IN CASA                                    ;(87)99812-8132 ;040;403;QYW7A22;    5370,09;    7,67;22/10/2024;73;FALTA DE ATIVOS DE GIRO       ;   ;lucianob   ;15:42
179494                            ;22/10/2024;    ;240025;006;    ;0016330;MERCADO DO VALE                                   ;(87)99162-8024 ;080;841;SNT2B29;    2786,60;    3,41;22/10/2024;42;Produto/Quantidade Errada     ;   ;lucianob   ;15:59
179494                            ;22/10/2024;    ;240027;006;    ;0016330;MERCADO DO VALE                                   ;(87)99162-8024 ;080;841;SNT2B29;     900,10;    0,99;22/10/2024;42;Produto/Quantidade Errada     ;   ;lucianob   ;15:59
179494                            ;22/10/2024;    ;240028;006;    ;0003914;MERCADINHO ECONOMICO                              ;(87)93863-2325 ;080;841;SNT2B29;    3294,44;    6,39;22/10/2024;86;HORARIO DE ENTREGA            ;   ;lucianob   ;15:57
179495                            ;22/10/2024;    ;240040;006;    ;0008843;MERC MAIS VIVER                                   ;(87)98834-9931 ;040;404;RZN7B71;     107,80;    0,13;22/10/2024;83;PROPRIETARIO AUSENTE          ;   ;lucianob   ;16:44
179495                            ;22/10/2024;    ;240060;006;    ;0017083;RONNYSGRILL                                       ;(87)99825-2583 ;040;407;RZN7B71;     174,13;    0,22;22/10/2024;72;PDV FECHADO (HORARIO COM.)    ;   ;lucianob   ;16:43
179496                            ;22/10/2024;    ;240071;006;    ;0009181;MERC E DIST DO VALE                               ;(87)99162-8024 ;080;841;RZN4I62;   11024,82;   13,29;22/10/2024;23;(C)Pedidos duplicados         ;   ;lucianob   ;10:34
179501                            ;22/10/2024;    ;240137;006;    ;0001093;O RAIZAO                                          ;(87)98855-7097 ;040;407;RZW8I16;     496,70;    0,54;22/10/2024;72;PDV FECHADO (HORARIO COM.)    ;   ;lucianob   ;10:39
179504                            ;22/10/2024;    ;240192;006;    ;0026325;BAR DA MEURI                                      ;(87)98870-0953 ;040;401;OXN0I49;     246,37;    0,37;22/10/2024;72;PDV FECHADO (HORARIO COM.)    ;   ;lucianob   ;14:19
179505                            ;22/10/2024;    ;240211;006;    ;0018468;LM DISTRIBUIDORA                                  ;(87)99925-6574 ;040;404;RZW8I16;     862,40;    1,10;22/10/2024;72;PDV FECHADO (HORARIO COM.)    ;   ;lucianob   ;13:41
179506                            ;22/10/2024;    ;240221;006;    ;0016689;CENTRAL LANCHES PNZ                               ;(87)98851-9767 ;040;400;OXN0I49;     239,06;    0,40;22/10/2024;72;PDV FECHADO (HORARIO COM.)    ;   ;lucianob   ;17:58
179506                            ;22/10/2024;    ;240226;006;    ;0017750;RESTAURANTE MARIA FU                              ;(87)99936-6946 ;040;407;OXN0I49;     162,81;    0,20;22/10/2024;72;PDV FECHADO (HORARIO COM.)    ;   ;lucianob   ;17:58
179509                            ;22/10/2024;    ;240301;006;    ;0007704;CIA DAS BEBIDAS                                   ;(87)98828-0507 ;040;413;PCX2687;    3154,44;    3,99;22/10/2024;72;PDV FECHADO (HORARIO COM.)    ;   ;evanete    ;18:31
179542                            ;23/10/2024;    ;240620;006;    ;0018241;BAR DO PEDRO                                      ;(87)98832-8445 ;040;409;PER3140;    1141,83;    1,46;23/10/2024;73;FALTA DE ATIVOS DE GIRO       ;   ;sinval     ;18:28
179542                            ;23/10/2024;    ;240643;006;    ;0024600;BARRACA DO THOMAS                                 ;(87)99141-0259 ;040;409;PER3140;     158,63;    0,15;23/10/2024;72;PDV FECHADO (HORARIO COM.)    ;   ;sinval     ;18:27
179542                            ;23/10/2024;    ;240644;006;    ;0024600;BARRACA DO THOMAS                                 ;(87)99141-0259 ;040;409;PER3140;      35,60;    0,12;23/10/2024;72;PDV FECHADO (HORARIO COM.)    ;DER;sinval     ;18:27
179547                            ;23/10/2024;    ;240809;006;    ;0016679;VENDINHA ANGICAL                                  ;(87)99608-7872 ;040;403;RZH6B16;     813,30;    1,03;23/10/2024;72;PDV FECHADO (HORARIO COM.)    ;   ;sinval     ;10:47
179547                            ;23/10/2024;    ;240810;006;    ;0016679;VENDINHA ANGICAL                                  ;(87)99608-7872 ;040;403;RZH6B16;      53,90;    0,06;23/10/2024;72;PDV FECHADO (HORARIO COM.)    ;   ;sinval     ;10:47
179547                            ;23/10/2024;    ;240811;006;    ;0016679;VENDINHA ANGICAL                                  ;(87)99608-7872 ;040;403;RZH6B16;     177,60;    0,22;23/10/2024;72;PDV FECHADO (HORARIO COM.)    ;   ;sinval     ;10:48
179547                            ;23/10/2024;    ;240812;006;    ;0016679;VENDINHA ANGICAL                                  ;(87)99608-7872 ;040;403;RZH6B16;      95,80;    0,11;23/10/2024;72;PDV FECHADO (HORARIO COM.)    ;   ;sinval     ;10:48
179550                            ;23/10/2024;    ;240867;006;    ;0008185;BAR DO DOMINGO                                    ;(74)99934-6309 ;040;401;RZH6B16;     269,50;    0,34;23/10/2024;86;HORARIO DE ENTREGA            ;   ;sinval     ;14:08
179553                            ;23/10/2024;    ;240923;006;    ;0006724;MERCADINHO MOREIRA                                ;(74)98823-0815 ;040;408;RZH6B16;      86,43;    0,18;23/10/2024;71;SEM DINHEIRO/CHEQUE           ;   ;sinval     ;18:11
179553                            ;23/10/2024;    ;240924;006;    ;0006724;MERCADINHO MOREIRA                                ;(74)98823-0815 ;040;408;RZH6B16;     269,50;    0,34;23/10/2024;71;SEM DINHEIRO/CHEQUE           ;   ;sinval     ;18:12
179553                            ;23/10/2024;    ;240925;006;    ;0006724;MERCADINHO MOREIRA                                ;(74)98823-0815 ;040;408;RZH6B16;      17,28;    0,02;23/10/2024;71;SEM DINHEIRO/CHEQUE           ;   ;sinval     ;18:12
179559                            ;23/10/2024;    ;240976;006;    ;0010413;BOTECO DA 21                                      ;(71)99266-3192 ;040;412;PDB9366;     288,38;    0,21;23/10/2024;72;PDV FECHADO (HORARIO COM.)    ;   ;sinval     ;14:21
179559                            ;23/10/2024;    ;240991;006;    ;0016316;LONDON PUB FOOD N BA                              ;(87)99622-2396 ;040;412;PDB9366;     552,84;    0,42;23/10/2024;72;PDV FECHADO (HORARIO COM.)    ;   ;sinval     ;14:22
179562                            ;23/10/2024;    ;241105;006;    ;0012537;RESTAURANTE E LANCHO                              ;(87)98805-1666 ;040;408;SNT2B29;     178,90;    0,20;23/10/2024;71;SEM DINHEIRO/CHEQUE           ;   ;carlosed   ;19:04
179580                            ;24/10/2024;    ;241244;006;    ;0018518;GILSON VARIEDADES                                 ;(87)99180-3140 ;040;400;QYI7A36;      53,90;    0,06;24/10/2024;73;FALTA DE ATIVOS DE GIRO       ;   ;lucianob   ;17:20
179586                            ;24/10/2024;    ;241459;006;    ;0009971;RL DISTRIBUIDORA                                  ;(87)98839-8276 ;040;402;SNT2B29;     796,70;    0,86;24/10/2024;71;SEM DINHEIRO/CHEQUE           ;DER;evanete    ;18:52
179587                            ;24/10/2024;    ;241466;006;    ;0016468;RESTAURANTE DA ELIAN                              ;(87)98819-0743 ;040;407;PER3140;     200,10;    0,26;24/10/2024;86;HORARIO DE ENTREGA            ;   ;evanete    ;19:53
179587                            ;24/10/2024;    ;241467;006;    ;0016468;RESTAURANTE DA ELIAN                              ;(87)98819-0743 ;040;407;PER3140;     140,10;    0,14;24/10/2024;86;HORARIO DE ENTREGA            ;DER;evanete    ;19:54
179587                            ;24/10/2024;    ;241490;006;    ;0016337;PANIFICADORA LISBOA                               ;(87)98169-1338 ;040;407;PER3140;    1493,47;    3,42;24/10/2024;86;HORARIO DE ENTREGA            ;   ;evanete    ;19:50
179587                            ;24/10/2024;    ;241491;006;    ;0016337;PANIFICADORA LISBOA                               ;(87)98169-1338 ;040;407;PER3140;      78,50;    0,16;24/10/2024;86;HORARIO DE ENTREGA            ;   ;evanete    ;19:53
179587                            ;24/10/2024;    ;241492;006;    ;0016337;PANIFICADORA LISBOA                               ;(87)98169-1338 ;040;407;PER3140;      53,67;    0,18;24/10/2024;86;HORARIO DE ENTREGA            ;DER;evanete    ;19:50
179595                            ;24/10/2024;    ;241711;006;    ;0018641;BAR DO DIDI                                       ;(87)99940-5804 ;040;404;RZW8I16;     794,68;    1,04;24/10/2024;72;PDV FECHADO (HORARIO COM.)    ;   ;lucianob   ;10:25
179595                            ;24/10/2024;    ;241712;006;    ;0018641;BAR DO DIDI                                       ;(87)99940-5804 ;040;404;RZW8I16;      39,62;    0,02;24/10/2024;72;PDV FECHADO (HORARIO COM.)    ;   ;lucianob   ;10:25
179604                            ;24/10/2024;    ;241933;006;    ;0010700;LANCHES E CIA                                     ;(87)98816-0528 ;040;408;KHW1563;      58,50;    0,06;24/10/2024;72;PDV FECHADO (HORARIO COM.)    ;   ;evanete    ;18:51
179621                            ;24/10/2024;    ;241724;006;    ;0010404;MERCADINHO LARA                                   ;(87)99929-6765 ;040;402;GEN0000;     378,20;    0,40;24/10/2024;08;Mapa nao carregado / nao canc.;   ;lucianob   ;15:34
179631                            ;25/10/2024;    ;242223;006;    ;0018585;BUTECO DA CEICA                                   ;(87)98147-6777 ;040;410;QYB6002;      39,62;    0,02;26/10/2024;72;PDV FECHADO (HORARIO COM.)    ;   ;lucianob   ;14:45
179631                            ;25/10/2024;    ;242224;006;    ;0018585;BUTECO DA CEICA                                   ;(87)98147-6777 ;040;410;QYB6002;      35,60;    0,12;26/10/2024;72;PDV FECHADO (HORARIO COM.)    ;DER;lucianob   ;14:45
179631                            ;25/10/2024;    ;242258;006;    ;0008931;MERC FRIG SERVE B                                 ;(87)99936-2985 ;040;410;QYB6002;      25,00;    0,02;26/10/2024;72;PDV FECHADO (HORARIO COM.)    ;DER;lucianob   ;14:46
179632                            ;25/10/2024;    ;242325;006;    ;0018250;PETISCARIA                                        ;(87)98170-3071 ;040;406;KIZ3217;     175,50;    0,20;25/10/2024;73;FALTA DE ATIVOS DE GIRO       ;   ;sinval     ;17:04
179638                            ;25/10/2024;    ;242517;006;    ;0009890;BUDDEGA PETROLINA                                 ;(87)98835-1977 ;040;413;PCG6384;      15,18;    0,01;25/10/2024;42;Produto/Quantidade Errada     ;DER;carlosed   ;18:46
179639                            ;25/10/2024;    ;242565;006;    ;0016488;AMBULANTE                                         ;(87)98831-0612 ;040;400;PER3140;      29,22;    0,03;25/10/2024;72;PDV FECHADO (HORARIO COM.)    ;   ;sinval     ;17:07
179641                            ;25/10/2024;    ;242659;006;    ;0018032;BAR DA GRACA                                      ;(87)99104-1896 ;040;401;PGO7569;      58,50;    0,06;25/10/2024;71;SEM DINHEIRO/CHEQUE           ;   ;sinval     ;16:03
179641                            ;25/10/2024;    ;242688;006;    ;0006354;SALAO SOUZA                                       ;(74)99988-4121 ;040;404;PGO7569;     754,60;    0,96;25/10/2024;73;FALTA DE ATIVOS DE GIRO       ;   ;sinval     ;16:03
179641                            ;25/10/2024;    ;242689;006;    ;0006354;SALAO SOUZA                                       ;(74)99988-4121 ;040;404;PGO7569;     646,80;    0,82;25/10/2024;73;FALTA DE ATIVOS DE GIRO       ;   ;sinval     ;16:04
179641                            ;25/10/2024;    ;242690;006;    ;0006354;SALAO SOUZA                                       ;(74)99988-4121 ;040;404;PGO7569;     215,60;    0,27;25/10/2024;73;FALTA DE ATIVOS DE GIRO       ;   ;sinval     ;16:04
179641                            ;25/10/2024;    ;242691;006;    ;0006354;SALAO SOUZA                                       ;(74)99988-4121 ;040;404;PGO7569;    1078,00;    1,38;25/10/2024;73;FALTA DE ATIVOS DE GIRO       ;   ;sinval     ;16:05
179641                            ;25/10/2024;    ;242692;006;    ;0006354;SALAO SOUZA                                       ;(74)99988-4121 ;040;404;PGO7569;     539,00;    0,69;25/10/2024;73;FALTA DE ATIVOS DE GIRO       ;   ;sinval     ;16:05
179643                            ;25/10/2024;    ;242727;006;    ;0026362;MINI DISTRIBUIDORA                                ;(87)99814-6979 ;040;413;RZN7B71;      50,00;    0,12;25/10/2024;42;Produto/Quantidade Errada     ;   ;sinval     ;18:15
179646                            ;25/10/2024;    ;242810;006;    ;0018038;BAR E PETIS DA LEIDE                              ;(87)99203-1350 ;040;408;RZH6B16;     722,73;    0,90;25/10/2024;72;PDV FECHADO (HORARIO COM.)    ;   ;sinval     ;10:50
179651                            ;25/10/2024;    ;242894;006;    ;0012318;JR DISTRIBUIDORA                                  ;(87)98805-0042 ;040;401;RZW8I16;     431,20;    0,55;25/10/2024;72;PDV FECHADO (HORARIO COM.)    ;   ;sinval     ;12:17
179652                            ;25/10/2024;    ;242908;006;    ;0008488;BODE ASSADO SAO JORG                              ;(87)98822-9588 ;040;407;RZH6B16;      31,74;    0,15;25/10/2024;72;PDV FECHADO (HORARIO COM.)    ;   ;carlosed   ;18:44
179652                            ;25/10/2024;    ;242909;006;    ;0008488;BODE ASSADO SAO JORG                              ;(87)98822-9588 ;040;407;RZH6B16;      25,00;    0,02;25/10/2024;72;PDV FECHADO (HORARIO COM.)    ;DER;carlosed   ;18:45
179653                            ;25/10/2024;    ;242945;006;    ;0025795;JENELICIA JOANA DE J                              ;(87)98858-6077 ;040;401;OXN0I49;      58,50;    0,06;25/10/2024;72;PDV FECHADO (HORARIO COM.)    ;   ;sinval     ;17:53
179653                            ;25/10/2024;    ;242946;006;    ;0025795;JENELICIA JOANA DE J                              ;(87)98858-6077 ;040;401;OXN0I49;      28,44;    0,04;25/10/2024;72;PDV FECHADO (HORARIO COM.)    ;   ;sinval     ;17:53
179676                            ;26/10/2024;    ;243158;006;    ;0016776;H10 CONVENIENCIA                                  ;(87)98844-2639 ;040;404;RZN4I62;     424,68;    0,50;26/10/2024;72;PDV FECHADO (HORARIO COM.)    ;   ;lucianob   ;14:07
179677                            ;26/10/2024;    ;243192;006;    ;0017533;Restaurante do negao                              ;(74)99194-3693 ;040;406;PDB6166;     266,79;    0,31;26/10/2024;71;SEM DINHEIRO/CHEQUE           ;   ;lucianob   ;17:38
179682                            ;26/10/2024;    ;243374;006;    ;0007098;O PASTEL                                          ;(87)98839-1878 ;040;405;PCI2783;     575,06;    1,25;26/10/2024;71;SEM DINHEIRO/CHEQUE           ;   ;lucianob   ;15:47
179689                            ;26/10/2024;    ;243499;006;    ;0015433;MERCADINHO E DISTRIB                              ;(87)98849-0062 ;040;408;MXF8510;     188,60;    0,18;26/10/2024;86;HORARIO DE ENTREGA            ;   ;lucianob   ;18:18
179689                            ;26/10/2024;    ;243500;006;    ;0015433;MERCADINHO E DISTRIB                              ;(87)98849-0062 ;040;408;MXF8510;     539,00;    0,69;26/10/2024;86;HORARIO DE ENTREGA            ;   ;lucianob   ;18:16
179689                            ;26/10/2024;    ;243501;006;    ;0015433;MERCADINHO E DISTRIB                              ;(87)98849-0062 ;040;408;MXF8510;    1589,86;    2,37;26/10/2024;86;HORARIO DE ENTREGA            ;   ;lucianob   ;18:16
179689                            ;26/10/2024;    ;243502;006;    ;0015433;MERCADINHO E DISTRIB                              ;(87)98849-0062 ;040;408;MXF8510;      11,50;    0,01;26/10/2024;86;HORARIO DE ENTREGA            ;DER;lucianob   ;18:18
179689                            ;26/10/2024;    ;243530;006;    ;0016078;JL DISTRIBUIDORA                                  ;(74)98809-4254 ;040;405;MXF8510;     323,40;    0,41;26/10/2024;86;HORARIO DE ENTREGA            ;   ;lucianob   ;18:15
179689                            ;26/10/2024;    ;243531;006;    ;0016078;JL DISTRIBUIDORA                                  ;(74)98809-4254 ;040;405;MXF8510;      79,94;    0,16;26/10/2024;86;HORARIO DE ENTREGA            ;   ;lucianob   ;18:15
179690                            ;26/10/2024;    ;243544;006;    ;0008255;EMPORIO DAS CARNES                                ;(87)98843-4978 ;080;840;PGW8630;    4179,86;    5,30;26/10/2024;86;HORARIO DE ENTREGA            ;   ;lucianob   ;17:49
179690                            ;26/10/2024;    ;243545;006;    ;0008255;EMPORIO DAS CARNES                                ;(87)98843-4978 ;080;840;PGW8630;     538,80;    0,50;26/10/2024;86;HORARIO DE ENTREGA            ;   ;lucianob   ;17:50
179703                            ;28/10/2024;    ;243679;006;    ;0008714;THIAGUINHO BAR                                    ;(87)99626-4069 ;040;401;RZN4I62;     468,00;    0,55;28/10/2024;73;FALTA DE ATIVOS DE GIRO       ;   ;lucianob   ;13:39
179703                            ;28/10/2024;    ;243680;006;    ;0008714;THIAGUINHO BAR                                    ;(87)99626-4069 ;040;401;RZN4I62;      28,44;    0,04;28/10/2024;73;FALTA DE ATIVOS DE GIRO       ;   ;lucianob   ;13:40
179703                            ;28/10/2024;    ;243681;006;    ;0012597;JN DISTRIBUIDORA                                  ;(87)99145-5680 ;040;401;RZN4I62;     590,84;    0,82;28/10/2024;71;SEM DINHEIRO/CHEQUE           ;   ;lucianob   ;13:40
179704                            ;28/10/2024;    ;243725;006;    ;0009105;DISTRIBUIDORA NUNES                               ;(87)99614-3134 ;040;410;OYP3193;    2024,20;    2,58;29/10/2024;73;FALTA DE ATIVOS DE GIRO       ;   ;sinval     ;17:01
179706                            ;28/10/2024;    ;243804;006;    ;0018701;LEONILDO MARTINS                                  ;(75)99179-4763 ;040;407;RZH6B16;      47,04;    0,12;28/10/2024;72;PDV FECHADO (HORARIO COM.)    ;   ;lucianob   ;14:53
179706                            ;28/10/2024;    ;243819;006;    ;0010560;BAR ALTAS HORAS                                   ;(87)99204-2728 ;040;409;RZH6B16;      25,00;    0,02;28/10/2024;72;PDV FECHADO (HORARIO COM.)    ;DER;lucianob   ;14:53
179707                            ;28/10/2024;    ;243875;006;    ;0016225;RESTAURANTE KANTIN N                              ;(87)99604-4236 ;040;404;RZW8I16;     354,85;    0,57;28/10/2024;73;FALTA DE ATIVOS DE GIRO       ;   ;lucianob   ;13:20
179710                            ;28/10/2024;    ;243956;006;    ;0017581;TREILER DO BEBEZaO                                ;(87)99139-7982 ;040;405;PDB9366;     234,00;    0,27;28/10/2024;72;PDV FECHADO (HORARIO COM.)    ;   ;lucianob   ;17:36
179711                            ;28/10/2024;    ;243972;006;    ;0018680;PONTO DA BUDEGA DIST                              ;(74)99945-3935 ;040;401;RZN7B71;    1347,50;    1,72;28/10/2024;72;PDV FECHADO (HORARIO COM.)    ;   ;lucianob   ;15:28
179711                            ;28/10/2024;    ;243990;006;    ;0016490;DISTRIBUIDORA CANTIN                              ;(87)99929-9483 ;040;403;RZN7B71;     269,50;    0,34;28/10/2024;64;SEM VASILHAME                 ;   ;lucianob   ;15:29
179739                            ;29/10/2024;    ;244411;006;    ;0008499;MERCADINHO NOGUEIRA                               ;(87)98834-8221 ;040;404;OXN0I49;     370,44;    0,53;29/10/2024;71;SEM DINHEIRO/CHEQUE           ;   ;sinval     ;11:07
179741                            ;29/10/2024;    ;244438;006;    ;0009311;DIST MERC SILVA                                   ;(87)98837-3734 ;040;402;OXN0I49;     529,00;    0,69;29/10/2024;72;PDV FECHADO (HORARIO COM.)    ;   ;sinval     ;15:25
179741                            ;29/10/2024;    ;244449;006;    ;0017452;PADARIA JESSIK DOCES                              ;(87)98862-0149 ;040;402;OXN0I49;      69,80;    0,08;29/10/2024;72;PDV FECHADO (HORARIO COM.)    ;   ;sinval     ;15:25
179741                            ;29/10/2024;    ;244450;006;    ;0012979;MERCADINHO GENOVEZ                                ;(87)99930-8069 ;040;402;OXN0I49;     716,06;    0,87;29/10/2024;23;(C)Pedidos duplicados         ;   ;sinval     ;15:24
179741                            ;29/10/2024;    ;244454;006;    ;0017758;SALGADOS IMPERIO                                  ;(87)98875-2722 ;040;402;OXN0I49;     122,76;    0,28;29/10/2024;72;PDV FECHADO (HORARIO COM.)    ;   ;sinval     ;15:25
179747                            ;29/10/2024;    ;244565;006;    ;0010445;Daniel distri e peti                              ;(87) 9959-7657 ;040;401;KHW1563;     620,90;    0,68;29/10/2024;71;SEM DINHEIRO/CHEQUE           ;   ;carlosed   ;18:57
179747                            ;29/10/2024;    ;244579;006;    ;0007590;MERC OBA                                          ;(87)98803-2894 ;040;401;KHW1563;     105,41;    0,28;29/10/2024;71;SEM DINHEIRO/CHEQUE           ;   ;carlosed   ;18:59
179750                            ;29/10/2024;    ;244680;006;    ;0005191;AFANASIO SUPERMERCAD                              ;(87)99182-7039 ;080;840;PDC0246;    1505,40;    2,83;29/10/2024;86;HORARIO DE ENTREGA            ;   ;carlosed   ;20:23
179750                            ;29/10/2024;    ;244689;006;    ;0009619;DIST DA LUCINDA                                   ;(87)98875-8219 ;040;404;PDC0246;     929,10;    1,17;29/10/2024;71;SEM DINHEIRO/CHEQUE           ;   ;carlosed   ;20:24
179750                            ;29/10/2024;    ;244690;006;    ;0009619;DIST DA LUCINDA                                   ;(87)98875-8219 ;040;404;PDC0246;     323,40;    0,41;29/10/2024;71;SEM DINHEIRO/CHEQUE           ;   ;carlosed   ;20:24
179750                            ;29/10/2024;    ;244704;006;    ;0018452;JL DISTRIBUIDORA                                  ;(87)98841-1895 ;040;400;PDC0246;    1071,02;    1,30;29/10/2024;72;PDV FECHADO (HORARIO COM.)    ;   ;carlosed   ;20:25
179772                            ;30/10/2024;    ;245188;006;    ;0023876;PEIXARIA DO GILDENOR                              ;(87)98852-0302 ;040;409;PDB6166;     186,94;    0,26;30/10/2024;50;CARGA ERRADA ARMAZEM          ;   ;evanete    ;19:21
179772                            ;30/10/2024;    ;245190;006;    ;0016698;VAREJaO R VERDE                                   ;(87)99122-3122 ;040;409;PDB6166;     587,30;    0,76;30/10/2024;71;SEM DINHEIRO/CHEQUE           ;   ;evanete    ;19:21
179773                            ;30/10/2024;    ;245229;006;    ;0010704;ANA DISTRIBUIDORA                                 ;(87)99134-8216 ;040;406;PCG6384;     107,80;    0,13;30/10/2024;71;SEM DINHEIRO/CHEQUE           ;   ;lucianob   ;16:30
179773                            ;30/10/2024;    ;245230;006;    ;0010704;ANA DISTRIBUIDORA                                 ;(87)99134-8216 ;040;406;PCG6384;     107,80;    0,13;30/10/2024;71;SEM DINHEIRO/CHEQUE           ;   ;lucianob   ;16:30
179773                            ;30/10/2024;    ;245231;006;    ;0010704;ANA DISTRIBUIDORA                                 ;(87)99134-8216 ;040;406;PCG6384;     107,80;    0,13;30/10/2024;71;SEM DINHEIRO/CHEQUE           ;   ;lucianob   ;16:30
179777                            ;30/10/2024;    ;245338;006;    ;0016128;DELICIAS DA LU LANCH                              ;(87)98844-9225 ;040;409;RZN4I62;     767,69;    1,14;30/10/2024;73;FALTA DE ATIVOS DE GIRO       ;   ;lucianob   ;17:31
179778                            ;30/10/2024;    ;245361;006;    ;0017832;BAR DO PAULO                                      ;(87)98102-6215 ;040;404;RZW8I16;     490,54;    0,84;30/10/2024;72;PDV FECHADO (HORARIO COM.)    ;   ;lucianob   ;10:22
179778                            ;30/10/2024;    ;245362;006;    ;0017832;BAR DO PAULO                                      ;(87)98102-6215 ;040;404;RZW8I16;     494,20;    0,70;30/10/2024;72;PDV FECHADO (HORARIO COM.)    ;   ;lucianob   ;10:22
179778                            ;30/10/2024;    ;245363;006;    ;0005798;MER.CASTANHEIRA                                   ;(87)98824-2324 ;040;404;RZW8I16;     336,20;    0,64;30/10/2024;73;FALTA DE ATIVOS DE GIRO       ;   ;lucianob   ;10:22
179783                            ;30/10/2024;    ;245463;006;    ;0024780;RESTAURANTE CAPIVARA                              ;(87)93862-2585 ;040;412;RZW8I16;     572,25;    0,47;30/10/2024;42;Produto/Quantidade Errada     ;   ;evanete    ;18:25
179785                            ;30/10/2024;    ;245496;006;    ;0009309;ALFORRIA                                          ;(74)99197-2148 ;040;412;RZH6B16;     291,27;    0,52;30/10/2024;73;FALTA DE ATIVOS DE GIRO       ;   ;evanete    ;19:01
179787                            ;30/10/2024;    ;245519;006;    ;0016906;DISTRIBUIDORA RIBEIR                              ;(87)98117-5316 ;040;404;KHW1563;    1705,20;    2,02;30/10/2024;72;PDV FECHADO (HORARIO COM.)    ;   ;evanete    ;18:31
179789                            ;30/10/2024;    ;245563;006;    ;0000313;REC DA PIZZA E PASTE                              ;(87)98837-5010 ;040;412;PDB9366;    1575,58;    3,48;30/10/2024;42;Produto/Quantidade Errada     ;   ;lucianob   ;15:01
179810                            ;31/10/2024;    ;245775;006;    ;0009350;BAR ENCONT AMIGOS N8                              ;(87) 9646-9683 ;040;400;PDC0246;     215,60;    0,27;31/10/2024;72;PDV FECHADO (HORARIO COM.)    ;   ;sinval     ;16:13
179813                            ;31/10/2024;    ;245864;006;    ;0003512;DRINKS BAR                                        ;(87)98822-8063 ;040;407;RZW8I16;     114,82;    0,13;31/10/2024;71;SEM DINHEIRO/CHEQUE           ;   ;sinval     ;10:  
179814                            ;31/10/2024;    ;245897;006;    ;0017645;PANIFICADORA DA VAL                               ;(87)98173-4461 ;040;402;OXN0I49;     166,18;    0,40;31/10/2024;72;PDV FECHADO (HORARIO COM.)    ;   ;sinval     ;11:18
179815                            ;31/10/2024;    ;245911;006;    ;0017922;CARPEGIANNI ALVES RO                              ;(87)98864-3020 ;040;404;RZH6B16;     185,70;    0,20;31/10/2024;72;PDV FECHADO (HORARIO COM.)    ;   ;sinval     ;13:38
179821                            ;31/10/2024;    ;246070;006;    ;0004772;MERC PADRE CICERO                                 ;(87)98828-4427 ;040;405;PGW8630;     106,80;    0,36;31/10/2024;71;SEM DINHEIRO/CHEQUE           ;   ;carlosed   ;19:11
179822                            ;31/10/2024;    ;246132;006;    ;0000492;SB SUPERMERCADO                                   ;(87)98809-4598 ;080;841;QYI7A36;    5638,42;    9,60;31/10/2024;86;HORARIO DE ENTREGA            ;   ;sinval     ;17:56
179828                            ;31/10/2024;    ;246298;006;    ;0013859;MERCADINHO PADRE CIC                              ;(87) 3867-3246 ;080;841;MXF8510;   14129,98;   18,65;31/10/2024;42;Produto/Quantidade Errada     ;   ;carlosed   ;19:14
179828                            ;31/10/2024;    ;246299;006;    ;0013859;MERCADINHO PADRE CIC                              ;(87) 3867-3246 ;080;841;MXF8510;    1436,40;    1,51;31/10/2024;42;Produto/Quantidade Errada     ;   ;carlosed   ;19:15
179830                            ;31/10/2024;    ;246332;006;    ;0009552;ROTA DISTRIBUIDORA                                ;(87)99656-6244 ;040;413;RZN7B71;    1200,84;    0,96;31/10/2024;64;SEM VASILHAME                 ;   ;sinval     ;15:55
179832                            ;31/10/2024;    ;246351;006;    ;0018496;MERCADINHO PREDILETA                              ;(87)98875-6245 ;040;404;PDB6166;      25,00;    0,02;31/10/2024;72;PDV FECHADO (HORARIO COM.)    ;DER;sinval     ;17:09
179832                            ;31/10/2024;    ;246353;006;    ;0015835;PANIFICADORA RIBEIRO                              ;(87)99801-4681 ;040;404;PDB6166;      25,00;    0,02;31/10/2024;72;PDV FECHADO (HORARIO COM.)    ;DER;sinval     ;17:10
179849                            ;31/10/2024;    ;246391;006;    ;0005721;FILIAL ITAPISSUMA                                 ;(81) 3334-5599 ;085;998;GEN0000;   69992,00;    0,00;31/10/2024;51;NF ERRADA                     ;   ;carlosed   ;20:14
