Mapa                     ;Data;Unb Nota;Nota;Serie;Unb Cliente;Cod. Cliente;Nome Cliente;Telefone;Area;Setor;Placa;Valor;Volume;Data Devol.;Cod. Motivo;Desc. Motivo;Orig. Pedido;Usuario;Hora
170536                            ;02/01/2024;    ;061011;006;    ;0010054;MERCAD NO KAPRICHO                                ;(87)98143-9622 ;040;413;RZN5A62;    1549,46;    3,35;03/01/2024;23;(C)Pedidos duplicados         ;   ;sinval     ;11:59
170537                            ;02/01/2024;    ;061103;006;    ;0016697;MERCADINHO MM                                     ;(87)98182-2482 ;040;412;RZN4I62;     991,70;    1,32;02/01/2024;23;(C)Pedidos duplicados         ;   ;idute      ;17:35
170537                            ;02/01/2024;    ;061106;006;    ;0016673;MERCADINHO SOUZA                                  ;(87)98102-5797 ;040;412;RZN4I62;     424,90;    0,76;02/01/2024;23;(C)Pedidos duplicados         ;   ;idute      ;17:35
170542                            ;02/01/2024;    ;061233;006;    ;0015924;R2 BEER                                           ;(87)99170-2346 ;040;410;PCG6384;     499,00;    0,69;02/01/2024;64;SEM VASILHAME                 ;   ;idute      ;13:18
170542                            ;02/01/2024;    ;061236;006;    ;0015083;BAR e PETISCARIA TM                               ;(87)99611-6226 ;040;407;PCG6384;     773,56;    0,98;02/01/2024;23;(C)Pedidos duplicados         ;   ;idute      ;13:20
170542                            ;02/01/2024;    ;061237;006;    ;0015083;BAR e PETISCARIA TM                               ;(87)99611-6226 ;040;407;PCG6384;     598,80;    0,82;02/01/2024;23;(C)Pedidos duplicados         ;   ;idute      ;13:20
170542                            ;02/01/2024;    ;061238;006;    ;0015083;BAR e PETISCARIA TM                               ;(87)99611-6226 ;040;407;PCG6384;     598,80;    0,82;02/01/2024;23;(C)Pedidos duplicados         ;   ;idute      ;13:20
170546                            ;02/01/2024;    ;061332;006;    ;0004235;DIST DE BEBIDAS J-A                               ;(87) 3867-4460 ;040;407;MXF8510;     249,50;    0,34;02/01/2024;82;ENDERECO NAO ENCONTRADO       ;   ;idute      ;17:53
170546                            ;02/01/2024;    ;061333;006;    ;0004235;DIST DE BEBIDAS J-A                               ;(87) 3867-4460 ;040;407;MXF8510;     465,78;    1,02;02/01/2024;82;ENDERECO NAO ENCONTRADO       ;   ;idute      ;17:53
170546                            ;02/01/2024;    ;061334;006;    ;0004235;DIST DE BEBIDAS J-A                               ;(87) 3867-4460 ;040;407;MXF8510;     135,60;    0,32;02/01/2024;82;ENDERECO NAO ENCONTRADO       ;   ;idute      ;17:54
170546                            ;02/01/2024;    ;061335;006;    ;0004235;DIST DE BEBIDAS J-A                               ;(87) 3867-4460 ;040;407;MXF8510;      99,80;    0,13;02/01/2024;82;ENDERECO NAO ENCONTRADO       ;   ;idute      ;17:53
170546                            ;02/01/2024;    ;061336;006;    ;0004235;DIST DE BEBIDAS J-A                               ;(87) 3867-4460 ;040;407;MXF8510;     118,03;    0,16;02/01/2024;82;ENDERECO NAO ENCONTRADO       ;   ;idute      ;17:54
170546                            ;02/01/2024;    ;061337;006;    ;0004235;DIST DE BEBIDAS J-A                               ;(87) 3867-4460 ;040;407;MXF8510;     499,00;    0,39;02/01/2024;82;ENDERECO NAO ENCONTRADO       ;   ;idute      ;17:55
170546                            ;02/01/2024;    ;061338;006;    ;0004235;DIST DE BEBIDAS J-A                               ;(87) 3867-4460 ;040;407;MXF8510;    1799,93;    2,49;02/01/2024;82;ENDERECO NAO ENCONTRADO       ;   ;idute      ;17:55
170546                            ;02/01/2024;    ;061339;006;    ;0004235;DIST DE BEBIDAS J-A                               ;(87) 3867-4460 ;040;407;MXF8510;     499,00;    0,69;02/01/2024;82;ENDERECO NAO ENCONTRADO       ;   ;idute      ;17:55
170546                            ;02/01/2024;    ;061347;006;    ;0009184;DEPOSITO SERTaO                                   ;(87)98839-4244 ;040;402;MXF8510;    1251,60;    1,58;02/01/2024;34;Pedido Duplicado              ;   ;idute      ;17:57
170546                            ;02/01/2024;    ;061349;006;    ;0009184;DEPOSITO SERTaO                                   ;(87)98839-4244 ;040;402;MXF8510;    1061,30;    1,27;02/01/2024;34;Pedido Duplicado              ;   ;idute      ;17:57
170547                            ;02/01/2024;    ;061366;006;    ;0008663;MERC E DIST BONFIM                                ;(87)98828-1842 ;040;401;KJP6186;    4004,96;    6,58;02/01/2024;23;(C)Pedidos duplicados         ;   ;idute      ;16:14
170548                            ;02/01/2024;    ;061379;006;    ;0016457;MERCADINHO ARAUJO                                 ;(87)98811-4303 ;040;405;PCX2687;    1600,97;    2,03;02/01/2024;72;PDV FECHADO (HORARIO COM.)    ;   ;idute      ;18:20
170548                            ;02/01/2024;    ;061380;006;    ;0016457;MERCADINHO ARAUJO                                 ;(87)98811-4303 ;040;405;PCX2687;     504,14;    0,69;02/01/2024;23;(C)Pedidos duplicados         ;   ;idute      ;18:21
170548                            ;02/01/2024;    ;061381;006;    ;0016457;MERCADINHO ARAUJO                                 ;(87)98811-4303 ;040;405;PCX2687;      99,80;    0,13;02/01/2024;23;(C)Pedidos duplicados         ;   ;idute      ;18:21
170548                            ;02/01/2024;    ;061382;006;    ;0012329;JB CONVENIENCIA                                   ;(87)98802-9237 ;040;405;PCX2687;    4132,24;    6,30;02/01/2024;23;(C)Pedidos duplicados         ;   ;idute      ;18:16
170548                            ;02/01/2024;    ;061385;006;    ;0009701;GRILO BEBIDAS                                     ;(87)99827-1053 ;040;405;PCX2687;    1308,92;    1,72;02/01/2024;72;PDV FECHADO (HORARIO COM.)    ;   ;idute      ;18:18
170548                            ;02/01/2024;    ;061386;006;    ;0009701;GRILO BEBIDAS                                     ;(87)99827-1053 ;040;405;PCX2687;    1064,00;    1,38;02/01/2024;72;PDV FECHADO (HORARIO COM.)    ;   ;idute      ;18:19
170548                            ;02/01/2024;    ;061387;006;    ;0009701;GRILO BEBIDAS                                     ;(87)99827-1053 ;040;405;PCX2687;      49,90;    0,06;02/01/2024;72;PDV FECHADO (HORARIO COM.)    ;   ;idute      ;18:19
170548                            ;02/01/2024;    ;061392;006;    ;0010050;NUTRI MAIS                                        ;(87)98818-2851 ;040;414;PCX2687;     398,70;    0,54;02/01/2024;23;(C)Pedidos duplicados         ;   ;idute      ;18:18
170548                            ;02/01/2024;    ;061402;006;    ;0010688;MARCELA DO VALLE                                  ;(87)99178-4898 ;040;414;PCX2687;    1011,92;    1,59;02/01/2024;23;(C)Pedidos duplicados         ;   ;idute      ;18:15
170548                            ;02/01/2024;    ;061403;006;    ;0010292;SABOR NORDESTINO                                  ;(74)98114-5036 ;040;414;PCX2687;     708,50;    0,89;02/01/2024;23;(C)Pedidos duplicados         ;   ;lucianob   ;18:35
170549                            ;02/01/2024;    ;061415;006;    ;0013864;MERCADINHO 3 IRMÃO                                ;(87)98832-1191 ;040;409;PDB9366;     919,90;    1,65;02/01/2024;23;(C)Pedidos duplicados         ;   ;idute      ;16:29
170549                            ;02/01/2024;    ;061438;006;    ;0025878;POSTO GENE I                                      ;(87) 3861-1165 ;080;841;PDB9366;    2384,72;    3,24;02/01/2024;64;SEM VASILHAME                 ;   ;idute      ;16:29
170550                            ;02/01/2024;    ;061463;006;    ;0015818;SEMPRE GELADA                                     ;(87)99205-5502 ;040;406;PEG6080;    1557,59;    1,88;02/01/2024;89;PDV FECHADO APOS HORARIO      ;   ;idute      ;15:
170550                            ;02/01/2024;    ;061464;006;    ;0015818;SEMPRE GELADA                                     ;(87)99205-5502 ;040;406;PEG6080;    1557,59;    1,88;02/01/2024;89;PDV FECHADO APOS HORARIO      ;   ;idute      ;15:58
170550                            ;02/01/2024;    ;061492;006;    ;0007577;DIST NOVA VIDA                                    ;(87)98878-9008 ;040;406;PEG6080;    1473,60;    1,99;02/01/2024;89;PDV FECHADO APOS HORARIO      ;   ;idute      ;15:01
170550                            ;02/01/2024;    ;061493;006;    ;0011237;PADARIA ADRIELLY                                  ;(87)98803-4809 ;040;406;PEG6080;     349,30;    0,48;02/01/2024;89;PDV FECHADO APOS HORARIO      ;   ;idute      ;15:
170551                            ;02/01/2024;    ;061508;006;    ;0009217;COMERCIAL HORACIO                                 ;(87)99173-6007 ;040;414;JLV9183;    3666,18;    5,24;02/01/2024;23;(C)Pedidos duplicados         ;   ;lucianob   ;18:40
170551                            ;02/01/2024;    ;061512;006;    ;0009214;DIST BIG BROTHER                                  ;(87)98842-5657 ;040;402;JLV9183;    3956,80;    4,22;02/01/2024;23;(C)Pedidos duplicados         ;   ;lucianob   ;18:41
170552                            ;02/01/2024;    ;061554;006;    ;0026041;DISTRIBUIDORA LIMA                                ;(87)98802-8486 ;040;408;KHW1563;    1073,20;    1,44;02/01/2024;83;PROPRIETARIO AUSENTE          ;   ;idute      ;17:32
170553                            ;02/01/2024;    ;061579;006;    ;0007474;OPA UM BAR                                        ;(87)98831-4810 ;040;405;PGW8630;     300,93;    0,41;03/01/2024;72;PDV FECHADO (HORARIO COM.)    ;   ;sinval     ;10:28
170553                            ;02/01/2024;    ;061597;006;    ;0016025;BAR E LANCHONETE DA                               ;(87)98124-7549 ;040;405;PGW8630;     219,18;    0,29;03/01/2024;72;PDV FECHADO (HORARIO COM.)    ;   ;sinval     ;10:24
170553                            ;02/01/2024;    ;061598;006;    ;0016025;BAR E LANCHONETE DA                               ;(87)98124-7549 ;040;405;PGW8630;      23,17;    0,04;03/01/2024;72;PDV FECHADO (HORARIO COM.)    ;   ;sinval     ;10:26
170553                            ;02/01/2024;    ;061599;006;    ;0016025;BAR E LANCHONETE DA                               ;(87)98124-7549 ;040;405;PGW8630;      46,72;    0,13;03/01/2024;72;PDV FECHADO (HORARIO COM.)    ;   ;sinval     ;10:27
170554                            ;02/01/2024;    ;061635;006;    ;0017221;GALEGA DESTRIBUIDORA                              ;(87)99679-1935 ;040;406;PER3140;    2217,96;    3,18;02/01/2024;65;NAO FEZ PEDIDO                ;   ;idute      ;14:24
170554                            ;02/01/2024;    ;061640;006;    ;0017219;COOLER                                            ;(87)98162-2839 ;040;402;PER3140;     541,48;    0,81;02/01/2024;72;PDV FECHADO (HORARIO COM.)    ;   ;idute      ;14:24
170554                            ;02/01/2024;    ;061641;006;    ;0015921;COLLER PETISCARIA                                 ;(87)98829-3411 ;040;402;PER3140;     272,50;    0,34;02/01/2024;72;PDV FECHADO (HORARIO COM.)    ;   ;idute      ;14:24
170554                            ;02/01/2024;    ;061642;006;    ;0015921;COLLER PETISCARIA                                 ;(87)98829-3411 ;040;402;PER3140;    1218,12;    1,40;02/01/2024;72;PDV FECHADO (HORARIO COM.)    ;   ;idute      ;14:26
170554                            ;02/01/2024;    ;061643;006;    ;0015921;COLLER PETISCARIA                                 ;(87)98829-3411 ;040;402;PER3140;     817,50;    1,03;02/01/2024;72;PDV FECHADO (HORARIO COM.)    ;   ;idute      ;14:26
170554                            ;02/01/2024;    ;061644;006;    ;0015921;COLLER PETISCARIA                                 ;(87)98829-3411 ;040;402;PER3140;     545,00;    0,69;02/01/2024;72;PDV FECHADO (HORARIO COM.)    ;   ;idute      ;14:26
170555                            ;02/01/2024;    ;061656;006;    ;0008941;DIST e PET FAVORITOS                              ;(87)98818-2008 ;040;401;QYI7A36;     811,42;    1,12;02/01/2024;72;PDV FECHADO (HORARIO COM.)    ;   ;lucianob   ;19:36
170555                            ;02/01/2024;    ;061664;006;    ;0026362;MINI DISTRIBUIDORA                                ;(87)99814-6979 ;040;411;QYI7A36;     848,30;    1,17;02/01/2024;72;PDV FECHADO (HORARIO COM.)    ;   ;lucianob   ;19:38
170555                            ;02/01/2024;    ;061665;006;    ;0007043;MERCADINHO COELHO                                 ;(87)98852-1918 ;080;841;QYI7A36;    3084,62;    5,26;02/01/2024;70;CLIENTE CANCELOU              ;   ;lucianob   ;19:38
170555                            ;02/01/2024;    ;061669;006;    ;0009605;MERC JATOBA                                       ;(87)98819-4297 ;080;842;QYI7A36;     918,86;    1,21;02/01/2024;72;PDV FECHADO (HORARIO COM.)    ;   ;lucianob   ;19:42
170555                            ;02/01/2024;    ;061682;006;    ;0024942;BAR DO PAINHO                                     ;(87)88816-4281 ;040;411;QYI7A36;     927,19;    1,20;02/01/2024;23;(C)Pedidos duplicados         ;   ;lucianob   ;19:41
170555                            ;02/01/2024;    ;061683;006;    ;0024942;BAR DO PAINHO                                     ;(87)88816-4281 ;040;411;QYI7A36;     927,19;    1,20;10/01/2024;51;NF ERRADA                     ;   ;alyson     ;15:45
170555                            ;02/01/2024;    ;061684;006;    ;0024942;BAR DO PAINHO                                     ;(87)88816-4281 ;040;411;QYI7A36;    1090,43;    1,24;02/01/2024;23;(C)Pedidos duplicados         ;   ;lucianob   ;19:40
170555                            ;02/01/2024;    ;061685;006;    ;0024942;BAR DO PAINHO                                     ;(87)88816-4281 ;040;411;QYI7A36;    1090,43;    1,24;02/01/2024;23;(C)Pedidos duplicados         ;   ;lucianob   ;19:39
170556                            ;02/01/2024;    ;061697;006;    ;0017349;GAZULA BEBIDAS                                    ;(87)98160-5425 ;040;409;QYW7A22;    2101,26;    2,19;02/01/2024;34;Pedido Duplicado              ;   ;idute      ;17:37
170556                            ;02/01/2024;    ;061710;006;    ;0011980;ESPETOS BAR E MERC                                ;(87)98148-1745 ;040;407;QYW7A22;    1497,00;    2,07;02/01/2024;38;Sem Dinheiro                  ;   ;idute      ;17:37
170558                            ;02/01/2024;    ;061744;006;    ;0017420;DEPOSITO LUZIA                                    ;(87)99681-8741 ;040;409;RZW8I16;     136,02;    0,14;02/01/2024;72;PDV FECHADO (HORARIO COM.)    ;   ;idute      ;11:17
170558                            ;02/01/2024;    ;061745;006;    ;0017420;DEPOSITO LUZIA                                    ;(87)99681-8741 ;040;409;RZW8I16;      52,80;    0,08;02/01/2024;72;PDV FECHADO (HORARIO COM.)    ;   ;idute      ;11:17
170558                            ;02/01/2024;    ;061746;006;    ;0017420;DEPOSITO LUZIA                                    ;(87)99681-8741 ;040;409;RZW8I16;      68,46;    0,06;02/01/2024;72;PDV FECHADO (HORARIO COM.)    ;   ;idute      ;11:18
170558                            ;02/01/2024;    ;061755;006;    ;0001465;BAR DA BRANCA                                     ;(87)99995-7723 ;040;409;RZW8I16;     291,18;    0,29;02/01/2024;65;NAO FEZ PEDIDO                ;   ;idute      ;11:16
170559                            ;02/01/2024;    ;061757;006;    ;0016287;MERCADO VALE DAS ESM                              ;(87)99981-1894 ;040;405;OXN0I49;      68,46;    0,06;02/01/2024;64;SEM VASILHAME                 ;   ;idute      ;11:59
170559                            ;02/01/2024;    ;061758;006;    ;0016287;MERCADO VALE DAS ESM                              ;(87)99981-1894 ;040;405;OXN0I49;     218,16;    0,27;02/01/2024;64;SEM VASILHAME                 ;   ;idute      ;11:59
170559                            ;02/01/2024;    ;061759;006;    ;0016287;MERCADO VALE DAS ESM                              ;(87)99981-1894 ;040;405;OXN0I49;     273,84;    0,27;02/01/2024;64;SEM VASILHAME                 ;   ;idute      ;12:
170559                            ;02/01/2024;    ;061760;006;    ;0016287;MERCADO VALE DAS ESM                              ;(87)99981-1894 ;040;405;OXN0I49;     319,00;    0,42;02/01/2024;34;Pedido Duplicado              ;   ;idute      ;12:02
170559                            ;02/01/2024;    ;061765;006;    ;0016079;JG DISTRIBUIDORA                                  ;(87)98866-0253 ;040;406;OXN0I49;      80,80;    0,11;02/01/2024;64;SEM VASILHAME                 ;   ;idute      ;11:59
170559                            ;02/01/2024;    ;061772;006;    ;0006995;MERCADINHO DA HORA                                ;(87) 8846-2702 ;080;842;OXN0I49;     964,41;    1,15;02/01/2024;70;CLIENTE CANCELOU              ;   ;idute      ;11:58
170562                            ;02/01/2024;    ;061784;006;    ;0025946;DISTRIBUIDORA MS                                  ;(87) 8869-0966 ;040;402;PDC0246;    2979,88;    3,82;02/01/2024;23;(C)Pedidos duplicados         ;   ;lucianob   ;18:38
170562                            ;02/01/2024;    ;061785;006;    ;0025946;DISTRIBUIDORA MS                                  ;(87) 8869-0966 ;040;402;PDC0246;    2979,88;    3,82;02/01/2024;23;(C)Pedidos duplicados         ;   ;lucianob   ;18:39
170562                            ;02/01/2024;    ;061786;006;    ;0025946;DISTRIBUIDORA MS                                  ;(87) 8869-0966 ;040;402;PDC0246;     111,30;    0,24;02/01/2024;23;(C)Pedidos duplicados         ;   ;lucianob   ;18:39
170563                            ;02/01/2024;    ;061799;006;    ;0009059;TOCA BAR                                          ;(87)98872-2967 ;040;409;OXN0I49;     171,13;    0,29;02/01/2024;37;PDV Fechado                   ;   ;idute      ;16:37
170563                            ;02/01/2024;    ;061800;006;    ;0009059;TOCA BAR                                          ;(87)98872-2967 ;040;409;OXN0I49;     153,50;    0,36;02/01/2024;37;PDV Fechado                   ;   ;idute      ;16:38
170563                            ;02/01/2024;    ;061801;006;    ;0009059;TOCA BAR                                          ;(87)98872-2967 ;040;409;OXN0I49;     499,00;    0,69;02/01/2024;37;PDV Fechado                   ;   ;idute      ;16:38
170563                            ;02/01/2024;    ;061802;006;    ;0009059;TOCA BAR                                          ;(87)98872-2967 ;040;409;OXN0I49;     109,16;    0,08;02/01/2024;37;PDV Fechado                   ;   ;idute      ;16:38
170563                            ;02/01/2024;    ;061807;006;    ;0005235;PEIXADA RIO BAR                                   ;(87)99614-3452 ;040;409;OXN0I49;    1062,26;    1,30;02/01/2024;37;PDV Fechado                   ;   ;idute      ;16:37
170564                            ;02/01/2024;    ;061824;006;    ;0009566;BONA BRASA CHURRASCA                              ;(87)99124-3815 ;040;411;OXN0I49;     503,80;    0,67;02/01/2024;23;(C)Pedidos duplicados         ;   ;lucianob   ;20:56
170566                            ;02/01/2024;    ;061842;006;    ;0008841;GELADAO RIO CORRENTE                              ;(74)99148-6261 ;040;402;RZW8I16;     406,30;    0,08;02/01/2024;72;PDV FECHADO (HORARIO COM.)    ;   ;idute      ;15:25
170566                            ;02/01/2024;    ;061843;006;    ;0009127;MERCADINHO CENTRAL                                ;(87)98832-8800 ;040;401;RZW8I16;     403,54;    0,54;02/01/2024;69;PRE-FATURAMENTO               ;   ;idute      ;15:23
170566                            ;02/01/2024;    ;061845;006;    ;0006742;MERCADINHO BODEGA                                 ;(87)98817-7462 ;040;407;RZW8I16;     256,10;    0,34;02/01/2024;64;SEM VASILHAME                 ;   ;idute      ;15:25
170566                            ;02/01/2024;    ;061847;006;    ;0017453;BAR VEM QUE TEM                                   ;(87)98843-1351 ;040;407;RZW8I16;     545,00;    0,69;02/01/2024;64;SEM VASILHAME                 ;   ;idute      ;15:24
170566                            ;02/01/2024;    ;061852;006;    ;0010561;PONTO DO CALDO DE QU                              ;(87)99650-9052 ;040;407;RZW8I16;     120,44;    0,18;02/01/2024;72;PDV FECHADO (HORARIO COM.)    ;   ;idute      ;15:26
170566                            ;02/01/2024;    ;061853;006;    ;0010561;PONTO DO CALDO DE QU                              ;(87)99650-9052 ;040;407;RZW8I16;     439,36;    0,55;02/01/2024;72;PDV FECHADO (HORARIO COM.)    ;   ;idute      ;15:26
170566                            ;02/01/2024;    ;061854;006;    ;0010561;PONTO DO CALDO DE QU                              ;(87)99650-9052 ;040;407;RZW8I16;      43,92;    0,05;02/01/2024;72;PDV FECHADO (HORARIO COM.)    ;   ;idute      ;15:26
170566                            ;02/01/2024;    ;061855;006;    ;0010561;PONTO DO CALDO DE QU                              ;(87)99650-9052 ;040;407;RZW8I16;     395,24;    0,51;02/01/2024;72;PDV FECHADO (HORARIO COM.)    ;   ;idute      ;15:28
170566                            ;02/01/2024;    ;061856;006;    ;0010561;PONTO DO CALDO DE QU                              ;(87)99650-9052 ;040;407;RZW8I16;     384,44;    0,48;02/01/2024;72;PDV FECHADO (HORARIO COM.)    ;   ;idute      ;15:28
170566                            ;02/01/2024;    ;061859;006;    ;0015472;CINTIA LANCHONETE E                               ;(87)98164-0886 ;040;407;RZW8I16;      97,22;    0,13;02/01/2024;72;PDV FECHADO (HORARIO COM.)    ;   ;idute      ;15:24
170566                            ;02/01/2024;    ;061860;006;    ;0015472;CINTIA LANCHONETE E                               ;(87)98164-0886 ;040;407;RZW8I16;      40,92;    0,12;02/01/2024;72;PDV FECHADO (HORARIO COM.)    ;   ;idute      ;15:24
170567                            ;02/01/2024;    ;061874;006;    ;0006025;LACH.DONA BENTA                                   ;(87)98172-3430 ;040;407;RZH6B16;     226,50;    0,44;02/01/2024;71;SEM DINHEIRO/CHEQUE           ;   ;lucianob   ;18:48
170567                            ;02/01/2024;    ;061879;006;    ;0007778;MERCADINHO FERNANDES                              ;(87)98801-7925 ;040;407;RZH6B16;     526,78;    0,66;02/01/2024;70;CLIENTE CANCELOU              ;   ;lucianob   ;18:48
170567                            ;02/01/2024;    ;061880;006;    ;0007778;MERCADINHO FERNANDES                              ;(87)98801-7925 ;040;407;RZH6B16;     461,06;    0,97;02/01/2024;70;CLIENTE CANCELOU              ;   ;lucianob   ;18:47
170568                            ;02/01/2024;    ;061895;006;    ;0016410;DISTRIBUIDORA LeM                                 ;(87)99128-5230 ;040;409;RZW8I16;      26,88;    0,04;02/01/2024;23;(C)Pedidos duplicados         ;   ;lucianob   ;18:40
170569                            ;02/01/2024;    ;061900;006;    ;0015451;CASTRO EVENTOS                                    ;(87)98862-0035 ;040;410;JRA8317;   26885,00;    0,00;05/01/2024;91;CONSIGNACAO                   ;   ;alyson     ;18:13
170570                            ;02/01/2024;    ;061902;006;    ;0015451;CASTRO EVENTOS                                    ;(87)98862-0035 ;040;410;JRA8317;   51570,50;   59,28;05/01/2024;91;CONSIGNACAO                   ;   ;alyson     ;18:14
170571                            ;02/01/2024;    ;061903;006;    ;0015451;CASTRO EVENTOS                                    ;(87)98862-0035 ;040;410;JRA8317;   17077,08;   14,96;04/01/2024;91;CONSIGNACAO                   ;   ;alyson     ;16:19
170571                            ;02/01/2024;    ;061904;006;    ;0015451;CASTRO EVENTOS                                    ;(87)98862-0035 ;040;410;JRA8317;   36137,40;   35,42;04/01/2024;91;CONSIGNACAO                   ;   ;alyson     ;16:19
170589                            ;03/01/2024;    ;062065;006;    ;0016126;BAR VALDEMIRO                                     ;(43)90000-0000 ;040;413;PCI2783;     399,20;    0,55;04/01/2024;72;PDV FECHADO (HORARIO COM.)    ;   ;idute      ;16:58
170596                            ;03/01/2024;    ;062416;006;    ;0016978;MECADINHO NOSSA SENH                              ;(87)98852-1069 ;040;406;PCX2687;      33,10;    0,04;03/01/2024;71;SEM DINHEIRO/CHEQUE           ;DER;sinval     ;17:37
170598                            ;03/01/2024;    ;062461;006;    ;0011881;MERCADINHO J. ALVES                               ;(74)97400-9714 ;040;414;RZN4I62;     964,16;    1,67;03/01/2024;70;CLIENTE CANCELOU              ;   ;sinval     ;18:25
170598                            ;03/01/2024;    ;062462;006;    ;0011881;MERCADINHO J. ALVES                               ;(74)97400-9714 ;040;414;RZN4I62;      15,24;    0,02;03/01/2024;70;CLIENTE CANCELOU              ;   ;sinval     ;18:26
170598                            ;03/01/2024;    ;062476;006;    ;0003731;MERCADINHO SG                                     ;(87)98869-7618 ;080;842;RZN4I62;     319,00;    0,42;03/01/2024;72;PDV FECHADO (HORARIO COM.)    ;   ;sinval     ;18:26
170599                            ;03/01/2024;    ;062498;006;    ;0013862;CAJUEIRO BAR                                      ;(87)99929-7639 ;040;414;OYP3193;     272,50;    0,34;03/01/2024;72;PDV FECHADO (HORARIO COM.)    ;   ;sinval     ;16:22
170603                            ;03/01/2024;    ;062615;006;    ;0009954;FALMAR CONVENIENCIA                               ;(87)98839-2415 ;080;841;PCG6384;    1051,30;    2,62;03/01/2024;64;SEM VASILHAME                 ;   ;sinval     ;16:46
170605                            ;03/01/2024;    ;062707;006;    ;0017287;EMPÓRIO DO VALE DELI                              ;(87)98835-5043 ;040;411;PDB9366;    1528,52;    2,39;03/01/2024;72;PDV FECHADO (HORARIO COM.)    ;   ;sinval     ;16:02
170605                            ;03/01/2024;    ;062708;006;    ;0017287;EMPÓRIO DO VALE DELI                              ;(87)98835-5043 ;040;411;PDB9366;      49,90;    0,06;03/01/2024;72;PDV FECHADO (HORARIO COM.)    ;   ;sinval     ;16:02
170605                            ;03/01/2024;    ;062709;006;    ;0017287;EMPÓRIO DO VALE DELI                              ;(87)98835-5043 ;040;411;PDB9366;      49,90;    0,06;03/01/2024;72;PDV FECHADO (HORARIO COM.)    ;   ;sinval     ;16:03
170605                            ;03/01/2024;    ;062710;006;    ;0017287;EMPÓRIO DO VALE DELI                              ;(87)98835-5043 ;040;411;PDB9366;      49,90;    0,06;03/01/2024;72;PDV FECHADO (HORARIO COM.)    ;   ;sinval     ;16:03
170605                            ;03/01/2024;    ;062711;006;    ;0017287;EMPÓRIO DO VALE DELI                              ;(87)98835-5043 ;040;411;PDB9366;      49,90;    0,06;03/01/2024;72;PDV FECHADO (HORARIO COM.)    ;   ;sinval     ;16:04
170606                            ;03/01/2024;    ;062756;006;    ;0006842;MERCADINHO RIBEIRO                                ;(87)98809-8751 ;080;842;PDC0246;    1497,00;    1,18;03/01/2024;37;PDV Fechado                   ;   ;carlosed   ;19:46
170606                            ;03/01/2024;    ;062765;006;    ;0010696;LUIS BENTO  RODRIGUE                              ;(87)98811-6502 ;040;407;PDC0246;     466,82;    0,61;03/01/2024;37;PDV Fechado                   ;   ;carlosed   ;19:45
170606                            ;03/01/2024;    ;062766;006;    ;0010696;LUIS BENTO  RODRIGUE                              ;(87)98811-6502 ;040;407;PDC0246;       8,34;    0,00;03/01/2024;37;PDV Fechado                   ;DER;carlosed   ;19:45
170612                            ;03/01/2024;    ;062905;006;    ;0009403;TORRES LANCHES                                    ;(87)98816-4697 ;040;414;OXN0I49;     166,50;    0,20;03/01/2024;72;PDV FECHADO (HORARIO COM.)    ;   ;sinval     ;16:10
170612                            ;03/01/2024;    ;062906;006;    ;0009403;TORRES LANCHES                                    ;(87)98816-4697 ;040;414;OXN0I49;     109,00;    0,13;03/01/2024;72;PDV FECHADO (HORARIO COM.)    ;   ;sinval     ;16:10
170612                            ;03/01/2024;    ;062907;006;    ;0009403;TORRES LANCHES                                    ;(87)98816-4697 ;040;414;OXN0I49;     218,00;    0,27;03/01/2024;72;PDV FECHADO (HORARIO COM.)    ;   ;sinval     ;16:11
170614                            ;03/01/2024;    ;062946;006;    ;0004849;MEC LANCHES                                       ;(87) 8822-8500 ;040;408;RZH6B16;     213,70;    0,37;03/01/2024;72;PDV FECHADO (HORARIO COM.)    ;   ;sinval     ;14:52
170615                            ;03/01/2024;    ;062962;006;    ;0016891;RESTAURANTE VOVO SAN                              ;(89)99406-1138 ;040;406;RZW8I16;     344,10;    0,46;03/01/2024;64;SEM VASILHAME                 ;   ;sinval     ;14:02
170625                            ;04/01/2024;    ;063022;006;    ;0025945;LANCHE e CIA                                      ;(87)99125-1465 ;040;405;QYI7A36;      99,80;    0,13;04/01/2024;70;CLIENTE CANCELOU              ;   ;idute      ;18:07
170629                            ;04/01/2024;    ;063193;006;    ;0008256;DIST e PET SAVANNAS                               ;(87)98863-6977 ;040;402;RZH6B16;     108,68;    0,08;04/01/2024;72;PDV FECHADO (HORARIO COM.)    ;   ;idute      ;10:51
170629                            ;04/01/2024;    ;063194;006;    ;0008256;DIST e PET SAVANNAS                               ;(87)98863-6977 ;040;402;RZH6B16;     149,08;    0,12;04/01/2024;72;PDV FECHADO (HORARIO COM.)    ;   ;idute      ;10:51
170631                            ;04/01/2024;    ;063218;006;    ;0017669;DIST CAVALCANTE                                   ;(74)98811-2544 ;040;406;OXN0I49;     882,62;    1,26;04/01/2024;37;PDV Fechado                   ;   ;idute      ;11:34
170632                            ;04/01/2024;    ;063236;006;    ;0017654;MENOR PRECO SANTOS                                ;(87)98124-6600 ;040;407;RZW8I16;     323,30;    0,44;04/01/2024;72;PDV FECHADO (HORARIO COM.)    ;DER;idute      ;14:16
170632                            ;04/01/2024;    ;063237;006;    ;0003421;DERMI                                             ;(87) 3867-3784 ;040;407;RZW8I16;     774,00;    1,20;04/01/2024;85;DIFICIL ACESSO                ;   ;idute      ;14:16
170633                            ;04/01/2024;    ;063250;006;    ;0007585;BRASIL BEBIDAS                                    ;(87)98811-4016 ;040;405;RZH6B16;     684,60;    0,69;04/01/2024;70;CLIENTE CANCELOU              ;   ;idute      ;15:03
170635                            ;04/01/2024;    ;063298;006;    ;0003293;COMIDA CHINESA                                    ;(87)98826-6455 ;040;411;RZW8I16;     123,92;    0,23;04/01/2024;72;PDV FECHADO (HORARIO COM.)    ;   ;lucianob   ;18:27
170644                            ;04/01/2024;    ;063559;006;    ;0015900;DISTRIBUIDORA IR                                  ;(87)99176-6691 ;040;409;PCG6384;       4,17;    0,00;04/01/2024;72;PDV FECHADO (HORARIO COM.)    ;DER;idute      ;16:32
170645                            ;04/01/2024;    ;063613;006;    ;0002573;CANTINHO DO SURURU                                ;(87)99491-2789 ;040;406;PDB9366;     109,00;    0,13;04/01/2024;64;SEM VASILHAME                 ;   ;lucianob   ;18:33
170646                            ;04/01/2024;    ;063622;006;    ;0000492;SB SUPERMERCADO                                   ;(87)98809-4598 ;080;841;PDC0246;     160,00;    0,01;04/01/2024;07;OUTROS MOTIVOS VALIDADO AC    ;   ;lucianob   ;19:12
170646                            ;04/01/2024;    ;063631;006;    ;0010978;RIC BAR THE FELLOWS                               ;(74)98835-6728 ;040;410;PDC0246;    1524,76;    2,36;04/01/2024;43;Forma de Pagamento            ;   ;lucianob   ;19:13
170668                            ;05/01/2024;    ;063949;006;    ;0009911;Restaurante Da Nina                               ;(87)98134-2037 ;040;412;PCI2783;      70,92;    0,16;06/01/2024;72;PDV FECHADO (HORARIO COM.)    ;   ;idute      ;13:43
170668                            ;05/01/2024;    ;063950;006;    ;0009911;Restaurante Da Nina                               ;(87)98134-2037 ;040;412;PCI2783;      33,10;    0,04;06/01/2024;72;PDV FECHADO (HORARIO COM.)    ;   ;idute      ;13:43
170668                            ;05/01/2024;    ;063956;006;    ;0007999;RESTAURANTE DA LIA                                ;(87)99926-5787 ;040;412;PCI2783;       2,42;    0,00;06/01/2024;55;QUALIDADE DO PRODUTO          ;   ;idute      ;13:44
170680                            ;05/01/2024;    ;064386;006;    ;0016848;DISTRIBUIDORA VITORI                              ;(87)98805-1426 ;040;406;QYI7A36;     798,40;    1,10;05/01/2024;64;SEM VASILHAME                 ;   ;sinval     ;17:36
170681                            ;05/01/2024;    ;064402;006;    ;0017221;GALEGA DESTRIBUIDORA                              ;(87)99679-1935 ;040;406;RZN7B71;     399,20;    0,55;05/01/2024;64;SEM VASILHAME                 ;   ;sinval     ;15:53
170682                            ;05/01/2024;    ;064436;006;    ;0025869;SK MERCADINHO                                     ;(87)98137-2335 ;080;841;PEG6080;     419,92;    0,54;05/01/2024;64;SEM VASILHAME                 ;   ;sinval     ;16:55
170684                            ;05/01/2024;    ;064509;006;    ;0008405;PIZZABURGER                                       ;(87)88249-3668 ;040;411;PDB6166;     159,36;    0,24;05/01/2024;64;SEM VASILHAME                 ;   ;carlosed   ;19:04
170684                            ;05/01/2024;    ;064511;006;    ;0008405;PIZZABURGER                                       ;(87)88249-3668 ;040;411;PDB6166;     540,34;    1,02;05/01/2024;64;SEM VASILHAME                 ;   ;carlosed   ;19:04
170718                            ;06/01/2024;    ;064920;006;    ;0025923;MERC PRECO MINIMO                                 ;(87)99903-6407 ;040;401;PEG6080;     322,28;    0,50;06/01/2024;71;SEM DINHEIRO/CHEQUE           ;DER;idute      ;12:29
170720                            ;06/01/2024;    ;064982;006;    ;0009161;DISTR PAI E FILHO                                 ;(87) 8829-9799 ;040;402;PDB9366;    1137,29;    1,16;06/01/2024;72;PDV FECHADO (HORARIO COM.)    ;   ;idute      ;15:06
170720                            ;06/01/2024;    ;064983;006;    ;0009161;DISTR PAI E FILHO                                 ;(87) 8829-9799 ;040;402;PDB9366;     365,07;    0,30;06/01/2024;72;PDV FECHADO (HORARIO COM.)    ;   ;idute      ;15:06
170720                            ;06/01/2024;    ;064984;006;    ;0009161;DISTR PAI E FILHO                                 ;(87) 8829-9799 ;040;402;PDB9366;     133,80;    0,07;06/01/2024;72;PDV FECHADO (HORARIO COM.)    ;   ;idute      ;15:06
170720                            ;06/01/2024;    ;064985;006;    ;0009161;DISTR PAI E FILHO                                 ;(87) 8829-9799 ;040;402;PDB9366;      44,50;    0,04;06/01/2024;72;PDV FECHADO (HORARIO COM.)    ;DER;idute      ;15:07
170720                            ;06/01/2024;    ;064988;006;    ;0006958;MERCADINHO LUCAS                                  ;(87)98116-4008 ;040;402;PDB9366;     499,00;    0,69;06/01/2024;72;PDV FECHADO (HORARIO COM.)    ;   ;idute      ;15:05
170720                            ;06/01/2024;    ;064989;006;    ;0006958;MERCADINHO LUCAS                                  ;(87)98116-4008 ;040;402;PDB9366;    1097,80;    1,51;06/01/2024;72;PDV FECHADO (HORARIO COM.)    ;   ;idute      ;15:05
170744                            ;08/01/2024;    ;065207;006;    ;0007063;VERD E MERC GOMES                                 ;(87)98821-8199 ;040;413;RZN5A62;     293,30;    0,39;09/01/2024;70;CLIENTE CANCELOU              ;   ;sinval     ;14:54
170748                            ;08/01/2024;    ;065380;006;    ;0008078;LAN CORDEIRO E SILVA                              ;(87)99601-5212 ;040;412;QYW7A22;    1635,19;    1,76;08/01/2024;45;Tempo Insuficiente.           ;   ;lucianob   ;18:45
170753                            ;08/01/2024;    ;065472;006;    ;0017446;CRISLANNY VARIEDADES                              ;(87)98881-0386 ;040;405;RZH6B16;      55,06;    0,16;08/01/2024;82;ENDERECO NAO ENCONTRADO       ;   ;idute      ;16:04
170753                            ;08/01/2024;    ;065473;006;    ;0017446;CRISLANNY VARIEDADES                              ;(87)98881-0386 ;040;405;RZH6B16;      26,40;    0,04;08/01/2024;82;ENDERECO NAO ENCONTRADO       ;   ;idute      ;16:05
170758                            ;08/01/2024;    ;065628;006;    ;0017168;BEBIDASBAR                                        ;(87)99999-5709 ;040;406;PEG6080;      89,50;    0,18;08/01/2024;85;DIFICIL ACESSO                ;   ;idute      ;14:56
170758                            ;08/01/2024;    ;065629;006;    ;0017168;BEBIDASBAR                                        ;(87)99999-5709 ;040;406;PEG6080;     199,60;    0,27;08/01/2024;85;DIFICIL ACESSO                ;   ;idute      ;14:57
170758                            ;08/01/2024;    ;065630;006;    ;0017168;BEBIDASBAR                                        ;(87)99999-5709 ;040;406;PEG6080;     231,50;    0,31;08/01/2024;85;DIFICIL ACESSO                ;   ;idute      ;14:57
170758                            ;08/01/2024;    ;065631;006;    ;0017168;BEBIDASBAR                                        ;(87)99999-5709 ;040;406;PEG6080;     357,00;    0,60;08/01/2024;85;DIFICIL ACESSO                ;   ;idute      ;14:57
170758                            ;08/01/2024;    ;065632;006;    ;0017168;BEBIDASBAR                                        ;(87)99999-5709 ;040;406;PEG6080;     199,60;    0,27;08/01/2024;85;DIFICIL ACESSO                ;   ;idute      ;14:57
170758                            ;08/01/2024;    ;065633;006;    ;0017168;BEBIDASBAR                                        ;(87)99999-5709 ;040;406;PEG6080;     199,60;    0,27;08/01/2024;85;DIFICIL ACESSO                ;   ;idute      ;14:58
170758                            ;08/01/2024;    ;065634;006;    ;0017168;BEBIDASBAR                                        ;(87)99999-5709 ;040;406;PEG6080;     199,60;    0,27;08/01/2024;85;DIFICIL ACESSO                ;   ;idute      ;14:58
170758                            ;08/01/2024;    ;065635;006;    ;0017168;BEBIDASBAR                                        ;(87)99999-5709 ;040;406;PEG6080;     542,05;    0,78;08/01/2024;85;DIFICIL ACESSO                ;   ;idute      ;14:58
170759                            ;08/01/2024;    ;065646;006;    ;0007645;JUVINO BEBIDAS                                    ;(87)98876-2230 ;040;408;PDB9366;     342,30;    0,34;08/01/2024;71;SEM DINHEIRO/CHEQUE           ;   ;idute      ;15:26
170780                            ;09/01/2024;    ;065745;006;    ;0026381;CONVENIENCIA MARTINS                              ;(87)99918-6312 ;040;410;PDB6166;     204,60;    0,60;09/01/2024;64;SEM VASILHAME                 ;   ;carlosed   ;19:27
170784                            ;09/01/2024;    ;065920;006;    ;0009128;REST MAE E FILHA                                  ;(87)99191-6313 ;040;408;PDB9366;     132,42;    0,20;09/01/2024;72;PDV FECHADO (HORARIO COM.)    ;   ;carlosed   ;18:41
170785                            ;09/01/2024;    ;065978;006;    ;0010585;BAR DO BAIANO                                     ;(87)99131-3971 ;040;409;RZN4I62;     436,00;    0,55;09/01/2024;71;SEM DINHEIRO/CHEQUE           ;   ;carlosed   ;20:
170786                            ;09/01/2024;    ;066018;006;    ;0016913;MB DISTRIBUIDORA DE                               ;(87)99131-3971 ;040;405;KHW1563;     690,40;    0,94;09/01/2024;72;PDV FECHADO (HORARIO COM.)    ;   ;carlosed   ;18:41
170786                            ;09/01/2024;    ;066019;006;    ;0016913;MB DISTRIBUIDORA DE                               ;(87)99131-3971 ;040;405;KHW1563;      31,90;    0,04;09/01/2024;72;PDV FECHADO (HORARIO COM.)    ;   ;carlosed   ;18:42
170790                            ;09/01/2024;    ;066176;006;    ;0015921;COLLER PETISCARIA                                 ;(87)98829-3411 ;040;402;PEM1880;     917,70;    1,00;09/01/2024;64;SEM VASILHAME                 ;   ;carlosed   ;19:18
170792                            ;09/01/2024;    ;066313;006;    ;0009971;RL DISTRIBUIDORA                                  ;(87)98839-8276 ;040;405;PGW8630;     750,58;    1,32;10/01/2024;37;PDV Fechado                   ;   ;idute      ;10:19
170792                            ;09/01/2024;    ;066314;006;    ;0009971;RL DISTRIBUIDORA                                  ;(87)98839-8276 ;040;405;PGW8630;     129,72;    0,14;10/01/2024;37;PDV Fechado                   ;   ;idute      ;10:19
170794                            ;09/01/2024;    ;066380;006;    ;0010545;BODEGA SUPREMA CERVE                              ;(87)98119-7524 ;040;414;JOM8093;    3441,80;    4,47;09/01/2024;39;Cliente Cancelou.             ;   ;carlosed   ;21:29
170794                            ;09/01/2024;    ;066382;006;    ;0010545;BODEGA SUPREMA CERVE                              ;(87)98119-7524 ;040;414;JOM8093;    2081,28;    2,07;09/01/2024;39;Cliente Cancelou.             ;   ;carlosed   ;21:29
170795                            ;09/01/2024;    ;066408;006;    ;0016410;DISTRIBUIDORA LeM                                 ;(87)99128-5230 ;040;409;KJP6186;     163,47;    0,18;09/01/2024;70;CLIENTE CANCELOU              ;   ;sinval     ;17:37
170796                            ;09/01/2024;    ;066409;006;    ;0006316;CALDINHO COHAB II                                 ;(87)98846-6357 ;040;411;JLV9183;    4253,21;    4,56;09/01/2024;47;Dificil Acesso                ;   ;carlosed   ;21:27
170799                            ;09/01/2024;    ;066492;006;    ;0016961;GV DISTRIBUIDORA                                  ;(87)98806-5409 ;040;406;RZH6B16;     394,80;    0,50;09/01/2024;71;SEM DINHEIRO/CHEQUE           ;   ;sinval     ;13:13
170799                            ;09/01/2024;    ;066496;006;    ;0017789;DIST DELÍCIAS DA DEL                              ;(87)99100-9660 ;040;406;RZH6B16;      49,90;    0,06;09/01/2024;70;CLIENTE CANCELOU              ;   ;sinval     ;13:13
170799                            ;09/01/2024;    ;066497;006;    ;0017789;DIST DELÍCIAS DA DEL                              ;(87)99100-9660 ;040;406;RZH6B16;      49,90;    0,06;09/01/2024;70;CLIENTE CANCELOU              ;   ;sinval     ;13:13
170799                            ;09/01/2024;    ;066498;006;    ;0017789;DIST DELÍCIAS DA DEL                              ;(87)99100-9660 ;040;406;RZH6B16;     199,60;    0,27;09/01/2024;70;CLIENTE CANCELOU              ;   ;sinval     ;13:14
170800                            ;09/01/2024;    ;066523;006;    ;0012537;RESTAURANTE E LANCHO                              ;(87)98805-1666 ;040;410;RZW8I16;     578,96;    0,85;09/01/2024;71;SEM DINHEIRO/CHEQUE           ;   ;sinval     ;11:58
170808                            ;09/01/2024;    ;066664;006;    ;0006025;LACH.DONA BENTA                                   ;(87)98172-3430 ;040;407;RZW8I16;     173,90;    0,29;09/01/2024;72;PDV FECHADO (HORARIO COM.)    ;   ;carlosed   ;19:26
170808                            ;09/01/2024;    ;066665;006;    ;0006025;LACH.DONA BENTA                                   ;(87)98172-3430 ;040;407;RZW8I16;      42,48;    0,12;09/01/2024;72;PDV FECHADO (HORARIO COM.)    ;   ;carlosed   ;19:26
170810                            ;09/01/2024;    ;066673;006;    ;0001046;PAJEU LOJA 07                                     ;(81)99964-0622 ;080;841;PCX2687;    2428,50;    2,85;09/01/2024;72;PDV FECHADO (HORARIO COM.)    ;   ;carlosed   ;19:18
170810                            ;09/01/2024;    ;066674;006;    ;0001046;PAJEU LOJA 07                                     ;(81)99964-0622 ;080;841;PCX2687;     198,71;    0,31;09/01/2024;72;PDV FECHADO (HORARIO COM.)    ;   ;carlosed   ;19:54
170822                            ;10/01/2024;    ;066807;006;    ;0007443;BAR MG                                            ;(87)99805-1534 ;040;413;RZN5A62;     458,50;    0,70;11/01/2024;70;CLIENTE CANCELOU              ;   ;sinval     ;15:22
170822                            ;10/01/2024;    ;066847;006;    ;0016533;ADEGA                                             ;(87)98169-3345 ;040;413;RZN5A62;     273,84;    0,27;11/01/2024;70;CLIENTE CANCELOU              ;   ;sinval     ;15:22
170823                            ;10/01/2024;    ;066928;006;    ;0015412;NAZA DISTRIBUIDORA                                ;(87)99670-9756 ;040;412;PCI2783;     335,20;    0,45;11/01/2024;71;SEM DINHEIRO/CHEQUE           ;   ;sinval     ;16:43
170826                            ;10/01/2024;    ;067120;006;    ;0017403;RAIMUNDO NONATO DOS                               ;(87)99111-3661 ;040;408;PER3140;     446,54;    0,67;10/01/2024;64;SEM VASILHAME                 ;   ;idute      ;15:
170826                            ;10/01/2024;    ;067123;006;    ;0017730;BAR DO PARAÍBA                                    ;(87)99901-9022 ;040;408;PER3140;     174,46;    0,37;10/01/2024;71;SEM DINHEIRO/CHEQUE           ;   ;idute      ;15:01
170831                            ;10/01/2024;    ;067324;006;    ;0009380;Lorena Smart                                      ;(87) 3864-0651 ;080;841;RZN4I62;     700,76;    1,58;10/01/2024;86;HORARIO DE ENTREGA            ;   ;lucianob   ;19:43
170834                            ;10/01/2024;    ;067434;006;    ;0026504;MERCADINHO JR                                     ;(87)98823-3808 ;040;406;JLV9183;     759,77;    1,84;10/01/2024;70;CLIENTE CANCELOU              ;   ;idute      ;17:34
170834                            ;10/01/2024;    ;067436;006;    ;0026504;MERCADINHO JR                                     ;(87)98823-3808 ;040;406;JLV9183;     189,20;    0,08;10/01/2024;70;CLIENTE CANCELOU              ;   ;idute      ;17:33
170836                            ;10/01/2024;    ;067504;006;    ;0009021;IMPERIO BEBIDAS                                   ;(87)98846-4842 ;040;402;PGW8630;    1565,30;    2,40;10/01/2024;37;PDV Fechado                   ;   ;idute      ;17:50
170839                            ;10/01/2024;    ;067612;006;    ;0007124;DISTRIBUIDORA FX                                  ;(87)98826-0304 ;040;414;PDB9366;     186,38;    0,25;10/01/2024;72;PDV FECHADO (HORARIO COM.)    ;   ;idute      ;18:10
170841                            ;10/01/2024;    ;067655;006;    ;0014118;BARDCANAS                                         ;(74)98851-1222 ;040;414;PCX2687;     705,84;    0,72;10/01/2024;72;PDV FECHADO (HORARIO COM.)    ;   ;lucianob   ;19:21
170841                            ;10/01/2024;    ;067666;006;    ;0007089;MERCADINHO RONY                                   ;(87)98819-0407 ;040;406;PCX2687;      31,90;    0,04;10/01/2024;70;CLIENTE CANCELOU              ;DER;lucianob   ;19:22
170847                            ;10/01/2024;    ;067781;006;    ;0017052;MERC RIO CORRENTE                                 ;(87)99209-4676 ;080;841;OXN0I49;     971,86;    1,31;10/01/2024;64;SEM VASILHAME                 ;   ;lucianob   ;20:19
170849                            ;10/01/2024;    ;067829;006;    ;0017744;MERCADINHO SEU JOÃO                               ;(87)98871-7865 ;040;414;RZW8I16;     226,32;    0,15;10/01/2024;71;SEM DINHEIRO/CHEQUE           ;   ;idute      ;14:04
170849                            ;10/01/2024;    ;067830;006;    ;0017744;MERCADINHO SEU JOÃO                               ;(87)98871-7865 ;040;414;RZW8I16;      30,48;    0,04;10/01/2024;71;SEM DINHEIRO/CHEQUE           ;   ;idute      ;14:04
170886                            ;10/01/2024;    ;067676;006;    ;0007805;MULTI FRIOS                                       ;(87)99919-5718 ;080;841;       ;     321,02;    0,27;10/01/2024;70;CLIENTE CANCELOU              ;   ;idute      ;16:47
170901                            ;11/01/2024;    ;068026;006;    ;0008177;BAR DA VERA                                       ;(87)98806-9226 ;040;405;PDB9366;      69,36;    0,16;11/01/2024;71;SEM DINHEIRO/CHEQUE           ;   ;sinval     ;17:27
170903                            ;11/01/2024;    ;068107;006;    ;0005552;CHURRASCARIA  PIAUI                               ;(89)99431-8219 ;040;414;PCG6384;    1582,76;    2,46;11/01/2024;86;HORARIO DE ENTREGA            ;   ;sinval     ;16:42
170903                            ;11/01/2024;    ;068111;006;    ;0017289;NOVA OPÇÃO DISTRIBUI                              ;(87)98827-6902 ;040;414;PCG6384;     159,50;    0,21;11/01/2024;70;CLIENTE CANCELOU              ;   ;sinval     ;16:41
170903                            ;11/01/2024;    ;068131;006;    ;0017439;T E A DISTRIBUIDORA                               ;(87)99623-0604 ;040;406;PCG6384;      50,00;    0,05;11/01/2024;72;PDV FECHADO (HORARIO COM.)    ;   ;sinval     ;16:42
170904                            ;11/01/2024;    ;068148;006;    ;0016894;CANTINHO DA SUELY                                 ;(87)98806-4560 ;040;409;PER3140;     163,50;    0,20;11/01/2024;83;PROPRIETARIO AUSENTE          ;   ;sinval     ;15:50
170905                            ;11/01/2024;    ;068217;006;    ;0012614;BAR DA MARY                                       ;(87)99809-0414 ;040;407;PEG6080;      51,37;    0,06;11/01/2024;72;PDV FECHADO (HORARIO COM.)    ;   ;sinval     ;13:24
170905                            ;11/01/2024;    ;068218;006;    ;0012614;BAR DA MARY                                       ;(87)99809-0414 ;040;407;PEG6080;     206,32;    0,15;11/01/2024;72;PDV FECHADO (HORARIO COM.)    ;   ;sinval     ;13:24
170910                            ;11/01/2024;    ;068375;006;    ;0009491;DIST DE ASSIS                                     ;(87)98838-3901 ;040;409;RZH6B16;     299,40;    0,41;11/01/2024;71;SEM DINHEIRO/CHEQUE           ;   ;sinval     ;10:20
170911                            ;11/01/2024;    ;068387;006;    ;0001331;Maria bonita.                                     ;(87)98804-6680 ;040;411;OXN0I49;     327,00;    0,41;11/01/2024;72;PDV FECHADO (HORARIO COM.)    ;   ;sinval     ;10:35
170911                            ;11/01/2024;    ;068388;006;    ;0001331;Maria bonita.                                     ;(87)98804-6680 ;040;411;OXN0I49;      70,18;    0,22;11/01/2024;72;PDV FECHADO (HORARIO COM.)    ;   ;sinval     ;10:35
170911                            ;11/01/2024;    ;068389;006;    ;0001331;Maria bonita.                                     ;(87)98804-6680 ;040;411;OXN0I49;      90,06;    0,08;11/01/2024;72;PDV FECHADO (HORARIO COM.)    ;   ;sinval     ;10:35
170914                            ;11/01/2024;    ;068445;006;    ;0009685;BAHIANAS BAR                                      ;(87)98843-6613 ;040;401;RZH6B16;     499,00;    0,69;11/01/2024;71;SEM DINHEIRO/CHEQUE           ;DER;sinval     ;13:35
170915                            ;11/01/2024;    ;068453;006;    ;0017381;A DONA PIZZA                                      ;(87)98817-7345 ;040;410;RZH6B16;      54,50;    0,06;11/01/2024;71;SEM DINHEIRO/CHEQUE           ;   ;sinval     ;18:11
170916                            ;11/01/2024;    ;068467;006;    ;0008692;ESPETO GRILL                                      ;(87)98843-9470 ;040;414;RZW8I16;     643,23;    0,90;11/01/2024;72;PDV FECHADO (HORARIO COM.)    ;   ;sinval     ;13:34
170917                            ;11/01/2024;    ;068484;006;    ;0001460;BAR AGOSTINHO                                     ;(87) 3864-3196 ;040;406;RZW8I16;     360,36;    0,51;11/01/2024;64;SEM VASILHAME                 ;   ;sinval     ;17:30
170917                            ;11/01/2024;    ;068495;006;    ;0015839;CJ DISTRIBUIDORA DE                               ;(87)98826-9192 ;040;406;RZW8I16;     325,08;    0,50;11/01/2024;71;SEM DINHEIRO/CHEQUE           ;   ;sinval     ;17:30
170936                            ;11/01/2024;    ;068633;006;    ;0005721;FILIAL ITAPISSUMA                                 ;(81) 3334-5599 ;085;998;       ;    5220,00;    0,00;11/01/2024;51;NF ERRADA                     ;   ;sinval     ;09:42
170948                            ;12/01/2024;    ;068672;006;    ;0009105;DISTRIBUIDORA NUNES                               ;(87)99614-3134 ;040;412;PEG6080;      49,90;    0,06;12/01/2024;70;CLIENTE CANCELOU              ;   ;lucianob   ;18:41
170967                            ;12/01/2024;    ;069247;006;    ;0011863;MERCEARIA                                         ;(87)99210-3445 ;040;406;RZH6B16;      47,04;    0,06;12/01/2024;72;PDV FECHADO (HORARIO COM.)    ;   ;idute      ;13:34
170967                            ;12/01/2024;    ;069248;006;    ;0011863;MERCEARIA                                         ;(87)99210-3445 ;040;406;RZH6B16;      49,90;    0,06;12/01/2024;72;PDV FECHADO (HORARIO COM.)    ;   ;idute      ;13:34
170968                            ;12/01/2024;    ;069269;006;    ;0000167;MEL DISTRIBUIDORA                                 ;(87)98839-5203 ;040;409;RZW8I16;      68,68;    0,05;12/01/2024;63;PRODUTO / QTDE. ERRADA        ;   ;idute      ;13:32
170968                            ;12/01/2024;    ;069271;006;    ;0009638;DIST BEER HOUSE                                   ;(87)98803-3341 ;040;409;RZW8I16;     481,14;    0,46;12/01/2024;72;PDV FECHADO (HORARIO COM.)    ;   ;idute      ;13:32
170968                            ;12/01/2024;    ;069272;006;    ;0009638;DIST BEER HOUSE                                   ;(87)98803-3341 ;040;409;RZW8I16;     183,69;    0,21;12/01/2024;72;PDV FECHADO (HORARIO COM.)    ;   ;idute      ;13:33
170968                            ;12/01/2024;    ;069273;006;    ;0009638;DIST BEER HOUSE                                   ;(87)98803-3341 ;040;409;RZW8I16;     115,19;    0,31;12/01/2024;72;PDV FECHADO (HORARIO COM.)    ;   ;idute      ;13:33
170975                            ;12/01/2024;    ;069446;006;    ;0015925;MERCADINHO BEBIDAS                                ;(87)99807-4743 ;080;841;KJP6186;     561,78;    0,70;12/01/2024;64;SEM VASILHAME                 ;   ;idute      ;17:47
170976                            ;12/01/2024;    ;069473;006;    ;0015451;CASTRO EVENTOS                                    ;(87)98862-0035 ;040;410;JLV9183;    7256,36;    9,94;22/01/2024;91;CONSIGNACAO                   ;   ;alyson     ;19:32
170977                            ;12/01/2024;    ;069482;006;    ;0015433;MERCADINHO E DISTRIB                              ;(87)98849-0062 ;040;410;JOM8093;     561,87;    0,74;12/01/2024;45;Tempo Insuficiente.           ;   ;lucianob   ;21:11
170977                            ;12/01/2024;    ;069483;006;    ;0015433;MERCADINHO E DISTRIB                              ;(87)98849-0062 ;040;410;JOM8093;     341,94;    0,67;12/01/2024;45;Tempo Insuficiente.           ;   ;lucianob   ;21:11
170977                            ;12/01/2024;    ;069484;006;    ;0015433;MERCADINHO E DISTRIB                              ;(87)98849-0062 ;040;410;JOM8093;     104,56;    0,43;12/01/2024;45;Tempo Insuficiente.           ;   ;lucianob   ;21:11
170977                            ;12/01/2024;    ;069485;006;    ;0015433;MERCADINHO E DISTRIB                              ;(87)98849-0062 ;040;410;JOM8093;    2563,46;    3,51;12/01/2024;45;Tempo Insuficiente.           ;   ;lucianob   ;21:12
170977                            ;12/01/2024;    ;069486;006;    ;0015433;MERCADINHO E DISTRIB                              ;(87)98849-0062 ;040;410;JOM8093;     315,77;    0,28;12/01/2024;45;Tempo Insuficiente.           ;   ;lucianob   ;21:12
170977                            ;12/01/2024;    ;069487;006;    ;0015433;MERCADINHO E DISTRIB                              ;(87)98849-0062 ;040;410;JOM8093;     933,22;    1,05;12/01/2024;45;Tempo Insuficiente.           ;   ;lucianob   ;21:13
170977                            ;12/01/2024;    ;069488;006;    ;0012612;DSB DO KEKE                                       ;(87)98828-5913 ;040;406;JOM8093;     399,20;    0,55;12/01/2024;45;Tempo Insuficiente.           ;   ;lucianob   ;21:14
170977                            ;12/01/2024;    ;069489;006;    ;0012612;DSB DO KEKE                                       ;(87)98828-5913 ;040;406;JOM8093;     666,64;    2,06;12/01/2024;45;Tempo Insuficiente.           ;   ;lucianob   ;21:14
170977                            ;12/01/2024;    ;069490;006;    ;0012612;DSB DO KEKE                                       ;(87)98828-5913 ;040;406;JOM8093;     638,66;    0,87;12/01/2024;45;Tempo Insuficiente.           ;   ;lucianob   ;21:15
170977                            ;12/01/2024;    ;069491;006;    ;0012612;DSB DO KEKE                                       ;(87)98828-5913 ;040;406;JOM8093;    3493,00;    4,83;12/01/2024;45;Tempo Insuficiente.           ;   ;lucianob   ;21:15
170977                            ;12/01/2024;    ;069492;006;    ;0024789;MERC SOL DE VERAO                                 ;(87) 3863-6605 ;080;842;JOM8093;     399,20;    0,55;12/01/2024;45;Tempo Insuficiente.           ;   ;lucianob   ;21:13
170977                            ;12/01/2024;    ;069493;006;    ;0024789;MERC SOL DE VERAO                                 ;(87) 3863-6605 ;080;842;JOM8093;    5567,01;    8,20;12/01/2024;45;Tempo Insuficiente.           ;   ;lucianob   ;21:13
170977                            ;12/01/2024;    ;069494;006;    ;0024789;MERC SOL DE VERAO                                 ;(87) 3863-6605 ;080;842;JOM8093;      86,88;    0,25;12/01/2024;45;Tempo Insuficiente.           ;   ;lucianob   ;21:14
170994                            ;15/01/2024;    ;069594;006;    ;0009268;Distribuidora Angelo                              ;(74)99148-1132 ;040;412;QYB6002;     269,57;    0,44;16/01/2024;71;SEM DINHEIRO/CHEQUE           ;   ;lucianob   ;19:07
170994                            ;15/01/2024;    ;069644;006;    ;0005410;JA DISTRIBUIDORA                                  ;(87)99911-4968 ;040;412;QYB6002;     684,84;    1,16;16/01/2024;71;SEM DINHEIRO/CHEQUE           ;   ;lucianob   ;19:07
170994                            ;15/01/2024;    ;069652;006;    ;0000277;BIRA BAR                                          ;(87)99801-8744 ;040;412;QYB6002;     163,50;    0,20;16/01/2024;71;SEM DINHEIRO/CHEQUE           ;   ;lucianob   ;19:08
170994                            ;15/01/2024;    ;069654;006;    ;0015421;COMERCIAL SaO JORGE                               ;(87)99634-1637 ;040;412;QYB6002;     626,62;    0,95;16/01/2024;71;SEM DINHEIRO/CHEQUE           ;   ;lucianob   ;19:05
170994                            ;15/01/2024;    ;069655;006;    ;0015421;COMERCIAL SaO JORGE                               ;(87)99634-1637 ;040;412;QYB6002;      99,80;    0,07;16/01/2024;71;SEM DINHEIRO/CHEQUE           ;   ;lucianob   ;19:05
170994                            ;15/01/2024;    ;069656;006;    ;0015421;COMERCIAL SaO JORGE                               ;(87)99634-1637 ;040;412;QYB6002;      36,40;    0,00;16/01/2024;71;SEM DINHEIRO/CHEQUE           ;   ;lucianob   ;19:06
170994                            ;15/01/2024;    ;069657;006;    ;0015421;COMERCIAL SaO JORGE                               ;(87)99634-1637 ;040;412;QYB6002;      23,48;    0,00;16/01/2024;71;SEM DINHEIRO/CHEQUE           ;   ;lucianob   ;19:06
170995                            ;15/01/2024;    ;069715;006;    ;0016138;MERCADINHO SOARES                                 ;(87)98859-1519 ;040;413;RZN5A62;     176,76;    0,72;16/01/2024;71;SEM DINHEIRO/CHEQUE           ;DER;sinval     ;13:19
170996                            ;15/01/2024;    ;069775;006;    ;0017813;DORMENTES AGUA PARQU                              ;(43)90000-0000 ;040;413;PCI2783;     436,00;    0,55;16/01/2024;64;SEM VASILHAME                 ;   ;sinval     ;15:54
170996                            ;15/01/2024;    ;069777;006;    ;0017813;DORMENTES AGUA PARQU                              ;(43)90000-0000 ;040;413;PCI2783;     549,70;    0,57;16/01/2024;64;SEM VASILHAME                 ;   ;sinval     ;15:53
170997                            ;15/01/2024;    ;069863;006;    ;0010054;MERCAD NO KAPRICHO                                ;(87)98143-9622 ;040;413;PCI2653;    3298,58;    5,47;15/01/2024;72;PDV FECHADO (HORARIO COM.)    ;   ;carlosed   ;19:26
170997                            ;15/01/2024;    ;069864;006;    ;0010054;MERCAD NO KAPRICHO                                ;(87)98143-9622 ;040;413;PCI2653;    1497,00;    2,07;15/01/2024;72;PDV FECHADO (HORARIO COM.)    ;   ;carlosed   ;19:26
170998                            ;15/01/2024;    ;069876;006;    ;0007336;KI DELICIA SORVETES                               ;(87)98145-6152 ;040;412;RZN4I62;      40,57;    0,12;15/01/2024;70;CLIENTE CANCELOU              ;   ;carlosed   ;18:32
171001                            ;15/01/2024;    ;069976;006;    ;0009600;GELADAO ALTAS HORAS                               ;(87)99112-4379 ;040;408;PER3140;     882,72;    0,94;15/01/2024;72;PDV FECHADO (HORARIO COM.)    ;   ;sinval     ;14:22
171001                            ;15/01/2024;    ;069979;006;    ;0009018;GPS PREMIUM DISTRIBU                              ;(87)98862-7790 ;040;402;PER3140;     646,70;    0,83;15/01/2024;72;PDV FECHADO (HORARIO COM.)    ;   ;sinval     ;14:24
171001                            ;15/01/2024;    ;069980;006;    ;0009018;GPS PREMIUM DISTRIBU                              ;(87)98862-7790 ;040;402;PER3140;    1147,70;    1,58;15/01/2024;72;PDV FECHADO (HORARIO COM.)    ;   ;sinval     ;14:24
171002                            ;15/01/2024;    ;070022;006;    ;0008060;FOGAO DA ROCA                                     ;(87)99963-2482 ;040;411;PDB6166;     293,80;    0,28;15/01/2024;72;PDV FECHADO (HORARIO COM.)    ;   ;sinval     ;18:11
171003                            ;15/01/2024;    ;070033;006;    ;0016031;NELSONBAR                                         ;(87)98873-9706 ;040;410;PDB9366;     436,67;    0,67;15/01/2024;71;SEM DINHEIRO/CHEQUE           ;   ;carlosed   ;18:57
171003                            ;15/01/2024;    ;070034;006;    ;0016031;NELSONBAR                                         ;(87)98873-9706 ;040;410;PDB9366;     245,80;    0,28;15/01/2024;71;SEM DINHEIRO/CHEQUE           ;   ;carlosed   ;18:57
171003                            ;15/01/2024;    ;070057;006;    ;0007855;COMERCIAL  ANGELA                                 ;(87)98822-3519 ;040;410;PDB9366;      39,24;    0,12;15/01/2024;65;NAO FEZ PEDIDO                ;DER;carlosed   ;18:58
171004                            ;15/01/2024;    ;070075;006;    ;0008285;CRISTIANO DISTRI                                  ;(87)98831-0605 ;040;406;PDC0246;     146,47;    0,26;16/01/2024;72;PDV FECHADO (HORARIO COM.)    ;   ;sinval     ;16:01
171005                            ;15/01/2024;    ;070113;006;    ;0017438;DISTRI COELHO                                     ;(87)98849-0398 ;040;408;QYI7A36;    2017,90;    2,93;15/01/2024;72;PDV FECHADO (HORARIO COM.)    ;   ;sinval     ;18:17
171005                            ;15/01/2024;    ;070114;006;    ;0017438;DISTRI COELHO                                     ;(87)98849-0398 ;040;408;QYI7A36;    1981,78;    2,66;15/01/2024;72;PDV FECHADO (HORARIO COM.)    ;   ;sinval     ;18:17
171006                            ;15/01/2024;    ;070158;006;    ;0017380;JM DISTRIBUIDORA                                  ;(87)99129-9712 ;040;407;QYW7A22;     598,80;    0,76;15/01/2024;72;PDV FECHADO (HORARIO COM.)    ;   ;sinval     ;18:03
171006                            ;15/01/2024;    ;070159;006;    ;0017380;JM DISTRIBUIDORA                                  ;(87)99129-9712 ;040;407;QYW7A22;     249,50;    0,34;15/01/2024;72;PDV FECHADO (HORARIO COM.)    ;   ;sinval     ;18:03
171006                            ;15/01/2024;    ;070160;006;    ;0017380;JM DISTRIBUIDORA                                  ;(87)99129-9712 ;040;407;QYW7A22;      48,90;    0,06;15/01/2024;72;PDV FECHADO (HORARIO COM.)    ;   ;sinval     ;18:04
171006                            ;15/01/2024;    ;070161;006;    ;0017380;JM DISTRIBUIDORA                                  ;(87)99129-9712 ;040;407;QYW7A22;     273,84;    0,27;15/01/2024;72;PDV FECHADO (HORARIO COM.)    ;   ;sinval     ;18:02
171006                            ;15/01/2024;    ;070162;006;    ;0017380;JM DISTRIBUIDORA                                  ;(87)99129-9712 ;040;407;QYW7A22;      31,44;    0,04;15/01/2024;72;PDV FECHADO (HORARIO COM.)    ;   ;sinval     ;18:02
171009                            ;15/01/2024;    ;070243;006;    ;0003451;PETRO CHINA                                       ;(87) 3864-5023 ;040;411;OXN0I49;      74,80;    0,05;15/01/2024;70;CLIENTE CANCELOU              ;   ;sinval     ;13:15
171009                            ;15/01/2024;    ;070246;006;    ;0010165;DISTRIBUIDORA TDB                                 ;(87)99614-6716 ;040;411;OXN0I49;     211,26;    0,29;15/01/2024;70;CLIENTE CANCELOU              ;   ;sinval     ;13:15
171009                            ;15/01/2024;    ;070250;006;    ;0000368;LOURIVAL VIEIRA                                   ;(87) 3862-2671 ;040;411;OXN0I49;       2,08;    0,00;15/01/2024;23;(C)Pedidos duplicados         ;   ;sinval     ;13:14
171009                            ;15/01/2024;    ;070252;006;    ;0015959;DISTRIBUIDORA E LANC                              ;(87)99212-7006 ;040;411;OXN0I49;      99,80;    0,13;15/01/2024;72;PDV FECHADO (HORARIO COM.)    ;   ;sinval     ;13:17
171009                            ;15/01/2024;    ;070253;006;    ;0015959;DISTRIBUIDORA E LANC                              ;(87)99212-7006 ;040;411;OXN0I49;     149,70;    0,20;15/01/2024;72;PDV FECHADO (HORARIO COM.)    ;   ;sinval     ;13:16
171010                            ;15/01/2024;    ;070270;006;    ;0026452;DIST BARBOSA                                      ;(87)98825-2498 ;040;407;RZH6B16;     249,50;    0,34;15/01/2024;71;SEM DINHEIRO/CHEQUE           ;   ;sinval     ;16:22
171011                            ;15/01/2024;    ;070308;006;    ;0017234;PH DISTRIBUIDORA                                  ;(87)98818-6492 ;040;409;RZW8I16;     288,80;    0,33;15/01/2024;63;PRODUTO / QTDE. ERRADA        ;   ;sinval     ;17:34
171012                            ;15/01/2024;    ;070333;006;    ;0001465;BAR DA BRANCA                                     ;(87)99995-7723 ;040;409;OXN0I49;     345,92;    0,37;15/01/2024;70;CLIENTE CANCELOU              ;   ;carlosed   ;18:59
171012                            ;15/01/2024;    ;070334;006;    ;0001465;BAR DA BRANCA                                     ;(87)99995-7723 ;040;409;OXN0I49;      16,20;    0,02;15/01/2024;70;CLIENTE CANCELOU              ;   ;carlosed   ;18:59
171015                            ;15/01/2024;    ;070428;006;    ;0010520;DISTRIB JK                                        ;(87)98858-5725 ;040;402;JLV9183;    6846,00;    6,90;15/01/2024;50;CARGA ERRADA ARMAZEM          ;   ;sinval     ;18:10
171016                            ;15/01/2024;    ;070449;006;    ;0016155;ESPETINHO PE CICERO                               ;(87)98133-3473 ;040;405;JOM8093;   10508,40;   11,01;15/01/2024;63;PRODUTO / QTDE. ERRADA        ;   ;carlosed   ;19:34
171017                            ;15/01/2024;    ;070456;006;    ;0009590;DISTRIBUIDORA PNZ                                 ;(87)98802-7448 ;040;411;KJP6186;    1996,00;    2,76;15/01/2024;23;(C)Pedidos duplicados         ;   ;sinval     ;15:35
171017                            ;15/01/2024;    ;070482;006;    ;0008794;DELICIAS DO JATOBA                                ;(87)99617-9399 ;040;414;KJP6186;      41,52;    0,10;15/01/2024;72;PDV FECHADO (HORARIO COM.)    ;   ;sinval     ;15:35
171019                            ;15/01/2024;    ;070544;006;    ;0017272;MERCADINHO REAL                                   ;(87)98826-9472 ;040;409;MXF8510;    1564,15;    1,80;15/01/2024;72;PDV FECHADO (HORARIO COM.)    ;   ;sinval     ;17:55
171038                            ;16/01/2024;    ;070580;006;    ;0016729;MERC PRECO BAIXO                                  ;(87)89171-3183 ;040;408;PCI2653;     935,52;    1,12;17/01/2024;72;PDV FECHADO (HORARIO COM.)    ;   ;sinval     ;15:09
171038                            ;16/01/2024;    ;070582;006;    ;0004624;GLDRGB                                            ;(87) 9911-3247 ;040;408;PCI2653;    1097,06;    1,94;17/01/2024;82;ENDERECO NAO ENCONTRADO       ;   ;sinval     ;15:11
171038                            ;16/01/2024;    ;070589;006;    ;0007776;OPCaO BOM E BARATO                                ;(87)99614-4159 ;040;408;PCI2653;     312,80;    0,66;17/01/2024;71;SEM DINHEIRO/CHEQUE           ;   ;sinval     ;15:10
171038                            ;16/01/2024;    ;070590;006;    ;0007776;OPCaO BOM E BARATO                                ;(87)99614-4159 ;040;408;PCI2653;      49,26;    0,14;17/01/2024;71;SEM DINHEIRO/CHEQUE           ;   ;sinval     ;15:10
171039                            ;16/01/2024;    ;070630;006;    ;0010192;GELADAO KM                                        ;(87)99200-6801 ;040;410;PEM1880;     768,30;    1,05;16/01/2024;70;CLIENTE CANCELOU              ;   ;sinval     ;16:33
171039                            ;16/01/2024;    ;070631;006;    ;0010192;GELADAO KM                                        ;(87)99200-6801 ;040;410;PEM1880;    1903,52;    2,50;16/01/2024;70;CLIENTE CANCELOU              ;   ;sinval     ;16:34
171039                            ;16/01/2024;    ;070632;006;    ;0010192;GELADAO KM                                        ;(87)99200-6801 ;040;410;PEM1880;      95,70;    0,12;16/01/2024;70;CLIENTE CANCELOU              ;   ;sinval     ;16:34
171041                            ;16/01/2024;    ;070711;006;    ;0024988;50MM MERCADI ZEBINHA                              ;(74) 8807-6626 ;040;401;PGO7569;      40,00;    0,06;16/01/2024;23;(C)Pedidos duplicados         ;   ;sinval     ;16:50
171042                            ;16/01/2024;    ;070735;006;    ;0006423;OXENTE DISTRIBUIDORA                              ;(87)98835-5346 ;040;402;PCG6384;     299,03;    0,35;16/01/2024;63;PRODUTO / QTDE. ERRADA        ;   ;sinval     ;16:
171042                            ;16/01/2024;    ;070748;006;    ;0007217;MERC NOVO HORIZONTE                               ;(87)98836-0537 ;040;409;PCG6384;     278,16;    0,53;16/01/2024;63;PRODUTO / QTDE. ERRADA        ;   ;sinval     ;16:
171046                            ;16/01/2024;    ;070887;006;    ;0003875;MERC PRECO JUSTO                                  ;(87)98828-4031 ;040;405;PER3140;    3590,12;    4,90;16/01/2024;64;SEM VASILHAME                 ;   ;sinval     ;15:54
171047                            ;16/01/2024;    ;070918;006;    ;0015413;COMERCIAL COMPRE AQU                              ;(87)98101-5698 ;040;406;RZW8I16;     524,84;    0,73;16/01/2024;71;SEM DINHEIRO/CHEQUE           ;   ;sinval     ;12:06
171048                            ;16/01/2024;    ;070938;006;    ;0010173;DIST KAILLY                                       ;(87)98129-8712 ;040;407;RZH6B16;      69,80;    0,08;16/01/2024;72;PDV FECHADO (HORARIO COM.)    ;   ;sinval     ;11:05
171049                            ;16/01/2024;    ;070952;006;    ;0026519;EVANETE MARIA DIAS                                ;(55)87981-2705 ;040;407;OXN0I49;      49,48;    0,12;16/01/2024;34;Pedido Duplicado              ;   ;sinval     ;10:57
171051                            ;16/01/2024;    ;070983;006;    ;0016903;VILLA BEER                                        ;(87) 8160-1009 ;040;414;OXN0I49;     979,82;    1,00;16/01/2024;72;PDV FECHADO (HORARIO COM.)    ;   ;lucianob   ;19:18
171052                            ;16/01/2024;    ;070998;006;    ;0026325;BAR DA MEURI                                      ;(87)98846-6626 ;040;407;RZW8I16;     137,60;    0,20;16/01/2024;72;PDV FECHADO (HORARIO COM.)    ;   ;sinval     ;15:52
171053                            ;16/01/2024;    ;071016;006;    ;0012506;BARBEARIA JB                                      ;(87)98826-7008 ;040;406;RZH6B16;     356,76;    0,57;16/01/2024;72;PDV FECHADO (HORARIO COM.)    ;   ;sinval     ;13:52
171054                            ;16/01/2024;    ;071028;006;    ;0024792;ESPETINHO NERY+VOL                                ;(87)98839-2109 ;040;409;RZW8I16;     153,68;    0,36;16/01/2024;86;HORARIO DE ENTREGA            ;   ;lucianob   ;19:02
171057                            ;16/01/2024;    ;071092;006;    ;0016025;BAR E LANCHONETE DA                               ;(87)98124-7549 ;040;405;PCX2687;     116,96;    0,19;16/01/2024;72;PDV FECHADO (HORARIO COM.)    ;   ;sinval     ;17:38
171057                            ;16/01/2024;    ;071109;006;    ;0010141;MERCADINHO ALVES                                  ;(87)98145-7832 ;040;414;PCX2687;      24,50;    0,06;16/01/2024;71;SEM DINHEIRO/CHEQUE           ;   ;sinval     ;17:39
171061                            ;16/01/2024;    ;071238;006;    ;0001563;MERCADINHO SERVE BEM                              ;(87)98803-6524 ;080;841;JLV9183;    3151,67;    4,06;16/01/2024;70;CLIENTE CANCELOU              ;   ;sinval     ;13:18
171076                            ;17/01/2024;    ;071406;006;    ;0008891;BAR DO MANOEL CUTIA                               ;(87)98142-4770 ;040;413;PCI2783;    2394,20;    3,31;18/01/2024;64;SEM VASILHAME                 ;   ;sinval     ;14:41
171079                            ;17/01/2024;    ;071545;006;    ;0004676;ARENA FEST                                        ;(87)98128-5715 ;040;408;QYI7A36;    1312,44;    1,73;17/01/2024;70;CLIENTE CANCELOU              ;   ;sinval     ;14:23
171079                            ;17/01/2024;    ;071546;006;    ;0004676;ARENA FEST                                        ;(87)98128-5715 ;040;408;QYI7A36;      85,79;    0,03;17/01/2024;70;CLIENTE CANCELOU              ;   ;sinval     ;14:24
171080                            ;17/01/2024;    ;071599;006;    ;0016638;MERCANTIL PEREIRA                                 ;(87)98842-3640 ;040;405;PER3140;     499,00;    0,69;17/01/2024;72;PDV FECHADO (HORARIO COM.)    ;   ;sinval     ;15:21
171080                            ;17/01/2024;    ;071600;006;    ;0016638;MERCANTIL PEREIRA                                 ;(87)98842-3640 ;040;405;PER3140;     436,42;    0,70;17/01/2024;72;PDV FECHADO (HORARIO COM.)    ;   ;sinval     ;15:21
171082                            ;17/01/2024;    ;071701;006;    ;0010704;ANA DISTRIBUIDORA                                 ;(87)99134-8216 ;040;408;PGO7569;      16,20;    0,02;17/01/2024;71;SEM DINHEIRO/CHEQUE           ;   ;sinval     ;17:06
171082                            ;17/01/2024;    ;071702;006;    ;0010704;ANA DISTRIBUIDORA                                 ;(87)99134-8216 ;040;408;PGO7569;      48,90;    0,06;17/01/2024;71;SEM DINHEIRO/CHEQUE           ;   ;sinval     ;17:06
171082                            ;17/01/2024;    ;071703;006;    ;0010704;ANA DISTRIBUIDORA                                 ;(87)99134-8216 ;040;408;PGO7569;      49,90;    0,06;17/01/2024;71;SEM DINHEIRO/CHEQUE           ;   ;sinval     ;17:07
171082                            ;17/01/2024;    ;071704;006;    ;0016499;DISTRIBUIDORA DE MAN                              ;(87)99134-8216 ;040;408;PGO7569;      47,65;    0,06;17/01/2024;71;SEM DINHEIRO/CHEQUE           ;   ;sinval     ;17:07
171082                            ;17/01/2024;    ;071705;006;    ;0016499;DISTRIBUIDORA DE MAN                              ;(87)99134-8216 ;040;408;PGO7569;      49,90;    0,06;17/01/2024;71;SEM DINHEIRO/CHEQUE           ;   ;sinval     ;17:08
171082                            ;17/01/2024;    ;071706;006;    ;0016499;DISTRIBUIDORA DE MAN                              ;(87)99134-8216 ;040;408;PGO7569;      26,16;    0,12;17/01/2024;71;SEM DINHEIRO/CHEQUE           ;   ;sinval     ;17:08
171083                            ;17/01/2024;    ;071724;006;    ;0008291;CLAUDIA BEBIDAS                                   ;(87)98863-1571 ;040;411;PEG6080;     182,84;    0,28;17/01/2024;71;SEM DINHEIRO/CHEQUE           ;   ;sinval     ;17:49
171087                            ;17/01/2024;    ;071889;006;    ;0009281;BRUNO DISTRIBUIDORA                               ;(87)99106-9922 ;040;405;RZN4I62;     812,96;    1,12;17/01/2024;63;PRODUTO / QTDE. ERRADA        ;   ;carlosed   ;18:44
171087                            ;17/01/2024;    ;071905;006;    ;0008186;RECANTO DAS MANGUEIR                              ;(87)99120-8045 ;040;408;RZN4I62;     238,44;    0,27;17/01/2024;72;PDV FECHADO (HORARIO COM.)    ;   ;carlosed   ;18:45
171094                            ;17/01/2024;    ;072042;006;    ;0017611;FERRAZ BEBIDAS                                    ;(87)99184-0251 ;040;406;RZW8I16;     395,30;    0,53;17/01/2024;70;CLIENTE CANCELOU              ;   ;sinval     ;16:55
171095                            ;17/01/2024;    ;072067;006;    ;0010696;LUIS BENTO  RODRIGUE                              ;(87)98811-6502 ;040;407;RZW8I16;     574,22;    0,74;17/01/2024;72;PDV FECHADO (HORARIO COM.)    ;   ;carlosed   ;19:12
171095                            ;17/01/2024;    ;072068;006;    ;0010696;LUIS BENTO  RODRIGUE                              ;(87)98811-6502 ;040;407;RZW8I16;      99,80;    0,13;17/01/2024;72;PDV FECHADO (HORARIO COM.)    ;   ;carlosed   ;19:12
171097                            ;17/01/2024;    ;072102;006;    ;0008343;CALDO E CIA                                       ;(87)98822-0204 ;040;407;PGW8630;     597,80;    0,82;17/01/2024;72;PDV FECHADO (HORARIO COM.)    ;   ;carlosed   ;19:45
171097                            ;17/01/2024;    ;072104;006;    ;0011963;DSB E MERCADINHO                                  ;(87)99974-1739 ;040;407;PGW8630;     597,18;    1,28;17/01/2024;64;SEM VASILHAME                 ;   ;carlosed   ;19:46
171097                            ;17/01/2024;    ;072110;006;    ;0005426;BAR VALDEIR                                       ;(87)98837-0154 ;040;407;PGW8630;     342,30;    0,34;17/01/2024;39;Cliente Cancelou.             ;   ;carlosed   ;19:47
171098                            ;17/01/2024;    ;072169;006;    ;0016562;PAULINHO DISTRIBUIDO                              ;(87)98160-2892 ;040;409;KHW1563;     143,54;    0,19;17/01/2024;70;CLIENTE CANCELOU              ;   ;carlosed   ;19:35
171098                            ;17/01/2024;    ;072170;006;    ;0016562;PAULINHO DISTRIBUIDO                              ;(87)98160-2892 ;040;409;KHW1563;      99,80;    0,13;17/01/2024;72;PDV FECHADO (HORARIO COM.)    ;   ;carlosed   ;19:35
171098                            ;17/01/2024;    ;072171;006;    ;0016562;PAULINHO DISTRIBUIDO                              ;(87)98160-2892 ;040;409;KHW1563;      16,20;    0,02;17/01/2024;72;PDV FECHADO (HORARIO COM.)    ;   ;carlosed   ;19:36
171098                            ;17/01/2024;    ;072189;006;    ;0005618;BAR DO FRANCISCO                                  ;(87) 8835-2320 ;040;409;KHW1563;     103,08;    0,21;17/01/2024;72;PDV FECHADO (HORARIO COM.)    ;   ;carlosed   ;19:33
171098                            ;17/01/2024;    ;072190;006;    ;0002914;50MM BAR DA NETA                                  ;(87)99601-6866 ;040;409;KHW1563;     276,75;    0,35;17/01/2024;72;PDV FECHADO (HORARIO COM.)    ;   ;carlosed   ;19:34
171100                            ;17/01/2024;    ;072235;006;    ;0010471;TATY DISTRIBUIDORA                                ;(87)98801-4286 ;040;402;KJP6186;     209,50;    0,28;17/01/2024;72;PDV FECHADO (HORARIO COM.)    ;   ;carlosed   ;18:51
171100                            ;17/01/2024;    ;072236;006;    ;0010471;TATY DISTRIBUIDORA                                ;(87)98801-4286 ;040;402;KJP6186;     728,00;    0,98;17/01/2024;72;PDV FECHADO (HORARIO COM.)    ;   ;carlosed   ;18:52
171100                            ;17/01/2024;    ;072237;006;    ;0010471;TATY DISTRIBUIDORA                                ;(87)98801-4286 ;040;402;KJP6186;      53,20;    0,15;17/01/2024;72;PDV FECHADO (HORARIO COM.)    ;   ;carlosed   ;18:53
171100                            ;17/01/2024;    ;072238;006;    ;0010471;TATY DISTRIBUIDORA                                ;(87)98801-4286 ;040;402;KJP6186;    3970,48;    5,39;17/01/2024;72;PDV FECHADO (HORARIO COM.)    ;   ;carlosed   ;18:54
171100                            ;17/01/2024;    ;072239;006;    ;0010471;TATY DISTRIBUIDORA                                ;(87)98801-4286 ;040;402;KJP6186;     287,10;    0,37;17/01/2024;72;PDV FECHADO (HORARIO COM.)    ;   ;carlosed   ;18:55
171103                            ;17/01/2024;    ;072329;006;    ;0007805;MULTI FRIOS                                       ;(87)99919-5718 ;080;841;MXF8510;    4709,26;    5,94;17/01/2024;70;CLIENTE CANCELOU              ;   ;sinval     ;16:56
171122                            ;18/01/2024;    ;072379;006;    ;0025945;LANCHE e CIA                                      ;(87)99125-1465 ;040;405;RZN7B71;     134,64;    0,17;18/01/2024;64;SEM VASILHAME                 ;   ;sinval     ;14:53
171122                            ;18/01/2024;    ;072380;006;    ;0025945;LANCHE e CIA                                      ;(87)99125-1465 ;040;405;RZN7B71;      15,24;    0,02;18/01/2024;64;SEM VASILHAME                 ;   ;sinval     ;14:53
171122                            ;18/01/2024;    ;072425;006;    ;0017555;LANCHONETE E CONVENI                              ;(87)99106-3229 ;040;405;RZN7B71;     613,88;    0,80;18/01/2024;83;PROPRIETARIO AUSENTE          ;   ;sinval     ;14:54
171124                            ;18/01/2024;    ;072494;006;    ;0016680;JOaO DO DINDIN                                    ;(87)99129-6961 ;040;408;RZN4I62;     134,88;    0,20;18/01/2024;72;PDV FECHADO (HORARIO COM.)    ;   ;sinval     ;17:54
171124                            ;18/01/2024;    ;072512;006;    ;0016030;FARMACIA DONNA MARIA                              ;(87)98177-9979 ;040;408;RZN4I62;     298,56;    0,49;18/01/2024;71;SEM DINHEIRO/CHEQUE           ;   ;sinval     ;17:53
171133                            ;18/01/2024;    ;072815;006;    ;0017085;O POLEIRO BAR E REST                              ;(87)98821-0930 ;040;411;OXN0I49;     406,41;    0,40;18/01/2024;72;PDV FECHADO (HORARIO COM.)    ;   ;sinval     ;11:45
171137                            ;18/01/2024;    ;072879;006;    ;0017476;MERCEARIA SAMPAIO BR                              ;(87)99917-8257 ;040;406;RZH6B16;     294,40;    0,53;18/01/2024;70;CLIENTE CANCELOU              ;   ;sinval     ;13:43
171137                            ;18/01/2024;    ;072892;006;    ;0007716;DISTB ITALO                                       ;(87)98877-4856 ;040;406;RZH6B16;      71,40;    0,12;18/01/2024;72;PDV FECHADO (HORARIO COM.)    ;   ;sinval     ;13:42
171137                            ;18/01/2024;    ;072893;006;    ;0007716;DISTB ITALO                                       ;(87)98877-4856 ;040;406;RZH6B16;      50,63;    0,04;18/01/2024;72;PDV FECHADO (HORARIO COM.)    ;   ;sinval     ;13:42
171139                            ;18/01/2024;    ;072933;006;    ;0017381;A DONA PIZZA                                      ;(87)98817-7345 ;040;410;RZH6B16;     110,94;    0,18;18/01/2024;72;PDV FECHADO (HORARIO COM.)    ;   ;sinval     ;18:26
171142                            ;18/01/2024;    ;073008;006;    ;0017012;BODEGA VIP                                        ;(87)98122-6107 ;040;414;PGW8630;     237,80;    0,78;18/01/2024;46;Endereco Nao Encontrado       ;   ;lucianob   ;21:15
171142                            ;18/01/2024;    ;073009;006;    ;0017012;BODEGA VIP                                        ;(87)98122-6107 ;040;414;PGW8630;      64,76;    0,15;18/01/2024;46;Endereco Nao Encontrado       ;   ;lucianob   ;21:16
171142                            ;18/01/2024;    ;073025;006;    ;0017822;BUTECO JL                                         ;(87)99142-2002 ;040;409;PGW8630;     176,94;    0,22;18/01/2024;82;ENDERECO NAO ENCONTRADO       ;   ;sinval     ;18:36
171145                            ;18/01/2024;    ;073102;006;    ;0016141;DAN DISTRIBUIDORA                                 ;(87)98802-3816 ;040;402;KJP6186;     569,24;    0,57;18/01/2024;70;CLIENTE CANCELOU              ;   ;sinval     ;14:52
171145                            ;18/01/2024;    ;073110;006;    ;0016176;ESPACO MIX                                        ;(87)98856-7842 ;040;414;KJP6186;     555,00;    0,69;18/01/2024;70;CLIENTE CANCELOU              ;   ;sinval     ;14:52
171145                            ;18/01/2024;    ;073111;006;    ;0016176;ESPACO MIX                                        ;(87)98856-7842 ;040;414;KJP6186;     981,00;    1,24;18/01/2024;23;(C)Pedidos duplicados         ;   ;sinval     ;14:53
171165                            ;19/01/2024;    ;073311;006;    ;0026495;JB DISTRIBUIDORA                                  ;(87)98139-8357 ;040;412;PCI2783;     139,82;    0,19;20/01/2024;71;SEM DINHEIRO/CHEQUE           ;   ;sinval     ;14:06
171165                            ;19/01/2024;    ;073312;006;    ;0026495;JB DISTRIBUIDORA                                  ;(87)98139-8357 ;040;412;PCI2783;     898,20;    1,24;20/01/2024;71;SEM DINHEIRO/CHEQUE           ;   ;sinval     ;14:06
171165                            ;19/01/2024;    ;073329;006;    ;0017032;BOTECO EM CASA                                    ;(87)99823-0288 ;040;412;PCI2783;     178,42;    0,60;20/01/2024;82;ENDERECO NAO ENCONTRADO       ;   ;sinval     ;14:07
171169                            ;19/01/2024;    ;073523;006;    ;0008226;DIST ANDRADE                                      ;(87)99600-4240 ;040;405;PER3140;    1017,60;    1,38;19/01/2024;72;PDV FECHADO (HORARIO COM.)    ;   ;sinval     ;14:49
171170                            ;19/01/2024;    ;073576;006;    ;0007704;CIA DAS BEBIDAS                                   ;(87)98828-0507 ;040;402;OYP3193;     496,70;    0,68;19/01/2024;71;SEM DINHEIRO/CHEQUE           ;   ;sinval     ;17:12
171174                            ;19/01/2024;    ;073716;006;    ;0006447;SACOLAO R R                                       ;(87)98834-2924 ;040;414;PCG6384;     151,46;    0,54;19/01/2024;72;PDV FECHADO (HORARIO COM.)    ;   ;sinval     ;13:40
171175                            ;19/01/2024;    ;073719;006;    ;0007614;CHOPP BRAHMA EXPRESS                              ;(87)98858-9137 ;040;411;RZN4I62;     153,46;    0,32;19/01/2024;72;PDV FECHADO (HORARIO COM.)    ;   ;carlosed   ;19:45
171178                            ;19/01/2024;    ;073815;006;    ;0000520;SUPERMERCADO REGENTE                              ;(87)98825-8174 ;080;841;PDB9366;    1420,38;    3,90;19/01/2024;86;HORARIO DE ENTREGA            ;   ;sinval     ;18:03
171179                            ;19/01/2024;    ;073848;006;    ;0011948;SIMBORA                                           ;(87)98170-5454 ;040;410;RZH6B16;     146,90;    0,14;19/01/2024;72;PDV FECHADO (HORARIO COM.)    ;   ;sinval     ;10:32
171186                            ;19/01/2024;    ;073976;006;    ;0009232;LOUCOS POR COXINHAS                               ;(84)99419-5832 ;040;411;RZW8I16;     696,80;    1,56;19/01/2024;52;FALTA PRODUTO ESTOQUE         ;   ;sinval     ;13:20
171188                            ;19/01/2024;    ;074016;006;    ;0006521;OPCAO BEBIDAS                                     ;(87)98864-8005 ;040;402;JOM8093;      49,90;    0,06;20/01/2024;83;PROPRIETARIO AUSENTE          ;   ;sinval     ;10:30
171188                            ;19/01/2024;    ;074017;006;    ;0006521;OPCAO BEBIDAS                                     ;(87)98864-8005 ;040;402;JOM8093;      45,81;    0,06;20/01/2024;83;PROPRIETARIO AUSENTE          ;   ;sinval     ;10:30
171188                            ;19/01/2024;    ;074018;006;    ;0006521;OPCAO BEBIDAS                                     ;(87)98864-8005 ;040;402;JOM8093;    4987,76;    6,90;20/01/2024;83;PROPRIETARIO AUSENTE          ;   ;sinval     ;10:29
171188                            ;19/01/2024;    ;074019;006;    ;0006521;OPCAO BEBIDAS                                     ;(87)98864-8005 ;040;402;JOM8093;   13033,70;   21,16;20/01/2024;83;PROPRIETARIO AUSENTE          ;   ;sinval     ;10:29
171188                            ;19/01/2024;    ;074020;006;    ;0006521;OPCAO BEBIDAS                                     ;(87)98864-8005 ;040;402;JOM8093;   11412,56;   16,29;20/01/2024;83;PROPRIETARIO AUSENTE          ;   ;sinval     ;10:31
171188                            ;19/01/2024;    ;074021;006;    ;0006521;OPCAO BEBIDAS                                     ;(87)98864-8005 ;040;402;JOM8093;     850,50;    3,00;20/01/2024;83;PROPRIETARIO AUSENTE          ;   ;sinval     ;10:30
171192                            ;19/01/2024;    ;074118;006;    ;0016958;A M R DISTRIBUIDORA                               ;(87)98844-2184 ;040;409;KJP6186;    1097,80;    1,51;19/01/2024;64;SEM VASILHAME                 ;   ;sinval     ;17:41
171252                            ;20/01/2024;    ;074195;006;    ;0017211;MERC ANDRESSA                                     ;(87)98823-2625 ;040;401;RZW8I16;     225,56;    0,59;20/01/2024;72;PDV FECHADO (HORARIO COM.)    ;   ;sinval     ;12:45
171255                            ;20/01/2024;    ;074313;006;    ;0016765;JOaO DO BAR                                       ;(87)99172-4775 ;040;408;OYP3193;     698,60;    0,96;20/01/2024;72;PDV FECHADO (HORARIO COM.)    ;   ;sinval     ;14:05
171255                            ;20/01/2024;    ;074314;006;    ;0016765;JOaO DO BAR                                       ;(87)99172-4775 ;040;408;OYP3193;     169,59;    0,22;20/01/2024;72;PDV FECHADO (HORARIO COM.)    ;   ;sinval     ;14:05
171259                            ;20/01/2024;    ;074439;006;    ;0011902;DISTRIBUIDORA DE BEB                              ;(87)98816-9186 ;040;414;PER3140;    2954,10;    4,07;20/01/2024;64;SEM VASILHAME                 ;   ;sinval     ;14:28
171259                            ;20/01/2024;    ;074440;006;    ;0011902;DISTRIBUIDORA DE BEB                              ;(87)98816-9186 ;040;414;PER3140;    1497,00;    2,07;20/01/2024;64;SEM VASILHAME                 ;   ;sinval     ;14:32
171265                            ;20/01/2024;    ;074595;006;    ;0001220;MERCEARIA DOM MALAM                               ;(87)98811-1820 ;040;409;KHW1563;     250,77;    0,34;20/01/2024;23;(C)Pedidos duplicados         ;DER;sinval     ;16:10
171265                            ;20/01/2024;    ;074613;006;    ;0017808;VERASBAR                                          ;(87)99141-1871 ;040;409;KHW1563;     163,50;    0,20;20/01/2024;58;Carga Errada                  ;   ;sinval     ;16:25
171277                            ;20/01/2024;    ;074639;006;    ;0005721;FILIAL ITAPISSUMA                                 ;(81) 3334-5599 ;085;998;QYI6J86;  121442,00;    0,00;22/01/2024;51;NF ERRADA                     ;   ;sinval     ;15:14
171281                            ;22/01/2024;    ;074665;006;    ;0025991;VITORIA ATACAREJO                                 ;(87) 3868-1044 ;040;413;QYB6002;     167,91;    0,19;22/01/2024;63;PRODUTO / QTDE. ERRADA        ;DER;lucianob   ;18:43
171287                            ;22/01/2024;    ;074883;006;    ;0026033;BUDEGA DO VALE                                    ;(87)99655-8981 ;040;408;OYP3193;     143,60;    0,48;22/01/2024;37;PDV Fechado                   ;   ;idute      ;14:08
171287                            ;22/01/2024;    ;074884;006;    ;0026033;BUDEGA DO VALE                                    ;(87)99655-8981 ;040;408;OYP3193;      40,02;    0,05;22/01/2024;37;PDV Fechado                   ;   ;idute      ;14:09
171287                            ;22/01/2024;    ;074885;006;    ;0026033;BUDEGA DO VALE                                    ;(87)99655-8981 ;040;408;OYP3193;      31,41;    0,04;22/01/2024;37;PDV Fechado                   ;   ;idute      ;14:09
171287                            ;22/01/2024;    ;074886;006;    ;0026033;BUDEGA DO VALE                                    ;(87)99655-8981 ;040;408;OYP3193;      29,67;    0,04;22/01/2024;37;PDV Fechado                   ;   ;idute      ;14:09
171287                            ;22/01/2024;    ;074887;006;    ;0026033;BUDEGA DO VALE                                    ;(87)99655-8981 ;040;408;OYP3193;     149,70;    0,20;22/01/2024;37;PDV Fechado                   ;   ;idute      ;14:08
171289                            ;22/01/2024;    ;074955;006;    ;0009924;BAR MARIAS                                        ;(87)99198-2817 ;040;408;QYI7A36;     262,28;    0,31;22/01/2024;72;PDV FECHADO (HORARIO COM.)    ;   ;idute      ;15:47
171292                            ;22/01/2024;    ;075015;006;    ;0009338;IRENILDA ARAUJO SOUZ                              ;(87)98827-3969 ;040;414;PDB6166;      30,97;    0,04;22/01/2024;70;CLIENTE CANCELOU              ;   ;idute      ;16:19
171292                            ;22/01/2024;    ;075036;006;    ;0010520;DISTRIB JK                                        ;(87)98858-5725 ;040;402;PDB6166;     140,02;    0,32;22/01/2024;70;CLIENTE CANCELOU              ;   ;idute      ;16:19
171297                            ;22/01/2024;    ;075125;006;    ;0015929;SHELBYDISTRIBUIDORA                               ;(87)98818-1870 ;040;411;KHW1563;     319,00;    0,42;22/01/2024;72;PDV FECHADO (HORARIO COM.)    ;   ;idute      ;16:50
171297                            ;22/01/2024;    ;075126;006;    ;0015929;SHELBYDISTRIBUIDORA                               ;(87)98818-1870 ;040;411;KHW1563;     250,90;    0,66;22/01/2024;72;PDV FECHADO (HORARIO COM.)    ;   ;idute      ;16:50
171297                            ;22/01/2024;    ;075127;006;    ;0002911;BAR BATISTA                                       ;(87)98817-9598 ;040;411;KHW1563;    1075,27;    1,41;22/01/2024;64;SEM VASILHAME                 ;   ;idute      ;16:50
171298                            ;22/01/2024;    ;075160;006;    ;0005973;FERREIRA BEBIDAS                                  ;(87)98846-5196 ;040;402;PGW8630;     190,47;    0,21;22/01/2024;37;PDV Fechado                   ;   ;idute      ;13:10
171298                            ;22/01/2024;    ;075180;006;    ;0016190;SEMPRE GÁS E BEBIDAS                              ;(87)99804-8578 ;040;408;PGW8630;    1011,65;    2,05;22/01/2024;33;Nao Fez Pedido                ;   ;idute      ;13:10
171343                            ;23/01/2024;    ;075256;006;    ;0017516;MERCADINHO CL                                     ;(87)99614-4159 ;040;408;PCI2783;     413,96;    0,76;24/01/2024;70;CLIENTE CANCELOU              ;   ;idute      ;17:23
171343                            ;23/01/2024;    ;075291;006;    ;0008210;MERCADINHO SILVA                                  ;(87)99127-2704 ;040;408;PCI2783;     541,86;    0,83;24/01/2024;70;CLIENTE CANCELOU              ;   ;idute      ;17:24
171343                            ;23/01/2024;    ;075292;006;    ;0008210;MERCADINHO SILVA                                  ;(87)99127-2704 ;040;408;PCI2783;      31,90;    0,04;24/01/2024;70;CLIENTE CANCELOU              ;   ;idute      ;17:24
171345                            ;23/01/2024;    ;075350;006;    ;0017573;CONVENIÊNCIA                                      ;(87)98101-7408 ;040;410;PEM1880;      29,00;    0,04;23/01/2024;52;FALTA PRODUTO ESTOQUE         ;   ;idute      ;17:34
171348                            ;23/01/2024;    ;075462;006;    ;0009471;MERC PETROLINA                                    ;(87)98806-0685 ;040;409;PDB6166;     904,30;    1,27;23/01/2024;64;SEM VASILHAME                 ;   ;idute      ;18:21
171348                            ;23/01/2024;    ;075463;006;    ;0009471;MERC PETROLINA                                    ;(87)98806-0685 ;040;409;PDB6166;      49,90;    0,06;23/01/2024;64;SEM VASILHAME                 ;   ;idute      ;18:21
171350                            ;23/01/2024;    ;075530;006;    ;0023931;ACARAJE DA CEICA                                  ;(87) 3864-0835 ;040;409;PDB9366;     136,92;    0,13;23/01/2024;72;PDV FECHADO (HORARIO COM.)    ;   ;idute      ;15:18
171350                            ;23/01/2024;    ;075531;006;    ;0023931;ACARAJE DA CEICA                                  ;(87) 3864-0835 ;040;409;PDB9366;      26,40;    0,04;23/01/2024;72;PDV FECHADO (HORARIO COM.)    ;   ;idute      ;15:17
171353                            ;23/01/2024;    ;075635;006;    ;0017483;DK DISTRIBUIDORA DE                               ;(11)91311-7082 ;040;407;PDC0246;     223,30;    0,29;23/01/2024;71;SEM DINHEIRO/CHEQUE           ;   ;idute      ;16:50
171353                            ;23/01/2024;    ;075640;006;    ;0008865;HORTFRUT GADELHA 2                                ;(87)98117-6653 ;080;841;PDC0246;    1034,91;    1,95;23/01/2024;64;SEM VASILHAME                 ;   ;idute      ;16:50
171358                            ;23/01/2024;    ;075818;006;    ;0009584;NOSSO SONHO DIST                                  ;(87)98826-9365 ;040;407;RZW8I16;     211,76;    0,44;23/01/2024;72;PDV FECHADO (HORARIO COM.)    ;   ;idute      ;11:07
171361                            ;23/01/2024;    ;075871;006;    ;0009107;CALDINHO DO MANOEL                                ;(87)98825-1151 ;040;414;RZW8I16;     200,04;    0,48;23/01/2024;72;PDV FECHADO (HORARIO COM.)    ;   ;idute      ;16:
171361                            ;23/01/2024;    ;075873;006;    ;0016483;PANIFICADORA PEREIRA                              ;(87)98822-7501 ;040;414;RZW8I16;     118,58;    0,26;23/01/2024;72;PDV FECHADO (HORARIO COM.)    ;   ;idute      ;16:
171361                            ;23/01/2024;    ;075874;006;    ;0016483;PANIFICADORA PEREIRA                              ;(87)98822-7501 ;040;414;RZW8I16;      16,20;    0,02;23/01/2024;72;PDV FECHADO (HORARIO COM.)    ;   ;idute      ;16:01
171363                            ;23/01/2024;    ;075915;006;    ;0006025;LACH.DONA BENTA                                   ;(87)98172-3430 ;040;407;RZH6B16;     147,64;    0,22;23/01/2024;71;SEM DINHEIRO/CHEQUE           ;   ;idute      ;17:24
171391                            ;24/01/2024;    ;076425;006;    ;0024991;MERC DA  LULU                                     ;(87)99995-9309 ;040;405;PCG6384;     683,23;    0,69;24/01/2024;71;SEM DINHEIRO/CHEQUE           ;   ;idute      ;15:32
171391                            ;24/01/2024;    ;076442;006;    ;0009647;DIST 24 HORAS                                     ;(87)99644-9747 ;040;405;PCG6384;      62,85;    0,09;24/01/2024;72;PDV FECHADO (HORARIO COM.)    ;   ;idute      ;15:33
171391                            ;24/01/2024;    ;076443;006;    ;0009647;DIST 24 HORAS                                     ;(87)99644-9747 ;040;405;PCG6384;      99,80;    0,13;24/01/2024;72;PDV FECHADO (HORARIO COM.)    ;   ;idute      ;15:32
171392                            ;24/01/2024;    ;076453;006;    ;0004676;ARENA FEST                                        ;(87)98128-5715 ;040;408;RZN7B71;     223,68;    0,68;25/01/2024;87;TEMPO INSUFICIENTE            ;   ;sinval     ;15:03
171392                            ;24/01/2024;    ;076457;006;    ;0024987;MECEARIA DA ROBELHA                               ;(87) 3985-0045 ;040;408;RZN7B71;   10617,50;   14,01;25/01/2024;87;TEMPO INSUFICIENTE            ;   ;sinval     ;15:04
171392                            ;24/01/2024;    ;076458;006;    ;0024987;MECEARIA DA ROBELHA                               ;(87) 3985-0045 ;040;408;RZN7B71;     242,57;    0,32;25/01/2024;87;TEMPO INSUFICIENTE            ;   ;sinval     ;15:04
171392                            ;24/01/2024;    ;076459;006;    ;0024987;MECEARIA DA ROBELHA                               ;(87) 3985-0045 ;040;408;RZN7B71;     599,00;    0,39;25/01/2024;87;TEMPO INSUFICIENTE            ;   ;sinval     ;15:03
171392                            ;24/01/2024;    ;076460;006;    ;0024987;MECEARIA DA ROBELHA                               ;(87) 3985-0045 ;040;408;RZN7B71;       8,86;    0,02;25/01/2024;87;TEMPO INSUFICIENTE            ;   ;sinval     ;15:03
171393                            ;24/01/2024;    ;076501;006;    ;0007757;PASTELARIA PERICLES                               ;(87)99172-3377 ;040;408;PER3140;     788,20;    0,99;24/01/2024;72;PDV FECHADO (HORARIO COM.)    ;   ;idute      ;14:49
171393                            ;24/01/2024;    ;076502;006;    ;0007757;PASTELARIA PERICLES                               ;(87)99172-3377 ;040;408;PER3140;      80,26;    0,09;24/01/2024;72;PDV FECHADO (HORARIO COM.)    ;   ;idute      ;14:49
171399                            ;24/01/2024;    ;076729;006;    ;0016468;RESTAURANTE DA ELIAN                              ;(87)98819-0743 ;040;409;RZW8I16;      42,48;    0,12;24/01/2024;63;PRODUTO / QTDE. ERRADA        ;   ;idute      ;10:54
171400                            ;24/01/2024;    ;076753;006;    ;0017840;ADEGA MANDACARU                                   ;(87)99166-6675 ;080;841;OXN0I49;     255,98;    0,41;24/01/2024;34;Pedido Duplicado              ;   ;idute      ;11:21
171401                            ;24/01/2024;    ;076758;006;    ;0004772;MERC PADRE CICERO                                 ;(87)98828-4427 ;040;401;RZW8I16;     548,90;    0,75;24/01/2024;72;PDV FECHADO (HORARIO COM.)    ;   ;idute      ;13:41
171401                            ;24/01/2024;    ;076767;006;    ;0012606;BAR DA MORENA                                     ;(87)98871-8475 ;040;407;RZW8I16;     605,64;    0,87;24/01/2024;72;PDV FECHADO (HORARIO COM.)    ;   ;idute      ;13:42
171405                            ;24/01/2024;    ;076829;006;    ;0011941;ESPETUS E GALETUS GR                              ;(87)99963-1057 ;040;410;OXN0I49;    1178,83;    1,14;24/01/2024;37;PDV Fechado                   ;   ;idute      ;15:14
171408                            ;24/01/2024;    ;076932;006;    ;0008681;PATRAO DAS BEBIDAS                                ;(87)99133-8140 ;040;414;PGW8630;      66,80;    0,07;24/01/2024;37;PDV Fechado                   ;   ;idute      ;16:14
171408                            ;24/01/2024;    ;076933;006;    ;0008681;PATRAO DAS BEBIDAS                                ;(87)99133-8140 ;040;414;PGW8630;     852,69;    1,36;24/01/2024;37;PDV Fechado                   ;   ;idute      ;16:14
171408                            ;24/01/2024;    ;076934;006;    ;0008681;PATRAO DAS BEBIDAS                                ;(87)99133-8140 ;040;414;PGW8630;    1031,13;    1,38;24/01/2024;39;Cliente Cancelou.             ;   ;idute      ;16:15
171408                            ;24/01/2024;    ;076935;006;    ;0008681;PATRAO DAS BEBIDAS                                ;(87)99133-8140 ;040;414;PGW8630;    1516,31;    2,07;24/01/2024;39;Cliente Cancelou.             ;   ;idute      ;16:15
171408                            ;24/01/2024;    ;076936;006;    ;0008681;PATRAO DAS BEBIDAS                                ;(87)99133-8140 ;040;414;PGW8630;      31,90;    0,04;24/01/2024;37;PDV Fechado                   ;   ;idute      ;16:17
171412                            ;24/01/2024;    ;077057;006;    ;0008754;DIST VEM QTEM LTDA                                ;(87)98808-6534 ;040;402;PCX2687;      20,83;    0,01;24/01/2024;68;TROCA (SEM SELO / QTDE. ERRADA;   ;lucianob   ;18:41
171412                            ;24/01/2024;    ;077070;006;    ;0006950;BAR DO ANTONIO                                    ;(87)99136-1408 ;040;411;PCX2687;      43,27;    0,06;24/01/2024;38;Sem Dinheiro                  ;   ;lucianob   ;18:40
171430                            ;25/01/2024;    ;077123;006;    ;0006607;MER E DIST RENAN                                  ;(87)98841-8149 ;040;405;PGO7569;     299,40;    0,41;25/01/2024;72;PDV FECHADO (HORARIO COM.)    ;   ;sinval     ;17:13
171430                            ;25/01/2024;    ;077124;006;    ;0006607;MER E DIST RENAN                                  ;(87)98841-8149 ;040;405;PGO7569;     545,47;    0,76;25/01/2024;72;PDV FECHADO (HORARIO COM.)    ;   ;sinval     ;17:12
171430                            ;25/01/2024;    ;077125;006;    ;0006607;MER E DIST RENAN                                  ;(87)98841-8149 ;040;405;PGO7569;      99,80;    0,13;25/01/2024;72;PDV FECHADO (HORARIO COM.)    ;   ;sinval     ;17:13
171435                            ;25/01/2024;    ;077348;006;    ;0009597;MERC NOVA ESPERACA                                ;(87)98871-6871 ;040;407;RZN4I62;     164,14;    0,21;25/01/2024;71;SEM DINHEIRO/CHEQUE           ;   ;sinval     ;18:19
171435                            ;25/01/2024;    ;077349;006;    ;0009597;MERC NOVA ESPERACA                                ;(87)98871-6871 ;040;407;RZN4I62;     174,77;    0,21;25/01/2024;71;SEM DINHEIRO/CHEQUE           ;   ;sinval     ;18:19
171436                            ;25/01/2024;    ;077398;006;    ;0017085;O POLEIRO BAR E REST                              ;(87)98821-0930 ;040;411;PDB9366;     668,96;    0,64;25/01/2024;72;PDV FECHADO (HORARIO COM.)    ;   ;sinval     ;15:32
171436                            ;25/01/2024;    ;077399;006;    ;0017085;O POLEIRO BAR E REST                              ;(87)98821-0930 ;040;411;PDB9366;      26,40;    0,04;25/01/2024;72;PDV FECHADO (HORARIO COM.)    ;   ;sinval     ;15:32
171440                            ;25/01/2024;    ;077496;006;    ;0017850;BOMBONIERE DOCES E V                              ;(87)98820-1026 ;040;409;RZW8I16;     142,10;    0,18;25/01/2024;64;SEM VASILHAME                 ;   ;sinval     ;10:44
171441                            ;25/01/2024;    ;077511;006;    ;0017822;BUTECO JL                                         ;(87)99142-2002 ;040;409;RZH6B16;     393,28;    0,72;25/01/2024;82;ENDERECO NAO ENCONTRADO       ;   ;sinval     ;13:29
171442                            ;25/01/2024;    ;077524;006;    ;0007886;TIO GERA DISTRIB                                  ;(87)98823-2285 ;040;411;RZW8I16;     170,36;    0,20;25/01/2024;72;PDV FECHADO (HORARIO COM.)    ;   ;sinval     ;13:30
171442                            ;25/01/2024;    ;077525;006;    ;0007886;TIO GERA DISTRIB                                  ;(87)98823-2285 ;040;411;RZW8I16;     264,42;    0,43;25/01/2024;72;PDV FECHADO (HORARIO COM.)    ;   ;sinval     ;13:29
171442                            ;25/01/2024;    ;077526;006;    ;0007886;TIO GERA DISTRIB                                  ;(87)98823-2285 ;040;411;RZW8I16;      31,78;    0,08;25/01/2024;72;PDV FECHADO (HORARIO COM.)    ;   ;sinval     ;13:30
171442                            ;25/01/2024;    ;077533;006;    ;0004816;COMERCIAL RODRIGUES                               ;(87)98801-1968 ;040;402;RZW8I16;     196,20;    0,90;25/01/2024;72;PDV FECHADO (HORARIO COM.)    ;   ;sinval     ;13:28
171442                            ;25/01/2024;    ;077534;006;    ;0024508;DEPOSITO DO QUINCA                                ;(87) 3864-1916 ;040;402;RZW8I16;     426,29;    1,56;25/01/2024;72;PDV FECHADO (HORARIO COM.)    ;   ;sinval     ;13:29
171446                            ;25/01/2024;    ;077626;006;    ;0007188;DISTRIBUIDORA KELVIN                              ;(87)98853-6609 ;040;409;PGW8630;      42,48;    0,12;25/01/2024;38;Sem Dinheiro                  ;   ;carlosed   ;20:23
171452                            ;25/01/2024;    ;077747;006;    ;0007134;EVENTO                                            ;(87)98824-3220 ;040;411;MXF8510;    6800,00;    0,00;25/01/2024;70;CLIENTE CANCELOU              ;   ;carlosed   ;19:52
171455                            ;25/01/2024;    ;077748;006;    ;0005721;FILIAL ITAPISSUMA                                 ;(81) 3334-5599 ;085;998;QYW6D20;   45845,00;    0,00;25/01/2024;51;NF ERRADA                     ;   ;sinval     ;12:04
171460                            ;25/01/2024;    ;077753;006;    ;0007134;EVENTO                                            ;(87)98824-3220 ;040;411;       ;    9396,54;   16,62;30/01/2024;91;CONSIGNACAO                   ;   ;alyson     ;10:21
171467                            ;26/01/2024;    ;077974;006;    ;0017712;MERCEARIA JHENIFER                                ;(87)99942-8845 ;040;412;PCI2783;     140,10;    0,52;27/01/2024;82;ENDERECO NAO ENCONTRADO       ;   ;sinval     ;12:33
171467                            ;26/01/2024;    ;077975;006;    ;0017712;MERCEARIA JHENIFER                                ;(87)99942-8845 ;040;412;PCI2783;      31,90;    0,04;27/01/2024;82;ENDERECO NAO ENCONTRADO       ;   ;sinval     ;12:34
171471                            ;26/01/2024;    ;078204;006;    ;0016869;TRANSP. LOGISTICA                                 ;(85)99757-6605 ;040;410;PGO7569;     456,48;    0,13;26/01/2024;89;PDV FECHADO APOS HORARIO      ;   ;lucianob   ;19:45
171471                            ;26/01/2024;    ;078207;006;    ;0005917;Recanto Distribuidor                              ;(87)98101-7455 ;040;410;PGO7569;     697,63;    1,93;26/01/2024;70;CLIENTE CANCELOU              ;   ;lucianob   ;19:43
171471                            ;26/01/2024;    ;078208;006;    ;0005917;Recanto Distribuidor                              ;(87)98101-7455 ;040;410;PGO7569;     572,29;    0,69;26/01/2024;70;CLIENTE CANCELOU              ;   ;lucianob   ;19:43
171471                            ;26/01/2024;    ;078223;006;    ;0009127;MERCADINHO CENTRAL                                ;(87)98832-8800 ;040;401;PGO7569;     259,00;    0,43;26/01/2024;63;PRODUTO / QTDE. ERRADA        ;   ;lucianob   ;19:45
171475                            ;26/01/2024;    ;078372;006;    ;0006554;BAR CAVALCANTE FILHA                              ;(87)98828-2949 ;040;410;RZN4I62;     246,20;    0,27;26/01/2024;71;SEM DINHEIRO/CHEQUE           ;   ;idute      ;17:59
171478                            ;26/01/2024;    ;078475;006;    ;0000066;PANIFICADORA IDEAL                                ;(87) 8803-2938 ;040;407;RZH6B16;     551,96;    1,35;26/01/2024;71;SEM DINHEIRO/CHEQUE           ;   ;idute      ;10:18
171478                            ;26/01/2024;    ;078485;006;    ;0009741;REI DA BUCHADA                                    ;(87)98875-2574 ;040;407;RZH6B16;      43,58;    0,05;26/01/2024;86;HORARIO DE ENTREGA            ;   ;idute      ;10:19
171478                            ;26/01/2024;    ;078486;006;    ;0009741;REI DA BUCHADA                                    ;(87)98875-2574 ;040;407;RZH6B16;     553,77;    0,68;26/01/2024;86;HORARIO DE ENTREGA            ;   ;idute      ;10:20
171478                            ;26/01/2024;    ;078487;006;    ;0009741;REI DA BUCHADA                                    ;(87)98875-2574 ;040;407;RZH6B16;      33,10;    0,04;26/01/2024;86;HORARIO DE ENTREGA            ;   ;idute      ;10:20
171478                            ;26/01/2024;    ;078488;006;    ;0009741;REI DA BUCHADA                                    ;(87)98875-2574 ;040;407;RZH6B16;       4,12;    0,01;26/01/2024;86;HORARIO DE ENTREGA            ;   ;idute      ;10:20
171480                            ;26/01/2024;    ;078519;006;    ;0016927;CONVENIENCIA PREMIUM                              ;(43)90000-0000 ;040;409;OXN0I49;     111,76;    0,11;26/01/2024;70;CLIENTE CANCELOU              ;   ;idute      ;11:17
171480                            ;26/01/2024;    ;078520;006;    ;0016927;CONVENIENCIA PREMIUM                              ;(43)90000-0000 ;040;409;OXN0I49;     211,55;    0,43;26/01/2024;70;CLIENTE CANCELOU              ;   ;idute      ;11:17
171480                            ;26/01/2024;    ;078521;006;    ;0016927;CONVENIENCIA PREMIUM                              ;(43)90000-0000 ;040;409;OXN0I49;      37,84;    0,01;26/01/2024;70;CLIENTE CANCELOU              ;   ;idute      ;11:16
171480                            ;26/01/2024;    ;078531;006;    ;0010218;MERCADINHO COELHO                                 ;(87)98831-5759 ;040;409;OXN0I49;       2,67;    0,00;26/01/2024;34;Pedido Duplicado              ;   ;idute      ;11:15
171481                            ;26/01/2024;    ;078540;006;    ;0015958;MARIA CAFÉ                                        ;(87)98826-1424 ;040;411;RZH6B16;     201,25;    0,22;26/01/2024;72;PDV FECHADO (HORARIO COM.)    ;   ;idute      ;13:59
171481                            ;26/01/2024;    ;078541;006;    ;0015958;MARIA CAFÉ                                        ;(87)98826-1424 ;040;411;RZH6B16;      15,24;    0,02;26/01/2024;72;PDV FECHADO (HORARIO COM.)    ;   ;idute      ;14:
171481                            ;26/01/2024;    ;078542;006;    ;0015958;MARIA CAFÉ                                        ;(87)98826-1424 ;040;411;RZH6B16;      16,20;    0,02;26/01/2024;72;PDV FECHADO (HORARIO COM.)    ;DER;idute      ;14:
171482                            ;26/01/2024;    ;078560;006;    ;0008405;PIZZABURGER                                       ;(87)88249-3668 ;040;411;RZW8I16;     711,41;    1,17;26/01/2024;72;PDV FECHADO (HORARIO COM.)    ;   ;idute      ;15:26
171482                            ;26/01/2024;    ;078561;006;    ;0008405;PIZZABURGER                                       ;(87)88249-3668 ;040;411;RZW8I16;     139,10;    0,14;26/01/2024;72;PDV FECHADO (HORARIO COM.)    ;   ;idute      ;15:26
171482                            ;26/01/2024;    ;078563;006;    ;0003205;BIROSKA GLDRGB                                    ;(87)98835-9743 ;040;411;RZW8I16;     408,56;    0,43;26/01/2024;72;PDV FECHADO (HORARIO COM.)    ;   ;idute      ;15:25
171483                            ;26/01/2024;    ;078588;006;    ;0009599;BEER IN HOUSE DISTRI                              ;(87)99253-5246 ;040;407;RZH6B16;     205,38;    0,20;26/01/2024;71;SEM DINHEIRO/CHEQUE           ;   ;idute      ;17:57
171483                            ;26/01/2024;    ;078589;006;    ;0009599;BEER IN HOUSE DISTRI                              ;(87)99253-5246 ;040;407;RZH6B16;      27,94;    0,02;26/01/2024;71;SEM DINHEIRO/CHEQUE           ;   ;idute      ;17:57
171484                            ;26/01/2024;    ;078611;006;    ;0007510;MERCADINHO RODRIGUES                              ;(87)98802-8977 ;040;401;RZW8I16;      26,13;    0,04;26/01/2024;70;CLIENTE CANCELOU              ;   ;lucianob   ;19:36
171486                            ;26/01/2024;    ;078661;006;    ;0016363;REST DA LENA                                      ;(87)99103-2213 ;040;407;OXN0I49;      98,73;    0,28;26/01/2024;37;PDV Fechado                   ;   ;lucianob   ;18:36
171486                            ;26/01/2024;    ;078662;006;    ;0016363;REST DA LENA                                      ;(87)99103-2213 ;040;407;OXN0I49;      16,20;    0,02;26/01/2024;37;PDV Fechado                   ;   ;lucianob   ;18:37
171487                            ;26/01/2024;    ;078672;006;    ;0025850;ECONOMIA REAL                                     ;(87)98836-2688 ;080;841;MXF8510;      65,84;    0,08;26/01/2024;63;PRODUTO / QTDE. ERRADA        ;   ;lucianob   ;18:53
171487                            ;26/01/2024;    ;078678;006;    ;0001563;MERCADINHO SERVE BEM                              ;(87)98803-6524 ;080;841;MXF8510;      20,84;    0,02;26/01/2024;63;PRODUTO / QTDE. ERRADA        ;   ;lucianob   ;18:53
171487                            ;26/01/2024;    ;078679;006;    ;0001563;MERCADINHO SERVE BEM                              ;(87)98803-6524 ;080;841;MXF8510;     100,00;    0,11;26/01/2024;63;PRODUTO / QTDE. ERRADA        ;   ;lucianob   ;18:52
171505                            ;27/01/2024;    ;078850;006;    ;0017092;DIST DO TIM TIM                                   ;(74)99926-8018 ;040;402;RZW8I16;     197,32;    0,36;27/01/2024;72;PDV FECHADO (HORARIO COM.)    ;   ;sinval     ;12:31
171505                            ;27/01/2024;    ;078876;006;    ;0025713;MERCADINHO JM ARAUJO                              ;(87) 8828-9890 ;040;414;RZW8I16;     720,78;    1,14;27/01/2024;83;PROPRIETARIO AUSENTE          ;   ;sinval     ;12:31
171509                            ;27/01/2024;    ;078965;006;    ;0010477;MERCADINHO E ADEGA                                ;(87)98182-7251 ;040;405;RZN4I62;     278,24;    0,57;27/01/2024;71;SEM DINHEIRO/CHEQUE           ;   ;sinval     ;17:34
171509                            ;27/01/2024;    ;078966;006;    ;0010477;MERCADINHO E ADEGA                                ;(87)98182-7251 ;040;405;RZN4I62;       2,67;    0,00;27/01/2024;71;SEM DINHEIRO/CHEQUE           ;   ;sinval     ;17:34
171511                            ;27/01/2024;    ;079040;006;    ;0004826;BAR DO ARAUJO                                     ;(87) 8805-7854 ;040;406;PEG6080;      20,83;    0,01;27/01/2024;64;SEM VASILHAME                 ;   ;sinval     ;12:59
171512                            ;27/01/2024;    ;079097;006;    ;0012537;RESTAURANTE E LANCHO                              ;(87)98805-1666 ;040;410;PCG6384;     222,16;    0,22;27/01/2024;71;SEM DINHEIRO/CHEQUE           ;   ;sinval     ;14:18
171513                            ;27/01/2024;    ;079118;006;    ;0007134;EVENTO                                            ;(87)98824-3220 ;040;411;PEM1880;    2331,70;    4,17;30/01/2024;91;CONSIGNACAO                   ;   ;alyson     ;10:21
171514                            ;27/01/2024;    ;079139;006;    ;0008977;MS DISTRIBUIDORA                                  ;(87)99652-7657 ;040;402;PDB9366;     118,24;    0,14;27/01/2024;64;SEM VASILHAME                 ;   ;sinval     ;13:54
171529                            ;29/01/2024;    ;079378;006;    ;0009076;DIST PAI E FILHO                                  ;(87)99661-6930 ;040;412;KIZ3217;     638,00;    0,84;29/01/2024;71;SEM DINHEIRO/CHEQUE           ;   ;sinval     ;12:26
171529                            ;29/01/2024;    ;079379;006;    ;0009076;DIST PAI E FILHO                                  ;(87)99661-6930 ;040;412;KIZ3217;      37,84;    0,01;29/01/2024;71;SEM DINHEIRO/CHEQUE           ;   ;sinval     ;12:26
171531                            ;29/01/2024;    ;079422;006;    ;0009387;MERC SAO FRANCISCO                                ;(87)99191-0399 ;040;405;RZH6B16;     178,44;    0,28;29/01/2024;71;SEM DINHEIRO/CHEQUE           ;   ;sinval     ;12:19
171532                            ;29/01/2024;    ;079456;006;    ;0009728;Carlos Antonio do N                               ;(87)98816-1766 ;040;409;RZW8I16;      50,90;    0,06;29/01/2024;72;PDV FECHADO (HORARIO COM.)    ;   ;sinval     ;15:26
171536                            ;29/01/2024;    ;079539;006;    ;0000651;DISTRIBUIDORA LIMA                                ;(87)98873-7618 ;040;405;PEG6080;    2514,00;    3,40;29/01/2024;72;PDV FECHADO (HORARIO COM.)    ;   ;sinval     ;13:
171538                            ;29/01/2024;    ;079574;006;    ;0005371;MERCADINHO BAHIA                                  ;(87)99642-7081 ;040;412;PDB9366;     240,32;    0,34;29/01/2024;71;SEM DINHEIRO/CHEQUE           ;   ;sinval     ;12:44
171538                            ;29/01/2024;    ;079575;006;    ;0005371;MERCADINHO BAHIA                                  ;(87)99642-7081 ;040;412;PDB9366;      23,48;    0,00;29/01/2024;71;SEM DINHEIRO/CHEQUE           ;   ;sinval     ;12:44
171538                            ;29/01/2024;    ;079576;006;    ;0008349;MERCEARIA DO CANAL                                ;(87)99900-4055 ;040;412;PDB9366;      83,80;    0,11;29/01/2024;71;SEM DINHEIRO/CHEQUE           ;   ;sinval     ;12:45
171538                            ;29/01/2024;    ;079583;006;    ;0016215;BIG MERCADINHO                                    ;(87)99108-3476 ;040;405;PDB9366;     492,29;    0,57;29/01/2024;64;SEM VASILHAME                 ;   ;sinval     ;12:43
171544                            ;29/01/2024;    ;079551;006;    ;0010545;BODEGA SUPREMA CERVE                              ;(87)98119-7524 ;040;414;PER3140;    1130,00;    1,38;29/01/2024;65;NAO FEZ PEDIDO                ;   ;sinval     ;13:
171556                            ;29/01/2024;    ;079623;006;    ;0007134;EVENTO                                            ;(87)98824-3220 ;040;411;JMH7787;    6800,00;    0,00;29/01/2024;51;NF ERRADA                     ;   ;sinval     ;16:48
171567                            ;30/01/2024;    ;079851;006;    ;0013859;MERCADINHO PADRE CIC                              ;(87) 3867-3246 ;080;841;QYB6002;   10457,16;   13,03;30/01/2024;63;PRODUTO / QTDE. ERRADA        ;   ;idute      ;17:30
171567                            ;30/01/2024;    ;079852;006;    ;0013859;MERCADINHO PADRE CIC                              ;(87) 3867-3246 ;080;841;QYB6002;     414,70;    0,54;30/01/2024;63;PRODUTO / QTDE. ERRADA        ;DER;idute      ;17:30
171571                            ;30/01/2024;    ;079985;006;    ;0006058;BENIVALDO BONFIM                                  ;(87) 3864-3026 ;040;411;KIZ3217;     113,00;    0,13;30/01/2024;64;SEM VASILHAME                 ;   ;lucianob   ;18:30
171578                            ;30/01/2024;    ;080102;006;    ;0007217;MERC NOVO HORIZONTE                               ;(87)98836-0537 ;040;409;RZW8I16;     347,20;    0,47;30/01/2024;72;PDV FECHADO (HORARIO COM.)    ;   ;idute      ;13:50
171580                            ;30/01/2024;    ;080126;006;    ;0008546;OPCAO PESTICARIA                                  ;(87)98824-8189 ;040;405;RZW8I16;     756,53;    0,96;30/01/2024;72;PDV FECHADO (HORARIO COM.)    ;   ;idute      ;17:23
171580                            ;30/01/2024;    ;080137;006;    ;0017050;GELA GUELA                                        ;(87)98128-9314 ;040;405;RZW8I16;     149,70;    0,20;30/01/2024;72;PDV FECHADO (HORARIO COM.)    ;   ;idute      ;17:23
171580                            ;30/01/2024;    ;080138;006;    ;0017050;GELA GUELA                                        ;(87)98128-9314 ;040;405;RZW8I16;      15,58;    0,09;30/01/2024;72;PDV FECHADO (HORARIO COM.)    ;   ;idute      ;17:23
171589                            ;30/01/2024;    ;080239;006;    ;0000567;EDVALDO TAVAR GLDRGB                              ;(87)98861-2291 ;040;402;PGW8630;      49,90;    0,06;30/01/2024;64;SEM VASILHAME                 ;   ;lucianob   ;18:33
171589                            ;30/01/2024;    ;080240;006;    ;0000567;EDVALDO TAVAR GLDRGB                              ;(87)98861-2291 ;040;402;PGW8630;    1576,06;    2,08;30/01/2024;64;SEM VASILHAME                 ;   ;lucianob   ;18:33
171602                            ;31/01/2024;    ;080377;006;    ;0017020;BAR DO COITE                                      ;(43)90000-0000 ;040;413;RZN5A62;     443,29;    0,90;01/02/2024;70;CLIENTE CANCELOU              ;   ;idute      ;15:55
171602                            ;31/01/2024;    ;080408;006;    ;0004509;BAR DO ZE                                         ;(87) 3212-3213 ;040;413;RZN5A62;      13,38;    0,06;01/02/2024;72;PDV FECHADO (HORARIO COM.)    ;DER;idute      ;15:56
171602                            ;31/01/2024;    ;080409;006;    ;0004509;BAR DO ZE                                         ;(87) 3212-3213 ;040;413;RZN5A62;     123,16;    0,07;01/02/2024;72;PDV FECHADO (HORARIO COM.)    ;   ;idute      ;15:56
171602                            ;31/01/2024;    ;080446;006;    ;0016064;MERCADINHO TORRES                                 ;(87)99985-0088 ;040;413;RZN5A62;    2110,68;    2,41;01/02/2024;70;CLIENTE CANCELOU              ;   ;idute      ;15:55
171604                            ;31/01/2024;    ;080526;006;    ;0017771;VF BEBIDAS                                        ;(87)99607-0531 ;040;412;PCI2653;    1061,30;    1,42;01/02/2024;83;PROPRIETARIO AUSENTE          ;   ;idute      ;18:17
171605                            ;31/01/2024;    ;080629;006;    ;0017403;RAIMUNDO NONATO DOS                               ;(87)99111-3661 ;040;408;QYI7A36;     181,54;    0,30;31/01/2024;70;CLIENTE CANCELOU              ;   ;carlosed   ;19:10
171605                            ;31/01/2024;    ;080630;006;    ;0017403;RAIMUNDO NONATO DOS                               ;(87)99111-3661 ;040;408;QYI7A36;      33,10;    0,04;31/01/2024;70;CLIENTE CANCELOU              ;   ;carlosed   ;19:11
171607                            ;31/01/2024;    ;080684;006;    ;0017609;MERC BOM PRECO                                    ;(87)99178-9885 ;040;405;PDB6166;      49,90;    0,06;31/01/2024;50;CARGA ERRADA ARMAZEM          ;   ;carlosed   ;18:49
171608                            ;31/01/2024;    ;080734;006;    ;0017900;COQUEIRAL CLUBE                                   ;(87)99176-0931 ;040;411;KIZ3217;     932,68;    1,50;31/01/2024;65;NAO FEZ PEDIDO                ;   ;sinval     ;16:34
171609                            ;31/01/2024;    ;080763;006;    ;0015412;NAZA DISTRIBUIDORA                                ;(87)99670-9756 ;040;412;OYP3193;     468,84;    0,59;31/01/2024;71;SEM DINHEIRO/CHEQUE           ;   ;sinval     ;17:35
171615                            ;31/01/2024;    ;080963;006;    ;0017840;ADEGA MANDACARU                                   ;(87)99166-6675 ;080;841;PGO7569;     283,98;    0,45;31/01/2024;82;ENDERECO NAO ENCONTRADO       ;   ;sinval     ;17:54
171615                            ;31/01/2024;    ;080964;006;    ;0017840;ADEGA MANDACARU                                   ;(87)99166-6675 ;080;841;PGO7569;      31,90;    0,04;31/01/2024;82;ENDERECO NAO ENCONTRADO       ;   ;sinval     ;17:55
171620                            ;31/01/2024;    ;081097;006;    ;0016319;ESPETINHO                                         ;(87)98819-5181 ;040;407;OXN0I49;     298,39;    0,35;31/01/2024;64;SEM VASILHAME                 ;   ;sinval     ;11:03
171625                            ;31/01/2024;    ;081167;006;    ;0010696;LUIS BENTO  RODRIGUE                              ;(87)98811-6502 ;040;407;RZW8I16;    1386,26;    1,86;31/01/2024;72;PDV FECHADO (HORARIO COM.)    ;   ;sinval     ;16:45
171625                            ;31/01/2024;    ;081171;006;    ;0017678;EMPÓRIO DA BREJA                                  ;(87)98843-9072 ;040;401;RZW8I16;     323,48;    0,50;31/01/2024;72;PDV FECHADO (HORARIO COM.)    ;   ;sinval     ;16:44
171628                            ;31/01/2024;    ;081235;006;    ;0009148;MERCADINHO JARDIM                                 ;(87)98113-3633 ;040;401;PGW8630;     453,79;    0,80;31/01/2024;70;CLIENTE CANCELOU              ;   ;carlosed   ;18:50
171630                            ;31/01/2024;    ;081337;006;    ;0008059;NOVA VIDA SUPERMERCA                              ;(87) 9998-0248 ;080;841;JLV9183;    3615,50;    4,98;31/01/2024;85;DIFICIL ACESSO                ;   ;sinval     ;18:01
171630                            ;31/01/2024;    ;081338;006;    ;0008059;NOVA VIDA SUPERMERCA                              ;(87) 9998-0248 ;080;841;JLV9183;    3599,70;    5,53;31/01/2024;85;DIFICIL ACESSO                ;   ;sinval     ;18:01
171630                            ;31/01/2024;    ;081339;006;    ;0008059;NOVA VIDA SUPERMERCA                              ;(87) 9998-0248 ;080;841;JLV9183;     223,30;    0,29;31/01/2024;85;DIFICIL ACESSO                ;   ;sinval     ;18:02
