Mapa                     ;Data;Unb Nota;Nota;Serie;Unb Cliente;Cod. Cliente;Nome Cliente;Telefone;Area;Setor;Placa;Valor;Volume;Data Devol.;Cod. Motivo;Desc. Motivo;Orig. Pedido;Usuario;Hora 
182105                            ;01/01/2025;    ;287718;006;    ;0016811;ADRIANO DE OLIVEIRA                               ;(87)98811-1728 ;085;992;       ;    9727,00;    0,00;03/02/2025;51;NF ERRADA                     ;   ;alyson     ;16:05
182111                            ;02/01/2025;    ;287907;006;    ;0003578;MERCADINHO SOUZA                                  ;(87) 3986-4506 ;040;406;SNT2B29;     506,06;    0,76;02/01/2025;72;PDV FECHADO (HORARIO COM.)    ;   ;evanete    ;13:55
182114                            ;02/01/2025;    ;287955;006;    ;0011939;MERCADINHO DO MANOEL                              ;(87)98174-3125 ;040;408;PCG6384;     171,16;    0,37;02/01/2025;72;PDV FECHADO (HORARIO COM.)    ;   ;evanete    ;17:25
182114                            ;02/01/2025;    ;287977;006;    ;0007560;MERC E PANIF PAO DO                               ;(87)98816-3940 ;040;408;PCG6384;    1477,86;    1,86;02/01/2025;42;Produto/Quantidade Errada     ;   ;evanete    ;17:29
182117                            ;02/01/2025;    ;288063;006;    ;0018501;CASA DE CARNE SILVA                               ;(87)99928-2054 ;080;841;PDB6166;     852,30;    1,06;02/01/2025;72;PDV FECHADO (HORARIO COM.)    ;   ;evanete    ;18:17
182119                            ;02/01/2025;    ;288094;006;    ;0024208;BODE ASS ANG WAR TTC                              ;(87)98835-1940 ;040;412;MXF8510;    7166,32;    7,48;03/01/2025;87;TEMPO INSUFICIENTE            ;   ;carlosed   ;19:21
182119                            ;02/01/2025;    ;288101;006;    ;0007805;MULTI FRIOS                                       ;(87)98864-4328 ;080;841;MXF8510;    3496,45;    5,81;03/01/2025;55;QUALIDADE DO PRODUTO          ;   ;carlosed   ;19:22
182123                            ;02/01/2025;    ;288154;006;    ;0016783;DIST DE BE 2 IRMAOS                               ;(87)98864-5080 ;040;402;KIZ3217;      12,50;    0,01;02/01/2025;72;PDV FECHADO (HORARIO COM.)    ;DER;evanete    ;15:33
182123                            ;02/01/2025;    ;288157;006;    ;0012979;MERCADINHO GENOVEZ                                ;(87)99930-8069 ;040;402;KIZ3217;     383,28;    0,47;02/01/2025;42;Produto/Quantidade Errada     ;   ;evanete    ;15:34
182123                            ;02/01/2025;    ;288158;006;    ;0012979;MERCADINHO GENOVEZ                                ;(87)99930-8069 ;040;402;KIZ3217;      95,18;    0,12;02/01/2025;42;Produto/Quantidade Errada     ;   ;evanete    ;15:34
182126                            ;02/01/2025;    ;288233;006;    ;0012612;DSB DO KEKE                                       ;(87)98828-5913 ;040;404;OXN0I49;     882,51;    2,09;03/01/2025;72;PDV FECHADO (HORARIO COM.)    ;   ;sinval     ;11:41
182127                            ;02/01/2025;    ;288252;006;    ;0011981;PAIXAO NORDESTINA                                 ;(43)90000-0000 ;040;409;RZH6B16;     149,90;    0,14;02/01/2025;72;PDV FECHADO (HORARIO COM.)    ;   ;evanete    ;16:46
182127                            ;02/01/2025;    ;288253;006;    ;0011981;PAIXAO NORDESTINA                                 ;(43)90000-0000 ;040;409;RZH6B16;      77,76;    0,16;02/01/2025;72;PDV FECHADO (HORARIO COM.)    ;   ;evanete    ;16:46
182131                            ;02/01/2025;    ;288314;006;    ;0004481;BAR DA SOCORRO                                    ;(87)98807-1528 ;040;403;OXN0I49;      58,50;    0,06;04/01/2025;32;ENTREGA ATRASADA (BUFFER)     ;   ;evanete    ;12:52
182131                            ;02/01/2025;    ;288315;006;    ;0004481;BAR DA SOCORRO                                    ;(87)98807-1528 ;040;403;OXN0I49;     205,82;    0,19;04/01/2025;32;ENTREGA ATRASADA (BUFFER)     ;   ;evanete    ;12:52
182131                            ;02/01/2025;    ;288316;006;    ;0004481;BAR DA SOCORRO                                    ;(87)98807-1528 ;040;403;OXN0I49;      34,08;    0,18;04/01/2025;32;ENTREGA ATRASADA (BUFFER)     ;   ;evanete    ;12:53
182131                            ;02/01/2025;    ;288326;006;    ;0009971;RL DISTRIBUIDORA                                  ;(87)98839-8276 ;040;402;OXN0I49;     902,82;    1,10;04/01/2025;32;ENTREGA ATRASADA (BUFFER)     ;   ;evanete    ;12:54
182131                            ;02/01/2025;    ;288327;006;    ;0009971;RL DISTRIBUIDORA                                  ;(87)98839-8276 ;040;402;OXN0I49;     110,96;    0,60;04/01/2025;32;ENTREGA ATRASADA (BUFFER)     ;   ;evanete    ;12:55
182131                            ;02/01/2025;    ;288328;006;    ;0003770;DIST. IVALDO MAJESTO                              ;(87)98834-8418 ;040;403;OXN0I49;     641,96;    0,78;04/01/2025;32;ENTREGA ATRASADA (BUFFER)     ;   ;evanete    ;12:54
182131                            ;02/01/2025;    ;288330;006;    ;0003369;LUCIA BAR +VOL                                    ;(87)98866-2264 ;040;403;OXN0I49;     720,88;    0,99;04/01/2025;32;ENTREGA ATRASADA (BUFFER)     ;   ;evanete    ;12:54
182135                            ;02/01/2025;    ;288389;006;    ;0025239;MERC COSME E DAMIaO                               ;(87)98832-9635 ;040;404;PCI2783;    3033,60;    3,37;02/01/2025;63;PRODUTO / QTDE. ERRADA        ;   ;evanete    ;18:16
182136                            ;02/01/2025;    ;288402;006;    ;0009176;MERC SAO GONCALO                                  ;(87)98107-6702 ;040;405;PGO7569;      28,60;    0,02;02/01/2025;72;PDV FECHADO (HORARIO COM.)    ;   ;evanete    ;18:21
182136                            ;02/01/2025;    ;288403;006;    ;0009176;MERC SAO GONCALO                                  ;(87)98107-6702 ;040;405;PGO7569;     529,00;    0,69;02/01/2025;72;PDV FECHADO (HORARIO COM.)    ;   ;evanete    ;18:21
182136                            ;02/01/2025;    ;288404;006;    ;0009176;MERC SAO GONCALO                                  ;(87)98107-6702 ;040;405;PGO7569;     323,40;    0,41;02/01/2025;72;PDV FECHADO (HORARIO COM.)    ;   ;evanete    ;18:21
182136                            ;02/01/2025;    ;288405;006;    ;0008277;MERCADINHO DAMASCENO                              ;(87)98817-4407 ;040;405;PGO7569;     789,00;    1,20;02/01/2025;32;ENTREGA ATRASADA (BUFFER)     ;   ;evanete    ;18:14
182136                            ;02/01/2025;    ;288414;006;    ;0001603;FLOR DE MAND WAR TTC                              ;(87)98834-7630 ;040;412;PGO7569;     278,41;    0,36;02/01/2025;72;PDV FECHADO (HORARIO COM.)    ;   ;evanete    ;18:22
182136                            ;02/01/2025;    ;288415;006;    ;0001603;FLOR DE MAND WAR TTC                              ;(87)98834-7630 ;040;412;PGO7569;     682,80;    0,66;02/01/2025;72;PDV FECHADO (HORARIO COM.)    ;   ;evanete    ;18:22
182136                            ;02/01/2025;    ;288424;006;    ;0003304;SACOLAO 34                                        ;(87)98807-6469 ;040;401;PGO7569;     431,20;    0,55;02/01/2025;72;PDV FECHADO (HORARIO COM.)    ;   ;evanete    ;18:20
182136                            ;02/01/2025;    ;288425;006;    ;0003304;SACOLAO 34                                        ;(87)98807-6469 ;040;401;PGO7569;     431,20;    0,55;02/01/2025;72;PDV FECHADO (HORARIO COM.)    ;   ;evanete    ;18:20
182136                            ;02/01/2025;    ;288431;006;    ;0018447;CANTINHO DO LANCHE                                ;(87)99137-8940 ;040;401;PGO7569;     329,86;    0,48;02/01/2025;71;SEM DINHEIRO/CHEQUE           ;   ;evanete    ;18:19
182138                            ;02/01/2025;    ;288508;006;    ;0008682;MERCADINHO DA VILA                                ;(87)98857-5901 ;040;403;PCX2687;     688,80;    0,85;02/01/2025;72;PDV FECHADO (HORARIO COM.)    ;   ;lucianob   ;18:54
182138                            ;02/01/2025;    ;288509;006;    ;0008682;MERCADINHO DA VILA                                ;(87)98857-5901 ;040;403;PCX2687;     279,12;    0,33;02/01/2025;72;PDV FECHADO (HORARIO COM.)    ;   ;lucianob   ;18:56
182138                            ;02/01/2025;    ;288510;006;    ;0008682;MERCADINHO DA VILA                                ;(87)98857-5901 ;040;403;PCX2687;     598,83;    0,93;02/01/2025;72;PDV FECHADO (HORARIO COM.)    ;   ;lucianob   ;18:55
182138                            ;02/01/2025;    ;288514;006;    ;0026198;MERCADINHO NUNES                                  ;(74)98828-4062 ;040;402;PCX2687;     606,90;    0,76;02/01/2025;72;PDV FECHADO (HORARIO COM.)    ;   ;lucianob   ;18:57
182138                            ;02/01/2025;    ;288515;006;    ;0026198;MERCADINHO NUNES                                  ;(74)98828-4062 ;040;402;PCX2687;      53,90;    0,06;02/01/2025;72;PDV FECHADO (HORARIO COM.)    ;   ;lucianob   ;18:58
182138                            ;02/01/2025;    ;288516;006;    ;0026198;MERCADINHO NUNES                                  ;(74)98828-4062 ;040;402;PCX2687;      53,90;    0,06;02/01/2025;72;PDV FECHADO (HORARIO COM.)    ;   ;lucianob   ;18:58
182138                            ;02/01/2025;    ;288517;006;    ;0026198;MERCADINHO NUNES                                  ;(74)98828-4062 ;040;402;PCX2687;      53,90;    0,06;02/01/2025;72;PDV FECHADO (HORARIO COM.)    ;   ;lucianob   ;18:58
182138                            ;02/01/2025;    ;288518;006;    ;0026198;MERCADINHO NUNES                                  ;(74)98828-4062 ;040;402;PCX2687;    1917,10;    2,33;02/01/2025;72;PDV FECHADO (HORARIO COM.)    ;   ;lucianob   ;18:59
182138                            ;02/01/2025;    ;288519;006;    ;0026198;MERCADINHO NUNES                                  ;(74)98828-4062 ;040;402;PCX2687;     143,00;    0,14;02/01/2025;72;PDV FECHADO (HORARIO COM.)    ;   ;lucianob   ;18:59
182138                            ;02/01/2025;    ;288543;006;    ;0017330;CHURRASCARIA BA                                   ;(87)99966-1245 ;040;404;PCX2687;     419,32;    0,54;02/01/2025;72;PDV FECHADO (HORARIO COM.)    ;   ;lucianob   ;18:53
182139                            ;02/01/2025;    ;288549;006;    ;0011249;PADARIA SOUZA                                     ;(87)98869-9503 ;040;405;KHW1563;      49,92;    0,07;04/01/2025;72;PDV FECHADO (HORARIO COM.)    ;   ;evanete    ;15:15
182139                            ;02/01/2025;    ;288550;006;    ;0003639;PONTO CERTO                                       ;(87)98839-0319 ;080;840;KHW1563;     986,50;    1,18;04/01/2025;64;SEM VASILHAME                 ;   ;evanete    ;15:16
182139                            ;02/01/2025;    ;288560;006;    ;0018236;REST REPUBLICA NORD                               ;(87)98834-9530 ;040;412;KHW1563;     419,04;    0,72;04/01/2025;72;PDV FECHADO (HORARIO COM.)    ;   ;evanete    ;15:14
182139                            ;02/01/2025;    ;288563;006;    ;0018181;MERCADINHO DIAS                                   ;(87)97400-9320 ;040;401;KHW1563;     358,10;    0,55;04/01/2025;82;ENDERECO NAO ENCONTRADO       ;   ;evanete    ;15:16
182139                            ;02/01/2025;    ;288586;006;    ;0004073;MARCILIANO  PIZZARIA                              ;(87)98146-4504 ;040;412;KHW1563;     494,70;    0,67;04/01/2025;72;PDV FECHADO (HORARIO COM.)    ;   ;evanete    ;15:15
182140                            ;02/01/2025;    ;288597;006;    ;0009634;BIG STAR DIST E MERC                              ;(87)98833-9952 ;040;404;PGW8630;     539,00;    0,69;03/01/2025;72;PDV FECHADO (HORARIO COM.)    ;   ;sinval     ;18:41
182140                            ;02/01/2025;    ;288616;006;    ;0017382;BAR DA NEUZA                                      ;(87)98812-8969 ;040;402;PGW8630;     508,70;    0,62;03/01/2025;71;SEM DINHEIRO/CHEQUE           ;   ;sinval     ;18:42
182140                            ;02/01/2025;    ;288631;006;    ;0008695;ESPETINHO SIRQUE                                  ;(87)98857-6388 ;040;412;PGW8630;    1222,32;    1,53;03/01/2025;72;PDV FECHADO (HORARIO COM.)    ;   ;sinval     ;18:41
182164                            ;03/01/2025;    ;288719;006;    ;0010701;DISTRIBUIDORA ALVES                               ;(87)98115-9741 ;040;410;PCI2653;    1047,50;    1,27;04/01/2025;71;SEM DINHEIRO/CHEQUE           ;   ;evanete    ;14:55
182174                            ;03/01/2025;    ;289098;006;    ;0018082;CARDOSO E CIA                                     ;(87)99675-9099 ;040;400;PDB6166;     253,74;    0,44;03/01/2025;73;FALTA DE ATIVOS DE GIRO       ;   ;carlosed   ;19:  
182175                            ;03/01/2025;    ;289145;006;    ;0018753;DISTRIBUIDORA 24 HOR                              ;(87)99166-4122 ;040;413;PDC0246;    1355,70;    1,36;03/01/2025;72;PDV FECHADO (HORARIO COM.)    ;   ;carlosed   ;19:14
182175                            ;03/01/2025;    ;289146;006;    ;0018753;DISTRIBUIDORA 24 HOR                              ;(87)99166-4122 ;040;413;PDC0246;     102,40;    0,30;03/01/2025;72;PDV FECHADO (HORARIO COM.)    ;   ;carlosed   ;19:15
182179                            ;03/01/2025;    ;289275;006;    ;0010090;LUZAC                                             ;(87)99665-0500 ;040;407;SNT2B29;    1562,96;    1,57;04/01/2025;72;PDV FECHADO (HORARIO COM.)    ;   ;evanete    ;09:24
182179                            ;03/01/2025;    ;289276;006;    ;0010090;LUZAC                                             ;(87)99665-0500 ;040;407;SNT2B29;      37,10;    0,04;04/01/2025;72;PDV FECHADO (HORARIO COM.)    ;   ;evanete    ;09:24
182180                            ;03/01/2025;    ;289318;006;    ;0017241;BANCA AVENIDA                                     ;(87)98832-1598 ;040;409;KIZ3217;     470,92;    0,93;03/01/2025;32;ENTREGA ATRASADA (BUFFER)     ;   ;carlosed   ;18:54
182189                            ;03/01/2025;    ;288936;006;    ;0007426;STILOS BAR  AFRANIO                               ;(87)98115-7092 ;040;403;PGO7569;     175,90;    0,28;04/01/2025;71;SEM DINHEIRO/CHEQUE           ;   ;evanete    ;12:34
182189                            ;03/01/2025;    ;289345;006;    ;0018707;PK DISTRIBUIDORA E E                              ;(87)98878-5056 ;040;403;PGO7569;     377,30;    0,48;04/01/2025;73;FALTA DE ATIVOS DE GIRO       ;   ;evanete    ;12:34
182189                            ;03/01/2025;    ;289347;006;    ;0016679;VENDINHA ANGICAL                                  ;(87)99608-7872 ;040;403;PGO7569;    1078,00;    1,38;04/01/2025;72;PDV FECHADO (HORARIO COM.)    ;   ;evanete    ;12:35
182189                            ;03/01/2025;    ;289370;006;    ;0017351;MERC DONA JOSA                                    ;(87)99655-8491 ;040;403;PGO7569;     420,76;    0,64;04/01/2025;71;SEM DINHEIRO/CHEQUE           ;   ;evanete    ;12:34
182199                            ;04/01/2025;    ;289405;006;    ;0009071;KAEL DISTRIBUIDORA                                ;(87)99189-1469 ;040;413;RZH6B16;     235,50;    0,20;04/01/2025;72;PDV FECHADO (HORARIO COM.)    ;   ;evanete    ;13:56
182199                            ;04/01/2025;    ;289406;006;    ;0009071;KAEL DISTRIBUIDORA                                ;(87)99189-1469 ;040;413;RZH6B16;      65,78;    0,04;04/01/2025;72;PDV FECHADO (HORARIO COM.)    ;   ;evanete    ;13:56
182200                            ;04/01/2025;    ;289422;006;    ;0016741;MC DISTRIBUIDORA                                  ;(87)99666-1352 ;040;404;RZW8I16;     228,14;    0,43;04/01/2025;42;Produto/Quantidade Errada     ;   ;evanete    ;14:13
182207                            ;04/01/2025;    ;289631;006;    ;0016062;LUAR DO  SERTAO                                   ;(87)99645-1866 ;040;405;PEM1880;     161,70;    0,20;04/01/2025;72;PDV FECHADO (HORARIO COM.)    ;   ;evanete    ;16:35
182207                            ;04/01/2025;    ;289632;006;    ;0016062;LUAR DO  SERTAO                                   ;(87)99645-1866 ;040;405;PEM1880;      29,76;    0,04;04/01/2025;72;PDV FECHADO (HORARIO COM.)    ;   ;evanete    ;16:35
182209                            ;04/01/2025;    ;289698;006;    ;0024792;ESPETINHO NERY+VOL                                ;(87)98139-2109 ;040;407;QYW7A22;     814,50;    1,18;04/01/2025;71;SEM DINHEIRO/CHEQUE           ;   ;evanete    ;16:37
182209                            ;04/01/2025;    ;289699;006;    ;0024792;ESPETINHO NERY+VOL                                ;(87)98139-2109 ;040;407;QYW7A22;     637,58;    1,01;04/01/2025;71;SEM DINHEIRO/CHEQUE           ;   ;evanete    ;16:36
182210                            ;04/01/2025;    ;289763;006;    ;0003182;BARRACO WAR TTC                                   ;(87)98819-1305 ;040;409;PCX2687;     444,18;    0,48;04/01/2025;72;PDV FECHADO (HORARIO COM.)    ;   ;evanete    ;17:26
182212                            ;04/01/2025;    ;289843;006;    ;0017432;V.S.K. BEBIDAS                                    ;(87)99138-6482 ;040;400;RZN5A62;     483,10;    0,56;04/01/2025;71;SEM DINHEIRO/CHEQUE           ;   ;evanete    ;16:14
182215                            ;04/01/2025;    ;289937;006;    ;0017835;DISTRIBUIDORA MR                                  ;(87)99140-6201 ;040;404;MXF8510;     547,60;    0,57;04/01/2025;64;SEM VASILHAME                 ;   ;lucianob   ;19:11
182227                            ;06/01/2025;    ;290187;006;    ;0017822;BUTECO JL                                         ;(87)98871-9475 ;040;401;RZN4I62;     571,41;    0,94;06/01/2025;72;PDV FECHADO (HORARIO COM.)    ;   ;idute      ;16:21
182227                            ;06/01/2025;    ;290196;006;    ;0012513;MERCADINHO SILVA                                  ;(87)99925-5512 ;040;401;RZN4I62;     525,30;    0,64;06/01/2025;64;SEM VASILHAME                 ;   ;idute      ;16:21
182228                            ;06/01/2025;    ;290227;006;    ;0016388;DON DISTRIBUIDORA DE                              ;(87)98859-0905 ;040;409;OXN0I49;     391,34;    0,41;06/01/2025;32;ENTREGA ATRASADA (BUFFER)     ;   ;idute      ;16:55
182228                            ;06/01/2025;    ;290239;006;    ;0009381;MERC E PETISCO L J                                ;(87)98807-5880 ;040;409;OXN0I49;     252,40;    0,30;06/01/2025;42;Produto/Quantidade Errada     ;   ;idute      ;16:54
182229                            ;06/01/2025;    ;290253;006;    ;0009455;DISTRI SOUZA POMARES                              ;(87)98871-2632 ;040;402;RZH6B16;      91,20;    0,03;06/01/2025;82;ENDERECO NAO ENCONTRADO       ;   ;idute      ;15:57
182229                            ;06/01/2025;    ;290262;006;    ;0016000;RO COMIDAS CASEIRAS                               ;(87)99816-2095 ;040;402;RZH6B16;     338,66;    0,41;06/01/2025;72;PDV FECHADO (HORARIO COM.)    ;   ;idute      ;15:56
182229                            ;06/01/2025;    ;290265;006;    ;0017601;MERC JEANE                                        ;(87)98839-7427 ;040;403;RZH6B16;     226,94;    0,40;06/01/2025;72;PDV FECHADO (HORARIO COM.)    ;   ;idute      ;15:59
182229                            ;06/01/2025;    ;290266;006;    ;0002876;BAR E RES ENC DOS AM                              ;(87) 8839-1420 ;040;403;RZH6B16;     207,70;    0,26;06/01/2025;71;SEM DINHEIRO/CHEQUE           ;   ;idute      ;15:57
182229                            ;06/01/2025;    ;290273;006;    ;0018345;OXENTE CALDOS                                     ;(87)99978-4297 ;040;402;RZH6B16;     267,29;    0,44;06/01/2025;72;PDV FECHADO (HORARIO COM.)    ;   ;idute      ;15:58
182229                            ;06/01/2025;    ;290277;006;    ;0000646;CEARA BAR                                         ;(87) 9921-2740 ;040;402;RZH6B16;     424,50;    0,48;06/01/2025;72;PDV FECHADO (HORARIO COM.)    ;   ;idute      ;15:58
182230                            ;06/01/2025;    ;290287;006;    ;0011980;ESPETOS BAR E MERC                                ;(87)98148-1745 ;040;405;RZW8I16;     265,96;    0,24;06/01/2025;71;SEM DINHEIRO/CHEQUE           ;   ;idute      ;16:29
182230                            ;06/01/2025;    ;290290;006;    ;0017047;Luna merc e distribu                              ;(11)96604-6545 ;040;405;RZW8I16;     107,87;    0,24;06/01/2025;73;FALTA DE ATIVOS DE GIRO       ;   ;idute      ;16:29
182230                            ;06/01/2025;    ;290297;006;    ;0008207;BOTECO JOAO DE BARRO                              ;(87)98812-8372 ;040;405;RZW8I16;     103,92;    0,13;06/01/2025;72;PDV FECHADO (HORARIO COM.)    ;   ;idute      ;16:28
182231                            ;06/01/2025;    ;290340;006;    ;0006389;UFC J MARIA                                       ;(87)98109-1704 ;040;400;OYP3193;    1795,00;    2,10;07/01/2025;32;ENTREGA ATRASADA (BUFFER)     ;   ;sinval     ;10:54
182232                            ;06/01/2025;    ;290370;006;    ;0018562;CANAA                                             ;(87)98809-0126 ;080;841;PGW8630;    1543,71;    2,16;07/01/2025;32;ENTREGA ATRASADA (BUFFER)     ;   ;sinval     ;15:30
182232                            ;06/01/2025;    ;290397;006;    ;0009118;BAR E REST ENCONTRO                               ;(87)98829-0765 ;040;402;PGW8630;     477,80;    0,49;07/01/2025;73;FALTA DE ATIVOS DE GIRO       ;   ;sinval     ;15:29
182232                            ;06/01/2025;    ;290407;006;    ;0014303;PANIFICADORA PRIMOR                               ;(87)98858-7880 ;040;402;PGW8630;     763,09;    2,07;07/01/2025;71;SEM DINHEIRO/CHEQUE           ;   ;sinval     ;15:29
182232                            ;06/01/2025;    ;290411;006;    ;0009181;MERC E DIST DO VALE                               ;(87)99162-8024 ;080;841;PGW8630;      45,83;    0,04;07/01/2025;73;FALTA DE ATIVOS DE GIRO       ;   ;sinval     ;15:30
182233                            ;06/01/2025;    ;290443;006;    ;0017455;LANCH E REST MARI                                 ;(87)98134-5298 ;040;401;KHW1563;      99,44;    0,13;06/01/2025;72;PDV FECHADO (HORARIO COM.)    ;   ;lucianob   ;18:58
182233                            ;06/01/2025;    ;290444;006;    ;0025712;QUIOSQUE DO TOINHO                                ;(87)98833-9935 ;040;401;KHW1563;     182,38;    0,20;06/01/2025;70;CLIENTE CANCELOU              ;   ;lucianob   ;18:58
182233                            ;06/01/2025;    ;290445;006;    ;0025712;QUIOSQUE DO TOINHO                                ;(87)98833-9935 ;040;401;KHW1563;     630,79;    0,71;06/01/2025;70;CLIENTE CANCELOU              ;   ;lucianob   ;18:58
182233                            ;06/01/2025;    ;290462;006;    ;0009625;MERC ERIKA                                        ;(87)98812-3142 ;040;404;KHW1563;      79,00;    0,19;06/01/2025;71;SEM DINHEIRO/CHEQUE           ;   ;lucianob   ;18:59
182234                            ;06/01/2025;    ;290471;006;    ;0008941;DIST e PET FAVORITOS                              ;(87)98818-2008 ;040;409;PCG6384;     830,60;    0,84;06/01/2025;64;SEM VASILHAME                 ;   ;idute      ;16:03
182234                            ;06/01/2025;    ;290472;006;    ;0008941;DIST e PET FAVORITOS                              ;(87)98818-2008 ;040;409;PCG6384;     141,79;    0,19;06/01/2025;64;SEM VASILHAME                 ;   ;idute      ;16:05
182236                            ;06/01/2025;    ;290546;006;    ;0017346;ADEGA DESLANE                                     ;(74)99143-7747 ;040;401;PDB9366;     285,46;    0,84;06/01/2025;71;SEM DINHEIRO/CHEQUE           ;   ;lucianob   ;18:17
182236                            ;06/01/2025;    ;290547;006;    ;0017346;ADEGA DESLANE                                     ;(74)99143-7747 ;040;401;PDB9366;     488,70;    0,54;06/01/2025;71;SEM DINHEIRO/CHEQUE           ;   ;lucianob   ;18:17
182236                            ;06/01/2025;    ;290548;006;    ;0017346;ADEGA DESLANE                                     ;(74)99143-7747 ;040;401;PDB9366;     197,17;    0,19;06/01/2025;71;SEM DINHEIRO/CHEQUE           ;   ;lucianob   ;18:18
182236                            ;06/01/2025;    ;290549;006;    ;0017346;ADEGA DESLANE                                     ;(74)99143-7747 ;040;401;PDB9366;     105,80;    0,07;06/01/2025;71;SEM DINHEIRO/CHEQUE           ;   ;lucianob   ;18:18
182237                            ;06/01/2025;    ;290604;006;    ;0007089;MERCADINHO RONY                                   ;(87)98819-0407 ;040;413;PCX2687;    2390,34;    2,74;06/01/2025;72;PDV FECHADO (HORARIO COM.)    ;   ;idute      ;17:39
182237                            ;06/01/2025;    ;290605;006;    ;0007089;MERCADINHO RONY                                   ;(87)98819-0407 ;040;413;PCX2687;     199,50;    0,21;06/01/2025;72;PDV FECHADO (HORARIO COM.)    ;   ;idute      ;17:38
182237                            ;06/01/2025;    ;290606;006;    ;0007089;MERCADINHO RONY                                   ;(87)98819-0407 ;040;413;PCX2687;     377,30;    0,48;06/01/2025;72;PDV FECHADO (HORARIO COM.)    ;   ;idute      ;17:38
182242                            ;06/01/2025;    ;290791;006;    ;0016330;MERCADO DO VALE                                   ;(87)99162-8024 ;080;841;RZN7B71;    3468,01;    3,60;06/01/2025;71;SEM DINHEIRO/CHEQUE           ;   ;idute      ;14:46
182243                            ;06/01/2025;    ;290824;006;    ;0002911;BAR BATISTA                                       ;(87)98817-9598 ;040;412;SKK9B87;    1363,92;    1,44;06/01/2025;87;TEMPO INSUFICIENTE            ;   ;lucianob   ;18:40
182243                            ;06/01/2025;    ;290825;006;    ;0002911;BAR BATISTA                                       ;(87)98817-9598 ;040;412;SKK9B87;    2200,25;    2,92;06/01/2025;87;TEMPO INSUFICIENTE            ;   ;lucianob   ;18:40
182243                            ;06/01/2025;    ;290826;006;    ;0018918;MERC JUKA                                         ;(87)99649-1804 ;040;403;SKK9B87;     919,48;    1,84;06/01/2025;87;TEMPO INSUFICIENTE            ;   ;lucianob   ;18:42
182243                            ;06/01/2025;    ;290849;006;    ;0018203;ALCIELIO BEZERRA DOS                              ;(73)99942-8451 ;040;403;SKK9B87;    1078,00;    1,38;06/01/2025;87;TEMPO INSUFICIENTE            ;   ;lucianob   ;18:42
182243                            ;06/01/2025;    ;290850;006;    ;0018203;ALCIELIO BEZERRA DOS                              ;(73)99942-8451 ;040;403;SKK9B87;      91,62;    0,13;06/01/2025;87;TEMPO INSUFICIENTE            ;   ;lucianob   ;18:43
182243                            ;06/01/2025;    ;290862;006;    ;0000128;SACOLAO BOM NO PRECO                              ;(87)98871-1248 ;040;409;SKK9B87;     468,64;    0,96;06/01/2025;87;TEMPO INSUFICIENTE            ;   ;lucianob   ;18:39
182243                            ;06/01/2025;    ;290863;006;    ;0000128;SACOLAO BOM NO PRECO                              ;(87)98871-1248 ;040;409;SKK9B87;      20,48;    0,06;06/01/2025;87;TEMPO INSUFICIENTE            ;   ;lucianob   ;18:39
182243                            ;06/01/2025;    ;290864;006;    ;0016490;DISTRIBUIDORA CANTIN                              ;(87)99929-9483 ;040;403;SKK9B87;     436,70;    0,73;06/01/2025;72;PDV FECHADO (HORARIO COM.)    ;   ;lucianob   ;18:44
182243                            ;06/01/2025;    ;290865;006;    ;0010274;SUPERMERCADO DP                                   ;(87)98117-0580 ;080;841;SKK9B87;     532,50;    0,64;06/01/2025;87;TEMPO INSUFICIENTE            ;   ;lucianob   ;18:42
182243                            ;06/01/2025;    ;290866;006;    ;0010274;SUPERMERCADO DP                                   ;(87)98117-0580 ;080;841;SKK9B87;    1221,50;    1,47;06/01/2025;87;TEMPO INSUFICIENTE            ;   ;lucianob   ;18:41
182262                            ;07/01/2025;    ;290954;006;    ;0016735;PIZZARIA TRADICaO                                 ;(87)99921-0776 ;040;411;PCI2783;    1724,57;    2,27;08/01/2025;72;PDV FECHADO (HORARIO COM.)    ;   ;idute      ;18:22
182262                            ;07/01/2025;    ;290955;006;    ;0016735;PIZZARIA TRADICaO                                 ;(87)99921-0776 ;040;411;PCI2783;       8,33;    0,00;08/01/2025;72;PDV FECHADO (HORARIO COM.)    ;   ;idute      ;18:23
182263                            ;07/01/2025;    ;291067;006;    ;0017244;BAR ANTÔNIO FILHOS                                ;(87)99665-1080 ;040;410;QYW7A22;     521,74;    0,69;08/01/2025;72;PDV FECHADO (HORARIO COM.)    ;   ;idute      ;18:19
182275                            ;07/01/2025;    ;291411;006;    ;0018634;MERCADINHO DE JANETE                              ;(87)99139-0979 ;040;402;RZH6B16;     429,00;    0,56;07/01/2025;82;ENDERECO NAO ENCONTRADO       ;   ;sinval     ;11:53
182275                            ;07/01/2025;    ;291412;006;    ;0018634;MERCADINHO DE JANETE                              ;(87)99139-0979 ;040;402;RZH6B16;     323,40;    0,41;07/01/2025;82;ENDERECO NAO ENCONTRADO       ;   ;sinval     ;11:54
182275                            ;07/01/2025;    ;291413;006;    ;0018634;MERCADINHO DE JANETE                              ;(87)99139-0979 ;040;402;RZH6B16;      11,36;    0,06;07/01/2025;82;ENDERECO NAO ENCONTRADO       ;   ;sinval     ;11:54
182278                            ;07/01/2025;    ;291452;006;    ;0018452;JL DISTRIBUIDORA                                  ;(87)98841-1895 ;040;400;RZH6B16;     323,40;    0,41;07/01/2025;72;PDV FECHADO (HORARIO COM.)    ;   ;sinval     ;17:35
182278                            ;07/01/2025;    ;291453;006;    ;0018452;JL DISTRIBUIDORA                                  ;(87)98841-1895 ;040;400;RZH6B16;      35,90;    0,04;07/01/2025;72;PDV FECHADO (HORARIO COM.)    ;   ;sinval     ;17:36
182281                            ;07/01/2025;    ;291528;006;    ;0017260;BOTECO DO BAHIANO                                 ;(87)98101-4470 ;040;404;RZH6B16;     122,23;    0,22;08/01/2025;71;SEM DINHEIRO/CHEQUE           ;   ;idute      ;11:23
182285                            ;07/01/2025;    ;291631;006;    ;0018236;REST REPUBLICA NORD                               ;(87)98834-9530 ;040;412;KHW1563;     727,47;    1,01;07/01/2025;72;PDV FECHADO (HORARIO COM.)    ;   ;carlosed   ;20:40
182285                            ;07/01/2025;    ;291647;006;    ;0008973;DIST RANCHO DAS BEB                               ;(87)99176-1447 ;040;413;KHW1563;      30,03;    0,04;07/01/2025;65;NAO FEZ PEDIDO                ;   ;carlosed   ;20:41
182322                            ;08/01/2025;    ;292067;006;    ;0010454;DESTAK MERCADINHO                                 ;(87)98831-6718 ;040;405;SNT2B29;     191,27;    0,23;08/01/2025;72;PDV FECHADO (HORARIO COM.)    ;   ;lucianob   ;18:46
182322                            ;08/01/2025;    ;292068;006;    ;0010454;DESTAK MERCADINHO                                 ;(87)98831-6718 ;040;405;SNT2B29;     105,80;    0,07;08/01/2025;72;PDV FECHADO (HORARIO COM.)    ;   ;lucianob   ;18:46
182322                            ;08/01/2025;    ;292069;006;    ;0010454;DESTAK MERCADINHO                                 ;(87)98831-6718 ;040;405;SNT2B29;      23,90;    0,04;08/01/2025;72;PDV FECHADO (HORARIO COM.)    ;   ;lucianob   ;18:47
182322                            ;08/01/2025;    ;292070;006;    ;0007496;MERCADINHO GUGU                                   ;(87)99194-7280 ;040;405;SNT2B29;     199,50;    0,21;08/01/2025;72;PDV FECHADO (HORARIO COM.)    ;   ;lucianob   ;18:47
182322                            ;08/01/2025;    ;292101;006;    ;0010178;MERCEARIA SANTOS                                  ;(87)99808-4841 ;040;405;SNT2B29;    1549,90;    2,00;08/01/2025;72;PDV FECHADO (HORARIO COM.)    ;   ;lucianob   ;18:48
182322                            ;08/01/2025;    ;292102;006;    ;0010178;MERCEARIA SANTOS                                  ;(87)99808-4841 ;040;405;SNT2B29;     123,09;    0,30;08/01/2025;72;PDV FECHADO (HORARIO COM.)    ;   ;lucianob   ;18:48
182322                            ;08/01/2025;    ;292103;006;    ;0010178;MERCEARIA SANTOS                                  ;(87)99808-4841 ;040;405;SNT2B29;     290,31;    0,46;08/01/2025;72;PDV FECHADO (HORARIO COM.)    ;   ;lucianob   ;18:49
182322                            ;08/01/2025;    ;292104;006;    ;0010178;MERCEARIA SANTOS                                  ;(87)99808-4841 ;040;405;SNT2B29;     325,90;    0,62;08/01/2025;72;PDV FECHADO (HORARIO COM.)    ;   ;lucianob   ;18:49
182322                            ;08/01/2025;    ;292105;006;    ;0010178;MERCEARIA SANTOS                                  ;(87)99808-4841 ;040;405;SNT2B29;     385,22;    0,35;08/01/2025;72;PDV FECHADO (HORARIO COM.)    ;   ;lucianob   ;18:49
182322                            ;08/01/2025;    ;292106;006;    ;0010178;MERCEARIA SANTOS                                  ;(87)99808-4841 ;040;405;SNT2B29;     323,40;    0,41;08/01/2025;72;PDV FECHADO (HORARIO COM.)    ;   ;lucianob   ;18:48
182327                            ;08/01/2025;    ;292254;006;    ;0014326;ORLA BEACH CLUB                                   ;(74)98812-6195 ;040;412;PGW8630;     804,57;    0,74;08/01/2025;72;PDV FECHADO (HORARIO COM.)    ;   ;lucianob   ;18:45
182333                            ;08/01/2025;    ;292398;006;    ;0003492;MERCADINHO L G                                    ;(87)98834-4143 ;040;401;RZW8I16;     919,08;    1,42;08/01/2025;50;CARGA ERRADA ARMAZEM          ;   ;lucianob   ;18:44
182333                            ;08/01/2025;    ;292402;006;    ;0008185;COMERCIAL SAO DOMING                              ;(74)99934-6309 ;040;401;RZW8I16;     371,00;    0,42;08/01/2025;71;SEM DINHEIRO/CHEQUE           ;   ;lucianob   ;18:44
182334                            ;08/01/2025;    ;292409;006;    ;0008707;PAO e COMPLEMENTO                                 ;(87)98812-5868 ;040;408;RZH6B16;     699,44;    1,27;09/01/2025;72;PDV FECHADO (HORARIO COM.)    ;   ;sinval     ;12:  
182334                            ;08/01/2025;    ;292412;006;    ;0018649;FRISABOR                                          ;(87)98165-2010 ;040;408;RZH6B16;      95,76;    0,48;09/01/2025;72;PDV FECHADO (HORARIO COM.)    ;   ;sinval     ;12:  
182334                            ;08/01/2025;    ;292417;006;    ;0002871;HORLANDO S BAR                                    ;(87) 3861-0797 ;040;408;RZH6B16;     662,61;    0,76;09/01/2025;86;HORARIO DE ENTREGA            ;   ;sinval     ;12:01
182335                            ;08/01/2025;    ;292424;006;    ;0016864;SOS BEBIDAS                                       ;(87)98859-0566 ;040;413;RZW8I16;     205,36;    0,28;09/01/2025;72;PDV FECHADO (HORARIO COM.)    ;   ;sinval     ;11:56
182335                            ;08/01/2025;    ;292425;006;    ;0016864;SOS BEBIDAS                                       ;(87)98859-0566 ;040;413;RZW8I16;      98,72;    0,07;09/01/2025;72;PDV FECHADO (HORARIO COM.)    ;   ;sinval     ;11:58
182335                            ;08/01/2025;    ;292426;006;    ;0016864;SOS BEBIDAS                                       ;(87)98859-0566 ;040;413;RZW8I16;     233,40;    0,72;09/01/2025;72;PDV FECHADO (HORARIO COM.)    ;   ;sinval     ;11:58
182335                            ;08/01/2025;    ;292427;006;    ;0016864;SOS BEBIDAS                                       ;(87)98859-0566 ;040;413;RZW8I16;      25,26;    0,00;09/01/2025;72;PDV FECHADO (HORARIO COM.)    ;   ;sinval     ;11:59
182335                            ;08/01/2025;    ;292428;006;    ;0016864;SOS BEBIDAS                                       ;(87)98859-0566 ;040;413;RZW8I16;      31,71;    0,04;09/01/2025;72;PDV FECHADO (HORARIO COM.)    ;DER;sinval     ;12:  
182338                            ;08/01/2025;    ;292520;006;    ;0026452;DIST BARBOSA                                      ;(87)98825-2498 ;040;405;KHW1563;     504,00;    0,62;08/01/2025;70;CLIENTE CANCELOU              ;   ;lucianob   ;19:51
182350                            ;08/01/2025;    ;292375;006;    ;0011874;BAR DO BODE                                       ;(87)99960-4296 ;040;405;RZH6B16;     321,43;    0,64;08/01/2025;72;PDV FECHADO (HORARIO COM.)    ;   ;idute      ;17:19
182350                            ;08/01/2025;    ;292376;006;    ;0011874;BAR DO BODE                                       ;(87)99960-4296 ;040;405;RZH6B16;     107,80;    0,13;08/01/2025;72;PDV FECHADO (HORARIO COM.)    ;   ;idute      ;17:19
182364                            ;09/01/2025;    ;292859;006;    ;0008628;DISTRIBUIDORA WN                                  ;(87)99989-6548 ;040;400;OYP3193;     856,10;    1,04;09/01/2025;71;SEM DINHEIRO/CHEQUE           ;   ;sinval     ;18:31
182364                            ;09/01/2025;    ;292867;006;    ;0025450;BAR DOS COLONOS                                   ;(87)99914-6736 ;040;400;OYP3193;     334,50;    0,34;09/01/2025;71;SEM DINHEIRO/CHEQUE           ;   ;sinval     ;18:35
182364                            ;09/01/2025;    ;292873;006;    ;0006193;MERCADINHO DA JUCI                                ;(87)99928-1951 ;040;400;OYP3193;     246,74;    0,34;09/01/2025;71;SEM DINHEIRO/CHEQUE           ;   ;sinval     ;18:35
182364                            ;09/01/2025;    ;292875;006;    ;0006193;MERCADINHO DA JUCI                                ;(87)99928-1951 ;040;400;OYP3193;      23,90;    0,04;09/01/2025;71;SEM DINHEIRO/CHEQUE           ;   ;sinval     ;18:34
182364                            ;09/01/2025;    ;292878;006;    ;0016643;MERCADINHO 3 IRMaOS                               ;(87)99139-9257 ;040;400;OYP3193;     209,86;    0,48;09/01/2025;84;AREA DE RISCO                 ;   ;sinval     ;18:30
182370                            ;09/01/2025;    ;293019;006;    ;0018618;VAN LIMA                                          ;(87)98859-7656 ;040;409;RZW8I16;     149,90;    0,14;10/01/2025;72;PDV FECHADO (HORARIO COM.)    ;   ;idute      ;11:56
182371                            ;09/01/2025;    ;293040;006;    ;0000772;BAR TOA TOA                                       ;(87) 8801-5612 ;040;404;OXN0I49;     178,80;    0,37;09/01/2025;71;SEM DINHEIRO/CHEQUE           ;   ;carlosed   ;19:17
182376                            ;09/01/2025;    ;293251;006;    ;0016269;ESPACO 10                                         ;(87)99945-9545 ;040;403;PDC0246;      95,92;    0,20;09/01/2025;72;PDV FECHADO (HORARIO COM.)    ;   ;sinval     ;17:38
182377                            ;09/01/2025;    ;293339;006;    ;0018470;IMPERIAL PANIF CONVE                              ;(87)99938-2537 ;040;405;PGO7569;     556,53;    0,90;09/01/2025;71;SEM DINHEIRO/CHEQUE           ;   ;sinval     ;17:17
182380                            ;09/01/2025;    ;293413;006;    ;0007577;DIST NOVA VIDA                                    ;(87)98878-9008 ;040;413;PCI2653;    1048,63;    1,70;09/01/2025;63;PRODUTO / QTDE. ERRADA        ;   ;sinval     ;18:28
182384                            ;09/01/2025;    ;293519;006;    ;0011243;ROTA DA PRACA                                     ;(87)99109-7712 ;040;401;PDB9366;     566,86;    0,74;09/01/2025;72;PDV FECHADO (HORARIO COM.)    ;   ;carlosed   ;19:05
182384                            ;09/01/2025;    ;293534;006;    ;0007155;L3FORNERIA ARTESANAL                              ;(87) 3864-2328 ;080;841;PDB9366;       5,30;    0,00;09/01/2025;58;Carga Errada                  ;DER;carlosed   ;19:08
182387                            ;09/01/2025;    ;293617;006;    ;0018858;MERCADO PEIXOTO                                   ;(87)98151-2449 ;040;413;PDB6166;    2116,28;    3,04;09/01/2025;73;FALTA DE ATIVOS DE GIRO       ;   ;sinval     ;17:54
182387                            ;09/01/2025;    ;293618;006;    ;0018858;MERCADO PEIXOTO                                   ;(87)98151-2449 ;040;413;PDB6166;      34,90;    0,04;09/01/2025;73;FALTA DE ATIVOS DE GIRO       ;   ;sinval     ;17:55
182391                            ;09/01/2025;    ;293627;006;    ;0025829;BEIRA RIO                                         ;(87) 3867-4017 ;090;991;       ;       5,08;    0,00;03/02/2025;51;NF ERRADA                     ;   ;alyson     ;16:05
182401                            ;10/01/2025;    ;293766;006;    ;0024174;BAR DA SOCORRO                                    ;(87) 3986-2505 ;040;406;KIZ3217;     112,29;    0,19;10/01/2025;72;PDV FECHADO (HORARIO COM.)    ;   ;lucianob   ;19:  
182408                            ;10/01/2025;    ;293933;006;    ;0016134;NO BAR                                            ;(87)98838-7971 ;040;408;OXN0I49;     236,14;    0,31;10/01/2025;71;SEM DINHEIRO/CHEQUE           ;   ;lucianob   ;18:55
182409                            ;10/01/2025;    ;293951;006;    ;0009552;ROTA DISTRIBUIDORA                                ;(87)99656-6244 ;040;413;PCG6384;    1200,84;    0,96;10/01/2025;64;SEM VASILHAME                 ;   ;lucianob   ;18:29
182410                            ;10/01/2025;    ;293981;006;    ;0017119;HORTIFRUTI FEIRAO DA                              ;(87)98837-7017 ;040;409;PGO7569;     539,18;    0,99;10/01/2025;43;Forma de Pagamento            ;   ;idute      ;17:35
182411                            ;10/01/2025;    ;294008;006;    ;0017835;DISTRIBUIDORA MR                                  ;(87)99140-6201 ;040;404;PDC0246;     463,07;    0,60;10/01/2025;71;SEM DINHEIRO/CHEQUE           ;   ;idute      ;17:14
182411                            ;10/01/2025;    ;294010;006;    ;0017835;DISTRIBUIDORA MR                                  ;(87)99140-6201 ;040;404;PDC0246;      16,88;    0,06;10/01/2025;71;SEM DINHEIRO/CHEQUE           ;   ;idute      ;17:14
182420                            ;10/01/2025;    ;294321;006;    ;0004711;NOVA OPCAO                                        ;(87)99988-8100 ;040;407;PCX2687;     175,50;    0,20;10/01/2025;72;PDV FECHADO (HORARIO COM.)    ;   ;idute      ;17:11
182420                            ;10/01/2025;    ;294322;006;    ;0004711;NOVA OPCAO                                        ;(87)99988-8100 ;040;407;PCX2687;      17,28;    0,02;10/01/2025;72;PDV FECHADO (HORARIO COM.)    ;   ;idute      ;17:12
182420                            ;10/01/2025;    ;294323;006;    ;0004711;NOVA OPCAO                                        ;(87)99988-8100 ;040;407;PCX2687;      37,10;    0,04;10/01/2025;72;PDV FECHADO (HORARIO COM.)    ;   ;idute      ;17:12
182420                            ;10/01/2025;    ;294324;006;    ;0004711;NOVA OPCAO                                        ;(87)99988-8100 ;040;407;PCX2687;      50,00;    0,04;10/01/2025;72;PDV FECHADO (HORARIO COM.)    ;   ;idute      ;17:12
182426                            ;09/01/2025;    ;293073;006;    ;0018447;CANTINHO DO LANCHE                                ;(87)99137-8940 ;040;401;KIZ3217;     256,74;    0,39;16/01/2025;51;NF ERRADA                     ;   ;yuri       ;10:30
182426                            ;09/01/2025;    ;293102;006;    ;0005796;MERCADINHO                                        ;(87)98878-8885 ;040;405;KIZ3217;     163,81;    0,27;16/01/2025;51;NF ERRADA                     ;   ;yuri       ;10:31
182439                            ;10/01/2025;    ;294363;006;    ;0018470;IMPERIAL PANIF CONVE                              ;(87)99938-2537 ;040;405;PDN7725;     560,52;    0,90;10/01/2025;71;SEM DINHEIRO/CHEQUE           ;   ;lucianob   ;18:43
182445                            ;13/01/2025;    ;294514;006;    ;0017082;MERCADINHO JEANDSON                               ;(87)99203-9295 ;040;401;PCG6384;     625,65;    0,76;13/01/2025;64;SEM VASILHAME                 ;   ;sinval     ;17:42
182447                            ;13/01/2025;    ;294592;006;    ;0025939;BAR DA PATRICIA                                   ;(87) 8861-3391 ;040;402;RZW8I16;     137,67;    0,18;14/01/2025;72;PDV FECHADO (HORARIO COM.)    ;   ;idute      ;11:15
182447                            ;13/01/2025;    ;294602;006;    ;0018815;REST E PAST MAIS PAS                              ;(87)98802-9932 ;040;402;RZW8I16;     192,30;    0,20;14/01/2025;72;PDV FECHADO (HORARIO COM.)    ;   ;idute      ;11:16
182447                            ;13/01/2025;    ;294603;006;    ;0025923;MERC PRECO MINIMO                                 ;(87)99903-6407 ;040;402;RZW8I16;     308,28;    0,60;14/01/2025;71;SEM DINHEIRO/CHEQUE           ;   ;idute      ;11:14
182447                            ;13/01/2025;    ;294604;006;    ;0016025;BAR E LANCHONETE DA                               ;(87)98124-7549 ;040;402;RZW8I16;     167,90;    0,24;14/01/2025;72;PDV FECHADO (HORARIO COM.)    ;   ;idute      ;11:14
182447                            ;13/01/2025;    ;294606;006;    ;0017801;ESPETINHO DO GIL                                  ;(87)98812-2780 ;040;403;RZW8I16;     244,27;    0,27;14/01/2025;72;PDV FECHADO (HORARIO COM.)    ;   ;idute      ;11:15
182449                            ;13/01/2025;    ;294698;006;    ;0017047;Luna merc e distribu                              ;(11)96604-6545 ;040;405;OYP3193;     808,50;    1,03;13/01/2025;73;FALTA DE ATIVOS DE GIRO       ;   ;carlosed   ;18:43
182449                            ;13/01/2025;    ;294706;006;    ;0012614;BAR DA MARY                                       ;(87)99809-0414 ;040;405;OYP3193;     130,80;    0,19;13/01/2025;72;PDV FECHADO (HORARIO COM.)    ;   ;carlosed   ;18:47
182449                            ;13/01/2025;    ;294707;006;    ;0012614;BAR DA MARY                                       ;(87)99809-0414 ;040;405;OYP3193;     237,18;    0,50;13/01/2025;72;PDV FECHADO (HORARIO COM.)    ;   ;carlosed   ;18:46
182449                            ;13/01/2025;    ;294708;006;    ;0005545;MERC. NOVA ALIANCA                                ;(87)98857-6222 ;040;408;OYP3193;     863,74;    1,34;13/01/2025;72;PDV FECHADO (HORARIO COM.)    ;   ;carlosed   ;18:48
182449                            ;13/01/2025;    ;294709;006;    ;0005545;MERC. NOVA ALIANCA                                ;(87)98857-6222 ;040;408;OYP3193;      25,28;    0,00;13/01/2025;72;PDV FECHADO (HORARIO COM.)    ;   ;carlosed   ;18:47
182451                            ;13/01/2025;    ;294786;006;    ;0008059;NOVA VIDA SUPERMERCA                              ;(87) 9998-0248 ;080;841;PDC0246;    1557,00;    2,07;13/01/2025;71;SEM DINHEIRO/CHEQUE           ;   ;sinval     ;15:07
182452                            ;13/01/2025;    ;294803;006;    ;0017533;Restaurante do negao                              ;(74)99194-3693 ;040;406;MXF8510;     164,02;    0,19;14/01/2025;71;SEM DINHEIRO/CHEQUE           ;   ;lucianob   ;20:09
182455                            ;13/01/2025;    ;294925;006;    ;0018588;MARIA APARECIDA DOS                               ;(87)99157-9497 ;040;403;QYI7A36;    1343,62;    1,72;13/01/2025;73;FALTA DE ATIVOS DE GIRO       ;   ;sinval     ;18:07
182457                            ;13/01/2025;    ;294974;006;    ;0025295;DIST TRES IRMAOS                                  ;(87)99909-7824 ;040;413;RZN7B71;    4198,07;    4,98;13/01/2025;72;PDV FECHADO (HORARIO COM.)    ;   ;sinval     ;14:14
182459                            ;13/01/2025;    ;295041;006;    ;0000733;MERCADINHO NOVA OPCA                              ;(87)98811-3517 ;040;403;PCX2687;     426,20;    0,55;13/01/2025;64;SEM VASILHAME                 ;   ;sinval     ;17:54
182460                            ;13/01/2025;    ;295062;006;    ;0001224;ZERO GRAU                                         ;(87)98807-7643 ;040;413;PCI2783;    9702,00;   12,42;13/01/2025;71;SEM DINHEIRO/CHEQUE           ;   ;sinval     ;16:07
182472                            ;13/01/2025;    ;295107;006;    ;0007614;CHOPP BRAHMA EXPRESS                              ;(87)98858-9137 ;040;412;       ;    2997,30;    0,00;16/01/2025;51;NF ERRADA                     ;   ;idute      ;11:31
182472                            ;13/01/2025;    ;295108;006;    ;0007614;CHOPP BRAHMA EXPRESS                              ;(87)98858-9137 ;040;412;       ;    2997,30;    0,00;16/01/2025;51;NF ERRADA                     ;   ;idute      ;11:43
182473                            ;13/01/2025;    ;295103;006;    ;0007614;CHOPP BRAHMA EXPRESS                              ;(87)98858-9137 ;040;412;       ;    2997,30;    0,00;16/01/2025;51;NF ERRADA                     ;   ;idute      ;11:30
182473                            ;13/01/2025;    ;295104;006;    ;0007614;CHOPP BRAHMA EXPRESS                              ;(87)98858-9137 ;040;412;       ;    2997,30;    0,00;16/01/2025;51;NF ERRADA                     ;   ;idute      ;11:43
182474                            ;13/01/2025;    ;295100;006;    ;0007614;CHOPP BRAHMA EXPRESS                              ;(87)98858-9137 ;040;412;       ;    2587,95;    0,00;16/01/2025;51;NF ERRADA                     ;   ;idute      ;11:30
182474                            ;13/01/2025;    ;295101;006;    ;0007614;CHOPP BRAHMA EXPRESS                              ;(87)98858-9137 ;040;412;       ;    2587,95;    0,00;16/01/2025;51;NF ERRADA                     ;   ;idute      ;11:41
182474                            ;13/01/2025;    ;295102;006;    ;0007614;CHOPP BRAHMA EXPRESS                              ;(87)98858-9137 ;040;412;       ;    2587,95;    0,00;16/01/2025;51;NF ERRADA                     ;   ;idute      ;11:41
182479                            ;14/01/2025;    ;295116;006;    ;0001479;LANCH EDILMA                                      ;(87)99930-3914 ;040;410;QYB6002;     134,59;    0,14;15/01/2025;73;FALTA DE ATIVOS DE GIRO       ;   ;sinval     ;18:17
182479                            ;14/01/2025;    ;295117;006;    ;0001479;LANCH EDILMA                                      ;(87)99930-3914 ;040;410;QYB6002;      29,76;    0,04;15/01/2025;73;FALTA DE ATIVOS DE GIRO       ;   ;sinval     ;18:18
182479                            ;14/01/2025;    ;295118;006;    ;0025748;REST COMES E BEBES                                ;(87)99938-5214 ;040;410;QYB6002;      92,94;    0,13;15/01/2025;71;SEM DINHEIRO/CHEQUE           ;   ;sinval     ;18:15
182479                            ;14/01/2025;    ;295119;006;    ;0025748;REST COMES E BEBES                                ;(87)99938-5214 ;040;410;QYB6002;      16,88;    0,06;15/01/2025;71;SEM DINHEIRO/CHEQUE           ;   ;sinval     ;18:15
182479                            ;14/01/2025;    ;295169;006;    ;0008466;BAR DO JACKIN                                     ;(87)98107-7587 ;040;410;QYB6002;     181,93;    0,26;15/01/2025;72;PDV FECHADO (HORARIO COM.)    ;   ;sinval     ;18:15
182479                            ;14/01/2025;    ;295170;006;    ;0008466;BAR DO JACKIN                                     ;(87)98107-7587 ;040;410;QYB6002;     144,40;    0,16;15/01/2025;72;PDV FECHADO (HORARIO COM.)    ;   ;sinval     ;18:16
182479                            ;14/01/2025;    ;295171;006;    ;0008466;BAR DO JACKIN                                     ;(87)98107-7587 ;040;410;QYB6002;      36,10;    0,04;15/01/2025;72;PDV FECHADO (HORARIO COM.)    ;   ;sinval     ;18:16
182484                            ;14/01/2025;    ;295297;006;    ;0018551;RESTAURANTE A OCCA D                              ;(87)99615-6746 ;040;408;OYP3193;    1464,20;    1,44;14/01/2025;85;DIFICIL ACESSO                ;   ;lucianob   ;19:20
182484                            ;14/01/2025;    ;295305;006;    ;0017604;CANTO DO GATO                                     ;(87)99682-3648 ;040;408;OYP3193;     148,40;    0,16;14/01/2025;71;SEM DINHEIRO/CHEQUE           ;   ;lucianob   ;19:20
182485                            ;14/01/2025;    ;295341;006;    ;0008618;mercadinho da lucia                               ;(87)98817-2479 ;040;401;RZH6B16;     130,60;    0,22;14/01/2025;72;PDV FECHADO (HORARIO COM.)    ;   ;idute      ;13:22
182485                            ;14/01/2025;    ;295344;006;    ;0018447;CANTINHO DO LANCHE                                ;(87)99137-8940 ;040;401;RZH6B16;     133,66;    0,30;14/01/2025;72;PDV FECHADO (HORARIO COM.)    ;   ;idute      ;13:23
182485                            ;14/01/2025;    ;295345;006;    ;0018447;CANTINHO DO LANCHE                                ;(87)99137-8940 ;040;401;RZH6B16;     274,48;    0,48;14/01/2025;72;PDV FECHADO (HORARIO COM.)    ;   ;idute      ;13:23
182486                            ;14/01/2025;    ;295351;006;    ;0015948;RESTAURANTE SABOR FA                              ;(87)98156-5498 ;040;409;RZW8I16;     348,88;    0,65;14/01/2025;42;Produto/Quantidade Errada     ;   ;idute      ;15:32
182489                            ;14/01/2025;    ;295418;006;    ;0009491;DIST DE ASSIS                                     ;(87)98173-0360 ;040;400;RZH6B16;     478,46;    0,65;15/01/2025;50;CARGA ERRADA ARMAZEM          ;   ;sinval     ;11:22
182489                            ;14/01/2025;    ;295424;006;    ;0009713;GARAGEM BEBIDAS                                   ;(87)98801-1261 ;040;400;RZH6B16;     348,63;    0,74;15/01/2025;42;Produto/Quantidade Errada     ;   ;sinval     ;11:24
182493                            ;14/01/2025;    ;295512;006;    ;0009744;LEVIN DIS DE BEBDIDA                              ;(87)99629-3680 ;040;413;PEM1880;     460,79;    0,71;14/01/2025;50;CARGA ERRADA ARMAZEM          ;   ;idute      ;17:52
182493                            ;14/01/2025;    ;295513;006;    ;0009744;LEVIN DIS DE BEBDIDA                              ;(87)99629-3680 ;040;413;PEM1880;      69,70;    0,45;14/01/2025;50;CARGA ERRADA ARMAZEM          ;   ;idute      ;17:51
182493                            ;14/01/2025;    ;295541;006;    ;0025946;DISTRIBUIDORA MS                                  ;(87) 8869-0966 ;040;413;PEM1880;    1222,90;    1,44;14/01/2025;72;PDV FECHADO (HORARIO COM.)    ;   ;idute      ;17:53
182493                            ;14/01/2025;    ;295542;006;    ;0025946;DISTRIBUIDORA MS                                  ;(87) 8869-0966 ;040;413;PEM1880;    2686,00;    3,45;14/01/2025;72;PDV FECHADO (HORARIO COM.)    ;   ;idute      ;17:53
182493                            ;14/01/2025;    ;295543;006;    ;0025946;DISTRIBUIDORA MS                                  ;(87) 8869-0966 ;040;413;PEM1880;     135,54;    0,16;14/01/2025;72;PDV FECHADO (HORARIO COM.)    ;   ;idute      ;17:54
182493                            ;14/01/2025;    ;295544;006;    ;0007475;MERCADINHO ARAUJO                                 ;(87) 8836-8870 ;040;401;PEM1880;     269,50;    0,34;14/01/2025;64;SEM VASILHAME                 ;   ;idute      ;17:52
182495                            ;14/01/2025;    ;295614;006;    ;0026014;HILTON DE AMORIM                                  ;(87)98839-1878 ;040;407;PER3140;     219,86;    0,32;14/01/2025;72;PDV FECHADO (HORARIO COM.)    ;   ;lucianob   ;18:47
182497                            ;14/01/2025;    ;295670;006;    ;0018151;DISTRIBUIDORA E PETI                              ;(87)99170-3717 ;040;404;PGO7569;    1379,74;    1,46;14/01/2025;87;TEMPO INSUFICIENTE            ;   ;lucianob   ;19:46
182497                            ;14/01/2025;    ;295671;006;    ;0018151;DISTRIBUIDORA E PETI                              ;(87)99170-3717 ;040;404;PGO7569;    1078,00;    1,38;14/01/2025;87;TEMPO INSUFICIENTE            ;   ;lucianob   ;19:46
182497                            ;14/01/2025;    ;295685;006;    ;0005923;JN RESTAURANTE                                    ;(87)98808-2133 ;040;400;PGO7569;     203,54;    0,40;14/01/2025;72;PDV FECHADO (HORARIO COM.)    ;   ;lucianob   ;19:47
182497                            ;14/01/2025;    ;295686;006;    ;0007593;MERCADINHO JI                                     ;(87)98859-0113 ;040;400;PGO7569;     436,76;    0,55;14/01/2025;87;TEMPO INSUFICIENTE            ;   ;lucianob   ;19:41
182497                            ;14/01/2025;    ;295687;006;    ;0007593;MERCADINHO JI                                     ;(87)98859-0113 ;040;400;PGO7569;     436,76;    0,55;14/01/2025;87;TEMPO INSUFICIENTE            ;   ;lucianob   ;19:42
182497                            ;14/01/2025;    ;295688;006;    ;0000698;ESPETINHO DO SHALIM                               ;(87) 8825-9718 ;040;400;PGO7569;     248,90;    0,28;14/01/2025;87;TEMPO INSUFICIENTE            ;   ;lucianob   ;19:43
182497                            ;14/01/2025;    ;295689;006;    ;0000698;ESPETINHO DO SHALIM                               ;(87) 8825-9718 ;040;400;PGO7569;     539,00;    0,69;14/01/2025;87;TEMPO INSUFICIENTE            ;   ;lucianob   ;19:43
182497                            ;14/01/2025;    ;295690;006;    ;0000698;ESPETINHO DO SHALIM                               ;(87) 8825-9718 ;040;400;PGO7569;      29,26;    0,01;14/01/2025;87;TEMPO INSUFICIENTE            ;   ;lucianob   ;19:44
182497                            ;14/01/2025;    ;295691;006;    ;0010677;JH Distribuidora                                  ;(87)98167-1792 ;040;400;PGO7569;     531,70;    0,69;14/01/2025;87;TEMPO INSUFICIENTE            ;   ;lucianob   ;19:44
182497                            ;14/01/2025;    ;295692;006;    ;0010677;JH Distribuidora                                  ;(87)98167-1792 ;040;400;PGO7569;     357,26;    0,65;14/01/2025;87;TEMPO INSUFICIENTE            ;   ;lucianob   ;19:45
182497                            ;14/01/2025;    ;295693;006;    ;0010677;JH Distribuidora                                  ;(87)98167-1792 ;040;400;PGO7569;      34,90;    0,04;14/01/2025;87;TEMPO INSUFICIENTE            ;   ;lucianob   ;19:45
182499                            ;14/01/2025;    ;295712;006;    ;0016176;ESPACO MIX                                        ;(87)98856-7842 ;040;401;PCX2687;     205,53;    0,17;14/01/2025;72;PDV FECHADO (HORARIO COM.)    ;   ;lucianob   ;19:17
182499                            ;14/01/2025;    ;295722;006;    ;0006341;CALDINHO DA ANNE                                  ;(87)98869-2279 ;040;412;PCX2687;    1095,90;    0,96;14/01/2025;72;PDV FECHADO (HORARIO COM.)    ;   ;lucianob   ;19:17
182499                            ;14/01/2025;    ;295733;006;    ;0017229;VALE BEER                                         ;(87)99964-9813 ;040;412;PCX2687;     902,74;    0,92;14/01/2025;72;PDV FECHADO (HORARIO COM.)    ;   ;lucianob   ;19:18
182499                            ;14/01/2025;    ;295734;006;    ;0017229;VALE BEER                                         ;(87)99964-9813 ;040;412;PCX2687;      71,80;    0,08;14/01/2025;72;PDV FECHADO (HORARIO COM.)    ;   ;lucianob   ;19:18
182517                            ;15/01/2025;    ;295854;006;    ;0008891;BAR DO MANOEL CUTIA                               ;(87)98142-4770 ;040;411;PCI2653;     325,14;    0,59;16/01/2025;71;SEM DINHEIRO/CHEQUE           ;   ;idute      ;15:06
182519                            ;15/01/2025;    ;295960;006;    ;0010698;MINI MIX CIELY                                    ;(87)99989-0650 ;040;402;KIZ3217;     679,21;    0,95;15/01/2025;42;Produto/Quantidade Errada     ;   ;carlosed   ;19:18
182519                            ;15/01/2025;    ;295961;006;    ;0010698;MINI MIX CIELY                                    ;(87)99989-0650 ;040;402;KIZ3217;    1149,43;    1,33;15/01/2025;42;Produto/Quantidade Errada     ;   ;carlosed   ;19:19
182519                            ;15/01/2025;    ;295972;006;    ;0018128;GIZEUDA MARCOS DE LI                              ;(87)99106-8800 ;040;402;KIZ3217;     212,30;    0,22;15/01/2025;42;Produto/Quantidade Errada     ;   ;carlosed   ;19:20
182519                            ;15/01/2025;    ;295974;006;    ;0005270;MERCAD SAO JOSE                                   ;(87)99100-6894 ;040;402;KIZ3217;     805,90;    1,14;15/01/2025;42;Produto/Quantidade Errada     ;   ;carlosed   ;19:19
182525                            ;15/01/2025;    ;296157;006;    ;0008185;COMERCIAL SAO DOMING                              ;(74)99934-6309 ;040;401;RZH6B16;     292,60;    0,16;15/01/2025;71;SEM DINHEIRO/CHEQUE           ;   ;sinval     ;16:46
182527                            ;15/01/2025;    ;296181;006;    ;0010274;SUPERMERCADO DP                                   ;(87)98117-0580 ;080;841;OXN0I49;     369,00;    0,42;15/01/2025;70;CLIENTE CANCELOU              ;   ;sinval     ;17:49
182527                            ;15/01/2025;    ;296186;006;    ;0000679;SABOR DO NORDESTE                                 ;(87)98821-4116 ;040;401;OXN0I49;      11,75;    0,00;15/01/2025;34;Pedido Duplicado              ;   ;sinval     ;17:49
182528                            ;15/01/2025;    ;296215;006;    ;0011874;BAR DO BODE                                       ;(87)99960-4296 ;040;405;RZH6B16;     514,03;    0,84;15/01/2025;72;PDV FECHADO (HORARIO COM.)    ;   ;carlosed   ;20:18
182528                            ;15/01/2025;    ;296216;006;    ;0011874;BAR DO BODE                                       ;(87)99960-4296 ;040;405;RZH6B16;     107,80;    0,13;15/01/2025;72;PDV FECHADO (HORARIO COM.)    ;   ;carlosed   ;20:19
182529                            ;15/01/2025;    ;296222;006;    ;0011924;ESPETINHO DA MARILEN                              ;(87)99204-9996 ;040;408;RZW8I16;     378,08;    0,51;16/01/2025;42;Produto/Quantidade Errada     ;   ;idute      ;13:30
182531                            ;15/01/2025;    ;296272;006;    ;0018913;COMERCIAL CARVALHO                                ;(87)99818-4037 ;040;400;PDB9366;    1494,06;    1,70;15/01/2025;82;ENDERECO NAO ENCONTRADO       ;   ;sinval     ;18:06
182531                            ;15/01/2025;    ;296273;006;    ;0018913;COMERCIAL CARVALHO                                ;(87)99818-4037 ;040;400;PDB9366;    1291,70;    1,91;15/01/2025;82;ENDERECO NAO ENCONTRADO       ;   ;sinval     ;18:06
182532                            ;15/01/2025;    ;296301;006;    ;0009148;MERCADINHO JARDIM                                 ;(87)98113-3633 ;040;405;PGW8630;     359,00;    0,42;16/01/2025;42;Produto/Quantidade Errada     ;   ;idute      ;13:22
182533                            ;15/01/2025;    ;296364;006;    ;0017540;ALTAS HORAS PNZ                                   ;(87)99913-2565 ;040;413;PEM1880;    1157,00;    1,40;15/01/2025;70;CLIENTE CANCELOU              ;   ;sinval     ;17:47
182533                            ;15/01/2025;    ;296365;006;    ;0017540;ALTAS HORAS PNZ                                   ;(87)99913-2565 ;040;413;PEM1880;     977,40;    1,15;15/01/2025;70;CLIENTE CANCELOU              ;   ;sinval     ;17:46
182533                            ;15/01/2025;    ;296378;006;    ;0005826;BAR CALDI DO ROBERTO                              ;(87) 8828-3935 ;040;404;PEM1880;    1139,84;    1,35;15/01/2025;72;PDV FECHADO (HORARIO COM.)    ;   ;sinval     ;17:47
182535                            ;15/01/2025;    ;296433;006;    ;0006444;MERCAD IDEAL                                      ;(87)98875-2092 ;080;840;QYI7A36;     513,34;    0,41;15/01/2025;42;Produto/Quantidade Errada     ;   ;sinval     ;17:20
182536                            ;15/01/2025;    ;296450;006;    ;0011941;ESPETUS E GALETUS GR                              ;(87)99963-1057 ;040;412;KHW1563;    2737,53;    3,06;16/01/2025;72;PDV FECHADO (HORARIO COM.)    ;   ;idute      ;16:08
182537                            ;15/01/2025;    ;296500;006;    ;0009660;MERC SANTA BARBARA                                ;(87)98873-1849 ;080;841;SKK9B87;     677,36;    0,73;16/01/2025;70;CLIENTE CANCELOU              ;   ;idute      ;11:57
182537                            ;15/01/2025;    ;296501;006;    ;0009660;MERC SANTA BARBARA                                ;(87)98873-1849 ;080;841;SKK9B87;    1254,97;    1,59;16/01/2025;70;CLIENTE CANCELOU              ;   ;idute      ;11:58
182538                            ;15/01/2025;    ;296525;006;    ;0000492;SB SUPERMERCADO                                   ;(87)98809-4598 ;080;841;PDC0246;      74,00;    0,24;15/01/2025;34;Pedido Duplicado              ;   ;sinval     ;17:07
182545                            ;15/01/2025;    ;295932;006;    ;0017392;MERCADO 2                                         ;(87)99909-1968 ;040;410;PCI2783;    4207,90;    5,17;15/01/2025;51;NF ERRADA                     ;   ;sinval     ;08:30
182545                            ;15/01/2025;    ;295934;006;    ;0016043;MERCADO AVISTaO                                   ;(87)98869-2934 ;080;841;PCI2783;    1716,57;    2,15;15/01/2025;51;NF ERRADA                     ;   ;sinval     ;08:31
182545                            ;15/01/2025;    ;296000;006;    ;0010101;AG DISTRIBUIDORA                                  ;(87)98168-7038 ;040;413;OYP3193;    2376,19;    2,84;15/01/2025;51;NF ERRADA                     ;   ;sinval     ;08:31
182545                            ;15/01/2025;    ;296017;006;    ;0005551;DIS. 2 IRMaOS                                     ;(87)99159-1448 ;040;413;OYP3193;     369,00;    0,42;15/01/2025;51;NF ERRADA                     ;   ;sinval     ;08:31
182546                            ;15/01/2025;    ;295888;006;    ;0018476;BUDEGA DA TEREZA                                  ;(87)99629-2080 ;040;410;PCI2783;      82,08;    0,30;16/01/2025;72;PDV FECHADO (HORARIO COM.)    ;   ;idute      ;16:38
182546                            ;15/01/2025;    ;295918;006;    ;0010689;MERCADO MM MIRANDA                                ;(87)99944-4608 ;080;841;PCI2783;     201,13;    0,12;16/01/2025;71;SEM DINHEIRO/CHEQUE           ;   ;idute      ;16:37
182546                            ;15/01/2025;    ;295919;006;    ;0010689;MERCADO MM MIRANDA                                ;(87)99944-4608 ;080;841;PCI2783;    1639,90;    2,13;16/01/2025;71;SEM DINHEIRO/CHEQUE           ;   ;idute      ;16:37
182546                            ;15/01/2025;    ;295947;006;    ;0015470;MERCANTIL BANCADA                                 ;(87)99637-3696 ;040;410;PCI2783;     215,40;    0,25;16/01/2025;71;SEM DINHEIRO/CHEQUE           ;   ;idute      ;16:38
182546                            ;15/01/2025;    ;296530;006;    ;0017392;MERCADO 2                                         ;(87)99909-1968 ;040;410;PCI2783;    2695,00;    3,45;16/01/2025;64;SEM VASILHAME                 ;   ;idute      ;16:39
182547                            ;15/01/2025;    ;295996;006;    ;0018662;BAR E RESTAURANTE E                               ;(87)99164-7973 ;040;402;OYP3193;     117,00;    0,13;15/01/2025;72;PDV FECHADO (HORARIO COM.)    ;   ;carlosed   ;19:24
182547                            ;15/01/2025;    ;296005;006;    ;0017562;PANIFICADORA OPCAO                                ;(87)99162-5587 ;040;406;OYP3193;     192,40;    0,30;15/01/2025;50;CARGA ERRADA ARMAZEM          ;   ;carlosed   ;19:23
182547                            ;15/01/2025;    ;296011;006;    ;0018303;R DISTRIBUIDORA BELA                              ;(87)98153-7635 ;040;406;OYP3193;     381,00;    0,42;15/01/2025;50;CARGA ERRADA ARMAZEM          ;   ;carlosed   ;19:25
182562                            ;16/01/2025;    ;296549;006;    ;0009350;BAR ENCONT AMIGOS N8                              ;(87) 9646-9683 ;040;400;OYP3193;     161,70;    0,20;16/01/2025;71;SEM DINHEIRO/CHEQUE           ;   ;idute      ;17:53
182562                            ;16/01/2025;    ;296550;006;    ;0009350;BAR ENCONT AMIGOS N8                              ;(87) 9646-9683 ;040;400;OYP3193;     161,70;    0,20;16/01/2025;71;SEM DINHEIRO/CHEQUE           ;   ;idute      ;17:54
182563                            ;16/01/2025;    ;296605;006;    ;0000879;GARAGEM DISTRIBUIDOR                              ;(87)98846-3580 ;040;405;RZN4I62;      86,74;    0,18;16/01/2025;64;SEM VASILHAME                 ;   ;idute      ;17:11
182569                            ;16/01/2025;    ;296803;006;    ;0018723;DISTRIBUIDORA SEU JO                              ;(87)97400-5910 ;040;409;PEM1880;     161,70;    0,20;16/01/2025;64;SEM VASILHAME                 ;   ;idute      ;17:28
182570                            ;16/01/2025;    ;296855;006;    ;0010309;NALDO MERCADINHO                                  ;(87)99155-0692 ;040;405;PDB9366;      10,76;    0,01;16/01/2025;42;Produto/Quantidade Errada     ;DER;idute      ;17:09
182572                            ;16/01/2025;    ;296908;006;    ;0009113;DIST BORA TOMAR UMA                               ;(87)98851-4021 ;040;407;QYI7A36;    1136,32;    1,35;16/01/2025;42;Produto/Quantidade Errada     ;   ;idute      ;18:15
182605                            ;17/01/2025;    ;297088;006;    ;0015451;CASTRO EVENTOS                                    ;(87)98862-0035 ;040;408;QYB6002;   34331,20;   54,10;25/01/2025;91;CONSIGNACAO                   ;   ;yuri       ;12:58
182607                            ;17/01/2025;    ;297196;006;    ;0018485;POSTO VERMELHAO                                   ;(87)99683-6170 ;040;410;PCI2783;     117,14;    0,27;18/01/2025;71;SEM DINHEIRO/CHEQUE           ;   ;idute      ;13:13
182607                            ;17/01/2025;    ;297206;006;    ;0007603;MERCADINHO DO TONHAO                              ;(87)98147-3786 ;040;410;PCI2783;     643,42;    0,94;18/01/2025;23;(C)Pedidos duplicados         ;   ;idute      ;13:13
182610                            ;17/01/2025;    ;297400;006;    ;0018700;GELA GUELA DISTRIBUI                              ;(87)99157-8449 ;040;400;QYI7A36;     164,74;    0,09;17/01/2025;42;Produto/Quantidade Errada     ;   ;carlosed   ;19:07
182610                            ;17/01/2025;    ;297401;006;    ;0018700;GELA GUELA DISTRIBUI                              ;(87)99157-8449 ;040;400;QYI7A36;     715,82;    0,88;17/01/2025;42;Produto/Quantidade Errada     ;   ;carlosed   ;19:07
182613                            ;17/01/2025;    ;297488;006;    ;0016649;MERC JOaO DE DEUS                                 ;(87)99648-3951 ;040;404;RZW8I16;     450,40;    0,62;17/01/2025;71;SEM DINHEIRO/CHEQUE           ;   ;sinval     ;11:03
182615                            ;17/01/2025;    ;297556;006;    ;0001447;O CALDINHO                                        ;(87) 8829-0459 ;040;408;RZW8I16;     264,80;    0,52;17/01/2025;72;PDV FECHADO (HORARIO COM.)    ;   ;sinval     ;15:57
182615                            ;17/01/2025;    ;297557;006;    ;0001447;O CALDINHO                                        ;(87) 8829-0459 ;040;408;RZW8I16;      37,10;    0,04;17/01/2025;72;PDV FECHADO (HORARIO COM.)    ;   ;sinval     ;15:57
182620                            ;17/01/2025;    ;297698;006;    ;0025795;JENELICIA JOANA DE J                              ;(87)98858-6077 ;040;401;PDB6166;      58,50;    0,06;17/01/2025;71;SEM DINHEIRO/CHEQUE           ;   ;sinval     ;15:57
182621                            ;17/01/2025;    ;297762;006;    ;0018589;DISK BEER                                         ;(79)98141-7611 ;040;409;PDB9366;    1397,80;    1,50;17/01/2025;72;PDV FECHADO (HORARIO COM.)    ;   ;sinval     ;17:55
182621                            ;17/01/2025;    ;297763;006;    ;0018589;DISK BEER                                         ;(79)98141-7611 ;040;409;PDB9366;     683,21;    1,83;17/01/2025;72;PDV FECHADO (HORARIO COM.)    ;   ;sinval     ;17:56
182624                            ;17/01/2025;    ;297839;006;    ;0007510;MERCADINHO RODRIGUES                              ;(87)98802-8977 ;040;404;PER3140;      36,88;    0,12;17/01/2025;72;PDV FECHADO (HORARIO COM.)    ;   ;carlosed   ;19:21
182624                            ;17/01/2025;    ;297840;006;    ;0007510;MERCADINHO RODRIGUES                              ;(87)98802-8977 ;040;404;PER3140;     145,55;    0,18;17/01/2025;72;PDV FECHADO (HORARIO COM.)    ;   ;carlosed   ;19:22
182624                            ;17/01/2025;    ;297841;006;    ;0007510;MERCADINHO RODRIGUES                              ;(87)98802-8977 ;040;404;PER3140;      34,90;    0,04;17/01/2025;72;PDV FECHADO (HORARIO COM.)    ;   ;carlosed   ;19:23
182625                            ;17/01/2025;    ;297870;006;    ;0007296;BRASILIAS BAR E REST                              ;(87)98837-4050 ;040;412;PGO7569;     456,90;    0,61;17/01/2025;71;SEM DINHEIRO/CHEQUE           ;   ;carlosed   ;19:05
182642                            ;17/01/2025;    ;297577;006;    ;0015925;MERCADINHO BEBIDAS                                ;(87)99807-4743 ;040;409;RZW8I16;    1546,90;    1,82;17/01/2025;86;HORARIO DE ENTREGA            ;   ;carlosed   ;20:09
182644                            ;18/01/2025;    ;297966;006;    ;0003144;CL MERCADINHO                                     ;(87)99207-0005 ;040;407;RZH6B16;      50,90;    0,10;18/01/2025;72;PDV FECHADO (HORARIO COM.)    ;   ;idute      ;14:12
182646                            ;18/01/2025;    ;298069;006;    ;0008113;MESTRE DO CALDO                                   ;(74) 8801-5505 ;040;408;KIZ3217;     294,00;    0,28;18/01/2025;72;PDV FECHADO (HORARIO COM.)    ;   ;idute      ;16:20
182651                            ;18/01/2025;    ;298231;006;    ;0017156;ADEGA JES                                         ;(87)99629-4322 ;040;402;OYP3193;      15,65;    0,01;18/01/2025;42;Produto/Quantidade Errada     ;   ;idute      ;16:38
182670                            ;18/01/2025;    ;298033;006;    ;0007854;BAR DA ANTONIA                                    ;(87)98868-5466 ;040;402;RZW8I16;     161,80;    0,24;21/01/2025;08;Mapa nao carregado / nao canc.;   ;sinval     ;17:57
182690                            ;20/01/2025;    ;298525;006;    ;0016089;MERCANTIL BATISTA                                 ;(11)98719-7682 ;040;410;OYP3193;    1903,02;    2,34;20/01/2025;87;TEMPO INSUFICIENTE            ;   ;idute      ;18:23
182690                            ;20/01/2025;    ;298526;006;    ;0006715;BAR DO ASSIS                                      ;(87)99622-8884 ;040;410;OYP3193;     250,56;    0,39;20/01/2025;87;TEMPO INSUFICIENTE            ;   ;idute      ;18:22
182690                            ;20/01/2025;    ;298531;006;    ;0010253;DIST IMPERIO                                      ;(41) 5398-3470 ;040;410;OYP3193;    1380,36;    1,11;20/01/2025;87;TEMPO INSUFICIENTE            ;   ;idute      ;18:19
182690                            ;20/01/2025;    ;298537;006;    ;0008011;BODE ASSADO NOVA OPC                              ;(87)99913-6851 ;040;410;OYP3193;    1333,95;    1,45;20/01/2025;87;TEMPO INSUFICIENTE            ;   ;idute      ;18:19
182690                            ;20/01/2025;    ;298538;006;    ;0008011;BODE ASSADO NOVA OPC                              ;(87)99913-6851 ;040;410;OYP3193;     319,60;    0,35;20/01/2025;87;TEMPO INSUFICIENTE            ;   ;idute      ;18:20
182690                            ;20/01/2025;    ;298539;006;    ;0008011;BODE ASSADO NOVA OPC                              ;(87)99913-6851 ;040;410;OYP3193;       4,17;    0,00;20/01/2025;87;TEMPO INSUFICIENTE            ;   ;idute      ;18:20
182690                            ;20/01/2025;    ;298554;006;    ;0010651;COMERCIAL LEITE                                   ;(87)99947-5825 ;040;410;OYP3193;      45,00;    0,04;20/01/2025;42;Produto/Quantidade Errada     ;   ;idute      ;18:18
182691                            ;20/01/2025;    ;298566;006;    ;0016654;CANTINHO BAR                                      ;(87)98856-6324 ;040;402;RZH6B16;      99,12;    0,19;20/01/2025;72;PDV FECHADO (HORARIO COM.)    ;   ;idute      ;16:42
182692                            ;20/01/2025;    ;298606;006;    ;0016210;MERCADINHO JS                                     ;(87)98837-8810 ;040;409;RZW8I16;     456,90;    0,83;20/01/2025;72;PDV FECHADO (HORARIO COM.)    ;   ;idute      ;14:11
182693                            ;20/01/2025;    ;298627;006;    ;0015083;BAR e PETISCARIA TM                               ;(87)99611-6226 ;040;401;PCG6384;     592,90;    0,75;20/01/2025;71;SEM DINHEIRO/CHEQUE           ;   ;idute      ;17:08
182693                            ;20/01/2025;    ;298628;006;    ;0015083;BAR e PETISCARIA TM                               ;(87)99611-6226 ;040;401;PCG6384;     107,80;    0,13;20/01/2025;71;SEM DINHEIRO/CHEQUE           ;   ;idute      ;17:09
182696                            ;20/01/2025;    ;298728;006;    ;0000020;MERCADINHO COELHO                                 ;(87) 3863-7282 ;040;405;PER3140;    1131,90;    1,44;20/01/2025;73;FALTA DE ATIVOS DE GIRO       ;   ;idute      ;17:17
182698                            ;20/01/2025;    ;298801;006;    ;0006347;MER COMPRE MAIS                                   ;(87)98855-9361 ;080;841;SKK9B87;    1760,82;    3,18;20/01/2025;87;TEMPO INSUFICIENTE            ;   ;lucianob   ;18:45
182698                            ;20/01/2025;    ;298807;006;    ;0007585;BRASIL BEBIDAS                                    ;(87)98811-4016 ;040;402;SKK9B87;     469,00;    0,56;20/01/2025;32;ENTREGA ATRASADA (BUFFER)     ;   ;lucianob   ;18:48
182698                            ;20/01/2025;    ;298808;006;    ;0007585;BRASIL BEBIDAS                                    ;(87)98811-4016 ;040;402;SKK9B87;      43,45;    0,08;20/01/2025;32;ENTREGA ATRASADA (BUFFER)     ;   ;lucianob   ;18:45
182698                            ;20/01/2025;    ;298819;006;    ;0018898;MERCADINHO DO VALE                                ;(87)98863-7010 ;040;409;SKK9B87;     442,32;    1,17;20/01/2025;87;TEMPO INSUFICIENTE            ;   ;lucianob   ;18:44
182705                            ;21/01/2025;    ;298830;006;    ;0009048;IZACOLANDIA CONVENIE                              ;(84)98179-0520 ;080;841;PCI2783;     996,29;    1,56;22/01/2025;64;SEM VASILHAME                 ;   ;idute      ;11:35
182710                            ;21/01/2025;    ;299040;006;    ;0026122;ARAUJO BEBIDAS                                    ;(74)98141-0229 ;040;413;PER3140;      59,93;    0,12;21/01/2025;72;PDV FECHADO (HORARIO COM.)    ;   ;sinval     ;17:56
182711                            ;21/01/2025;    ;299080;006;    ;0009827;PARAISO DO SERTAO                                 ;(87)98170-6739 ;040;412;PGO7569;     300,00;    0,14;21/01/2025;42;Produto/Quantidade Errada     ;   ;sinval     ;17:40
182713                            ;21/01/2025;    ;299120;006;    ;0007383;MERCADINHO N.D                                    ;(87)98836-0305 ;040;401;RZW8I16;     107,80;    0,13;21/01/2025;72;PDV FECHADO (HORARIO COM.)    ;   ;sinval     ;12:09
182714                            ;21/01/2025;    ;299146;006;    ;0010454;DESTAK MERCADINHO                                 ;(87)98831-6718 ;040;405;RZW8I16;     385,50;    0,61;21/01/2025;42;Produto/Quantidade Errada     ;   ;carlosed   ;18:49
182714                            ;21/01/2025;    ;299158;006;    ;0018447;CANTINHO DO LANCHE                                ;(87)99137-8940 ;040;401;RZW8I16;     155,80;    0,25;21/01/2025;71;SEM DINHEIRO/CHEQUE           ;   ;carlosed   ;18:52
182714                            ;21/01/2025;    ;299160;006;    ;0018236;REST REPUBLICA NORD                               ;(87)98834-9530 ;040;412;RZW8I16;     309,10;    0,40;21/01/2025;72;PDV FECHADO (HORARIO COM.)    ;   ;carlosed   ;18:50
182714                            ;21/01/2025;    ;299161;006;    ;0018236;REST REPUBLICA NORD                               ;(87)98834-9530 ;040;412;RZW8I16;      29,76;    0,04;21/01/2025;72;PDV FECHADO (HORARIO COM.)    ;   ;carlosed   ;18:51
182721                            ;21/01/2025;    ;299345;006;    ;0001465;BAR DA BRANCA                                     ;(87)99995-7723 ;040;407;OXN0I49;     468,64;    0,23;21/01/2025;71;SEM DINHEIRO/CHEQUE           ;   ;sinval     ;11:43
182722                            ;21/01/2025;    ;299351;006;    ;0017758;SALGADOS IMPERIO                                  ;(87)98875-2722 ;040;402;OXN0I49;     320,90;    0,57;21/01/2025;50;CARGA ERRADA ARMAZEM          ;   ;sinval     ;15:50
182722                            ;21/01/2025;    ;299352;006;    ;0017758;SALGADOS IMPERIO                                  ;(87)98875-2722 ;040;402;OXN0I49;      58,50;    0,06;21/01/2025;50;CARGA ERRADA ARMAZEM          ;   ;sinval     ;15:51
182724                            ;21/01/2025;    ;299394;006;    ;0013864;MERCADINHO 3 IRMÃO                                ;(87)98832-1191 ;040;407;SKK9B87;    1183,30;    1,70;22/01/2025;72;PDV FECHADO (HORARIO COM.)    ;   ;idute      ;13:25
182724                            ;21/01/2025;    ;299412;006;    ;0018734;MARIA APARECIDA SIQU                              ;(87)98178-3348 ;040;407;SKK9B87;     785,28;    0,96;22/01/2025;72;PDV FECHADO (HORARIO COM.)    ;   ;idute      ;13:26
182724                            ;21/01/2025;    ;299413;006;    ;0018734;MARIA APARECIDA SIQU                              ;(87)98178-3348 ;040;407;SKK9B87;     393,96;    0,54;22/01/2025;72;PDV FECHADO (HORARIO COM.)    ;   ;idute      ;13:26
182727                            ;21/01/2025;    ;299522;006;    ;0007317;BAR DO GALEGO                                     ;(87)98825-7506 ;040;400;PDC0246;     433,40;    0,55;21/01/2025;71;SEM DINHEIRO/CHEQUE           ;   ;sinval     ;17:34
182727                            ;21/01/2025;    ;299523;006;    ;0007317;BAR DO GALEGO                                     ;(87)98825-7506 ;040;400;PDC0246;     433,40;    0,55;21/01/2025;71;SEM DINHEIRO/CHEQUE           ;   ;sinval     ;17:35
182729                            ;21/01/2025;    ;299588;006;    ;0016176;ESPACO MIX                                        ;(87)98856-7842 ;040;401;PCX2687;    1144,20;    1,44;21/01/2025;72;PDV FECHADO (HORARIO COM.)    ;   ;sinval     ;17:33
182729                            ;21/01/2025;    ;299589;006;    ;0016176;ESPACO MIX                                        ;(87)98856-7842 ;040;401;PCX2687;     851,34;    1,15;21/01/2025;72;PDV FECHADO (HORARIO COM.)    ;   ;sinval     ;17:34
182749                            ;22/01/2025;    ;299729;006;    ;0003042;BEATRIZ BAR                                       ;(87)99910-1920 ;040;411;OYP3193;    2116,00;    2,76;23/01/2025;71;SEM DINHEIRO/CHEQUE           ;   ;sinval     ;11:40
182754                            ;22/01/2025;    ;299977;006;    ;0017447;BAR DA PITU                                       ;(87)99179-4295 ;040;406;PER3140;      72,20;    0,08;22/01/2025;72;PDV FECHADO (HORARIO COM.)    ;   ;idute      ;17:26
182759                            ;22/01/2025;    ;300086;006;    ;0010062;PETA DISTRIBUIDORA                                ;(87)98172-1980 ;040;404;RZH6B16;     655,70;    0,82;22/01/2025;71;SEM DINHEIRO/CHEQUE           ;   ;idute      ;17:58
182760                            ;22/01/2025;    ;300131;006;    ;0011249;PADARIA SOUZA                                     ;(87)98869-9503 ;040;405;OXN0I49;      43,20;    0,12;22/01/2025;72;PDV FECHADO (HORARIO COM.)    ;   ;idute      ;14:  
182760                            ;22/01/2025;    ;300132;006;    ;0011249;PADARIA SOUZA                                     ;(87)98869-9503 ;040;405;OXN0I49;      44,04;    0,12;22/01/2025;72;PDV FECHADO (HORARIO COM.)    ;   ;idute      ;14:  
182763                            ;22/01/2025;    ;300191;006;    ;0008617;MERCADINHO LEITE                                  ;(87)98808-4329 ;080;840;QYW7A22;     798,04;    0,89;22/01/2025;82;ENDERECO NAO ENCONTRADO       ;   ;lucianob   ;20:44
182763                            ;22/01/2025;    ;300192;006;    ;0008617;MERCADINHO LEITE                                  ;(87)98808-4329 ;080;840;QYW7A22;    4949,72;    6,28;22/01/2025;82;ENDERECO NAO ENCONTRADO       ;   ;lucianob   ;20:45
182763                            ;22/01/2025;    ;300207;006;    ;0000946;Bar do Pedro                                      ;(87) 3867-6620 ;040;403;QYW7A22;     142,30;    0,28;22/01/2025;87;TEMPO INSUFICIENTE            ;   ;lucianob   ;20:43
182763                            ;22/01/2025;    ;300208;006;    ;0000946;Bar do Pedro                                      ;(87) 3867-6620 ;040;403;QYW7A22;      48,00;    0,12;22/01/2025;87;TEMPO INSUFICIENTE            ;   ;lucianob   ;20:43
182765                            ;22/01/2025;    ;300280;006;    ;0000085;BARRACO DA MOTOVALE                               ;(87)99987-8050 ;040;408;PGW8630;      87,12;    0,34;22/01/2025;55;QUALIDADE DO PRODUTO          ;   ;lucianob   ;19:41
182765                            ;22/01/2025;    ;300287;006;    ;0018229;A DONA PIZZA                                      ;(87)98817-7345 ;040;408;PGW8630;     125,40;    0,13;22/01/2025;71;SEM DINHEIRO/CHEQUE           ;   ;lucianob   ;19:40
182765                            ;22/01/2025;    ;300292;006;    ;0008793;DEL RIO RESTAURANTES                              ;(81)99727-1454 ;040;412;PGW8630;     250,53;    1,10;22/01/2025;86;HORARIO DE ENTREGA            ;   ;lucianob   ;19:42
182765                            ;22/01/2025;    ;300294;006;    ;0008624;MINIBARS                                          ;(87)98815-5566 ;040;412;PGW8630;     264,19;    0,25;22/01/2025;86;HORARIO DE ENTREGA            ;   ;lucianob   ;19:42
182771                            ;22/01/2025;    ;300406;006;    ;0003163;RECANTO LANCHE                                    ;(87) 8834-5449 ;040;403;SNT2B29;     215,60;    0,27;23/01/2025;72;PDV FECHADO (HORARIO COM.)    ;   ;sinval     ;13:27
182772                            ;22/01/2025;    ;300455;006;    ;0016906;DISTRIBUIDORA RIBEIR                              ;(87)98117-5316 ;040;404;MXF8510;    1886,50;    2,41;22/01/2025;71;SEM DINHEIRO/CHEQUE           ;   ;lucianob   ;18:46
182772                            ;22/01/2025;    ;300456;006;    ;0016906;DISTRIBUIDORA RIBEIR                              ;(87)98117-5316 ;040;404;MXF8510;      27,84;    0,04;22/01/2025;71;SEM DINHEIRO/CHEQUE           ;   ;lucianob   ;18:46
182772                            ;22/01/2025;    ;300457;006;    ;0016906;DISTRIBUIDORA RIBEIR                              ;(87)98117-5316 ;040;404;MXF8510;     251,30;    0,29;22/01/2025;71;SEM DINHEIRO/CHEQUE           ;   ;lucianob   ;18:47
182788                            ;23/01/2025;    ;300591;006;    ;0008177;BAR DA VERA                                       ;(87)98806-9226 ;040;400;PER3140;      43,70;    0,13;23/01/2025;71;SEM DINHEIRO/CHEQUE           ;   ;sinval     ;18:26
182794                            ;23/01/2025;    ;300709;006;    ;0026413;JOSE SABINO DA SILVA                              ;(87)98872-7478 ;040;404;RZW8I16;     314,90;    0,39;23/01/2025;72;PDV FECHADO (HORARIO COM.)    ;   ;carlosed   ;19:59
182794                            ;23/01/2025;    ;300720;006;    ;0018570;RESTAURANTE FAMILIAR                              ;(87)98866-3897 ;040;401;RZW8I16;     226,16;    0,21;23/01/2025;42;Produto/Quantidade Errada     ;   ;carlosed   ;19:59
182795                            ;23/01/2025;    ;300750;006;    ;0003512;DRINKS BAR                                        ;(87)98822-8063 ;040;407;PGO7569;      99,44;    0,13;23/01/2025;71;SEM DINHEIRO/CHEQUE           ;   ;sinval     ;16:41
182795                            ;23/01/2025;    ;300751;006;    ;0003512;DRINKS BAR                                        ;(87)98822-8063 ;040;407;PGO7569;      16,88;    0,06;23/01/2025;71;SEM DINHEIRO/CHEQUE           ;   ;sinval     ;16:42
182796                            ;23/01/2025;    ;300781;006;    ;0006058;BMB MERCADINHO                                    ;(87) 3864-3026 ;040;409;PDB9366;      39,62;    0,02;23/01/2025;70;CLIENTE CANCELOU              ;   ;sinval     ;14:59
182797                            ;23/01/2025;    ;300842;006;    ;0017438;DISTRI COELHO                                     ;(87)98849-0398 ;040;402;PDC0246;    1903,80;    2,35;23/01/2025;71;SEM DINHEIRO/CHEQUE           ;   ;carlosed   ;18:55
182802                            ;23/01/2025;    ;301018;006;    ;0010700;LANCHES E CIA                                     ;(87)98816-0528 ;040;408;QYW7A22;      54,29;    0,06;23/01/2025;71;SEM DINHEIRO/CHEQUE           ;   ;sinval     ;18:08
182802                            ;23/01/2025;    ;301033;006;    ;0018591;LANCH DO SILVINO                                  ;(87)98806-8860 ;040;403;QYW7A22;     191,69;    0,17;23/01/2025;72;PDV FECHADO (HORARIO COM.)    ;   ;sinval     ;18:09
182802                            ;23/01/2025;    ;301048;006;    ;0025850;ECONOMIA REAL                                     ;(87)99634-3363 ;080;841;QYW7A22;    3252,78;    7,73;23/01/2025;50;CARGA ERRADA ARMAZEM          ;   ;sinval     ;18:07
182804                            ;23/01/2025;    ;301082;006;    ;0003914;MERCADINHO ECONOMICO                              ;(87)93863-2325 ;080;841;KHW1563;    2507,94;    5,55;23/01/2025;87;TEMPO INSUFICIENTE            ;   ;sinval     ;18:26
182806                            ;23/01/2025;    ;301158;006;    ;0010545;BODEGA SUPREMA CERVE                              ;(87)98153-4497 ;040;413;MXF8510;      11,69;    0,01;24/01/2025;81;PRODUTO DANIFICADO / FALTA    ;   ;idute      ;13:39
182818                            ;24/01/2025;    ;301494;006;    ;0008102;MERCADO RK                                        ;(87)99154-8702 ;040;406;KIZ3217;     408,72;    0,50;24/01/2025;71;SEM DINHEIRO/CHEQUE           ;   ;idute      ;15:51
182819                            ;24/01/2025;    ;301525;006;    ;0018407;FATIADO DO RUBINHO                                ;(87)99114-0189 ;040;400;SNT2B29;      59,52;    0,08;24/01/2025;72;PDV FECHADO (HORARIO COM.)    ;   ;lucianob   ;19:11
182819                            ;24/01/2025;    ;301526;006;    ;0018407;FATIADO DO RUBINHO                                ;(87)99114-0189 ;040;400;SNT2B29;      40,80;    0,12;24/01/2025;72;PDV FECHADO (HORARIO COM.)    ;   ;lucianob   ;19:11
182821                            ;24/01/2025;    ;301550;006;    ;0011864;HORTIFRUTI MARIELI                                ;(87)98115-6296 ;040;402;RZW8I16;     587,66;    1,42;24/01/2025;50;CARGA ERRADA ARMAZEM          ;   ;idute      ;12:05
182822                            ;24/01/2025;    ;301565;006;    ;0017280;PIRATA LANCHES                                    ;(87)98866-0867 ;040;409;RZH6B16;     511,80;    0,71;24/01/2025;72;PDV FECHADO (HORARIO COM.)    ;   ;idute      ;11:31
182824                            ;24/01/2025;    ;301619;006;    ;0018252;MERCEARIA SANTOS                                  ;(87)98823-0705 ;040;405;RZH6B16;     269,50;    0,34;24/01/2025;42;Produto/Quantidade Errada     ;   ;idute      ;18:23
182827                            ;24/01/2025;    ;301698;006;    ;0025795;JENELICIA JOANA DE J                              ;(87)98858-6077 ;040;401;PDB6166;     117,00;    0,13;24/01/2025;71;SEM DINHEIRO/CHEQUE           ;   ;lucianob   ;18:31
182833                            ;24/01/2025;    ;301918;006;    ;0017835;DISTRIBUIDORA MR                                  ;(87)99140-6201 ;040;404;QYI7A36;      20,48;    0,06;24/01/2025;50;CARGA ERRADA ARMAZEM          ;   ;idute      ;18:22
182834                            ;24/01/2025;    ;301981;006;    ;0000752;BAR DO CHIQUINHO                                  ;(87)98821-6247 ;040;409;PER3140;     138,40;    0,18;24/01/2025;73;FALTA DE ATIVOS DE GIRO       ;   ;lucianob   ;18:55
182836                            ;24/01/2025;    ;302022;006;    ;0018679;GUILERME GOMES DE SO                              ;(87)98116-3446 ;040;404;SKK9B87;       2,61;    0,00;24/01/2025;72;PDV FECHADO (HORARIO COM.)    ;   ;idute      ;18:14
182837                            ;24/01/2025;    ;302038;006;    ;0017210;QUIOSQUE DA INTEGRAC                              ;(87)99970-6584 ;040;412;OYP3193;      44,25;    0,01;24/01/2025;72;PDV FECHADO (HORARIO COM.)    ;   ;lucianob   ;19:08
182857                            ;24/01/2025;    ;301635;006;    ;0018659;ESPETO DO CAZUZA                                  ;(87)99162-4118 ;040;408;RZN4I62;     117,00;    0,13;27/01/2025;72;PDV FECHADO (HORARIO COM.)    ;   ;sinval     ;16:08
182857                            ;24/01/2025;    ;301636;006;    ;0018659;ESPETO DO CAZUZA                                  ;(87)99162-4118 ;040;408;RZN4I62;     165,00;    0,25;27/01/2025;72;PDV FECHADO (HORARIO COM.)    ;   ;sinval     ;16:08
182857                            ;24/01/2025;    ;301637;006;    ;0018659;ESPETO DO CAZUZA                                  ;(87)99162-4118 ;040;408;RZN4I62;      95,60;    0,11;27/01/2025;72;PDV FECHADO (HORARIO COM.)    ;   ;sinval     ;16:08
182858                            ;25/01/2025;    ;302073;006;    ;0003662;MERCADINHO MENDES                                 ;(87) 9602-8745 ;040;404;RZH6B16;       3,25;    0,00;25/01/2025;72;PDV FECHADO (HORARIO COM.)    ;DER;sinval     ;13:16
182858                            ;25/01/2025;    ;302075;006;    ;0006592;MERCADINHO ALVES                                  ;(87)98845-4740 ;040;404;RZH6B16;      40,47;    0,03;25/01/2025;42;Produto/Quantidade Errada     ;DER;sinval     ;13:16
182858                            ;25/01/2025;    ;302088;006;    ;0017963;JJ BAR                                            ;(87)99116-0964 ;040;400;RZH6B16;     215,60;    0,27;25/01/2025;72;PDV FECHADO (HORARIO COM.)    ;   ;sinval     ;13:16
182859                            ;25/01/2025;    ;302100;006;    ;0018340;RS ESPETO                                         ;(85)98166-0729 ;040;403;RZW8I16;     120,00;    0,13;27/01/2025;72;PDV FECHADO (HORARIO COM.)    ;   ;sinval     ;12:43
182859                            ;25/01/2025;    ;302101;006;    ;0018340;RS ESPETO                                         ;(85)98166-0729 ;040;403;RZW8I16;     120,00;    0,13;27/01/2025;72;PDV FECHADO (HORARIO COM.)    ;   ;sinval     ;12:43
182859                            ;25/01/2025;    ;302121;006;    ;0017185;DISK DA JOELMA                                    ;(87)98833-4486 ;040;402;RZW8I16;      53,90;    0,06;27/01/2025;72;PDV FECHADO (HORARIO COM.)    ;   ;sinval     ;12:45
182859                            ;25/01/2025;    ;302122;006;    ;0017185;DISK DA JOELMA                                    ;(87)98833-4486 ;040;402;RZW8I16;     135,64;    0,18;27/01/2025;72;PDV FECHADO (HORARIO COM.)    ;   ;sinval     ;12:45
182859                            ;25/01/2025;    ;302125;006;    ;0016025;BAR E LANCHONETE DA                               ;(87)98124-7549 ;040;402;RZW8I16;     175,50;    0,20;27/01/2025;42;Produto/Quantidade Errada     ;   ;sinval     ;12:44
182859                            ;25/01/2025;    ;302126;006;    ;0016025;BAR E LANCHONETE DA                               ;(87)98124-7549 ;040;402;RZW8I16;     232,55;    0,21;27/01/2025;42;Produto/Quantidade Errada     ;   ;sinval     ;12:44
182859                            ;25/01/2025;    ;302128;006;    ;0018339;BAR DO VAL                                        ;(87)98127-0732 ;040;402;RZW8I16;     175,50;    0,20;27/01/2025;65;NAO FEZ PEDIDO                ;DER;sinval     ;12:44
182861                            ;25/01/2025;    ;302211;006;    ;0016390;BOTECO DA LURDINHA                                ;(87)98823-8750 ;040;405;KIZ3217;      29,76;    0,04;25/01/2025;72;PDV FECHADO (HORARIO COM.)    ;   ;sinval     ;14:15
182862                            ;25/01/2025;    ;302240;006;    ;0018964;ALEX ESPETO E CERVEJ                              ;(87)99802-3483 ;040;400;SKK9B87;    1616,60;    1,83;25/01/2025;72;PDV FECHADO (HORARIO COM.)    ;   ;sinval     ;16:35
182862                            ;25/01/2025;    ;302241;006;    ;0007274;HORTFRUT POPULAR                                  ;(87) 3867-6540 ;040;400;SKK9B87;     691,02;    1,30;25/01/2025;42;Produto/Quantidade Errada     ;   ;sinval     ;16:36
182862                            ;25/01/2025;    ;302242;006;    ;0007274;HORTFRUT POPULAR                                  ;(87) 3867-6540 ;040;400;SKK9B87;      25,00;    0,02;25/01/2025;42;Produto/Quantidade Errada     ;DER;sinval     ;16:36
182864                            ;25/01/2025;    ;302317;006;    ;0000733;MERCADINHO NOVA OPCA                              ;(87)98811-3517 ;040;403;PGO7569;     161,70;    0,20;25/01/2025;73;FALTA DE ATIVOS DE GIRO       ;   ;sinval     ;14:15
182864                            ;25/01/2025;    ;302340;006;    ;0018990;JONAS BAR                                         ;(87)99643-7280 ;040;411;PGO7569;    1979,10;    1,39;25/01/2025;82;ENDERECO NAO ENCONTRADO       ;   ;sinval     ;14:14
182882                            ;27/01/2025;    ;302575;006;    ;0007842;PONTO DO CALDO                                    ;(87)99652-2402 ;040;410;OYP3193;     140,10;    0,30;27/01/2025;87;TEMPO INSUFICIENTE            ;   ;carlosed   ;18:47
182882                            ;27/01/2025;    ;302576;006;    ;0007842;PONTO DO CALDO                                    ;(87)99652-2402 ;040;410;OYP3193;      25,00;    0,02;27/01/2025;87;TEMPO INSUFICIENTE            ;DER;carlosed   ;18:48
182882                            ;27/01/2025;    ;302580;006;    ;0016089;MERCANTIL BATISTA                                 ;(11)98719-7682 ;040;410;OYP3193;    1528,70;    1,86;27/01/2025;23;(C)Pedidos duplicados         ;   ;carlosed   ;18:49
182882                            ;27/01/2025;    ;302581;006;    ;0016089;MERCANTIL BATISTA                                 ;(11)98719-7682 ;040;410;OYP3193;    2019,50;    2,54;27/01/2025;23;(C)Pedidos duplicados         ;   ;carlosed   ;18:50
182883                            ;27/01/2025;    ;302631;006;    ;0017632;BAR DA BEBEL                                      ;(87)99133-5365 ;040;401;PCG6384;     585,52;    0,87;27/01/2025;72;PDV FECHADO (HORARIO COM.)    ;   ;sinval     ;17:05
182883                            ;27/01/2025;    ;302632;006;    ;0017632;BAR DA BEBEL                                      ;(87)99133-5365 ;040;401;PCG6384;      36,10;    0,04;27/01/2025;72;PDV FECHADO (HORARIO COM.)    ;   ;sinval     ;17:06
182883                            ;27/01/2025;    ;302633;006;    ;0017632;BAR DA BEBEL                                      ;(87)99133-5365 ;040;401;PCG6384;      16,32;    0,02;27/01/2025;72;PDV FECHADO (HORARIO COM.)    ;DER;sinval     ;17:06
182885                            ;27/01/2025;    ;302718;006;    ;0018712;ESQUINA BAR                                       ;(87)98874-2283 ;040;402;RZW8I16;     227,49;    0,27;28/01/2025;73;FALTA DE ATIVOS DE GIRO       ;   ;idute      ;13:24
182885                            ;27/01/2025;    ;302722;006;    ;0012006;BAR DO REGI                                       ;(87)99115-1757 ;040;406;RZW8I16;     511,70;    0,65;28/01/2025;72;PDV FECHADO (HORARIO COM.)    ;   ;idute      ;13:26
182885                            ;27/01/2025;    ;302729;006;    ;0006592;MERCADINHO ALVES                                  ;(87)98845-4740 ;040;404;RZW8I16;      40,47;    0,03;28/01/2025;42;Produto/Quantidade Errada     ;DER;idute      ;13:21
182885                            ;27/01/2025;    ;302735;006;    ;0000717;MERCADINHO JAQUE                                  ;(87) 8841-2202 ;040;404;RZW8I16;      25,00;    0,02;28/01/2025;42;Produto/Quantidade Errada     ;DER;idute      ;13:22
182885                            ;27/01/2025;    ;302736;006;    ;0025465;BAR DA ZENILDA                                    ;(87)98833-1006 ;040;404;RZW8I16;      25,00;    0,02;28/01/2025;42;Produto/Quantidade Errada     ;DER;idute      ;13:21
182885                            ;27/01/2025;    ;302737;006;    ;0017968;BAR ALCATRaO                                      ;(87)98821-5802 ;040;404;RZW8I16;      25,00;    0,02;28/01/2025;42;Produto/Quantidade Errada     ;DER;idute      ;13:22
182885                            ;27/01/2025;    ;302738;006;    ;0017776;DIST SANTIAGO                                     ;(87)98839-0363 ;040;404;RZW8I16;      25,00;    0,02;28/01/2025;42;Produto/Quantidade Errada     ;DER;idute      ;13:20
182885                            ;27/01/2025;    ;302739;006;    ;0007510;MERCADINHO RODRIGUES                              ;(87)98802-8977 ;040;404;RZW8I16;      25,00;    0,02;28/01/2025;42;Produto/Quantidade Errada     ;DER;idute      ;13:22
182885                            ;27/01/2025;    ;302746;006;    ;0016428;TEMPERO DE MaE                                    ;(87)98827-7840 ;040;405;RZW8I16;     112,75;    0,18;28/01/2025;42;Produto/Quantidade Errada     ;   ;idute      ;13:27
182885                            ;27/01/2025;    ;302747;006;    ;0016428;TEMPERO DE MaE                                    ;(87)98827-7840 ;040;405;RZW8I16;      53,90;    0,06;28/01/2025;42;Produto/Quantidade Errada     ;   ;idute      ;13:28
182886                            ;27/01/2025;    ;302775;006;    ;0026395;MERCADINHO 20V                                    ;(87)98856-2352 ;040;401;PEM1880;    3875,28;    4,75;27/01/2025;70;CLIENTE CANCELOU              ;   ;sinval     ;16:47
182889                            ;27/01/2025;    ;302841;006;    ;0024412;MERC STO ANTONIO                                  ;(87)98826-0293 ;040;403;SKK9B87;    1101,59;    1,37;27/01/2025;72;PDV FECHADO (HORARIO COM.)    ;   ;carlosed   ;19:13
182889                            ;27/01/2025;    ;302842;006;    ;0024412;MERC STO ANTONIO                                  ;(87)98826-0293 ;040;403;SKK9B87;      26,76;    0,04;27/01/2025;72;PDV FECHADO (HORARIO COM.)    ;   ;carlosed   ;19:13
182889                            ;27/01/2025;    ;302852;006;    ;0008291;CLAUDIA BEBIDAS                                   ;(87)98863-1571 ;040;409;SKK9B87;     417,20;    0,55;27/01/2025;71;SEM DINHEIRO/CHEQUE           ;   ;carlosed   ;19:14
182899                            ;28/01/2025;    ;302962;006;    ;0007843;MERCA MAE E FILHA                                 ;(87)98805-3035 ;040;410;QYB6002;      51,72;    0,08;29/01/2025;71;SEM DINHEIRO/CHEQUE           ;   ;sinval     ;14:04
182900                            ;28/01/2025;    ;302964;006;    ;0018303;R DISTRIBUIDORA BELA                              ;(87)98153-7635 ;040;406;PER3140;      50,00;    0,04;28/01/2025;87;TEMPO INSUFICIENTE            ;   ;lucianob   ;19:31
182906                            ;28/01/2025;    ;303137;006;    ;0000196;MERCADINHO MGOMES                                 ;(87) 3864-4823 ;080;841;RZW8I16;     925,00;    1,56;28/01/2025;86;HORARIO DE ENTREGA            ;   ;idute      ;17:41
182906                            ;28/01/2025;    ;303138;006;    ;0000196;MERCADINHO MGOMES                                 ;(87) 3864-4823 ;080;841;RZW8I16;      49,90;    0,05;28/01/2025;86;HORARIO DE ENTREGA            ;   ;idute      ;17:41
182908                            ;28/01/2025;    ;303177;006;    ;0004612;BAR DOS AMIGOS                                    ;(87)98841-2287 ;040;404;OXN0I49;     272,46;    0,40;28/01/2025;64;SEM VASILHAME                 ;   ;idute      ;10:58
182911                            ;28/01/2025;    ;303248;006;    ;0011974;ACARAJE GOUR DA CRIS                              ;(87)97400-1899 ;040;400;RZH6B16;      92,04;    0,24;28/01/2025;71;SEM DINHEIRO/CHEQUE           ;   ;lucianob   ;19:27
182913                            ;28/01/2025;    ;303302;006;    ;0016687;MIKAELLEN MOURA                                   ;(87)98841-9931 ;040;402;RZN4I62;    3237,74;    3,97;28/01/2025;70;CLIENTE CANCELOU              ;   ;idute      ;16:17
182919                            ;28/01/2025;    ;303474;006;    ;0006341;CALDINHO DA ANNE                                  ;(87)98869-2279 ;040;412;KHW1563;     802,50;    0,86;28/01/2025;72;PDV FECHADO (HORARIO COM.)    ;   ;lucianob   ;20:24
182919                            ;28/01/2025;    ;303475;006;    ;0006341;CALDINHO DA ANNE                                  ;(87)98869-2279 ;040;412;KHW1563;     519,00;    0,69;28/01/2025;72;PDV FECHADO (HORARIO COM.)    ;   ;lucianob   ;20:24
182919                            ;28/01/2025;    ;303476;006;    ;0006341;CALDINHO DA ANNE                                  ;(87)98869-2279 ;040;412;KHW1563;     144,10;    0,14;28/01/2025;72;PDV FECHADO (HORARIO COM.)    ;   ;lucianob   ;20:25
182923                            ;28/01/2025;    ;303597;006;    ;0016367;PARAISO DA PICANHA                                ;(87)99977-8758 ;040;412;SNT2B29;    2227,62;    2,54;28/01/2025;42;Produto/Quantidade Errada     ;   ;lucianob   ;18:59
182923                            ;28/01/2025;    ;303609;006;    ;0001046;PAJEU LOJA 07                                     ;(81)99964-0622 ;080;841;SNT2B29;    4172,74;    8,79;28/01/2025;51;NF ERRADA                     ;   ;lucianob   ;19:05
182923                            ;28/01/2025;    ;303610;006;    ;0017439;T E A DISTRIBUIDORA                               ;(87)99623-0604 ;040;413;SNT2B29;    2342,00;    2,40;28/01/2025;32;ENTREGA ATRASADA (BUFFER)     ;   ;lucianob   ;19:  
182923                            ;28/01/2025;    ;303611;006;    ;0017439;T E A DISTRIBUIDORA                               ;(87)99623-0604 ;040;413;SNT2B29;    3588,10;    4,44;28/01/2025;32;ENTREGA ATRASADA (BUFFER)     ;   ;lucianob   ;19:  
182923                            ;28/01/2025;    ;303612;006;    ;0017439;T E A DISTRIBUIDORA                               ;(87)99623-0604 ;040;413;SNT2B29;     406,76;    0,47;28/01/2025;32;ENTREGA ATRASADA (BUFFER)     ;   ;lucianob   ;19:01
182923                            ;28/01/2025;    ;303613;006;    ;0017439;T E A DISTRIBUIDORA                               ;(87)99623-0604 ;040;413;SNT2B29;     494,03;    0,42;28/01/2025;32;ENTREGA ATRASADA (BUFFER)     ;   ;lucianob   ;19:01
182937                            ;29/01/2025;    ;303808;006;    ;0007842;PONTO DO CALDO                                    ;(87)99652-2402 ;040;410;PCI2653;     140,10;    0,30;30/01/2025;71;SEM DINHEIRO/CHEQUE           ;   ;idute      ;15:37
182937                            ;29/01/2025;    ;303809;006;    ;0007842;PONTO DO CALDO                                    ;(87)99652-2402 ;040;410;PCI2653;      25,00;    0,02;30/01/2025;71;SEM DINHEIRO/CHEQUE           ;DER;idute      ;15:37
182937                            ;29/01/2025;    ;303811;006;    ;0010689;MERCADO MM MIRANDA                                ;(87)99944-4608 ;080;841;PCI2653;    1363,88;    1,76;30/01/2025;71;SEM DINHEIRO/CHEQUE           ;   ;idute      ;15:36
182937                            ;29/01/2025;    ;303812;006;    ;0010689;MERCADO MM MIRANDA                                ;(87)99944-4608 ;080;841;PCI2653;     538,80;    0,68;30/01/2025;71;SEM DINHEIRO/CHEQUE           ;   ;idute      ;15:36
182941                            ;29/01/2025;    ;303899;006;    ;0018579;PEIXADA MEU PEIXE                                 ;(87)99988-8007 ;040;409;QYI7A36;     823,72;    1,01;29/01/2025;72;PDV FECHADO (HORARIO COM.)    ;   ;sinval     ;17:16
182942                            ;29/01/2025;    ;303954;006;    ;0018209;LANCHONETE ANA PAULA                              ;(87)99178-8070 ;040;409;RZN7B71;     295,42;    0,56;29/01/2025;23;(C)Pedidos duplicados         ;   ;sinval     ;17:12
182945                            ;29/01/2025;    ;304035;006;    ;0018662;BAR E RESTAURANTE E                               ;(87)99164-7973 ;040;402;PGO7569;     165,00;    0,25;29/01/2025;73;FALTA DE ATIVOS DE GIRO       ;   ;sinval     ;16:11
182947                            ;29/01/2025;    ;304091;006;    ;0012606;BAR DA MORENA                                     ;(87)98871-8475 ;040;405;RZW8I16;     450,44;    0,55;29/01/2025;71;SEM DINHEIRO/CHEQUE           ;   ;sinval     ;10:41
182947                            ;29/01/2025;    ;304095;006;    ;0017240;MERCEARIA ALVES                                   ;(87)98836-3713 ;040;405;RZW8I16;     323,40;    0,41;29/01/2025;72;PDV FECHADO (HORARIO COM.)    ;   ;sinval     ;10:41
182952                            ;29/01/2025;    ;304177;006;    ;0001003;CIRILU S BAR                                      ;(87) 8822-4110 ;040;407;RZH6B16;     908,36;    0,99;30/01/2025;72;PDV FECHADO (HORARIO COM.)    ;   ;idute      ;11:41
182953                            ;29/01/2025;    ;304206;006;    ;0018725;MERCADINHO IMPERATRI                              ;(87)98842-8142 ;040;404;OXN0I49;     115,10;    0,26;29/01/2025;89;PDV FECHADO APOS HORARIO      ;   ;carlosed   ;19:45
182954                            ;29/01/2025;    ;304216;006;    ;0002755;MERCADINHO  VITORIA                               ;(87)99207-6776 ;080;840;RZW8I16;      50,00;    0,05;29/01/2025;72;PDV FECHADO (HORARIO COM.)    ;   ;carlosed   ;20:15
182954                            ;29/01/2025;    ;304218;006;    ;0017777;AMJ MERCEARIA                                     ;(87)98825-7113 ;040;405;RZW8I16;     585,98;    0,69;29/01/2025;87;TEMPO INSUFICIENTE            ;   ;carlosed   ;20:17
182954                            ;29/01/2025;    ;304219;006;    ;0018419;MERCADINHO M E N                                  ;(87)98877-1201 ;040;405;RZW8I16;     957,86;    1,26;29/01/2025;87;TEMPO INSUFICIENTE            ;   ;carlosed   ;20:16
182954                            ;29/01/2025;    ;304220;006;    ;0007421;MERC MARCOS SILVA                                 ;(87)98863-0212 ;040;405;RZW8I16;     662,38;    0,82;29/01/2025;87;TEMPO INSUFICIENTE            ;   ;carlosed   ;20:16
182954                            ;29/01/2025;    ;304221;006;    ;0000946;Bar do Pedro                                      ;(87) 3867-6620 ;040;403;RZW8I16;     349,77;    0,45;29/01/2025;87;TEMPO INSUFICIENTE            ;   ;carlosed   ;20:15
182954                            ;29/01/2025;    ;304222;006;    ;0000946;Bar do Pedro                                      ;(87) 3867-6620 ;040;403;RZW8I16;      48,42;    0,12;29/01/2025;87;TEMPO INSUFICIENTE            ;   ;carlosed   ;20:15
182955                            ;29/01/2025;    ;304271;006;    ;0004661;BAR DO ALOISIO                                    ;(87)98817-2694 ;040;403;RZN4I62;      11,36;    0,06;29/01/2025;65;NAO FEZ PEDIDO                ;   ;sinval     ;18:17
182956                            ;29/01/2025;    ;304280;006;    ;0000491;BONTEMPO SUPERMERCAD                              ;(87)98815-1555 ;080;840;PCG6384;    1411,20;    2,05;29/01/2025;87;TEMPO INSUFICIENTE            ;DER;carlosed   ;18:46
182956                            ;29/01/2025;    ;304281;006;    ;0000491;BONTEMPO SUPERMERCAD                              ;(87)98815-1555 ;080;840;PCG6384;     895,38;    1,49;29/01/2025;87;TEMPO INSUFICIENTE            ;DER;carlosed   ;18:47
182959                            ;29/01/2025;    ;304410;006;    ;0017879;ABESPE.ASS.BENEF                                  ;(87)93300-9770 ;040;403;PCX2687;     163,44;    0,22;29/01/2025;72;PDV FECHADO (HORARIO COM.)    ;   ;carlosed   ;19:43
182959                            ;29/01/2025;    ;304415;006;    ;0003888;MERCE DO LEONIDA                                  ;(87) 3863-2540 ;040;407;PCX2687;    1260,62;    1,82;29/01/2025;73;FALTA DE ATIVOS DE GIRO       ;   ;carlosed   ;19:41
182959                            ;29/01/2025;    ;304416;006;    ;0003888;MERCE DO LEONIDA                                  ;(87) 3863-2540 ;040;407;PCX2687;    1119,01;    1,56;29/01/2025;73;FALTA DE ATIVOS DE GIRO       ;   ;carlosed   ;19:42
182959                            ;29/01/2025;    ;304417;006;    ;0003888;MERCE DO LEONIDA                                  ;(87) 3863-2540 ;040;407;PCX2687;      48,00;    0,12;29/01/2025;73;FALTA DE ATIVOS DE GIRO       ;   ;carlosed   ;19:42
182959                            ;29/01/2025;    ;304419;006;    ;0017306;Mirandas                                          ;(87)99928-8784 ;040;408;PCX2687;       7,83;    0,00;29/01/2025;72;PDV FECHADO (HORARIO COM.)    ;   ;carlosed   ;19:43
182960                            ;29/01/2025;    ;304422;006;    ;0017044;FALCaO PETISCARIA                                 ;(87)98806-6227 ;040;412;SKK9B87;     149,90;    0,14;30/01/2025;70;CLIENTE CANCELOU              ;   ;idute      ;13:22
182961                            ;29/01/2025;    ;304442;006;    ;0018919;DONNIZ BURGUES                                    ;(87)99187-8183 ;040;409;SNT2B29;     357,78;    0,57;29/01/2025;82;ENDERECO NAO ENCONTRADO       ;   ;sinval     ;18:26
182962                            ;29/01/2025;    ;304470;006;    ;0017156;ADEGA JES                                         ;(87)99629-4322 ;040;402;MXF8510;      15,65;    0,01;29/01/2025;50;CARGA ERRADA ARMAZEM          ;   ;carlosed   ;19:22
182984                            ;30/01/2025;    ;304631;006;    ;0010530;BAR DA RESENHA                                    ;(87)98801-0142 ;040;401;OXN0I49;     394,26;    0,53;30/01/2025;64;SEM VASILHAME                 ;   ;idute      ;13:23
182989                            ;30/01/2025;    ;304730;006;    ;0000784;MEC.PADRE CICERO                                  ;(87) 3861-1041 ;040;408;RZW8I16;     618,04;    1,46;30/01/2025;72;PDV FECHADO (HORARIO COM.)    ;   ;lucianob   ;20:22
182990                            ;30/01/2025;    ;304740;006;    ;0023025;DIST CORUJAO BEBIDAS                              ;(87)98848-1385 ;040;407;OXN0I49;     766,24;    1,12;31/01/2025;72;PDV FECHADO (HORARIO COM.)    ;   ;sinval     ;13:20
182990                            ;30/01/2025;    ;304741;006;    ;0023025;DIST CORUJAO BEBIDAS                              ;(87)98848-1385 ;040;407;OXN0I49;     179,50;    0,21;31/01/2025;72;PDV FECHADO (HORARIO COM.)    ;   ;sinval     ;13:20
182993                            ;30/01/2025;    ;304852;006;    ;0007155;L3FORNERIA ARTESANAL                              ;(87) 3864-2328 ;080;841;PDB9366;      36,69;    0,05;30/01/2025;42;Produto/Quantidade Errada     ;DER;lucianob   ;18:51
182994                            ;30/01/2025;    ;304874;006;    ;0003964;SUP VAREJAO REAL                                  ;(87)98843-2872 ;080;840;PDC0246;    1334,82;    2,44;30/01/2025;73;FALTA DE ATIVOS DE GIRO       ;   ;lucianob   ;19:31
182995                            ;30/01/2025;    ;304906;006;    ;0015900;DISTRIBUIDORA IR                                  ;(87) 8804-8130 ;040;413;PER3140;       4,58;    0,00;30/01/2025;42;Produto/Quantidade Errada     ;   ;idute      ;16:37
182995                            ;30/01/2025;    ;304907;006;    ;0015900;DISTRIBUIDORA IR                                  ;(87) 8804-8130 ;040;413;PER3140;      16,67;    0,01;30/01/2025;42;Produto/Quantidade Errada     ;   ;idute      ;16:36
182996                            ;30/01/2025;    ;304932;006;    ;0025850;ECONOMIA REAL                                     ;(87)99634-3363 ;080;841;QYI7A36;     186,34;    0,06;30/01/2025;50;CARGA ERRADA ARMAZEM          ;   ;idute      ;18:09
183003                            ;30/01/2025;    ;305008;006;    ;0016141;DAN DISTRIBUIDORA                                 ;(87)98802-3816 ;040;413;KHW1563;     256,85;    0,35;31/01/2025;72;PDV FECHADO (HORARIO COM.)    ;   ;sinval     ;13:51
183003                            ;30/01/2025;    ;305009;006;    ;0016141;DAN DISTRIBUIDORA                                 ;(87)98802-3816 ;040;413;KHW1563;     269,50;    0,34;31/01/2025;72;PDV FECHADO (HORARIO COM.)    ;   ;sinval     ;13:52
183003                            ;30/01/2025;    ;305044;006;    ;0007716;DISTB ITALO                                       ;(87)98811-8794 ;040;404;KHW1563;      87,00;    0,18;31/01/2025;62;FORMA PAGAMENTO ERRADA        ;   ;sinval     ;14:02
183006                            ;30/01/2025;    ;305096;006;    ;0006958;DISTRIBUID ZERO GRAU                              ;(87)98116-4008 ;040;413;PCX2687;    1695,00;    2,10;30/01/2025;72;PDV FECHADO (HORARIO COM.)    ;   ;idute      ;16:27
183006                            ;30/01/2025;    ;305097;006;    ;0006958;DISTRIBUID ZERO GRAU                              ;(87)98116-4008 ;040;413;PCX2687;     211,60;    0,15;30/01/2025;72;PDV FECHADO (HORARIO COM.)    ;   ;idute      ;16:28
183006                            ;30/01/2025;    ;305098;006;    ;0006958;DISTRIBUID ZERO GRAU                              ;(87)98116-4008 ;040;413;PCX2687;      79,80;    0,08;30/01/2025;72;PDV FECHADO (HORARIO COM.)    ;   ;idute      ;16:28
183021                            ;31/01/2025;    ;305342;006;    ;0016519;Comercial Carvalho                                ;(87)98150-3041 ;040;403;PCI2653;     380,20;    0,49;01/02/2025;72;PDV FECHADO (HORARIO COM.)    ;   ;idute      ;14:13
183028                            ;31/01/2025;    ;305651;006;    ;0000699;MERCADINHO GOMES                                  ;(87) 3863-5943 ;080;840;PDB9366;    1476,52;    2,59;31/01/2025;70;CLIENTE CANCELOU              ;   ;sinval     ;17:15
183029                            ;31/01/2025;    ;305670;006;    ;0018621;PEDRA LINDA CONVENIE                              ;(87)99103-4582 ;080;841;PER3140;    1313,36;    1,22;31/01/2025;72;PDV FECHADO (HORARIO COM.)    ;   ;sinval     ;16:37
183034                            ;31/01/2025;    ;305812;006;    ;0007432;DIST BEBIDAS EVALDO                               ;(87)98858-9060 ;040;404;RZW8I16;     732,46;    0,91;31/01/2025;85;DIFICIL ACESSO                ;   ;sinval     ;16:53
183035                            ;31/01/2025;    ;305821;006;    ;0017280;PIRATA LANCHES                                    ;(87)98866-0867 ;040;409;RZH6B16;     666,94;    0,81;31/01/2025;72;PDV FECHADO (HORARIO COM.)    ;   ;sinval     ;14:38
183036                            ;31/01/2025;    ;305846;006;    ;0016574;ZILMA VALDECI                                     ;(87)99180-5214 ;040;401;RZH6B16;     674,46;    0,90;31/01/2025;72;PDV FECHADO (HORARIO COM.)    ;   ;sinval     ;18:22
183037                            ;31/01/2025;    ;305864;006;    ;0018038;BAR E PETIS DA LEIDE                              ;(87)99203-1350 ;040;408;RZW8I16;     310,38;    0,55;01/02/2025;71;SEM DINHEIRO/CHEQUE           ;   ;idute      ;10:23
183037                            ;31/01/2025;    ;305874;006;    ;0003360;POINT DO ESPETINHO                                ;(87)99183-3067 ;040;408;RZW8I16;     540,61;    0,62;01/02/2025;72;PDV FECHADO (HORARIO COM.)    ;   ;idute      ;10:24
