Mapa                     ;Data;Unb Nota;Nota;Serie;Unb Cliente;Cod. Cliente;Nome Cliente;Telefone;Area;Setor;Placa;Valor;Volume;Data Devol.;Cod. Motivo;Desc. Motivo;Orig. Pedido;Usuario;Hora 
013889                            ;01/09/2025;    ;203529;003;    ;0030192;KIOSK DO LEO                                      ;(75)99931-8021 ;020;202;SJQ0A82;    1061,30;    1,00;03/09/2025;71;SEM DINHEIRO/CHEQUE           ;   ;jose.al    ;09:25
013901                            ;02/09/2025;    ;203715;003;    ;0020432;CHURRASCO NA BRASA                                ;(75)99858-7477 ;020;206;SKS9J44;     554,60;    0,66;02/09/2025;42;Produto/Quantidade Errada     ;   ;tailan.al  ;18:26
013905                            ;02/09/2025;    ;203846;003;    ;0050738;TOKINHA                                           ;(75)98171-5807 ;030;305;SJQ8D11;    1617,00;    2,07;02/09/2025;65;NAO FEZ PEDIDO                ;   ;tailan.al  ;16:02
013905                            ;02/09/2025;    ;203848;003;    ;0050738;TOKINHA                                           ;(75)98171-5807 ;030;305;SJQ8D11;    3234,00;    4,14;02/09/2025;65;NAO FEZ PEDIDO                ;   ;tailan.al  ;16:02
013907                            ;02/09/2025;    ;203889;003;    ;0040291;DEPOSITO GG                                       ;(75)99870-7786 ;020;203;SKB4I83;     198,14;    0,25;02/09/2025;71;SEM DINHEIRO/CHEQUE           ;   ;tailan.al  ;18:43
013907                            ;02/09/2025;    ;203890;003;    ;0040210;Bar do Galego alto d                              ;(07)59886-1422 ;020;203;SKB4I83;     119,49;    0,12;02/09/2025;71;SEM DINHEIRO/CHEQUE           ;   ;tailan.al  ;18:45
013907                            ;02/09/2025;    ;203891;003;    ;0040397;Bar da marina                                     ;               ;020;203;SKB4I83;      99,80;    0,18;02/09/2025;71;SEM DINHEIRO/CHEQUE           ;   ;tailan.al  ;18:44
013907                            ;02/09/2025;    ;203892;003;    ;0040386;BAR DA STELA                                      ;(75)99942-1030 ;020;203;SKB4I83;      51,94;    0,06;02/09/2025;71;SEM DINHEIRO/CHEQUE           ;   ;tailan.al  ;18:44
013907                            ;02/09/2025;    ;203893;003;    ;0040304;BAR DO ALIRIO                                     ;(75)99920-8853 ;020;203;SKB4I83;     162,50;    0,21;02/09/2025;71;SEM DINHEIRO/CHEQUE           ;   ;tailan.al  ;18:44
013908                            ;02/09/2025;    ;203918;003;    ;0019760;BAR PARADA CERTA                                  ;(71)99920-3743 ;010;109;JSM4818;     174,84;    0,26;02/09/2025;71;SEM DINHEIRO/CHEQUE           ;   ;cesar.al   ;20:43
013913                            ;02/09/2025;    ;204064;003;    ;0020135;BAR DA CRIS                                       ;(71)99981-6414 ;010;108;TXA1F44;     291,19;    0,34;02/09/2025;82;ENDERECO NAO ENCONTRADO       ;   ;tailan.al  ;14:33
013913                            ;02/09/2025;    ;204065;003;    ;0018540;ESPETINHO DA DANNY                                ;(75)99882-7213 ;010;105;TXA1F44;     207,60;    0,32;02/09/2025;72;PDV FECHADO (HORARIO COM.)    ;   ;tailan.al  ;14:33
013916                            ;02/09/2025;    ;204090;003;    ;0052466;DBD TRAILER                                       ;(75)98822-7715 ;010;110;JQP3F55;     403,96;    0,37;02/09/2025;72;PDV FECHADO (HORARIO COM.)    ;   ;cesar.al   ;20:32
013916                            ;02/09/2025;    ;204091;003;    ;0087638;BAR DA GLORINHA                                   ;(75)98114-0455 ;010;110;JQP3F55;     144,15;    0,14;02/09/2025;72;PDV FECHADO (HORARIO COM.)    ;   ;cesar.al   ;20:32
013936                            ;03/09/2025;    ;204180;003;    ;0050125;MERCADO DO BOCA                                   ;(75)99869-2087 ;030;304;SJQ8D11;      49,48;    0,06;04/09/2025;50;CARGA ERRADA ARMAZEM          ;   ;tailan.al  ;16:50
013938                            ;03/09/2025;    ;204301;003;    ;0060636;KIOSQUE ESTRELA                                   ;(75)99869-7027 ;020;208;SKS9J44;     499,76;    0,59;04/09/2025;58;Carga Errada                  ;   ;tailan.al  ;17:20
013939                            ;03/09/2025;    ;204345;003;    ;0040009;BAR DO NEZINHO                                    ;(07)53402-3015 ;020;203;SKS2H93;     431,20;    0,55;03/09/2025;33;Nao Fez Pedido                ;DER;emerson.al ;20:12
013941                            ;03/09/2025;    ;204442;003;    ;0055205;CANTINHO DOS AMIGOS                               ;(75)98117-9398 ;010;102;SKS7B90;     109,73;    0,13;03/09/2025;47;Dificil Acesso                ;   ;emerson.al ;20:16
013947                            ;03/09/2025;    ;204595;003;    ;0040417;COMERCIO DO COCO                                  ;(07)59927-8456 ;020;203;IAK5E60;     199,15;    0,20;03/09/2025;72;PDV FECHADO (HORARIO COM.)    ;   ;jose.al    ;17:06
013947                            ;03/09/2025;    ;204604;003;    ;0040344;BAR DA RAY                                        ;(75)99840-9883 ;020;203;IAK5E60;      58,50;    0,06;03/09/2025;72;PDV FECHADO (HORARIO COM.)    ;   ;jose.al    ;17:21
013948                            ;03/09/2025;    ;204650;003;    ;0055667;BAR DO NEGUINHO                                   ;(75)98318-8398 ;010;104;RNZ1G17;     398,30;    0,40;04/09/2025;72;PDV FECHADO (HORARIO COM.)    ;   ;tailan.al  ;15:50
013951                            ;03/09/2025;    ;204721;003;    ;0026454;RECANTO DA TINA                                   ;(71) 9239-8353 ;010;107;JQP3F55;     135,21;    0,18;03/09/2025;46;Endereco Nao Encontrado       ;   ;jose.al    ;16:35
013951                            ;03/09/2025;    ;204725;003;    ;0047258;MERCEARIA DE MAURA                                ;(75)99871-5058 ;010;107;JQP3F55;      68,40;    0,05;03/09/2025;46;Endereco Nao Encontrado       ;   ;jose.al    ;16:34
013954                            ;03/09/2025;    ;204761;003;    ;0019640;ADEGA USINA                                       ;(75)98197-1895 ;010;111;PLL7H92;      97,97;    0,17;03/09/2025;72;PDV FECHADO (HORARIO COM.)    ;   ;jose.al    ;16:33
013956                            ;03/09/2025;    ;204789;003;    ;0089001;Casa Da Jaceane                                   ;(75)99211-4773 ;010;105;NTK8G36;     111,52;    0,02;04/09/2025;71;SEM DINHEIRO/CHEQUE           ;   ;tailan.al  ;10:53
013959                            ;03/09/2025;    ;204836;003;    ;0030040;BARRACA RENASCER                                  ;(71)99729-2741 ;020;207;SJQ0A82;     221,45;    0,22;05/09/2025;72;PDV FECHADO (HORARIO COM.)    ;   ;jose.al    ;08:23
013959                            ;03/09/2025;    ;204845;003;    ;0030114;BARRACA ESCRITORIO                                ;(75)99859-1192 ;020;207;SJQ0A82;     552,21;    0,50;05/09/2025;42;Produto/Quantidade Errada     ;   ;jose.al    ;08:23
013973                            ;04/09/2025;    ;204907;003;    ;0050006;PAO E CIA                                         ;(71)99991-3331 ;020;205;SJQ5E98;    1116,33;    1,63;04/09/2025;58;Carga Errada                  ;   ;cesar.al   ;21:52
013973                            ;04/09/2025;    ;204908;003;    ;0050006;PAO E CIA                                         ;(71)99991-3331 ;020;205;SJQ5E98;      37,90;    0,04;04/09/2025;58;Carga Errada                  ;   ;cesar.al   ;21:51
013977                            ;04/09/2025;    ;205039;003;    ;0030438;DEPOSITO DO KALUNGA                               ;(75)99801-4717 ;020;207;SKS7B90;    1565,13;    1,61;04/09/2025;35;Preco Errado                  ;   ;cesar.al   ;20:05
013985                            ;04/09/2025;    ;205248;003;    ;0040116;Deposito JS jairo                                 ;(75)99984-7165 ;020;206;PLN3B26;     187,58;    0,21;04/09/2025;72;PDV FECHADO (HORARIO COM.)    ;   ;tailan.al  ;15:56
013991                            ;04/09/2025;    ;205362;003;    ;0019820;ENCONTRO DOS AMIGOS                               ;(71)99908-9926 ;010;108;NTK8G36;     333,90;    0,33;05/09/2025;46;Endereco Nao Encontrado       ;   ;jose.al    ;13:53
013991                            ;04/09/2025;    ;205368;003;    ;0083457;MERCEARIA DO EMILIO                               ;(75)98116-3725 ;010;105;NTK8G36;     534,45;    0,42;05/09/2025;72;PDV FECHADO (HORARIO COM.)    ;   ;jose.al    ;13:53
013992                            ;04/09/2025;    ;205388;003;    ;0084069;ARMAZEM PROGRESSO                                 ;(71) 3662-2165 ;010;101;JQP3F55;     286,58;    0,41;04/09/2025;71;SEM DINHEIRO/CHEQUE           ;   ;cesar.al   ;20:09
013992                            ;04/09/2025;    ;205392;003;    ;0019508;MERCA BOM D PRECO                                 ;(71)99705-1903 ;010;101;JQP3F55;     182,40;    0,48;04/09/2025;71;SEM DINHEIRO/CHEQUE           ;   ;cesar.al   ;20:09
013994                            ;04/09/2025;    ;205420;003;    ;0018579;BAR DO PEDRaO                                     ;(75)99224-6975 ;010;103;RFD9B55;     213,40;    0,29;04/09/2025;71;SEM DINHEIRO/CHEQUE           ;   ;tailan.al  ;15:39
013995                            ;04/09/2025;    ;205431;003;    ;0052871;BAR S NOVA DIRECAO                                ;(75)99193-1475 ;010;107;RFD9B55;      53,90;    0,06;04/09/2025;71;SEM DINHEIRO/CHEQUE           ;   ;tailan.al  ;18:30
013996                            ;04/09/2025;    ;205442;003;    ;0032401;BARRACA NOVO TEMPO                                ;(75) 8308-7414 ;010;111;SKB4I83;     289,64;    0,19;04/09/2025;71;SEM DINHEIRO/CHEQUE           ;   ;cesar.al   ;20:11
013996                            ;04/09/2025;    ;205448;003;    ;0083391;BAR LANCHES JR                                    ;(75) 9943-9901 ;010;111;SKB4I83;     208,54;    0,32;04/09/2025;72;PDV FECHADO (HORARIO COM.)    ;   ;cesar.al   ;20:11
013998                            ;04/09/2025;    ;205479;003;    ;0047896;COMERCIAL OS GALEGO                               ;(75)99968-0328 ;010;111;SKS7B90;    3121,85;    3,47;05/09/2025;64;SEM VASILHAME                 ;   ;jose.al    ;13:39
014026                            ;05/09/2025;    ;205909;003;    ;0019370;CASA DAS POLPAS                                   ;(75)99155-7542 ;010;110;NYM9I27;     375,74;    0,41;09/09/2025;70;CLIENTE CANCELOU              ;   ;jose.al    ;14:34
014026                            ;05/09/2025;    ;205911;003;    ;0019441;CASA DA MARINALVA                                 ;(75)98143-9283 ;010;105;NYM9I27;      93,00;    0,11;09/09/2025;70;CLIENTE CANCELOU              ;   ;jose.al    ;14:34
014026                            ;05/09/2025;    ;205912;003;    ;0039294;QUIOSQUE DA PRACA                                 ;(22)99982-3123 ;010;111;NYM9I27;     399,27;    0,46;09/09/2025;70;CLIENTE CANCELOU              ;   ;jose.al    ;14:35
014026                            ;05/09/2025;    ;205913;003;    ;0089521;KARAOKE KARISMA BAR                               ;(75)99206-6681 ;010;111;NYM9I27;     588,88;    0,82;09/09/2025;70;CLIENTE CANCELOU              ;   ;jose.al    ;14:35
014026                            ;05/09/2025;    ;205922;003;    ;0019763;ACARAJ… DA ROSITA                                 ;(75)99995-4191 ;010;105;NYM9I27;      32,52;    0,04;09/09/2025;70;CLIENTE CANCELOU              ;   ;jose.al    ;14:35
014026                            ;05/09/2025;    ;205928;003;    ;0036446;MERCADINHO CARIOCA                                ;(75)99714-7168 ;010;105;NYM9I27;     175,90;    0,14;09/09/2025;70;CLIENTE CANCELOU              ;   ;jose.al    ;14:33
014026                            ;05/09/2025;    ;205932;003;    ;0023144;DEP TRES A                                        ;(75)99956-4612 ;030;305;NYM9I27;     816,07;    0,99;09/09/2025;70;CLIENTE CANCELOU              ;   ;jose.al    ;14:36
014026                            ;05/09/2025;    ;205933;003;    ;0027288;ESPETINHO .COM                                    ;(75)99995-3514 ;010;110;NYM9I27;     147,60;    0,03;09/09/2025;70;CLIENTE CANCELOU              ;   ;jose.al    ;14:34
014028                            ;05/09/2025;    ;205986;003;    ;0020205;MARCOS SILVA                                      ;(71)99924-3909 ;010;108;IAK5E60;     136,66;    0,16;05/09/2025;46;Endereco Nao Encontrado       ;   ;jose.al    ;16:40
014028                            ;05/09/2025;    ;205987;003;    ;0020205;MARCOS SILVA                                      ;(71)99924-3909 ;010;108;IAK5E60;      53,04;    0,12;05/09/2025;46;Endereco Nao Encontrado       ;   ;jose.al    ;16:40
014029                            ;05/09/2025;    ;206018;003;    ;0018621;DEPOSITO APLICACaO                                ;(75)99973-9051 ;010;105;NYM9I27;     808,18;    0,75;05/09/2025;42;Produto/Quantidade Errada     ;   ;jose.al    ;19:02
014029                            ;05/09/2025;    ;206019;003;    ;0018621;DEPOSITO APLICACaO                                ;(75)99973-9051 ;010;105;NYM9I27;      34,62;    0,02;05/09/2025;42;Produto/Quantidade Errada     ;   ;jose.al    ;19:02
014029                            ;05/09/2025;    ;206035;003;    ;0019653;DEP JORGE ROCHA                                   ;(75)99978-2593 ;010;102;NYM9I27;     425,08;    0,48;05/09/2025;43;Forma de Pagamento            ;   ;jose.al    ;19:03
014029                            ;05/09/2025;    ;206040;003;    ;0007794;SORV. LANCH. DO RAIM                              ;(71)99955-9944 ;010;102;NYM9I27;      39,10;    0,04;05/09/2025;72;PDV FECHADO (HORARIO COM.)    ;   ;jose.al    ;19:01
014032                            ;05/09/2025;    ;206103;003;    ;0019110;POUSADA VELHO PINA                                ;(71)99961-6450 ;020;207;TCU7J48;      99,24;    0,09;05/09/2025;72;PDV FECHADO (HORARIO COM.)    ;   ;emerson.al ;19:09
014032                            ;05/09/2025;    ;206109;003;    ;0030079;DEPOSITO DO FIAPO                                 ;(07)59876-8685 ;020;207;TCU7J48;     387,55;    0,61;05/09/2025;72;PDV FECHADO (HORARIO COM.)    ;   ;emerson.al ;19:09
014032                            ;05/09/2025;    ;206112;003;    ;0020024;MERCEARIA SILVA                                   ;(75)99954-3768 ;020;207;TCU7J48;      69,99;    0,08;05/09/2025;72;PDV FECHADO (HORARIO COM.)    ;   ;emerson.al ;19:09
014036                            ;05/09/2025;    ;206179;003;    ;0045200;Padaria op√ß√£o                                   ;               ;010;111;NTK8G36;     515,67;    0,54;05/09/2025;02;Sem Vasilhame Ambev           ;   ;emerson.al ;20:54
014038                            ;05/09/2025;    ;206200;003;    ;0082623;Bar chega mais                                    ;(75) 8813-5832 ;010;107;JQP3F55;     335,80;    0,28;05/09/2025;71;SEM DINHEIRO/CHEQUE           ;   ;jose.al    ;15:38
014038                            ;05/09/2025;    ;206201;003;    ;0082623;Bar chega mais                                    ;(75) 8813-5832 ;010;107;JQP3F55;      15,50;    0,01;05/09/2025;71;SEM DINHEIRO/CHEQUE           ;   ;jose.al    ;15:38
014040                            ;05/09/2025;    ;206218;003;    ;0041334;POINT 2 DE JULHO                                  ;(43)90000-0000 ;010;101;RNZ1G17;     303,52;    0,42;05/09/2025;72;PDV FECHADO (HORARIO COM.)    ;   ;jose.al    ;18:55
014041                            ;05/09/2025;    ;206279;003;    ;0018736;PIZZARIA DEGUSTE                                  ;(75)99935-3790 ;020;207;SJQ0A82;     130,37;    0,28;08/09/2025;72;PDV FECHADO (HORARIO COM.)    ;   ;tailan.al  ;13:35
014044                            ;05/09/2025;    ;205887;003;    ;0060368;COMIDA A KILO                                     ;(07)59978-6511 ;020;201;SKS2H93;     643,82;    2,82;06/09/2025;87;TEMPO INSUFICIENTE            ;   ;tailan.al  ;19:02
014044                            ;05/09/2025;    ;205888;003;    ;0018566;DEPOSITO DO MAGNO                                 ;(75)99632-2326 ;020;201;SKS2H93;      48,85;    0,06;06/09/2025;87;TEMPO INSUFICIENTE            ;   ;tailan.al  ;19:01
014044                            ;05/09/2025;    ;205889;003;    ;0060009;LANCHONETE KM 87                                  ;(09)99999-9999 ;020;201;SKS2H93;     805,30;    1,06;06/09/2025;87;TEMPO INSUFICIENTE            ;   ;tailan.al  ;19:  
014044                            ;05/09/2025;    ;205890;003;    ;0060899;CONVENIENCIA MATUIM                               ;(07)59930-8417 ;020;201;SKS2H93;     368,21;    0,47;06/09/2025;87;TEMPO INSUFICIENTE            ;   ;tailan.al  ;19:  
014044                            ;05/09/2025;    ;205891;003;    ;0060646;ENCANTO REGIONAL                                  ;(07)59856-9310 ;020;201;SKS2H93;    2524,38;    2,02;06/09/2025;87;TEMPO INSUFICIENTE            ;   ;tailan.al  ;19:  
014063                            ;06/09/2025;    ;206375;003;    ;0029330;BAR PAI E FILHO                                   ;(71)99699-3872 ;010;101;SJQ3B12;     921,76;    1,20;06/09/2025;32;ENTREGA ATRASADA (BUFFER)     ;   ;tailan.al  ;18:25
014068                            ;06/09/2025;    ;206484;003;    ;0029473;BAR DO BOLO                                       ;(71)99632-4837 ;010;101;SKS7B90;    1617,00;    2,07;06/09/2025;71;SEM DINHEIRO/CHEQUE           ;   ;tailan.al  ;17:57
014068                            ;06/09/2025;    ;206485;003;    ;0029473;BAR DO BOLO                                       ;(71)99632-4837 ;010;101;SKS7B90;     539,00;    0,69;06/09/2025;71;SEM DINHEIRO/CHEQUE           ;   ;tailan.al  ;17:57
014068                            ;06/09/2025;    ;206486;003;    ;0029473;BAR DO BOLO                                       ;(71)99632-4837 ;010;101;SKS7B90;     107,80;    0,13;06/09/2025;71;SEM DINHEIRO/CHEQUE           ;   ;tailan.al  ;17:57
014069                            ;06/09/2025;    ;206530;003;    ;0027685;PADARIA VIToRIA                                   ;(75)99846-4462 ;010;103;JSM4818;     107,80;    0,13;06/09/2025;71;SEM DINHEIRO/CHEQUE           ;   ;tailan.al  ;17:17
014070                            ;06/09/2025;    ;206578;003;    ;0030466;BOCA PRETA                                        ;(71)99615-3701 ;010;101;PJX0435;      19,68;    0,02;06/09/2025;72;PDV FECHADO (HORARIO COM.)    ;   ;tailan.al  ;15:49
014071                            ;06/09/2025;    ;206595;003;    ;0024511;IDALBA DISTRIBUIDORA                              ;(71) 9907-7917 ;010;109;PLN3B26;     424,03;    0,78;06/09/2025;71;SEM DINHEIRO/CHEQUE           ;   ;tailan.al  ;15:57
014071                            ;06/09/2025;    ;206598;003;    ;0084685;CASA DA ZILMA                                     ;(71) 9607-2785 ;010;108;PLN3B26;     367,82;    0,42;06/09/2025;72;PDV FECHADO (HORARIO COM.)    ;   ;tailan.al  ;15:58
014071                            ;06/09/2025;    ;206615;003;    ;0037873;MARQUINHO DO BAR                                  ;               ;010;108;PLN3B26;      99,56;    0,17;06/09/2025;72;PDV FECHADO (HORARIO COM.)    ;   ;tailan.al  ;15:58
014072                            ;06/09/2025;    ;206621;003;    ;0020135;BAR DA CRIS                                       ;(71)99981-6414 ;010;108;RNZ1G17;     493,98;    0,53;06/09/2025;82;ENDERECO NAO ENCONTRADO       ;   ;tailan.al  ;10:13
014072                            ;06/09/2025;    ;206622;003;    ;0020135;BAR DA CRIS                                       ;(71)99981-6414 ;010;108;RNZ1G17;     110,00;    0,17;06/09/2025;82;ENDERECO NAO ENCONTRADO       ;   ;tailan.al  ;10:14
014074                            ;06/09/2025;    ;206650;003;    ;0033008;DEPOSITO CARCARA                                  ;(75)99708-0480 ;010;102;NYM9I27;     285,34;    0,06;08/09/2025;62;FORMA PAGAMENTO ERRADA        ;   ;tailan.al  ;15:02
014075                            ;06/09/2025;    ;206661;003;    ;0019969;LANCHONETE DO CEPA                                ;(71)99735-4010 ;020;209;TXA1F44;     101,30;    0,13;06/09/2025;70;CLIENTE CANCELOU              ;   ;tailan.al  ;15:43
014075                            ;06/09/2025;    ;206664;003;    ;0050607;FARMANOSSA 02                                     ;(07)59867-1479 ;020;204;TXA1F44;     272,33;    0,34;06/09/2025;42;Produto/Quantidade Errada     ;   ;tailan.al  ;15:44
014078                            ;06/09/2025;    ;206707;003;    ;0032604;CANTINHO DA FAFA                                  ;(75)98303-6978 ;010;111;RFD9B55;      86,42;    0,11;06/09/2025;71;SEM DINHEIRO/CHEQUE           ;   ;tailan.al  ;15:22
014078                            ;06/09/2025;    ;206708;003;    ;0050919;JRV BAR E DISTRIBUID                              ;               ;010;111;RFD9B55;     209,82;    0,26;06/09/2025;72;PDV FECHADO (HORARIO COM.)    ;   ;tailan.al  ;15:22
014078                            ;06/09/2025;    ;206713;003;    ;0089655;MERC SANTA BARBARA                                ;(75)99937-2153 ;010;105;RFD9B55;     107,80;    0,13;06/09/2025;72;PDV FECHADO (HORARIO COM.)    ;   ;tailan.al  ;15:22
014078                            ;06/09/2025;    ;206719;003;    ;0084400;FAVES ABATEDOURO                                  ;(75) 9362-1481 ;010;105;RFD9B55;     247,60;    0,27;06/09/2025;64;SEM VASILHAME                 ;   ;tailan.al  ;15:21
014079                            ;06/09/2025;    ;206729;003;    ;0028793;DELÕCIAS DA SOL                                   ;(75)99943-1968 ;010;111;RFD9B55;     323,28;    0,51;06/09/2025;71;SEM DINHEIRO/CHEQUE           ;   ;cesar.al   ;20:17
014086                            ;07/09/2025;    ;206764;003;    ;0030192;KIOSK DO LEO                                      ;(75)99931-8021 ;020;202;SJQ0A82;    1061,86;    1,02;10/09/2025;71;SEM DINHEIRO/CHEQUE           ;   ;tailan.al  ;08:15
014086                            ;07/09/2025;    ;206771;003;    ;0030001;MERCADINHO CINQUENTE                              ;(07)59985-6980 ;020;207;SJQ0A82;     164,01;    0,34;10/09/2025;71;SEM DINHEIRO/CHEQUE           ;   ;tailan.al  ;08:15
014087                            ;07/09/2025;    ;206780;003;    ;0060445;PUTO DOGAO                                        ;(71)99276-2123 ;020;208;SKB4I83;    1000,56;    2,12;08/09/2025;39;Cliente Cancelou.             ;   ;tailan.al  ;15:58
014087                            ;07/09/2025;    ;206785;003;    ;0060886;BAR DOS AMIGOS                                    ;(07)19628-4333 ;020;208;SKB4I83;     138,67;    0,18;08/09/2025;71;SEM DINHEIRO/CHEQUE           ;   ;tailan.al  ;15:58
014090                            ;07/09/2025;    ;206812;003;    ;0050592;DISTRIBUIDORA DE AMI                              ;               ;020;205;TXA1F44;     319,80;    0,28;08/09/2025;72;PDV FECHADO (HORARIO COM.)    ;   ;tailan.al  ;16:15
014090                            ;07/09/2025;    ;206813;003;    ;0050592;DISTRIBUIDORA DE AMI                              ;               ;020;205;TXA1F44;      14,52;    0,06;08/09/2025;72;PDV FECHADO (HORARIO COM.)    ;   ;tailan.al  ;16:14
014090                            ;07/09/2025;    ;206816;003;    ;0050192;LANCH DE LENINHA                                  ;(75)99919-1728 ;020;205;TXA1F44;     196,40;    0,24;08/09/2025;64;SEM VASILHAME                 ;   ;tailan.al  ;16:13
014090                            ;07/09/2025;    ;206821;003;    ;0020506;BAR DO ZOVINHO                                    ;(00) 7599-9360 ;020;206;TXA1F44;     471,91;    0,48;08/09/2025;82;ENDERECO NAO ENCONTRADO       ;   ;tailan.al  ;16:13
014090                            ;07/09/2025;    ;206823;003;    ;0050093;LANCH. ZE CORINGA                                 ;(75)99815-2218 ;020;205;TXA1F44;      79,53;    0,14;08/09/2025;72;PDV FECHADO (HORARIO COM.)    ;   ;tailan.al  ;16:14
014109                            ;09/09/2025;    ;206920;003;    ;0046043;BAR DO SUSSEGO                                    ;(75)99218-2252 ;020;204;SJQ5B35;      27,61;    0,04;10/09/2025;71;SEM DINHEIRO/CHEQUE           ;   ;tailan.al  ;14:09
014110                            ;09/09/2025;    ;206982;003;    ;0020168;KIOSKY DO ALAN                                    ;(71)99177-0754 ;010;106;SJQ1F85;     636,62;    1,34;10/09/2025;71;SEM DINHEIRO/CHEQUE           ;   ;tailan.al  ;16:30
014110                            ;09/09/2025;    ;206992;003;    ;0048574;BAR DA NEGUINHA                                   ;(71)98149-8649 ;010;106;SJQ1F85;     269,50;    0,34;10/09/2025;32;ENTREGA ATRASADA (BUFFER)     ;   ;tailan.al  ;16:31
014110                            ;09/09/2025;    ;206993;003;    ;0048574;BAR DA NEGUINHA                                   ;(71)98149-8649 ;010;106;SJQ1F85;      95,39;    0,20;10/09/2025;32;ENTREGA ATRASADA (BUFFER)     ;   ;tailan.al  ;16:30
014110                            ;09/09/2025;    ;206995;003;    ;0020367;MERCEARIA SHEILA                                  ;(75)98226-7957 ;010;106;SJQ1F85;     430,86;    0,82;10/09/2025;71;SEM DINHEIRO/CHEQUE           ;   ;tailan.al  ;16:30
014120                            ;09/09/2025;    ;207322;003;    ;0041106;CANTINHO DOS AMIGOS                               ;(75)98283-9284 ;010;103;PJX0435;     485,10;    0,62;09/09/2025;71;SEM DINHEIRO/CHEQUE           ;   ;jose.al    ;16:06
014121                            ;09/09/2025;    ;207328;003;    ;0019359;ABATEDOURO BASTOS                                 ;(71)99608-8918 ;010;101;JSM4818;     431,03;    0,44;09/09/2025;72;PDV FECHADO (HORARIO COM.)    ;   ;jose.al    ;18:06
014121                            ;09/09/2025;    ;207332;003;    ;0018910;FAMILIA GLAMOUR E SP                              ;(11)94192-8479 ;010;109;JSM4818;     421,26;    0,80;09/09/2025;72;PDV FECHADO (HORARIO COM.)    ;   ;jose.al    ;18:06
014121                            ;09/09/2025;    ;207333;003;    ;0082828;BAR K T I ESPERO                                  ;(71)99728-7609 ;010;109;JSM4818;     541,72;    0,52;09/09/2025;70;CLIENTE CANCELOU              ;   ;jose.al    ;18:06
014124                            ;09/09/2025;    ;207401;003;    ;0029256;BOX DA MEIRE                                      ;(75)98173-9083 ;010;111;RFD9B55;      77,16;    0,02;09/09/2025;70;CLIENTE CANCELOU              ;   ;jose.al    ;15:09
014125                            ;09/09/2025;    ;207416;003;    ;0018423;EMPORIO DAS BEBIDAS                               ;(75)99262-0828 ;010;105;RFD9B55;     337,68;    0,24;09/09/2025;72;PDV FECHADO (HORARIO COM.)    ;   ;emerson.al ;20:12
014125                            ;09/09/2025;    ;207417;003;    ;0018423;EMPORIO DAS BEBIDAS                               ;(75)99262-0828 ;010;105;RFD9B55;     175,90;    0,14;09/09/2025;72;PDV FECHADO (HORARIO COM.)    ;   ;emerson.al ;20:12
014126                            ;09/09/2025;    ;207425;003;    ;0019709;LOUNGE BAR PEROLA NE                              ;(75)98245-9026 ;010;105;PXX2E06;      53,90;    0,06;09/09/2025;72;PDV FECHADO (HORARIO COM.)    ;   ;jose.al    ;11:30
014129                            ;09/09/2025;    ;207472;003;    ;0046156;SILVA PANIFICADORA                                ;(75)98337-9670 ;010;107;PLL7H92;     263,97;    0,45;09/09/2025;71;SEM DINHEIRO/CHEQUE           ;   ;jose.al    ;17:12
014133                            ;09/09/2025;    ;207520;003;    ;0047332;PONT DA PRETA                                     ;(75)99982-2103 ;010;103;SKS9J44;     175,06;    0,14;09/09/2025;71;SEM DINHEIRO/CHEQUE           ;   ;emerson.al ;20:13
014138                            ;09/09/2025;    ;207476;003;    ;0033662;BAR DA MARIZETE                                   ;(75)98217-3441 ;010;110;JQP3F55;     138,48;    0,11;09/09/2025;71;SEM DINHEIRO/CHEQUE           ;   ;jose.al    ;15:39
014138                            ;09/09/2025;    ;207478;003;    ;0027080;BAR DO NILSON                                     ;(75)99972-6832 ;010;110;JQP3F55;     123,70;    0,19;09/09/2025;71;SEM DINHEIRO/CHEQUE           ;   ;jose.al    ;15:39
014138                            ;09/09/2025;    ;207524;003;    ;0027080;BAR DO NILSON                                     ;(75)99972-6832 ;010;110;JQP3F55;     126,00;    0,00;09/09/2025;71;SEM DINHEIRO/CHEQUE           ;   ;jose.al    ;15:52
014149                            ;10/09/2025;    ;207677;003;    ;0040085;PAGE BARBEARIA                                    ;(75)99874-3283 ;020;206;SKS7B90;     182,20;    0,30;10/09/2025;63;PRODUTO / QTDE. ERRADA        ;   ;cesar.al   ;20:22
014150                            ;10/09/2025;    ;207716;003;    ;0034248;DEPOSITO GELA GUELA                               ;(75)99958-7880 ;030;305;SJQ8D11;    1807,20;    1,81;11/09/2025;71;SEM DINHEIRO/CHEQUE           ;   ;tailan.al  ;15:22
014153                            ;10/09/2025;    ;207848;003;    ;0019012;BINHO ATACADO                                     ;(71)99917-5119 ;030;306;SJQ0C73;    1074,38;    1,26;10/09/2025;71;SEM DINHEIRO/CHEQUE           ;   ;tailan.al  ;18:25
014155                            ;10/09/2025;    ;207948;003;    ;0060273;ENCONTRO DOS GOLFINH                              ;(71)99634-5491 ;020;208;SKS9J44;     226,32;    0,38;11/09/2025;71;SEM DINHEIRO/CHEQUE           ;   ;tailan.al  ;17:51
014155                            ;10/09/2025;    ;207949;003;    ;0060273;ENCONTRO DOS GOLFINH                              ;(71)99634-5491 ;020;208;SKS9J44;      20,82;    0,01;11/09/2025;71;SEM DINHEIRO/CHEQUE           ;   ;tailan.al  ;17:51
014159                            ;10/09/2025;    ;208041;003;    ;0046549;LICOR DA VIVI                                     ;               ;010;109;IAK5E60;     255,43;    0,33;10/09/2025;71;SEM DINHEIRO/CHEQUE           ;   ;tailan.al  ;16:21
014163                            ;10/09/2025;    ;208150;003;    ;0019223;PONTO DO PAINHA                                   ;(75)98119-6998 ;010;106;JSM4818;      99,26;    0,28;10/09/2025;39;Cliente Cancelou.             ;   ;cesar.al   ;20:47
014163                            ;10/09/2025;    ;208151;003;    ;0019223;PONTO DO PAINHA                                   ;(75)98119-6998 ;010;106;JSM4818;     139,42;    0,16;10/09/2025;39;Cliente Cancelou.             ;   ;cesar.al   ;20:48
014163                            ;10/09/2025;    ;208154;003;    ;0020456;DEP”SITO FAMÕLIA                                  ;(71)99137-3217 ;010;106;JSM4818;     177,50;    0,21;10/09/2025;42;Produto/Quantidade Errada     ;   ;cesar.al   ;20:50
014163                            ;10/09/2025;    ;208157;003;    ;0040496;MERCADINHO SAO SIMAO                              ;(75)98319-2238 ;010;106;JSM4818;      44,63;    0,12;10/09/2025;71;SEM DINHEIRO/CHEQUE           ;   ;cesar.al   ;20:56
014163                            ;10/09/2025;    ;208158;003;    ;0040496;MERCADINHO SAO SIMAO                              ;(75)98319-2238 ;010;106;JSM4818;      23,32;    0,04;10/09/2025;71;SEM DINHEIRO/CHEQUE           ;   ;cesar.al   ;20:57
014163                            ;10/09/2025;    ;208159;003;    ;0040496;MERCADINHO SAO SIMAO                              ;(75)98319-2238 ;010;106;JSM4818;      31,13;    0,04;10/09/2025;71;SEM DINHEIRO/CHEQUE           ;   ;cesar.al   ;20:57
014163                            ;10/09/2025;    ;208160;003;    ;0040496;MERCADINHO SAO SIMAO                              ;(75)98319-2238 ;010;106;JSM4818;      87,10;    0,11;10/09/2025;71;SEM DINHEIRO/CHEQUE           ;   ;cesar.al   ;20:58
014163                            ;10/09/2025;    ;208161;003;    ;0040496;MERCADINHO SAO SIMAO                              ;(75)98319-2238 ;010;106;JSM4818;      15,28;    0,02;10/09/2025;71;SEM DINHEIRO/CHEQUE           ;   ;cesar.al   ;20:58
014163                            ;10/09/2025;    ;208171;003;    ;0019531;NA BRASA CHURRASCARI                              ;(75)98116-5110 ;010;106;JSM4818;     123,31;    0,07;10/09/2025;72;PDV FECHADO (HORARIO COM.)    ;   ;cesar.al   ;20:49
014163                            ;10/09/2025;    ;208172;003;    ;0019531;NA BRASA CHURRASCARI                              ;(75)98116-5110 ;010;106;JSM4818;     215,60;    0,27;10/09/2025;72;PDV FECHADO (HORARIO COM.)    ;   ;cesar.al   ;20:49
014165                            ;10/09/2025;    ;208228;003;    ;0091321;BAR DA DHAY                                       ;(71)99716-7370 ;010;108;TXA1F44;      63,52;    0,07;10/09/2025;72;PDV FECHADO (HORARIO COM.)    ;   ;tailan.al  ;16:39
014165                            ;10/09/2025;    ;208229;003;    ;0030456;BOX DA MIRIAM                                     ;(71) 9953-3097 ;010;108;TXA1F44;     190,92;    0,20;10/09/2025;72;PDV FECHADO (HORARIO COM.)    ;   ;tailan.al  ;16:39
014167                            ;10/09/2025;    ;208260;003;    ;0018878;BARRA DA UNA                                      ;(71)99702-0132 ;020;202;PXX2E06;     142,05;    0,14;10/09/2025;82;ENDERECO NAO ENCONTRADO       ;   ;tailan.al  ;17:41
014172                            ;10/09/2025;    ;208309;003;    ;0019180;ARENA QUADRANGULAR                                ;(75)98864-5865 ;010;107;JQP3F55;     165,80;    0,20;10/09/2025;72;PDV FECHADO (HORARIO COM.)    ;   ;tailan.al  ;11:27
014174                            ;10/09/2025;    ;208345;003;    ;0030095;BARRACA DO PU                                     ;(75)99914-1415 ;020;207;SJQ0A82;      12,98;    0,06;12/09/2025;63;PRODUTO / QTDE. ERRADA        ;   ;jose.al    ;08:30
014174                            ;10/09/2025;    ;208346;003;    ;0030095;BARRACA DO PU                                     ;(75)99914-1415 ;020;207;SJQ0A82;     599,42;    0,84;12/09/2025;63;PRODUTO / QTDE. ERRADA        ;   ;jose.al    ;08:30
014174                            ;10/09/2025;    ;208347;003;    ;0030095;BARRACA DO PU                                     ;(75)99914-1415 ;020;207;SJQ0A82;     402,39;    0,53;12/09/2025;63;PRODUTO / QTDE. ERRADA        ;   ;jose.al    ;08:30
014174                            ;10/09/2025;    ;208348;003;    ;0030095;BARRACA DO PU                                     ;(75)99914-1415 ;020;207;SJQ0A82;     121,16;    0,07;12/09/2025;63;PRODUTO / QTDE. ERRADA        ;   ;jose.al    ;08:30
014186                            ;11/09/2025;    ;208421;003;    ;0050443;RESTAURANTE GOSTO CA                              ;(07)59992-2120 ;020;209;SKS2H93;      99,72;    0,12;11/09/2025;37;PDV Fechado                   ;   ;emerson.al ;21:22
014192                            ;11/09/2025;    ;208542;003;    ;0020485;POINT VIP                                         ;(71)99953-6726 ;010;108;SJQ3B12;    1097,28;    1,23;12/09/2025;82;ENDERECO NAO ENCONTRADO       ;   ;jose.al    ;17:32
014192                            ;11/09/2025;    ;208573;003;    ;0054054;CASA BAR                                          ;(75)99853-4701 ;010;104;SJQ3B12;    1283,68;    1,75;12/09/2025;68;TROCA (SEM SELO / QTDE. ERRADA;   ;jose.al    ;17:32
014192                            ;11/09/2025;    ;208601;003;    ;0019610;MERCADINHO REIS                                   ;(75)99283-4185 ;020;204;SJQ3B12;     303,56;    0,44;12/09/2025;71;SEM DINHEIRO/CHEQUE           ;   ;jose.al    ;17:33
014192                            ;11/09/2025;    ;208602;003;    ;0019610;MERCADINHO REIS                                   ;(75)99283-4185 ;020;204;SJQ3B12;      28,92;    0,04;12/09/2025;71;SEM DINHEIRO/CHEQUE           ;   ;jose.al    ;17:33
014196                            ;11/09/2025;    ;208730;003;    ;0030477;DULAR                                             ;(75) 3421-7757 ;030;305;SJQ4A23;    2488,99;    3,83;11/09/2025;33;Nao Fez Pedido                ;   ;emerson.al ;20:25
014199                            ;11/09/2025;    ;208764;003;    ;0018484;BAR DO MARTELO                                    ;(75)98348-4669 ;010;102;PJX0435;      35,08;    0,08;11/09/2025;71;SEM DINHEIRO/CHEQUE           ;   ;tailan.al  ;14:49
014202                            ;11/09/2025;    ;208862;003;    ;0083016;MERCEARIA SR LAZARO                               ;(75)98264-2910 ;030;305;IAK5E60;     976,36;    1,48;11/09/2025;40;Horario de Entrega            ;   ;tailan.al  ;12:17
014203                            ;11/09/2025;    ;208897;003;    ;0082021;DEPOSITO SAMPAIO                                  ;(71)99991-9796 ;030;306;PLN3B26;      83,07;    0,04;11/09/2025;72;PDV FECHADO (HORARIO COM.)    ;   ;tailan.al  ;17:03
014206                            ;11/09/2025;    ;208966;003;    ;0040114;BAR IRMAOS CORAGEM                                ;(75)99812-5264 ;020;201;PXX2E06;     181,93;    0,19;11/09/2025;62;FORMA PAGAMENTO ERRADA        ;   ;tailan.al  ;14:10
014209                            ;11/09/2025;    ;209005;003;    ;0053765;RETRO PUB                                         ;(75) 9992-3852 ;010;103;RFD9B55;     564,61;    0,63;11/09/2025;72;PDV FECHADO (HORARIO COM.)    ;   ;tailan.al  ;14:09
014217                            ;12/09/2025;    ;209080;003;    ;0018748;BAR DO IVAN                                       ;(75)99925-0681 ;020;205;SJQ5E98;     444,34;    0,52;15/09/2025;50;CARGA ERRADA ARMAZEM          ;   ;emerson.al ;21:51
014217                            ;12/09/2025;    ;209084;003;    ;0020506;BAR DO ZOVINHO                                    ;(00) 7599-9360 ;020;206;SJQ5E98;      79,66;    0,08;15/09/2025;50;CARGA ERRADA ARMAZEM          ;   ;emerson.al ;21:49
014220                            ;12/09/2025;    ;209214;003;    ;0019227;BAR DO JEFERSON                                   ;(75)98149-4700 ;010;106;SJQ7E10;    2325,57;    2,97;13/09/2025;71;SEM DINHEIRO/CHEQUE           ;   ;jose.al    ;14:23
014226                            ;12/09/2025;    ;209421;003;    ;0018709;DEPOSITO VM                                       ;(75)99921-3767 ;020;202;SKB4I83;     596,03;    0,94;13/09/2025;72;PDV FECHADO (HORARIO COM.)    ;   ;cesar.al   ;06:52
014226                            ;12/09/2025;    ;209422;003;    ;0018709;DEPOSITO VM                                       ;(75)99921-3767 ;020;202;SKB4I83;      14,61;    0,09;13/09/2025;72;PDV FECHADO (HORARIO COM.)    ;DER;cesar.al   ;06:52
014230                            ;12/09/2025;    ;209507;003;    ;0083197;MERC. MELLO COSTA                                 ;(71) 9771-5712 ;010;108;JSM8401;     568,41;    0,57;12/09/2025;46;Endereco Nao Encontrado       ;   ;jose.al    ;18:10
014231                            ;12/09/2025;    ;209524;003;    ;0018790;CASTRO MAX DISTR                                  ;(75)99847-2345 ;020;203;IAK5E60;     300,96;    0,76;12/09/2025;71;SEM DINHEIRO/CHEQUE           ;   ;jose.al    ;15:29
014231                            ;12/09/2025;    ;209525;003;    ;0018790;CASTRO MAX DISTR                                  ;(75)99847-2345 ;020;203;IAK5E60;      69,42;    0,33;12/09/2025;71;SEM DINHEIRO/CHEQUE           ;   ;jose.al    ;15:30
014231                            ;12/09/2025;    ;209541;003;    ;0040102;Box 406                                           ;(75)93339-1316 ;020;206;IAK5E60;     105,02;    0,18;12/09/2025;82;ENDERECO NAO ENCONTRADO       ;   ;jose.al    ;15:30
014231                            ;12/09/2025;    ;209542;003;    ;0040102;Box 406                                           ;(75)93339-1316 ;020;206;IAK5E60;      82,49;    0,13;12/09/2025;82;ENDERECO NAO ENCONTRADO       ;   ;jose.al    ;15:30
014233                            ;12/09/2025;    ;209609;003;    ;0060631;BAR DO EDINHO                                     ;(07)19707-2634 ;020;208;TCU7J48;     174,64;    0,18;12/09/2025;65;NAO FEZ PEDIDO                ;   ;jose.al    ;18:17
014236                            ;12/09/2025;    ;209675;003;    ;0084563;SUPERMERCADO ALDA                                 ;(75) 9128-1143 ;030;305;JQP3F55;     371,60;    0,42;12/09/2025;65;NAO FEZ PEDIDO                ;   ;jose.al    ;18:08
014237                            ;12/09/2025;    ;209689;003;    ;0047990;MR BAR                                            ;               ;010;105;PLL7H92;      53,90;    0,06;12/09/2025;71;SEM DINHEIRO/CHEQUE           ;   ;jose.al    ;11:39
014240                            ;12/09/2025;    ;209719;003;    ;0046886;MERC FAMILIAR                                     ;(75)99974-2438 ;010;110;PXX2E06;     450,27;    0,64;12/09/2025;71;SEM DINHEIRO/CHEQUE           ;   ;jose.al    ;16:24
014241                            ;12/09/2025;    ;209756;003;    ;0040249;Bar To no trabalho                                ;(07)59804-0995 ;020;201;SKS9J44;     119,56;    0,09;13/09/2025;71;SEM DINHEIRO/CHEQUE           ;   ;jose.al    ;18:20
014241                            ;12/09/2025;    ;209760;003;    ;0060609;MERCEARIA POPULAR                                 ;(07)19931-1034 ;020;208;SKS9J44;     227,16;    0,64;13/09/2025;71;SEM DINHEIRO/CHEQUE           ;   ;jose.al    ;18:20
014241                            ;12/09/2025;    ;209775;003;    ;0060569;BAR DO AUGUSTINHO                                 ;(71)99659-1852 ;020;208;SKS9J44;      34,00;    0,12;13/09/2025;71;SEM DINHEIRO/CHEQUE           ;   ;jose.al    ;18:20
014242                            ;12/09/2025;    ;209812;003;    ;0030241;REFRIGERACAO TERFIL                               ;(07)59999-9999 ;020;207;SJQ0A82;     146,49;    0,54;15/09/2025;72;PDV FECHADO (HORARIO COM.)    ;   ;alex.al    ;08:33
014243                            ;12/09/2025;    ;209831;003;    ;0030198;RESTAURANTE PIONEIRO                              ;(75)99841-9786 ;020;202;SKB4I83;     275,80;    0,25;13/09/2025;70;CLIENTE CANCELOU              ;   ;jose.al    ;16:04
014250                            ;12/09/2025;    ;209568;003;    ;0084735;BARRACA DO APOSENTAD                              ;(75)98810-3886 ;010;107;RFD9B55;     242,49;    0,29;12/09/2025;72;PDV FECHADO (HORARIO COM.)    ;   ;jose.al    ;14:22
014266                            ;13/09/2025;    ;209907;003;    ;0082733;BRILHO DO SOL                                     ;(75)98249-5639 ;010;106;SJQ5B35;    1437,92;    1,72;13/09/2025;40;Horario de Entrega            ;   ;jose.al    ;17:04
014270                            ;13/09/2025;    ;210051;003;    ;0020485;POINT VIP                                         ;(71)99953-6726 ;010;108;SJQ1F85;    1097,28;    1,23;13/09/2025;46;Endereco Nao Encontrado       ;   ;jose.al    ;17:12
014270                            ;13/09/2025;    ;210058;003;    ;0019697;BAR DE PATRICIA                                   ;(75)98333-1690 ;010;104;SJQ1F85;      73,18;    0,08;13/09/2025;72;PDV FECHADO (HORARIO COM.)    ;   ;jose.al    ;17:12
014272                            ;13/09/2025;    ;210103;003;    ;0024506;ATACADAO SOUZA                                    ;(75)99920-0301 ;030;305;JSM4818;     783,21;    1,33;13/09/2025;42;Produto/Quantidade Errada     ;   ;jose.al    ;13:53
014272                            ;13/09/2025;    ;210105;003;    ;0082880;Bar ze moreno                                     ;(75) 9965-2930 ;010;110;JSM4818;     107,80;    0,13;13/09/2025;42;Produto/Quantidade Errada     ;   ;jose.al    ;13:53
014277                            ;13/09/2025;    ;210230;003;    ;0031665;POINT DOS AMIGOS SD                               ;(71)99605-9639 ;010;101;TXA1F44;      65,80;    0,07;13/09/2025;72;PDV FECHADO (HORARIO COM.)    ;   ;jose.al    ;15:39
014277                            ;13/09/2025;    ;210240;003;    ;0020291;MERCADINHO OLIVEIRA                               ;(71)99276-0978 ;010;109;TXA1F44;      40,22;    0,04;13/09/2025;72;PDV FECHADO (HORARIO COM.)    ;   ;jose.al    ;15:49
014277                            ;13/09/2025;    ;210256;003;    ;0018685;BAR DA ZELITA                                     ;(71)99633-4153 ;010;108;TXA1F44;     184,34;    0,30;13/09/2025;72;PDV FECHADO (HORARIO COM.)    ;   ;jose.al    ;15:39
014278                            ;13/09/2025;    ;210259;003;    ;0019862;BAR ZE POTO                                       ;(75)99159-1711 ;010;102;PXX2E06;      66,90;    0,06;13/09/2025;64;SEM VASILHAME                 ;   ;jose.al    ;15:02
014278                            ;13/09/2025;    ;210275;003;    ;0030712;CONVERSA FIADA                                    ;(75)99727-7419 ;010;107;PXX2E06;     159,90;    0,14;13/09/2025;71;SEM DINHEIRO/CHEQUE           ;   ;jose.al    ;15:02
014302                            ;15/09/2025;    ;210365;003;    ;0018517;BAR DA ZENE                                       ;(75)99952-7656 ;020;207;SJQ0A82;      23,14;    0,01;17/09/2025;42;Produto/Quantidade Errada     ;   ;alex.al    ;08:25
014304                            ;15/09/2025;    ;210327;003;    ;0019036;COMPRE BEM AL VELHA                               ;(75)99946-8968 ;030;305;SJQ1F85;    6544,42;   11,24;15/09/2025;72;PDV FECHADO (HORARIO COM.)    ;   ;jose.al    ;18:23
014323                            ;16/09/2025;    ;210425;003;    ;0050023;DISTRIBUIDORA DOIS I                              ;(07)59811-8595 ;030;304;SJQ5E98;    3539,00;    4,62;16/09/2025;71;SEM DINHEIRO/CHEQUE           ;   ;cesar.al   ;22:01
014323                            ;16/09/2025;    ;210426;003;    ;0050023;DISTRIBUIDORA DOIS I                              ;(07)59811-8595 ;030;304;SJQ5E98;       3,32;    0,00;16/09/2025;71;SEM DINHEIRO/CHEQUE           ;   ;cesar.al   ;22:01
014323                            ;16/09/2025;    ;210452;003;    ;0050058;RESTAURANTE COMO BEM                              ;(07)59848-2395 ;020;205;SJQ5E98;     397,00;    0,41;16/09/2025;72;PDV FECHADO (HORARIO COM.)    ;   ;cesar.al   ;22:  
014323                            ;16/09/2025;    ;210453;003;    ;0050364;ADEGA POR DO SOL                                  ;(75)99810-5300 ;020;205;SJQ5E98;     490,35;    0,53;16/09/2025;72;PDV FECHADO (HORARIO COM.)    ;   ;cesar.al   ;22:  
014329                            ;16/09/2025;    ;210640;003;    ;0027106;MERC QUENTE FRIO                                  ;(75)98119-3836 ;030;305;SJQ5B35;     143,57;    0,14;16/09/2025;72;PDV FECHADO (HORARIO COM.)    ;DER;cesar.al   ;20:54
014329                            ;16/09/2025;    ;210642;003;    ;0032924;JOANA DOS SANTOS                                  ;(75)98119-3836 ;030;305;SJQ5B35;    1248,00;    3,00;16/09/2025;71;SEM DINHEIRO/CHEQUE           ;   ;cesar.al   ;20:54
014329                            ;16/09/2025;    ;210643;003;    ;0032924;JOANA DOS SANTOS                                  ;(75)98119-3836 ;030;305;SJQ5B35;    1218,25;    3,00;16/09/2025;71;SEM DINHEIRO/CHEQUE           ;   ;cesar.al   ;20:53
014337                            ;16/09/2025;    ;210903;003;    ;0040086;J PIRES MERCADINHO                                ;(07)59134-8191 ;020;206;IAK5E60;     178,16;    0,27;16/09/2025;42;Produto/Quantidade Errada     ;   ;alex.al    ;15:34
014337                            ;16/09/2025;    ;210904;003;    ;0018958;RESTAURANTE DA RITA                               ;(75)99514-7115 ;020;206;IAK5E60;     130,70;    0,15;16/09/2025;72;PDV FECHADO (HORARIO COM.)    ;   ;alex.al    ;15:34
014337                            ;16/09/2025;    ;210920;003;    ;0040252;BAR DA LANINHA                                    ;(75)99901-5187 ;020;206;IAK5E60;     196,87;    0,25;16/09/2025;72;PDV FECHADO (HORARIO COM.)    ;   ;alex.al    ;15:33
014337                            ;16/09/2025;    ;210921;003;    ;0018750;FENIX BAR                                         ;(75)99977-0852 ;020;206;IAK5E60;     386,00;    0,72;16/09/2025;72;PDV FECHADO (HORARIO COM.)    ;   ;alex.al    ;15:32
014342                            ;16/09/2025;    ;211059;003;    ;0084284;Bar Ana Rasta                                     ;(71) 3641-1590 ;010;109;TXA1F44;      33,73;    0,04;16/09/2025;33;Nao Fez Pedido                ;   ;cesar.al   ;20:58
014342                            ;16/09/2025;    ;211060;003;    ;0039854;CHURRASCO DO PAULIST                              ;(71)99603-9229 ;010;109;TXA1F44;       2,32;    0,00;16/09/2025;72;PDV FECHADO (HORARIO COM.)    ;   ;cesar.al   ;20:57
014342                            ;16/09/2025;    ;211061;003;    ;0020327;BAR DE LU                                         ;(71)99921-6262 ;010;108;TXA1F44;     215,99;    0,22;16/09/2025;45;Tempo Insuficiente.           ;   ;cesar.al   ;21:  
014342                            ;16/09/2025;    ;211062;003;    ;0020327;BAR DE LU                                         ;(71)99921-6262 ;010;108;TXA1F44;      19,68;    0,02;16/09/2025;45;Tempo Insuficiente.           ;   ;cesar.al   ;20:59
014342                            ;16/09/2025;    ;211063;003;    ;0092432;CANTINHO DA VERA                                  ;(71)99974-8635 ;010;108;TXA1F44;     146,90;    0,18;16/09/2025;45;Tempo Insuficiente.           ;   ;cesar.al   ;20:56
014343                            ;16/09/2025;    ;211091;003;    ;0029256;BOX DA MEIRE                                      ;(75)98173-9083 ;010;111;PLL7H92;      74,72;    0,07;16/09/2025;72;PDV FECHADO (HORARIO COM.)    ;   ;alex.al    ;10:38
014345                            ;16/09/2025;    ;211111;003;    ;0035590;BUTECO DA RAFA                                    ;(75)99116-4119 ;010;111;PXX2E06;      74,72;    0,07;16/09/2025;71;SEM DINHEIRO/CHEQUE           ;   ;alex.al    ;15:12
014346                            ;16/09/2025;    ;211175;003;    ;0020165;BAR DA LIGIA                                      ;(75)99237-1655 ;010;107;OUP9E04;     207,90;    0,36;17/09/2025;33;Nao Fez Pedido                ;   ;emerson.al ;21:08
014362                            ;17/09/2025;    ;211492;003;    ;0020210;KIOSK AZUL                                        ;(27)99743-0432 ;010;109;SJQ3B12;     775,60;    1,02;18/09/2025;72;PDV FECHADO (HORARIO COM.)    ;   ;tailan.al  ;13:52
014363                            ;17/09/2025;    ;211516;003;    ;0048849;BAR DO GUDE                                       ;               ;010;106;SJQ7E10;      76,18;    0,13;18/09/2025;52;FALTA PRODUTO ESTOQUE         ;   ;tailan.al  ;14:01
014364                            ;17/09/2025;    ;211540;003;    ;0018878;BARRA DA UNA                                      ;(71)99702-0132 ;020;202;SJQ4A23;     350,16;    0,40;17/09/2025;82;ENDERECO NAO ENCONTRADO       ;   ;alex.al    ;16:19
014364                            ;17/09/2025;    ;211545;003;    ;0030461;BELLA PETISCARIA                                  ;(75)99826-1983 ;030;305;SJQ4A23;    1195,69;    1,80;17/09/2025;23;(C)Pedidos duplicados         ;   ;alex.al    ;16:22
014364                            ;17/09/2025;    ;211559;003;    ;0047700;ACARAJE DA BEL                                    ;(75)99990-2549 ;010;110;SJQ4A23;     424,63;    0,55;17/09/2025;72;PDV FECHADO (HORARIO COM.)    ;   ;alex.al    ;16:18
014364                            ;17/09/2025;    ;211560;003;    ;0047700;ACARAJE DA BEL                                    ;(75)99990-2549 ;010;110;SJQ4A23;      38,50;    0,04;17/09/2025;72;PDV FECHADO (HORARIO COM.)    ;   ;alex.al    ;16:18
014365                            ;17/09/2025;    ;211561;003;    ;0050052;BAR DAS COLEGUINHAS                               ;(75)99887-1123 ;020;204;SKB4I83;     304,52;    0,31;17/09/2025;71;SEM DINHEIRO/CHEQUE           ;   ;alex.al    ;16:55
014365                            ;17/09/2025;    ;211562;003;    ;0050052;BAR DAS COLEGUINHAS                               ;(75)99887-1123 ;020;204;SKB4I83;      39,83;    0,04;17/09/2025;71;SEM DINHEIRO/CHEQUE           ;   ;alex.al    ;16:54
014366                            ;17/09/2025;    ;211592;003;    ;0037344;QUIOSQUE DA FONTE                                 ;(75)98149-6181 ;010;103;NYM9I27;     152,73;    0,12;17/09/2025;72;PDV FECHADO (HORARIO COM.)    ;   ;emerson.al ;20:04
014366                            ;17/09/2025;    ;211593;003;    ;0037344;QUIOSQUE DA FONTE                                 ;(75)98149-6181 ;010;103;NYM9I27;      31,60;    0,01;17/09/2025;72;PDV FECHADO (HORARIO COM.)    ;   ;emerson.al ;20:03
014367                            ;17/09/2025;    ;211616;003;    ;0040024;LANCHONTE AVALANCHE                               ;(75)99814-5191 ;020;206;NYM9I27;     428,83;    0,64;18/09/2025;72;PDV FECHADO (HORARIO COM.)    ;   ;alex.al    ;16:04
014367                            ;17/09/2025;    ;211629;003;    ;0040082;PADARIA CENTRAL                                   ;(75)99955-5572 ;020;206;NYM9I27;     298,69;    0,26;18/09/2025;71;SEM DINHEIRO/CHEQUE           ;   ;alex.al    ;16:04
014368                            ;17/09/2025;    ;211635;003;    ;0051195;PONTAL BEIRA RIO                                  ;(71)99646-0309 ;010;111;RNZ1G17;      79,70;    0,14;18/09/2025;71;SEM DINHEIRO/CHEQUE           ;   ;alex.al    ;15:31
014368                            ;17/09/2025;    ;211636;003;    ;0051195;PONTAL BEIRA RIO                                  ;(71)99646-0309 ;010;111;RNZ1G17;      38,50;    0,04;18/09/2025;71;SEM DINHEIRO/CHEQUE           ;   ;alex.al    ;15:30
014368                            ;17/09/2025;    ;211647;003;    ;0019369;BAR AREA VERDE                                    ;(75)99990-5377 ;010;111;RNZ1G17;     156,22;    0,20;18/09/2025;71;SEM DINHEIRO/CHEQUE           ;   ;alex.al    ;15:32
014369                            ;17/09/2025;    ;211691;003;    ;0038932;SOUSA BEER                                        ;(71)99936-9617 ;010;101;RNZ1G17;     104,98;    0,23;17/09/2025;71;SEM DINHEIRO/CHEQUE           ;   ;emerson.al ;20:04
014370                            ;17/09/2025;    ;211718;003;    ;0018835;O APETITOSO                                       ;(75)99981-1427 ;010;102;PJX0435;      93,26;    0,03;17/09/2025;72;PDV FECHADO (HORARIO COM.)    ;   ;jose.al    ;17:42
014375                            ;17/09/2025;    ;211794;003;    ;0019553;BAR DA MONICA                                     ;(71)99220-1612 ;010;111;RFD9B55;      85,18;    0,12;17/09/2025;33;Nao Fez Pedido                ;   ;emerson.al ;20:26
014375                            ;17/09/2025;    ;211803;003;    ;0056261;DEPOSITO SOS                                      ;               ;010;105;RFD9B55;     229,40;    0,37;17/09/2025;40;Horario de Entrega            ;   ;emerson.al ;20:26
014375                            ;17/09/2025;    ;211804;003;    ;0051138;BAR E PETISCARIA PL                               ;(75)98288-4060 ;010;105;RFD9B55;     149,08;    0,25;17/09/2025;64;SEM VASILHAME                 ;   ;emerson.al ;20:25
014376                            ;17/09/2025;    ;211816;003;    ;0018603;MIX FORT SUPER                                    ;(75)99907-7979 ;030;305;JQP3F55;    1591,02;    1,73;17/09/2025;42;Produto/Quantidade Errada     ;   ;jose.al    ;17:41
014380                            ;17/09/2025;    ;211866;003;    ;0030399;JUNBEL LITORAL GOURM                              ;(75)18358-4423 ;020;207;SKS5C26;     578,88;    0,93;19/09/2025;32;ENTREGA ATRASADA (BUFFER)     ;   ;alex.al    ;08:35
014380                            ;17/09/2025;    ;211867;003;    ;0018909;Q PARADA OBRIGATORIA                              ;(75)99878-4522 ;020;207;SKS5C26;     137,10;    0,14;19/09/2025;32;ENTREGA ATRASADA (BUFFER)     ;   ;alex.al    ;08:34
014381                            ;17/09/2025;    ;211956;003;    ;0034248;DEPOSITO GELA GUELA                               ;(75)99958-7880 ;030;305;SJQ0A82;    2440,89;    2,02;18/09/2025;71;SEM DINHEIRO/CHEQUE           ;   ;tailan.al  ;17:41
014383                            ;17/09/2025;    ;211384;003;    ;0060636;KIOSQUE ESTRELA                                   ;(75)99869-7027 ;020;208;SKS9J44;     374,36;    0,34;19/09/2025;71;SEM DINHEIRO/CHEQUE           ;   ;alex.al    ;16:49
014383                            ;17/09/2025;    ;211385;003;    ;0060636;KIOSQUE ESTRELA                                   ;(75)99869-7027 ;020;208;SKS9J44;      12,98;    0,06;19/09/2025;71;SEM DINHEIRO/CHEQUE           ;   ;alex.al    ;16:48
014383                            ;17/09/2025;    ;211419;003;    ;0019587;REST NA VARANDA                                   ;(71)99622-5195 ;020;201;SKS9J44;     137,10;    0,14;19/09/2025;71;SEM DINHEIRO/CHEQUE           ;   ;alex.al    ;16:49
014396                            ;18/09/2025;    ;212223;003;    ;0018499;RITA SALGADEIRA                                   ;(75)98117-9751 ;010;106;SJQ7E10;     447,14;    0,59;19/09/2025;40;Horario de Entrega            ;   ;alex.al    ;14:52
014403                            ;18/09/2025;    ;212358;003;    ;0050320;QUIOSQUE DELICIA DA                               ;(07)59807-1980 ;020;209;TXA1F44;     252,42;    0,29;18/09/2025;71;SEM DINHEIRO/CHEQUE           ;   ;tailan.al  ;17:58
014405                            ;18/09/2025;    ;212382;003;    ;0044220;BOTECO BORA BORA                                  ;(75)98350-4460 ;010;105;PLL7H92;     103,90;    0,21;18/09/2025;72;PDV FECHADO (HORARIO COM.)    ;   ;tailan.al  ;17:26
014406                            ;18/09/2025;    ;212389;003;    ;0040400;BAR BEIRA RIO                                     ;(07)19939-1836 ;020;201;PXX2E06;     141,34;    0,28;18/09/2025;63;PRODUTO / QTDE. ERRADA        ;   ;alex.al    ;14:23
014407                            ;18/09/2025;    ;212406;003;    ;0020556;RESTAURANTE RELENTO                               ;(71)99603-7774 ;010;108;PXX2E06;     115,50;    0,12;18/09/2025;82;ENDERECO NAO ENCONTRADO       ;   ;tailan.al  ;17:44
014410                            ;18/09/2025;    ;212460;003;    ;0019762;ACARAJE DA NANA                                   ;(75)99160-3827 ;010;111;JQP3F55;     189,70;    0,28;18/09/2025;58;Carga Errada                  ;   ;cesar.al   ;20:24
014418                            ;19/09/2025;    ;212534;003;    ;0020506;BAR DO ZOVINHO                                    ;(00) 7599-9360 ;020;206;SJQ5E98;     318,66;    0,40;22/09/2025;50;CARGA ERRADA ARMAZEM          ;   ;cesar.al   ;21:17
014418                            ;19/09/2025;    ;212569;003;    ;0050073;MERC JAIME AMANCIO                                ;(75)99987-7416 ;020;209;SJQ5E98;     349,50;    0,10;22/09/2025;50;CARGA ERRADA ARMAZEM          ;   ;cesar.al   ;21:16
014419                            ;19/09/2025;    ;212594;003;    ;0050181;BAR DA NATA                                       ;(75)99940-6540 ;020;204;SKS7B90;     216,98;    0,34;20/09/2025;42;Produto/Quantidade Errada     ;   ;emerson.al ;02:27
014419                            ;19/09/2025;    ;212606;003;    ;0019232;KIOSK DA VAL                                      ;(75)99127-4797 ;020;204;SKS7B90;     197,74;    0,20;20/09/2025;72;PDV FECHADO (HORARIO COM.)    ;   ;emerson.al ;02:27
014419                            ;19/09/2025;    ;212611;003;    ;0019517;BAR DE LEITOA                                     ;(75)99170-5027 ;020;204;SKS7B90;      75,82;    0,16;20/09/2025;72;PDV FECHADO (HORARIO COM.)    ;   ;emerson.al ;02:27
014419                            ;19/09/2025;    ;212612;003;    ;0019517;BAR DE LEITOA                                     ;(75)99170-5027 ;020;204;SKS7B90;     398,30;    0,40;20/09/2025;72;PDV FECHADO (HORARIO COM.)    ;   ;emerson.al ;02:28
014419                            ;19/09/2025;    ;212618;003;    ;0050229;SOSSEGO BAR                                       ;(75)99963-3095 ;020;204;SKS7B90;     575,11;    1,05;20/09/2025;72;PDV FECHADO (HORARIO COM.)    ;   ;emerson.al ;02:27
014421                            ;19/09/2025;    ;212669;003;    ;0047053;MERCEARIA DA EVA                                  ;(75)98251-8457 ;010;106;SJQ0A82;     860,56;    0,09;20/09/2025;71;SEM DINHEIRO/CHEQUE           ;   ;jose.al    ;17:36
014421                            ;19/09/2025;    ;212671;003;    ;0048013;POINT DA GEH                                      ;(75)98184-1073 ;010;106;SJQ0A82;    1056,30;    1,29;20/09/2025;71;SEM DINHEIRO/CHEQUE           ;   ;jose.al    ;17:36
014421                            ;19/09/2025;    ;212672;003;    ;0048013;POINT DA GEH                                      ;(75)98184-1073 ;010;106;SJQ0A82;     287,35;    0,16;20/09/2025;71;SEM DINHEIRO/CHEQUE           ;   ;jose.al    ;17:36
014421                            ;19/09/2025;    ;212721;003;    ;0018499;RITA SALGADEIRA                                   ;(75)98117-9751 ;010;106;SJQ0A82;     377,30;    0,48;20/09/2025;71;SEM DINHEIRO/CHEQUE           ;   ;jose.al    ;17:36
014427                            ;19/09/2025;    ;212868;003;    ;0041109;CARVALHO DISTRIBUIDO                              ;(75)98338-5443 ;030;305;SJQ7E10;    1293,60;    1,65;19/09/2025;87;TEMPO INSUFICIENTE            ;   ;emerson.al ;20:47
014428                            ;19/09/2025;    ;212878;003;    ;0030093;BARRACA DO BINHO                                  ;(07)59839-3784 ;020;202;SKB4I83;     262,12;    0,29;20/09/2025;71;SEM DINHEIRO/CHEQUE           ;   ;jose.al    ;14:34
014430                            ;19/09/2025;    ;212956;003;    ;0040361;RESTAURANTE JN                                    ;(75)98823-9312 ;020;203;NYM9I27;     257,68;    0,61;19/09/2025;71;SEM DINHEIRO/CHEQUE           ;   ;emerson.al ;20:45
014431                            ;19/09/2025;    ;212970;003;    ;0035466;BAR VERAO                                         ;(71)99743-5107 ;010;103;PJX0435;      30,42;    0,02;20/09/2025;72;PDV FECHADO (HORARIO COM.)    ;   ;jose.al    ;15:38
014431                            ;19/09/2025;    ;212971;003;    ;0035466;BAR VERAO                                         ;(71)99743-5107 ;010;103;PJX0435;     107,80;    0,13;20/09/2025;72;PDV FECHADO (HORARIO COM.)    ;   ;jose.al    ;15:38
014431                            ;19/09/2025;    ;212980;003;    ;0020098;BAR NERI RICO                                     ;(75)99302-0493 ;010;103;PJX0435;     113,47;    0,12;20/09/2025;71;SEM DINHEIRO/CHEQUE           ;   ;jose.al    ;15:38
014431                            ;19/09/2025;    ;212989;003;    ;0047124;UPA DE BEBIDAS                                    ;(75)99128-8433 ;010;103;PJX0435;     181,49;    0,29;20/09/2025;32;ENTREGA ATRASADA (BUFFER)     ;   ;jose.al    ;15:38
014436                            ;19/09/2025;    ;213060;003;    ;0019530;MERCADINHO SOS                                    ;(71)99958-3206 ;010;109;PXX2E06;     177,50;    0,21;19/09/2025;63;PRODUTO / QTDE. ERRADA        ;   ;alex.al    ;15:32
014439                            ;19/09/2025;    ;213092;003;    ;0018495;DEPOSITO PETROLAR                                 ;(75)99938-8474 ;010;107;JQP3F55;     404,92;    0,54;19/09/2025;71;SEM DINHEIRO/CHEQUE           ;   ;alex.al    ;15:34
014443                            ;19/09/2025;    ;213158;003;    ;0030144;MERC KIPAO SITIO                                  ;(75)99811-2616 ;020;207;SKS5C26;     539,83;    0,96;22/09/2025;42;Produto/Quantidade Errada     ;   ;alex.al    ;08:21
014443                            ;19/09/2025;    ;213159;003;    ;0030144;MERC KIPAO SITIO                                  ;(75)99811-2616 ;020;207;SKS5C26;      37,90;    0,04;22/09/2025;42;Produto/Quantidade Errada     ;   ;alex.al    ;08:20
014444                            ;19/09/2025;    ;213205;003;    ;0060361;QUIOSK AGUAS E AGUAS                              ;(71)99936-9430 ;020;208;SKS9J44;     621,20;    0,83;22/09/2025;37;PDV Fechado                   ;   ;cesar.al   ;21:10
014444                            ;19/09/2025;    ;213214;003;    ;0020354;LANCHES CANOAS                                    ;(75)99971-6190 ;020;208;SKS9J44;      12,98;    0,06;22/09/2025;37;PDV Fechado                   ;   ;cesar.al   ;21:09
014444                            ;19/09/2025;    ;213226;003;    ;0018968;POINT MARA                                        ;(71)99625-2274 ;020;201;SKS9J44;     223,84;    0,42;22/09/2025;37;PDV Fechado                   ;   ;cesar.al   ;21:11
014444                            ;19/09/2025;    ;213227;003;    ;0018968;POINT MARA                                        ;(71)99625-2274 ;020;201;SKS9J44;      47,47;    0,12;22/09/2025;37;PDV Fechado                   ;   ;cesar.al   ;21:10
014444                            ;19/09/2025;    ;213228;003;    ;0060884;ESCONDIDINHO DO RECA                              ;(07)19621-1920 ;020;201;SKS9J44;     422,52;    0,52;22/09/2025;37;PDV Fechado                   ;   ;cesar.al   ;21:08
014444                            ;19/09/2025;    ;213229;003;    ;0018429;PARADA OBRIGATORIA                                ;(71)99999-8341 ;020;208;SKS9J44;     127,05;    0,24;22/09/2025;37;PDV Fechado                   ;   ;cesar.al   ;21:09
014444                            ;19/09/2025;    ;213230;003;    ;0060692;CANABAR                                           ;(71)98777-6585 ;020;208;SKS9J44;     128,34;    0,11;22/09/2025;37;PDV Fechado                   ;   ;cesar.al   ;21:10
014467                            ;20/09/2025;    ;213447;003;    ;0018727;ZE BOLACHA                                        ;(75)98185-0488 ;010;102;SKS2H93;     361,39;    0,27;20/09/2025;71;SEM DINHEIRO/CHEQUE           ;   ;cesar.al   ;19:34
014467                            ;20/09/2025;    ;213453;003;    ;0020043;DEP PIPOCO RANCH                                  ;(71)99646-5872 ;010;102;SKS2H93;     304,43;    0,34;20/09/2025;71;SEM DINHEIRO/CHEQUE           ;   ;cesar.al   ;19:34
014467                            ;20/09/2025;    ;213463;003;    ;0038682;PARADA OBRIGATORIA                                ;(75)98256-4020 ;010;102;SKS2H93;     118,76;    0,18;20/09/2025;71;SEM DINHEIRO/CHEQUE           ;   ;cesar.al   ;19:33
014467                            ;20/09/2025;    ;213477;003;    ;0030800;JANIO DEPOSITO                                    ;(75) 8325-4428 ;010;107;SKS2H93;     857,40;    0,86;20/09/2025;71;SEM DINHEIRO/CHEQUE           ;   ;cesar.al   ;19:33
014471                            ;20/09/2025;    ;213566;003;    ;0083484;BAR DO EDILSON                                    ;(75)98102-7555 ;010;103;PLN3B26;     303,77;    0,30;20/09/2025;72;PDV FECHADO (HORARIO COM.)    ;   ;jose.al    ;15:45
014472                            ;20/09/2025;    ;213588;003;    ;0049680;DISTRIBUIDORA ARCANJ                              ;(75)98724-1017 ;010;101;TXA1F44;     134,32;    0,18;20/09/2025;46;Endereco Nao Encontrado       ;   ;cesar.al   ;19:48
014472                            ;20/09/2025;    ;213589;003;    ;0049680;DISTRIBUIDORA ARCANJ                              ;(75)98724-1017 ;010;101;TXA1F44;      24,10;    0,12;20/09/2025;89;PDV FECHADO APOS HORARIO      ;   ;cesar.al   ;19:48
014472                            ;20/09/2025;    ;213603;003;    ;0054237;MERCADINHO OLIVEIRA                               ;               ;010;109;TXA1F44;      40,22;    0,04;20/09/2025;33;Nao Fez Pedido                ;   ;cesar.al   ;19:47
014473                            ;20/09/2025;    ;213631;003;    ;0019159;MERCEARIA JM                                      ;(75)99880-4020 ;020;209;TCU7J48;     242,48;    0,24;20/09/2025;71;SEM DINHEIRO/CHEQUE           ;   ;jose.al    ;17:04
014476                            ;20/09/2025;    ;213660;003;    ;0033221;GELO COM GELO                                     ;(75)99828-9694 ;010;105;PLL7H92;     351,24;    0,27;20/09/2025;72;PDV FECHADO (HORARIO COM.)    ;   ;jose.al    ;13:46
014478                            ;20/09/2025;    ;213691;003;    ;0053387;BAR DELICIAS DA JO                                ;(71)99630-3436 ;010;107;SKB4I83;      67,20;    0,08;20/09/2025;71;SEM DINHEIRO/CHEQUE           ;   ;jose.al    ;17:11
014478                            ;20/09/2025;    ;213693;003;    ;0090756;OBA OBA                                           ;(75)99833-4082 ;010;107;SKB4I83;      63,28;    0,06;20/09/2025;72;PDV FECHADO (HORARIO COM.)    ;   ;jose.al    ;17:11
014479                            ;20/09/2025;    ;213710;003;    ;0028700;BAR DO ROQUE                                      ;(75)99999-4702 ;010;102;JQP3F55;     364,00;    0,37;22/09/2025;71;SEM DINHEIRO/CHEQUE           ;   ;cesar.al   ;21:06
014479                            ;20/09/2025;    ;213716;003;    ;0033008;DEPOSITO CARCARA                                  ;(75)99708-0480 ;010;102;JQP3F55;     419,39;    0,50;22/09/2025;72;PDV FECHADO (HORARIO COM.)    ;   ;cesar.al   ;21:05
014491                            ;22/09/2025;    ;213770;003;    ;0060491;PANIFICADORA OLIVEIR                              ;(71)99945-0976 ;020;208;SKB4I83;     481,30;    0,90;22/09/2025;42;Produto/Quantidade Errada     ;   ;tailan.al  ;17:07
014491                            ;22/09/2025;    ;213775;003;    ;0060252;BAR DO ELSON                                      ;(71)99910-2725 ;020;208;SKB4I83;     856,69;    1,22;22/09/2025;42;Produto/Quantidade Errada     ;   ;tailan.al  ;17:08
014491                            ;22/09/2025;    ;213783;003;    ;0019801;FADA DOS DOCES                                    ;(75)99237-4355 ;020;208;SKB4I83;     152,02;    0,30;22/09/2025;42;Produto/Quantidade Errada     ;   ;tailan.al  ;17:07
014492                            ;22/09/2025;    ;213788;003;    ;0053609;CENTRAL DIST                                      ;(75)98247-0196 ;010;106;TXA1F44;     961,49;    1,11;22/09/2025;72;PDV FECHADO (HORARIO COM.)    ;   ;alex.al    ;16:26
014493                            ;22/09/2025;    ;213793;003;    ;0020541;SANDUBOM                                          ;(75)99866-8550 ;020;201;TCU7J48;     222,24;    0,38;22/09/2025;72;PDV FECHADO (HORARIO COM.)    ;   ;tailan.al  ;17:24
014493                            ;22/09/2025;    ;213794;003;    ;0019587;REST NA VARANDA                                   ;(71)99622-5195 ;020;201;TCU7J48;     287,00;    0,28;22/09/2025;71;SEM DINHEIRO/CHEQUE           ;   ;tailan.al  ;17:24
014510                            ;22/09/2025;    ;213860;003;    ;0020204;POINTEDALEILANE                                   ;(75)98116-7051 ;010;102;MSG0C01;      40,16;    0,18;30/09/2025;51;NF ERRADA                     ;   ;alyson     ;18:27
014521                            ;23/09/2025;    ;214188;003;    ;0032116;SUPERMERCADO DELICIA                              ;(75) 3247-2021 ;030;305;SKS2H93;    4845,88;    8,62;23/09/2025;72;PDV FECHADO (HORARIO COM.)    ;   ;jose.al    ;17:11
014522                            ;23/09/2025;    ;214210;003;    ;0084226;CHURASCARIA CENTRO-E                              ;(71)99948-3039 ;010;109;SJQ3B12;    1274,41;    1,21;23/09/2025;71;SEM DINHEIRO/CHEQUE           ;   ;jose.al    ;18:31
014525                            ;23/09/2025;    ;214316;003;    ;0020551;BAR DA IARA                                       ;(75)99831-3693 ;020;201;PVU6G79;     337,45;    0,40;24/09/2025;82;ENDERECO NAO ENCONTRADO       ;   ;alex.al    ;15:50
014526                            ;23/09/2025;    ;214337;003;    ;0029052;MERCADINHO DO ZEINHO                              ;(75)98142-7763 ;030;305;PJX0435;     110,73;    0,05;23/09/2025;72;PDV FECHADO (HORARIO COM.)    ;   ;jose.al    ;17:46
014526                            ;23/09/2025;    ;214338;003;    ;0029052;MERCADINHO DO ZEINHO                              ;(75)98142-7763 ;030;305;PJX0435;     127,43;    0,28;23/09/2025;72;PDV FECHADO (HORARIO COM.)    ;   ;jose.al    ;17:46
014528                            ;23/09/2025;    ;214401;003;    ;0050708;DISTRIBUIDORA DO ALA                              ;(75)99881-7645 ;020;204;NYM9I27;     130,68;    0,14;23/09/2025;72;PDV FECHADO (HORARIO COM.)    ;   ;alex.al    ;16:55
014528                            ;23/09/2025;    ;214407;003;    ;0050223;BAR ANTONIO DE ALMIR                              ;(75)99855-0622 ;020;204;NYM9I27;     807,01;    1,12;23/09/2025;42;Produto/Quantidade Errada     ;   ;alex.al    ;16:55
014529                            ;23/09/2025;    ;214417;003;    ;0052466;DBD TRAILER                                       ;(75)98822-7715 ;010;110;IAK5E60;     562,86;    0,51;23/09/2025;72;PDV FECHADO (HORARIO COM.)    ;   ;alex.al    ;14:43
014529                            ;23/09/2025;    ;214426;003;    ;0019356;BARRACA VERDE                                     ;(75)98113-1019 ;010;110;IAK5E60;     240,96;    0,21;23/09/2025;72;PDV FECHADO (HORARIO COM.)    ;   ;alex.al    ;14:44
014529                            ;23/09/2025;    ;214445;003;    ;0040508;ARENA CARVALHO                                    ;(75)99995-3638 ;010;107;IAK5E60;      31,25;    0,02;23/09/2025;42;Produto/Quantidade Errada     ;   ;alex.al    ;14:43
014529                            ;23/09/2025;    ;214446;003;    ;0040508;ARENA CARVALHO                                    ;(75)99995-3638 ;010;107;IAK5E60;       6,25;    0,00;23/09/2025;42;Produto/Quantidade Errada     ;   ;alex.al    ;14:44
014530                            ;23/09/2025;    ;214468;003;    ;0050417;LANCHONETE DA LEIDE                               ;(75)99704-3166 ;020;205;TCU7J48;     283,49;    0,40;23/09/2025;71;SEM DINHEIRO/CHEQUE           ;   ;alex.al    ;14:25
014532                            ;23/09/2025;    ;214502;003;    ;0040038;POINT DO GENGIBRE                                 ;(75)99957-6034 ;020;206;PXX2E06;     181,84;    0,20;23/09/2025;72;PDV FECHADO (HORARIO COM.)    ;   ;alex.al    ;16:32
014533                            ;23/09/2025;    ;214532;003;    ;0084157;MERCEARIA SAO DOMING                              ;(75) 9157-0279 ;010;111;PLL7H92;     211,80;    0,21;23/09/2025;71;SEM DINHEIRO/CHEQUE           ;   ;alex.al    ;10:42
014535                            ;23/09/2025;    ;214564;003;    ;0020341;CELEIRO                                           ;(75)99891-3775 ;010;103;JSX6899;     151,38;    0,25;23/09/2025;72;PDV FECHADO (HORARIO COM.)    ;   ;alex.al    ;14:31
014536                            ;23/09/2025;    ;214566;003;    ;0035590;BUTECO DA RAFA                                    ;(75)99116-4119 ;010;111;JSX6899;     104,14;    0,19;23/09/2025;33;Nao Fez Pedido                ;   ;emerson.al ;20:33
014536                            ;23/09/2025;    ;214575;003;    ;0020358;BAR DA FARINHA                                    ;(75)98211-3122 ;010;111;JSX6899;     139,62;    0,18;23/09/2025;61;PRAZO ERRADO                  ;   ;emerson.al ;20:33
014539                            ;23/09/2025;    ;214605;003;    ;0029239;BAR DO ZINHO                                      ;(75)99989-5376 ;010;107;RFD9B55;     288,60;    0,32;23/09/2025;71;SEM DINHEIRO/CHEQUE           ;   ;alex.al    ;08:32
014539                            ;23/09/2025;    ;214606;003;    ;0029239;BAR DO ZINHO                                      ;(75)99989-5376 ;010;107;RFD9B55;      24,96;    0,18;23/09/2025;71;SEM DINHEIRO/CHEQUE           ;   ;alex.al    ;08:33
014540                            ;23/09/2025;    ;214619;003;    ;0018438;MERCADO OLIVEIRA                                  ;(75)99850-0202 ;010;102;RFD9B55;     142,50;    0,32;23/09/2025;65;NAO FEZ PEDIDO                ;   ;alex.al    ;11:44
014540                            ;23/09/2025;    ;214621;003;    ;0018438;MERCADO OLIVEIRA                                  ;(75)99850-0202 ;010;102;RFD9B55;      32,16;    0,12;23/09/2025;65;NAO FEZ PEDIDO                ;   ;alex.al    ;11:43
014554                            ;24/09/2025;    ;214701;003;    ;0050161;MERCADINHO ME                                     ;(75)59938-8584 ;020;205;SJQ5E98;     547,60;    0,56;25/09/2025;71;SEM DINHEIRO/CHEQUE           ;   ;cesar.al   ;21:57
014560                            ;24/09/2025;    ;214889;003;    ;0026684;PRINT DO LITRINHO                                 ;(75)98159-8238 ;010;106;SJQ7E10;     857,50;    1,05;24/09/2025;72;PDV FECHADO (HORARIO COM.)    ;   ;cesar.al   ;20:06
014560                            ;24/09/2025;    ;214890;003;    ;0026684;PRINT DO LITRINHO                                 ;(75)98159-8238 ;010;106;SJQ7E10;     715,02;    0,85;24/09/2025;72;PDV FECHADO (HORARIO COM.)    ;   ;cesar.al   ;20:06
014566                            ;24/09/2025;    ;215121;003;    ;0043743;KIOSQUE DA VANI                                   ;(75)98121-1300 ;010;103;NYM9I27;     194,12;    0,24;24/09/2025;72;PDV FECHADO (HORARIO COM.)    ;   ;alex.al    ;14:53
014567                            ;24/09/2025;    ;215155;003;    ;0019620;MERC POUCO PRECO                                  ;(71)98301-1106 ;020;203;IAK5E60;     100,00;    0,08;24/09/2025;42;Produto/Quantidade Errada     ;   ;tailan.al  ;18:21
014567                            ;24/09/2025;    ;215158;003;    ;0040181;Comercio Do Binho                                 ;(07)59621-4991 ;020;203;IAK5E60;      50,00;    0,04;24/09/2025;42;Produto/Quantidade Errada     ;   ;tailan.al  ;18:21
014570                            ;24/09/2025;    ;215228;003;    ;0044700;BAR DA √çNDIA                                     ;               ;010;101;TXA1F44;      24,02;    0,02;24/09/2025;72;PDV FECHADO (HORARIO COM.)    ;   ;tailan.al  ;17:24
014570                            ;24/09/2025;    ;215229;003;    ;0044700;BAR DA √çNDIA                                     ;               ;010;101;TXA1F44;     118,74;    0,12;24/09/2025;72;PDV FECHADO (HORARIO COM.)    ;   ;tailan.al  ;17:24
014570                            ;24/09/2025;    ;215240;003;    ;0020312;KIOSK RECANTO AZUL                                ;(71)99912-6563 ;010;109;TXA1F44;     177,50;    0,21;24/09/2025;72;PDV FECHADO (HORARIO COM.)    ;   ;tailan.al  ;17:25
014571                            ;24/09/2025;    ;215252;003;    ;0018878;BARRA DA UNA                                      ;(71)99702-0132 ;020;202;PLL7H92;     108,05;    0,24;24/09/2025;82;ENDERECO NAO ENCONTRADO       ;   ;alex.al    ;14:06
014572                            ;24/09/2025;    ;215274;003;    ;0020437;PRAINHA COUNTRY                                   ;(75)98239-4909 ;010;111;PLL7H92;      78,28;    0,13;24/09/2025;72;PDV FECHADO (HORARIO COM.)    ;   ;tailan.al  ;18:26
014573                            ;24/09/2025;    ;215286;003;    ;0020482;PAGUE MENOS                                       ;(75)98166-8721 ;010;104;PXX2E06;     210,06;    0,25;24/09/2025;50;CARGA ERRADA ARMAZEM          ;   ;tailan.al  ;13:45
014575                            ;24/09/2025;    ;215300;003;    ;0055453;VIXE MANIA                                        ;(75)99949-3497 ;010;107;RFD9B55;     879,87;    0,90;24/09/2025;41;Sem Vasilhame.                ;   ;tailan.al  ;13:32
014576                            ;24/09/2025;    ;215324;003;    ;0056261;DEPOSITO SOS                                      ;               ;010;105;RFD9B55;     102,58;    0,07;24/09/2025;72;PDV FECHADO (HORARIO COM.)    ;   ;tailan.al  ;18:33
014576                            ;24/09/2025;    ;215327;003;    ;0033198;NEIDE VARIEDADES                                  ;(75)98193-8548 ;010;105;RFD9B55;     186,20;    0,42;24/09/2025;71;SEM DINHEIRO/CHEQUE           ;   ;tailan.al  ;18:33
014576                            ;24/09/2025;    ;215328;003;    ;0033198;NEIDE VARIEDADES                                  ;(75)98193-8548 ;010;105;RFD9B55;      28,92;    0,04;24/09/2025;71;SEM DINHEIRO/CHEQUE           ;   ;tailan.al  ;18:33
014577                            ;24/09/2025;    ;215339;003;    ;0030399;JUNBEL LITORAL GOURM                              ;(75)18358-4423 ;020;207;SKS5C26;     506,12;    0,91;26/09/2025;82;ENDERECO NAO ENCONTRADO       ;   ;alex.al    ;09:22
014577                            ;24/09/2025;    ;215379;003;    ;0030301;BARRACA TIA SOL                                   ;(71)99665-1333 ;020;207;SKS5C26;     210,70;    0,27;26/09/2025;72;PDV FECHADO (HORARIO COM.)    ;   ;alex.al    ;09:22
014577                            ;24/09/2025;    ;215380;003;    ;0030301;BARRACA TIA SOL                                   ;(71)99665-1333 ;020;207;SKS5C26;      53,16;    0,12;26/09/2025;72;PDV FECHADO (HORARIO COM.)    ;   ;alex.al    ;09:21
014578                            ;24/09/2025;    ;215397;003;    ;0027290;PONTO DA JUCELIA                                  ;(75)99846-3843 ;010;111;PVU6G79;     331,47;    0,42;24/09/2025;71;SEM DINHEIRO/CHEQUE           ;   ;cesar.al   ;20:04
014601                            ;25/09/2025;    ;215604;003;    ;0034211;ALESSON FREITAS SALE                              ;(75)98298-7459 ;010;106;SJQ7E10;     132,54;    0,13;25/09/2025;71;SEM DINHEIRO/CHEQUE           ;   ;emerson.al ;20:18
014601                            ;25/09/2025;    ;215623;003;    ;0052039;BAR DE SATE                                       ;(75)98173-5006 ;010;106;SJQ7E10;     323,40;    0,41;25/09/2025;72;PDV FECHADO (HORARIO COM.)    ;   ;emerson.al ;20:16
014601                            ;25/09/2025;    ;215625;003;    ;0048003;CLAUDIO DE JESUS FER                              ;(75)98149-6285 ;010;106;SJQ7E10;     207,75;    0,30;25/09/2025;64;SEM VASILHAME                 ;   ;emerson.al ;20:17
014601                            ;25/09/2025;    ;215626;003;    ;0048003;CLAUDIO DE JESUS FER                              ;(75)98149-6285 ;010;106;SJQ7E10;      32,52;    0,04;25/09/2025;64;SEM VASILHAME                 ;   ;emerson.al ;20:17
014601                            ;25/09/2025;    ;215627;003;    ;0046403;SABORES DA VIDA                                   ;(75)98108-5009 ;010;106;SJQ7E10;     431,20;    0,55;25/09/2025;87;TEMPO INSUFICIENTE            ;   ;emerson.al ;20:18
014605                            ;25/09/2025;    ;215724;003;    ;0020062;BROOKLIN                                          ;(75)99984-6644 ;010;110;SJQ4A23;    1247,28;    2,88;25/09/2025;71;SEM DINHEIRO/CHEQUE           ;   ;emerson.al ;18:55
014605                            ;25/09/2025;    ;215725;003;    ;0020062;BROOKLIN                                          ;(75)99984-6644 ;010;110;SJQ4A23;      34,68;    0,04;25/09/2025;71;SEM DINHEIRO/CHEQUE           ;   ;emerson.al ;18:54
014606                            ;25/09/2025;    ;215755;003;    ;0030109;MERCADINHO SAO JOAO                               ;(00)75413-2006 ;020;202;SKB4I83;     120,21;    0,13;25/09/2025;72;PDV FECHADO (HORARIO COM.)    ;   ;emerson.al ;20:08
014607                            ;25/09/2025;    ;215787;003;    ;0045575;BAR TAMY E LEU                                    ;(75)98346-1772 ;010;103;PLN3B26;     161,70;    0,20;25/09/2025;72;PDV FECHADO (HORARIO COM.)    ;   ;alex.al    ;15:34
014608                            ;25/09/2025;    ;215805;003;    ;0087391;Bar do Lismar                                     ;(66) 6656-6556 ;010;107;PLN3B26;     364,50;    0,28;25/09/2025;86;HORARIO DE ENTREGA            ;   ;emerson.al ;20:06
014612                            ;25/09/2025;    ;215875;003;    ;0040281;POINT PARADA OBRIGAT                              ;(75)99864-4074 ;020;203;PVU6G79;     181,32;    0,26;25/09/2025;71;SEM DINHEIRO/CHEQUE           ;   ;alex.al    ;17:33
014617                            ;25/09/2025;    ;215982;003;    ;0035777;SANTANA MIX                                       ;(75)99987-5312 ;010;110;PLL7H92;      33,36;    0,18;25/09/2025;76;Produto Proximo ao Vencimento ;   ;alex.al    ;14:12
014619                            ;25/09/2025;    ;216016;003;    ;0018777;BOX DA AMIZADE                                    ;(75)99864-8087 ;010;111;RFD9B55;      53,90;    0,06;25/09/2025;71;SEM DINHEIRO/CHEQUE           ;   ;alex.al    ;15:21
014620                            ;25/09/2025;    ;216030;003;    ;0044220;BOTECO BORA BORA                                  ;(75)98350-4460 ;010;105;RFD9B55;     189,83;    0,47;25/09/2025;87;TEMPO INSUFICIENTE            ;   ;emerson.al ;20:29
014620                            ;25/09/2025;    ;216035;003;    ;0087391;Bar do Lismar                                     ;(66) 6656-6556 ;010;107;RFD9B55;     308,27;    0,53;25/09/2025;87;TEMPO INSUFICIENTE            ;   ;emerson.al ;20:29
014634                            ;26/09/2025;    ;216044;003;    ;0020162;SUPERMERCADO CONQUIS                              ;(75)99806-3228 ;030;304;SJQ1F85;     349,50;    0,10;26/09/2025;72;PDV FECHADO (HORARIO COM.)    ;   ;cesar.al   ;21:38
014634                            ;26/09/2025;    ;216057;003;    ;0018877;BAR DO MARCELO                                    ;(71)98355-7471 ;020;204;SJQ1F85;     577,66;    0,63;26/09/2025;72;PDV FECHADO (HORARIO COM.)    ;   ;cesar.al   ;21:39
014634                            ;26/09/2025;    ;216078;003;    ;0040163;RESTAURANTE BRASIL                                ;(75)99180-7152 ;020;209;SJQ1F85;      58,50;    0,06;26/09/2025;72;PDV FECHADO (HORARIO COM.)    ;   ;cesar.al   ;21:38
014635                            ;26/09/2025;    ;216108;003;    ;0050551;POINT ENCONTRO DOS A                              ;(71)99163-8603 ;020;209;SJQ5E98;     642,34;    1,26;29/09/2025;63;PRODUTO / QTDE. ERRADA        ;   ;alex.al    ;09:53
014637                            ;26/09/2025;    ;216169;003;    ;0020185;MARQUINHOS BAR                                    ;(75)98294-0464 ;010;106;SJQ8D11;     270,96;    0,40;27/09/2025;72;PDV FECHADO (HORARIO COM.)    ;   ;tailan.al  ;17:41
014637                            ;26/09/2025;    ;216170;003;    ;0020185;MARQUINHOS BAR                                    ;(75)98294-0464 ;010;106;SJQ8D11;       2,32;    0,00;27/09/2025;72;PDV FECHADO (HORARIO COM.)    ;   ;tailan.al  ;17:41
014637                            ;26/09/2025;    ;216171;003;    ;0020185;MARQUINHOS BAR                                    ;(75)98294-0464 ;010;106;SJQ8D11;      32,52;    0,04;27/09/2025;72;PDV FECHADO (HORARIO COM.)    ;   ;tailan.al  ;17:41
014638                            ;26/09/2025;    ;216235;003;    ;0019613;M.B BAR                                           ;(71)99618-5305 ;010;101;SJQ3B12;     983,11;    1,39;26/09/2025;72;PDV FECHADO (HORARIO COM.)    ;   ;tailan.al  ;17:13
014642                            ;26/09/2025;    ;216349;003;    ;0024383;R A DISTRIBUIDORA                                 ;(75)98142-4143 ;030;305;SJQ4A23;    1735,75;    1,79;26/09/2025;72;PDV FECHADO (HORARIO COM.)    ;   ;tailan.al  ;18:43
014642                            ;26/09/2025;    ;216350;003;    ;0024383;R A DISTRIBUIDORA                                 ;(75)98142-4143 ;030;305;SJQ4A23;     183,94;    0,32;26/09/2025;72;PDV FECHADO (HORARIO COM.)    ;   ;tailan.al  ;18:42
014644                            ;26/09/2025;    ;216425;003;    ;0030022;MERCEARIA BEZERRA                                 ;(79)99936-2090 ;020;202;SKB4I83;     129,47;    0,21;27/09/2025;72;PDV FECHADO (HORARIO COM.)    ;   ;alex.al    ;11:46
014645                            ;26/09/2025;    ;216436;003;    ;0083821;BAR VELOSO                                        ;(75)99665-7101 ;010;108;PLN3B26;     122,44;    0,15;26/09/2025;72;PDV FECHADO (HORARIO COM.)    ;   ;cesar.al   ;20:05
014645                            ;26/09/2025;    ;216439;003;    ;0046153;Casa da Ana Sueli                                 ;(71)99635-3985 ;010;108;PLN3B26;      91,66;    0,16;26/09/2025;72;PDV FECHADO (HORARIO COM.)    ;   ;cesar.al   ;20:04
014645                            ;26/09/2025;    ;216445;003;    ;0082385;BAR DO TITO                                       ;(71)99920-4625 ;010;108;PLN3B26;     197,40;    0,23;26/09/2025;72;PDV FECHADO (HORARIO COM.)    ;   ;cesar.al   ;20:04
014646                            ;26/09/2025;    ;216468;003;    ;0040404;JORGINHO DO PASTEL                                ;(07)59106-1746 ;020;203;PVU6G79;     141,00;    0,28;29/09/2025;32;ENTREGA ATRASADA (BUFFER)     ;   ;jose.al    ;18:58
014646                            ;26/09/2025;    ;216478;003;    ;0018503;BAR DO VICTOR                                     ;(75)99885-0290 ;020;206;PVU6G79;     202,45;    0,23;29/09/2025;72;PDV FECHADO (HORARIO COM.)    ;   ;jose.al    ;18:58
014646                            ;26/09/2025;    ;216493;003;    ;0018790;CASTRO MAX DISTR                                  ;(75)99847-2345 ;020;203;PVU6G79;     398,86;    1,05;29/09/2025;32;ENTREGA ATRASADA (BUFFER)     ;   ;jose.al    ;18:59
014646                            ;26/09/2025;    ;216495;003;    ;0040030;BAR DA ZEZE                                       ;(75) 3422-5454 ;020;203;PVU6G79;     201,09;    0,23;29/09/2025;32;ENTREGA ATRASADA (BUFFER)     ;   ;jose.al    ;18:57
014648                            ;26/09/2025;    ;216545;003;    ;0083985;BAR DO JACKSON                                    ;               ;010;101;NYM9I27;     285,60;    0,23;26/09/2025;38;Sem Dinheiro                  ;   ;cesar.al   ;20:12
014648                            ;26/09/2025;    ;216546;003;    ;0083985;BAR DO JACKSON                                    ;               ;010;101;NYM9I27;     179,20;    0,19;26/09/2025;38;Sem Dinheiro                  ;   ;cesar.al   ;20:14
014648                            ;26/09/2025;    ;216547;003;    ;0083985;BAR DO JACKSON                                    ;               ;010;101;NYM9I27;      53,90;    0,06;26/09/2025;38;Sem Dinheiro                  ;   ;cesar.al   ;20:13
014648                            ;26/09/2025;    ;216562;003;    ;0020206;DEP”SITO RS                                       ;(71)99656-2798 ;010;101;NYM9I27;     261,38;    0,17;26/09/2025;33;Nao Fez Pedido                ;   ;cesar.al   ;20:14
014648                            ;26/09/2025;    ;216566;003;    ;0026454;RECANTO DA TINA                                   ;(71) 9239-8353 ;010;107;NYM9I27;     294,50;    0,39;26/09/2025;46;Endereco Nao Encontrado       ;   ;cesar.al   ;20:12
014652                            ;26/09/2025;    ;216632;003;    ;0041448;DEPOSITO SeA                                      ;(75)99926-4826 ;010;103;PXX2E06;     340,84;    0,96;26/09/2025;72;PDV FECHADO (HORARIO COM.)    ;   ;cesar.al   ;20:06
014652                            ;26/09/2025;    ;216633;003;    ;0041448;DEPOSITO SeA                                      ;(75)99926-4826 ;010;103;PXX2E06;      29,97;    0,02;26/09/2025;72;PDV FECHADO (HORARIO COM.)    ;   ;cesar.al   ;20:07
014652                            ;26/09/2025;    ;216634;003;    ;0041448;DEPOSITO SeA                                      ;(75)99926-4826 ;010;103;PXX2E06;      22,24;    0,12;26/09/2025;72;PDV FECHADO (HORARIO COM.)    ;   ;cesar.al   ;20:08
014653                            ;26/09/2025;    ;216657;003;    ;0049765;SABOR D JU                                        ;(75)99286-5795 ;010;107;RFD9B55;     160,53;    0,21;26/09/2025;72;PDV FECHADO (HORARIO COM.)    ;   ;alex.al    ;14:22
014655                            ;26/09/2025;    ;216683;003;    ;0047990;MR BAR                                            ;               ;010;105;PLL7H92;     122,69;    0,12;26/09/2025;71;SEM DINHEIRO/CHEQUE           ;   ;tailan.al  ;13:34
014658                            ;26/09/2025;    ;216758;003;    ;0050272;BOTECO GOURMET                                    ;(07)18124-5683 ;020;209;SKS7B90;     123,80;    0,13;27/09/2025;72;PDV FECHADO (HORARIO COM.)    ;   ;alex.al    ;08:01
014658                            ;26/09/2025;    ;216759;003;    ;0050272;BOTECO GOURMET                                    ;(07)18124-5683 ;020;209;SKS7B90;      12,98;    0,06;27/09/2025;72;PDV FECHADO (HORARIO COM.)    ;   ;alex.al    ;08:  
014658                            ;26/09/2025;    ;216760;003;    ;0018959;DIVINO PRECO SUPERME                              ;(75)98201-4270 ;030;304;SKS7B90;    1144,83;    1,39;27/09/2025;71;SEM DINHEIRO/CHEQUE           ;   ;alex.al    ;08:01
014659                            ;26/09/2025;    ;216780;003;    ;0019234;ENCONTRO DAS AGUAS                                ;(71)99995-5983 ;020;208;SKS9J44;     488,66;    0,79;27/09/2025;37;PDV Fechado                   ;   ;tailan.al  ;15:30
014659                            ;26/09/2025;    ;216809;003;    ;0060308;TEMPERO DE MAINHA                                 ;(71)99940-0889 ;020;208;SKS9J44;     371,66;    0,40;27/09/2025;37;PDV Fechado                   ;   ;tailan.al  ;15:30
014660                            ;26/09/2025;    ;216842;003;    ;0030029;RES RECANTO DO SITIO                              ;(75)99920-1011 ;020;207;SKS5C26;     182,00;    0,18;29/09/2025;71;SEM DINHEIRO/CHEQUE           ;   ;alex.al    ;09:23
014660                            ;26/09/2025;    ;216847;003;    ;0030144;MERC KIPAO SITIO                                  ;(75)99811-2616 ;020;207;SKS5C26;     812,50;    1,05;29/09/2025;42;Produto/Quantidade Errada     ;   ;alex.al    ;09:24
014675                            ;27/09/2025;    ;216973;003;    ;0031444;FRANCISCO CUSTODIO D                              ;(75) 8164-2677 ;010;106;SJQ5B35;      40,08;    0,12;27/09/2025;71;SEM DINHEIRO/CHEQUE           ;   ;emerson.al ;19:14
014675                            ;27/09/2025;    ;216974;003;    ;0031444;FRANCISCO CUSTODIO D                              ;(75) 8164-2677 ;010;106;SJQ5B35;      29,92;    0,04;27/09/2025;71;SEM DINHEIRO/CHEQUE           ;   ;emerson.al ;19:15
014675                            ;27/09/2025;    ;216975;003;    ;0031444;FRANCISCO CUSTODIO D                              ;(75) 8164-2677 ;010;106;SJQ5B35;      49,08;    0,12;27/09/2025;71;SEM DINHEIRO/CHEQUE           ;   ;emerson.al ;19:15
014675                            ;27/09/2025;    ;216976;003;    ;0031444;FRANCISCO CUSTODIO D                              ;(75) 8164-2677 ;010;106;SJQ5B35;      29,48;    0,04;27/09/2025;71;SEM DINHEIRO/CHEQUE           ;   ;emerson.al ;19:15
014678                            ;27/09/2025;    ;217064;003;    ;0019466;BAR DE LU                                         ;(75)98139-5241 ;010;102;SJQ4A23;     220,34;    0,22;29/09/2025;32;ENTREGA ATRASADA (BUFFER)     ;   ;alex.al    ;15:57
014678                            ;27/09/2025;    ;217065;003;    ;0019466;BAR DE LU                                         ;(75)98139-5241 ;010;102;SJQ4A23;     220,34;    0,22;29/09/2025;32;ENTREGA ATRASADA (BUFFER)     ;   ;alex.al    ;15:57
014678                            ;27/09/2025;    ;217067;003;    ;0038682;PARADA OBRIGATORIA                                ;(75)98256-4020 ;010;102;SJQ4A23;      94,42;    0,16;29/09/2025;72;PDV FECHADO (HORARIO COM.)    ;   ;alex.al    ;16:04
014678                            ;27/09/2025;    ;217070;003;    ;0083717;DEPOSITO DA TORRE                                 ;(75)99989-6399 ;010;102;SJQ4A23;     249,07;    0,23;29/09/2025;32;ENTREGA ATRASADA (BUFFER)     ;   ;alex.al    ;16:02
014678                            ;27/09/2025;    ;217071;003;    ;0083717;DEPOSITO DA TORRE                                 ;(75)99989-6399 ;010;102;SJQ4A23;      76,78;    0,08;29/09/2025;32;ENTREGA ATRASADA (BUFFER)     ;   ;alex.al    ;16:03
014678                            ;27/09/2025;    ;217074;003;    ;0055877;DEP DOIS IRMAOS                                   ;(75)99944-9631 ;010;102;SJQ4A23;    3133,86;    4,08;29/09/2025;40;Horario de Entrega            ;   ;alex.al    ;15:58
014678                            ;27/09/2025;    ;217085;003;    ;0037314;OBA OBA DRINCKS                                   ;               ;010;102;SJQ4A23;     776,74;    0,92;29/09/2025;40;Horario de Entrega            ;   ;alex.al    ;16:  
014678                            ;27/09/2025;    ;217086;003;    ;0037314;OBA OBA DRINCKS                                   ;               ;010;102;SJQ4A23;      12,98;    0,06;29/09/2025;40;Horario de Entrega            ;   ;alex.al    ;15:59
014679                            ;27/09/2025;    ;217098;003;    ;0020341;CELEIRO                                           ;(75)99891-3775 ;010;103;SJQ0A82;     203,80;    0,21;27/09/2025;71;SEM DINHEIRO/CHEQUE           ;   ;emerson.al ;19:17
014680                            ;27/09/2025;    ;217131;003;    ;0028817;MERCADINHO LR                                     ;(75)98352-8019 ;010;104;SKS2H93;      34,26;    0,12;29/09/2025;71;SEM DINHEIRO/CHEQUE           ;   ;alex.al    ;08:50
014680                            ;27/09/2025;    ;217147;003;    ;0082968;ACARAJE SHOW                                      ;(71) 9963-6077 ;010;104;SKS2H93;     131,30;    0,26;29/09/2025;71;SEM DINHEIRO/CHEQUE           ;   ;alex.al    ;08:49
014682                            ;27/09/2025;    ;217183;003;    ;0055470;BAR DA JOGINALVA                                  ;(75)98196-0712 ;010;102;NYM9I27;     122,22;    0,15;27/09/2025;38;Sem Dinheiro                  ;   ;tailan.al  ;17:50
014682                            ;27/09/2025;    ;217194;003;    ;0035401;KIOSQUE DAS IRMaS                                 ;(75)98263-5074 ;010;102;NYM9I27;     120,28;    0,12;27/09/2025;33;Nao Fez Pedido                ;   ;tailan.al  ;17:50
014682                            ;27/09/2025;    ;217217;003;    ;0047028;L B VARIEDADES                                    ;(75)99217-5651 ;010;105;NYM9I27;      48,39;    0,14;27/09/2025;37;PDV Fechado                   ;   ;tailan.al  ;17:50
014683                            ;27/09/2025;    ;217223;003;    ;0018671;TO NO BABA BEER                                   ;(75)98867-6321 ;010;111;PXX2E06;      53,90;    0,06;27/09/2025;23;(C)Pedidos duplicados         ;   ;tailan.al  ;13:51
014684                            ;27/09/2025;    ;217244;003;    ;0030712;CONVERSA FIADA                                    ;(75)99727-7419 ;010;107;PXX2E06;     302,80;    0,28;27/09/2025;71;SEM DINHEIRO/CHEQUE           ;   ;tailan.al  ;17:14
014685                            ;27/09/2025;    ;217254;003;    ;0019633;CINE BURGUER                                      ;(71)99200-4906 ;010;107;PLL7H92;     150,86;    0,30;27/09/2025;72;PDV FECHADO (HORARIO COM.)    ;   ;alex.al    ;10:50
014700                            ;29/09/2025;    ;217339;003;    ;0050140;LANCHONETE PRIMEIRA                               ;(75)99992-6274 ;020;209;TXA1F44;     336,63;    0,36;29/09/2025;71;SEM DINHEIRO/CHEQUE           ;   ;jose.al    ;19:01
014702                            ;29/09/2025;    ;217358;003;    ;0084257;Abatedouro vitoria                                ;(75)98545-6446 ;010;110;TCU7J48;     130,28;    0,18;29/09/2025;71;SEM DINHEIRO/CHEQUE           ;   ;alex.al    ;16:43
014702                            ;29/09/2025;    ;217359;003;    ;0084257;Abatedouro vitoria                                ;(75)98545-6446 ;010;110;TCU7J48;      10,76;    0,02;29/09/2025;71;SEM DINHEIRO/CHEQUE           ;   ;alex.al    ;16:43
014702                            ;29/09/2025;    ;217364;003;    ;0084006;MERCADINHO MAX                                    ;(75)98248-1562 ;030;305;TCU7J48;    2135,26;    2,51;29/09/2025;32;ENTREGA ATRASADA (BUFFER)     ;   ;alex.al    ;16:42
014703                            ;29/09/2025;    ;217384;003;    ;0030019;MERCADINHO ROMANO                                 ;(75)99914-7731 ;020;207;SKS5C26;     121,68;    0,37;01/10/2025;42;Produto/Quantidade Errada     ;   ;emerson.al ;08:36
014724                            ;30/09/2025;    ;217525;003;    ;0035166;ELIOMAR BAR                                       ;(75)98104-0991 ;010;102;SJQ0A82;     549,78;    0,57;30/09/2025;72;PDV FECHADO (HORARIO COM.)    ;   ;cesar.al   ;20:10
014726                            ;30/09/2025;    ;217586;003;    ;0019757;ANDREA DE JESUS NASC                              ;(75)98201-0747 ;010;111;SJQ1F85;     350,39;    0,71;30/09/2025;42;Produto/Quantidade Errada     ;   ;alex.al    ;16:27
014729                            ;30/09/2025;    ;217672;003;    ;0038297;MERCADO RIOS                                      ;(75)98333-9348 ;010;106;SJQ4A23;    2253,18;    3,45;30/09/2025;87;TEMPO INSUFICIENTE            ;   ;cesar.al   ;20:13
014729                            ;30/09/2025;    ;217673;003;    ;0019898;BAR DO TICO E THEO                                ;(75)98120-0950 ;010;106;SJQ4A23;     731,08;    0,96;30/09/2025;87;TEMPO INSUFICIENTE            ;   ;cesar.al   ;20:12
014729                            ;30/09/2025;    ;217674;003;    ;0019898;BAR DO TICO E THEO                                ;(75)98120-0950 ;010;106;SJQ4A23;      32,87;    0,04;30/09/2025;87;TEMPO INSUFICIENTE            ;   ;cesar.al   ;20:12
014729                            ;30/09/2025;    ;217675;003;    ;0019898;BAR DO TICO E THEO                                ;(75)98120-0950 ;010;106;SJQ4A23;     215,60;    0,27;30/09/2025;87;TEMPO INSUFICIENTE            ;   ;cesar.al   ;20:13
014729                            ;30/09/2025;    ;217676;003;    ;0019898;BAR DO TICO E THEO                                ;(75)98120-0950 ;010;106;SJQ4A23;     107,80;    0,13;30/09/2025;87;TEMPO INSUFICIENTE            ;   ;cesar.al   ;20:12
014729                            ;30/09/2025;    ;217677;003;    ;0020323;MERCEARIA BENZINHA                                ;(75)98194-9124 ;010;106;SJQ4A23;     173,68;    0,24;30/09/2025;87;TEMPO INSUFICIENTE            ;   ;cesar.al   ;20:15
014729                            ;30/09/2025;    ;217678;003;    ;0055590;PARQUE DOIS IRMa OS                               ;(31)98413-5317 ;010;106;SJQ4A23;     592,84;    0,80;30/09/2025;87;TEMPO INSUFICIENTE            ;   ;cesar.al   ;20:15
014733                            ;30/09/2025;    ;217738;003;    ;0050357;BAR DA REGINA                                     ;(71)99986-7116 ;020;204;SKS7B90;      98,33;    0,10;01/10/2025;72;PDV FECHADO (HORARIO COM.)    ;   ;emerson.al ;07:49
014733                            ;30/09/2025;    ;217753;003;    ;0050472;MERCEARIA DOCES E SA                              ;(07)59879-7850 ;020;209;SKS7B90;     639,86;    1,17;01/10/2025;71;SEM DINHEIRO/CHEQUE           ;   ;emerson.al ;07:50
014734                            ;30/09/2025;    ;217763;003;    ;0084784;BAR DO EDGARD                                     ;(75)99994-7741 ;010;104;SKS2H93;     655,00;    0,73;01/10/2025;64;SEM VASILHAME                 ;   ;emerson.al ;07:08
014736                            ;30/09/2025;    ;217810;003;    ;0040022;TERM RODOVIARIO                                   ;(75)42027-0000 ;020;203;PVU6G79;      67,20;    0,08;01/10/2025;70;CLIENTE CANCELOU              ;   ;emerson.al ;19:02
014736                            ;30/09/2025;    ;217823;003;    ;0040010;DEPTO JDM                                         ;(07)59961-9520 ;030;304;PVU6G79;     404,02;    0,36;01/10/2025;71;SEM DINHEIRO/CHEQUE           ;   ;emerson.al ;19:02
014736                            ;30/09/2025;    ;217835;003;    ;0040451;BAR DO VAQUEIRO CAPA                              ;(75)99840-6479 ;020;206;PVU6G79;     167,50;    0,21;01/10/2025;71;SEM DINHEIRO/CHEQUE           ;   ;emerson.al ;19:02
014736                            ;30/09/2025;    ;217842;003;    ;0040264;Ponto do peixe                                    ;(75)99847-0808 ;020;206;PVU6G79;     288,14;    0,19;01/10/2025;72;PDV FECHADO (HORARIO COM.)    ;   ;emerson.al ;19:01
014736                            ;30/09/2025;    ;217849;003;    ;0019034;CANTINHO DO MANOEL                                ;(75)99225-2786 ;020;206;PVU6G79;     215,50;    0,21;01/10/2025;72;PDV FECHADO (HORARIO COM.)    ;   ;emerson.al ;19:01
014736                            ;30/09/2025;    ;217850;003;    ;0019034;CANTINHO DO MANOEL                                ;(75)99225-2786 ;020;206;PVU6G79;      14,52;    0,06;01/10/2025;72;PDV FECHADO (HORARIO COM.)    ;   ;emerson.al ;19:01
014737                            ;30/09/2025;    ;217856;003;    ;0019389;KA TE ESPERA                                      ;(75)98804-3622 ;010;102;PLN3B26;      63,94;    0,04;30/09/2025;42;Produto/Quantidade Errada     ;   ;alex.al    ;16:34
014740                            ;30/09/2025;    ;217938;003;    ;0082862;MINI REST.DA SONIA                                ;(71) 9912-1746 ;010;101;TXA1F44;     116,90;    0,15;30/09/2025;42;Produto/Quantidade Errada     ;   ;tailan.al  ;17:05
