Mapa                     ;Data;Unb Nota;Nota;Serie;Unb Cliente;Cod. Cliente;Nome Cliente;Telefone;Area;Setor;Placa;Valor;Volume;Data Devol.;Cod. Motivo;Desc. Motivo;Orig. Pedido;Usuario;Hora 
020774                            ;01/04/2026;    ;312876;003;    ;0020629;DIEGAO DISTRIBUIDORA                              ;(71)99632-1537 ;030;304;SJQ5B35;    1843,17;    1,85;01/04/2026;42;Produto/Quantidade Errada     ;   ;romario.al ;20:39
020779                            ;01/04/2026;    ;313143;003;    ;0083893;BAR DO BONECO                                     ;(75)99194-7970 ;010;105;SJQ0A82;     234,00;    0,27;02/04/2026;02;Sem Vasilhame Ambev           ;   ;emerson.al ;13:36
020782                            ;01/04/2026;    ;313259;003;    ;0040115;POINT DA SANDRA                                   ;(07)59883-9850 ;020;206;SJQ1F85;     114,09;    0,16;01/04/2026;72;PDV FECHADO (HORARIO COM.)    ;   ;romario.al ;20:05
020784                            ;01/04/2026;    ;313335;003;    ;0018535;CANTINHO DA ARVORE                                ;(75)98656-2663 ;010;102;TMM5E06;     102,15;    0,20;01/04/2026;72;PDV FECHADO (HORARIO COM.)    ;   ;romario.al ;20:50
020784                            ;01/04/2026;    ;313337;003;    ;0018965;NELSON BEBIDAS E ALI                              ;(75)98874-5974 ;010;102;TMM5E06;     133,77;    0,13;01/04/2026;72;PDV FECHADO (HORARIO COM.)    ;   ;romario.al ;20:50
020784                            ;01/04/2026;    ;313338;003;    ;0018965;NELSON BEBIDAS E ALI                              ;(75)98874-5974 ;010;102;TMM5E06;    1037,09;    1,08;01/04/2026;72;PDV FECHADO (HORARIO COM.)    ;   ;romario.al ;20:51
020784                            ;01/04/2026;    ;313339;003;    ;0018965;NELSON BEBIDAS E ALI                              ;(75)98874-5974 ;010;102;TMM5E06;      20,66;    0,07;01/04/2026;72;PDV FECHADO (HORARIO COM.)    ;   ;romario.al ;20:51
020784                            ;01/04/2026;    ;313340;003;    ;0053425;CHURRASCARIA BERRANT                              ;(75)99224-1611 ;010;102;TMM5E06;     923,56;    0,94;01/04/2026;33;Nao Fez Pedido                ;   ;romario.al ;20:53
020784                            ;01/04/2026;    ;313341;003;    ;0053425;CHURRASCARIA BERRANT                              ;(75)99224-1611 ;010;102;TMM5E06;      40,30;    0,00;01/04/2026;33;Nao Fez Pedido                ;   ;romario.al ;20:53
020784                            ;01/04/2026;    ;313349;003;    ;0018648;BAR DO DOMICIO                                    ;(71)98771-1695 ;010;102;TMM5E06;     325,20;    0,36;01/04/2026;42;Produto/Quantidade Errada     ;   ;romario.al ;20:49
020788                            ;01/04/2026;    ;313448;003;    ;0092031;BAR DA JU                                         ;(75)98316-6922 ;010;105;SKB4I83;     262,75;    0,34;01/04/2026;64;SEM VASILHAME                 ;   ;jose.al    ;16:52
020788                            ;01/04/2026;    ;313466;003;    ;0019016;FARMÁCIA E DROGARIA                               ;(75)99840-4301 ;010;105;SKB4I83;     254,16;    0,22;01/04/2026;42;Produto/Quantidade Errada     ;   ;jose.al    ;16:53
020788                            ;01/04/2026;    ;313480;003;    ;0033311;EDNA VARIEDADES                                   ;(75)99111-5215 ;010;110;SKB4I83;     117,56;    0,13;01/04/2026;42;Produto/Quantidade Errada     ;   ;jose.al    ;16:52
020790                            ;01/04/2026;    ;313542;003;    ;0049472;DEPOSITO VADINHO DRI                              ;(75)99143-1980 ;010;111;SKB4I83;     454,06;    0,65;01/04/2026;72;PDV FECHADO (HORARIO COM.)    ;   ;romario.al ;21:58
020804                            ;02/04/2026;    ;313572;003;    ;0019038;COMPRE BEM BARREIRO                               ;(75)99946-8968 ;030;305;NTS1I15;    6831,00;    6,21;02/04/2026;45;Tempo Insuficiente.           ;   ;tailan.al  ;20:30
020804                            ;02/04/2026;    ;313573;003;    ;0019038;COMPRE BEM BARREIRO                               ;(75)99946-8968 ;030;305;NTS1I15;    1822,32;    4,33;02/04/2026;45;Tempo Insuficiente.           ;   ;tailan.al  ;20:30
020806                            ;02/04/2026;    ;313636;003;    ;0030454;ESPACO PAI FILHOS C                               ;(07)59956-3968 ;020;202;SKS5C26;     189,22;    0,14;06/04/2026;72;PDV FECHADO (HORARIO COM.)    ;   ;emerson.al ;07:35
020806                            ;02/04/2026;    ;313659;003;    ;0030067;SORVETERIA DOCE GOST                              ;(07)58887-1479 ;020;207;SKS5C26;     231,63;    0,27;06/04/2026;42;Produto/Quantidade Errada     ;   ;emerson.al ;07:35
020806                            ;02/04/2026;    ;313660;003;    ;0030067;SORVETERIA DOCE GOST                              ;(07)58887-1479 ;020;207;SKS5C26;       3,25;    0,00;06/04/2026;42;Produto/Quantidade Errada     ;   ;emerson.al ;07:34
020807                            ;02/04/2026;    ;313669;003;    ;0060358;Porto Da Barra                                    ;(71)99636-4472 ;020;208;SKS7B90;     378,84;    0,80;04/04/2026;71;SEM DINHEIRO/CHEQUE           ;   ;emerson.al ;11:48
020807                            ;02/04/2026;    ;313689;003;    ;0020966;FARMACIA POPULAR                                  ;(75)99897-0760 ;020;201;SKS7B90;     124,98;    0,36;04/04/2026;45;Tempo Insuficiente.           ;   ;emerson.al ;11:48
020807                            ;02/04/2026;    ;313698;003;    ;0020865;BAR DO SOSSEGO                                    ;(71)99730-3079 ;020;208;SKS7B90;     101,88;    0,28;04/04/2026;45;Tempo Insuficiente.           ;   ;emerson.al ;11:49
020807                            ;02/04/2026;    ;313699;003;    ;0020865;BAR DO SOSSEGO                                    ;(71)99730-3079 ;020;208;SKS7B90;       3,75;    0,00;04/04/2026;45;Tempo Insuficiente.           ;   ;emerson.al ;11:49
020808                            ;02/04/2026;    ;313726;003;    ;0040361;RESTAURANTE JN                                    ;(75)98823-9312 ;020;203;SJQ0C73;     197,12;    0,39;04/04/2026;71;SEM DINHEIRO/CHEQUE           ;   ;tailan.al  ;21:10
020809                            ;02/04/2026;    ;313753;003;    ;0050565;PASTEL E CIA                                      ;(75)99897-9360 ;020;209;SJQ4A23;     585,00;    0,69;04/04/2026;42;Produto/Quantidade Errada     ;   ;tailan.al  ;21:04
020809                            ;02/04/2026;    ;313781;003;    ;0050045;LUCIANO BAR                                       ;(75)99875-9977 ;020;209;SJQ4A23;     856,18;    0,76;04/04/2026;72;PDV FECHADO (HORARIO COM.)    ;   ;tailan.al  ;21:04
020812                            ;02/04/2026;    ;313881;003;    ;0029473;BAR DO BOLO                                       ;(71)99632-4837 ;010;101;SJQ3B12;    1347,50;    1,72;02/04/2026;40;Horario de Entrega            ;   ;tailan.al  ;19:36
020812                            ;02/04/2026;    ;313882;003;    ;0029473;BAR DO BOLO                                       ;(71)99632-4837 ;010;101;SJQ3B12;     161,84;    0,24;02/04/2026;40;Horario de Entrega            ;   ;tailan.al  ;19:35
020812                            ;02/04/2026;    ;313896;003;    ;0047008;SUPERM. SHALON                                    ;(71)99627-0476 ;010;101;SJQ3B12;    2530,88;    4,15;02/04/2026;71;SEM DINHEIRO/CHEQUE           ;   ;tailan.al  ;19:36
020813                            ;02/04/2026;    ;313941;003;    ;0020598;DEPOSITO ALAN                                     ;               ;030;306;SKS9J44;     932,16;    1,16;02/04/2026;45;Tempo Insuficiente.           ;   ;tailan.al  ;19:42
020814                            ;02/04/2026;    ;313957;003;    ;0018654;CESTA DO POVO - ITAN                              ;(75)98273-2174 ;030;305;SJQ1F85;    2352,90;    2,13;04/04/2026;86;HORARIO DE ENTREGA            ;   ;emerson.al ;14:34
020814                            ;02/04/2026;    ;313958;003;    ;0018654;CESTA DO POVO - ITAN                              ;(75)98273-2174 ;030;305;SJQ1F85;     935,88;    2,28;04/04/2026;86;HORARIO DE ENTREGA            ;   ;emerson.al ;14:34
020814                            ;02/04/2026;    ;313959;003;    ;0018654;CESTA DO POVO - ITAN                              ;(75)98273-2174 ;030;305;SJQ1F85;     189,50;    0,21;04/04/2026;86;HORARIO DE ENTREGA            ;   ;emerson.al ;14:33
020814                            ;02/04/2026;    ;313960;003;    ;0018654;CESTA DO POVO - ITAN                              ;(75)98273-2174 ;030;305;SJQ1F85;     837,00;    0,00;04/04/2026;86;HORARIO DE ENTREGA            ;   ;emerson.al ;14:33
020815                            ;02/04/2026;    ;314002;003;    ;0035039;RESTAURANTE BEL                                   ;(71)99954-1124 ;010;108;SJQ5E98;    1033,67;    1,09;02/04/2026;72;PDV FECHADO (HORARIO COM.)    ;   ;tailan.al  ;20:41
020815                            ;02/04/2026;    ;314006;003;    ;0045010;QUIOSQUE DA POJUCA 2                              ;(71)99615-4910 ;010;108;SJQ5E98;     669,46;    0,68;02/04/2026;45;Tempo Insuficiente.           ;   ;tailan.al  ;20:41
020815                            ;02/04/2026;    ;314009;003;    ;0084188;BAR DO COCHICHO                                   ;(71)99938-1962 ;010;108;SJQ5E98;    1047,57;    1,32;02/04/2026;45;Tempo Insuficiente.           ;   ;tailan.al  ;20:41
020816                            ;02/04/2026;    ;314034;003;    ;0083016;MERCEARIA SR LAZARO                               ;(75)98264-2910 ;030;305;SJQ7E10;    1475,63;    2,22;04/04/2026;86;HORARIO DE ENTREGA            ;   ;emerson.al ;14:45
020817                            ;02/04/2026;    ;314098;003;    ;0050487;MERCADO DO BETINHO                                ;(75)99944-5661 ;020;209;TMM5E06;     206,40;    0,60;02/04/2026;72;PDV FECHADO (HORARIO COM.)    ;   ;tailan.al  ;20:08
020817                            ;02/04/2026;    ;314106;003;    ;0050512;MERCADINHO CALDEIROE                              ;(07)59914-9433 ;020;209;TMM5E06;     238,34;    0,42;02/04/2026;34;Pedido Duplicado              ;   ;tailan.al  ;20:08
020818                            ;02/04/2026;    ;314127;003;    ;0021273;O LANCHINHO                                       ;(71)99379-1593 ;010;111;TMM3F04;     905,00;    1,24;02/04/2026;72;PDV FECHADO (HORARIO COM.)    ;   ;tailan.al  ;19:59
020818                            ;02/04/2026;    ;314131;003;    ;0024433;MERC. 2 IRMAS                                     ;(75)98132-8499 ;010;107;TMM3F04;     107,56;    0,11;02/04/2026;72;PDV FECHADO (HORARIO COM.)    ;   ;tailan.al  ;20:  
020819                            ;02/04/2026;    ;314158;003;    ;0040721;DEP DEO LITRO                                     ;(75)99800-7798 ;010;107;TMM4F43;     256,17;    0,84;02/04/2026;33;Nao Fez Pedido                ;   ;emerson.al ;17:19
020820                            ;02/04/2026;    ;314172;003;    ;0084174;JAQUEIRA DRINKS                                   ;               ;010;107;SKB4I83;     100,48;    0,08;02/04/2026;42;Produto/Quantidade Errada     ;   ;emerson.al ;16:19
020820                            ;02/04/2026;    ;314177;003;    ;0052871;BAR S NOVA DIRECAO                                ;(75)99193-1475 ;010;107;SKB4I83;     200,80;    0,24;02/04/2026;72;PDV FECHADO (HORARIO COM.)    ;   ;emerson.al ;16:20
020822                            ;02/04/2026;    ;314264;003;    ;0037136;DELICIAS DA PRACA                                 ;(75)98802-8248 ;010;110;TMM9J07;     337,60;    0,35;02/04/2026;72;PDV FECHADO (HORARIO COM.)    ;   ;emerson.al ;16:13
020824                            ;02/04/2026;    ;314298;003;    ;0030477;DULAR                                             ;(75) 3421-7757 ;030;305;SKB4I83;    2094,86;    2,92;03/04/2026;72;PDV FECHADO (HORARIO COM.)    ;   ;tailan.al  ;22:  
020824                            ;02/04/2026;    ;314299;003;    ;0030477;DULAR                                             ;(75) 3421-7757 ;030;305;SKB4I83;       4,75;    0,00;03/04/2026;72;PDV FECHADO (HORARIO COM.)    ;   ;tailan.al  ;22:03
020824                            ;02/04/2026;    ;314306;003;    ;0027304;BAR DO ALEX                                       ;(75)99915-9777 ;010;110;SKB4I83;     448,16;    0,47;03/04/2026;71;SEM DINHEIRO/CHEQUE           ;   ;tailan.al  ;22:01
020848                            ;03/04/2026;    ;314337;003;    ;0048250;FaSNIX KA                                         ;(75)99954-2620 ;010;108;SKS3C50;     116,75;    0,14;04/04/2026;71;SEM DINHEIRO/CHEQUE           ;   ;tailan.al  ;19:57
020848                            ;03/04/2026;    ;314379;003;    ;0026016;MERC DOCE CATU                                    ;(71)99929-1597 ;030;306;SKS3C50;    1617,00;    2,07;04/04/2026;72;PDV FECHADO (HORARIO COM.)    ;   ;tailan.al  ;19:57
020849                            ;03/04/2026;    ;314400;003;    ;0054744;BAR DE MARESIA                                    ;(75)98132-0593 ;010;104;SJQ5E98;     350,52;    0,36;04/04/2026;72;PDV FECHADO (HORARIO COM.)    ;   ;emerson.al ;17:01
020851                            ;03/04/2026;    ;314442;003;    ;0025936;MERCADO DO LICO                                   ;               ;010;106;SKS9J44;      10,00;    0,01;04/04/2026;58;Carga Errada                  ;   ;tailan.al  ;19:21
020851                            ;03/04/2026;    ;314444;003;    ;0029449;EMPORIO IRARA                                     ;(71)98126-8114 ;010;106;SKS9J44;     321,97;    0,21;04/04/2026;71;SEM DINHEIRO/CHEQUE           ;   ;tailan.al  ;19:21
020851                            ;03/04/2026;    ;314445;003;    ;0040492;BAR REST PORTEIRA                                 ;(75)99925-4904 ;010;106;SKS9J44;     555,44;    0,77;04/04/2026;45;Tempo Insuficiente.           ;   ;tailan.al  ;19:21
020852                            ;03/04/2026;    ;314466;003;    ;0020012;BARRACA DAS FRUTAS                                ;(75)99181-6191 ;010;110;TMM3F04;     240,37;    0,30;04/04/2026;72;PDV FECHADO (HORARIO COM.)    ;   ;tailan.al  ;19:13
020852                            ;03/04/2026;    ;314467;003;    ;0020012;BARRACA DAS FRUTAS                                ;(75)99181-6191 ;010;110;TMM3F04;     109,92;    0,07;04/04/2026;72;PDV FECHADO (HORARIO COM.)    ;   ;tailan.al  ;19:13
020852                            ;03/04/2026;    ;314483;003;    ;0050120;MERCADO FRIGO CARNE                               ;(75)99871-6698 ;020;204;TMM3F04;     261,68;    0,65;04/04/2026;71;SEM DINHEIRO/CHEQUE           ;   ;tailan.al  ;19:14
020855                            ;03/04/2026;    ;314533;003;    ;0020793;BAE E MERCEARIA EB                                ;(21)99385-2167 ;010;102;TMM9J07;     201,24;    0,60;04/04/2026;45;Tempo Insuficiente.           ;   ;emerson.al ;18:55
020855                            ;03/04/2026;    ;314534;003;    ;0020793;BAE E MERCEARIA EB                                ;(21)99385-2167 ;010;102;TMM9J07;      15,03;    0,09;04/04/2026;45;Tempo Insuficiente.           ;   ;emerson.al ;18:55
020856                            ;03/04/2026;    ;314578;003;    ;0041361;BAR DO PAULO                                      ;(71)98222-6732 ;010;106;TMM5E06;     302,02;    0,38;04/04/2026;86;HORARIO DE ENTREGA            ;   ;tailan.al  ;19:35
020856                            ;03/04/2026;    ;314580;003;    ;0045503;MERCADINHO DA LUCY                                ;(75)98238-1344 ;010;106;TMM5E06;     597,72;    0,64;04/04/2026;64;SEM VASILHAME                 ;   ;tailan.al  ;19:35
020857                            ;03/04/2026;    ;314614;003;    ;0056205;ESPETINHO DA LEILA                                ;(75) 9857-9054 ;010;105;SKB4I83;     117,00;    0,13;04/04/2026;71;SEM DINHEIRO/CHEQUE           ;   ;emerson.al ;15:16
020857                            ;03/04/2026;    ;314621;003;    ;0019783;BAHIA                                             ;(75)98241-5168 ;010;111;SKB4I83;     215,60;    0,27;04/04/2026;02;Sem Vasilhame Ambev           ;   ;emerson.al ;15:17
020857                            ;03/04/2026;    ;314628;003;    ;0040784;ESPETINHO DA GEU                                  ;(75)99714-6114 ;010;103;SKB4I83;     106,80;    0,18;04/04/2026;71;SEM DINHEIRO/CHEQUE           ;   ;emerson.al ;15:16
020858                            ;03/04/2026;    ;314501;003;    ;0043710;QUERO PAO                                         ;(75)98355-6834 ;010;105;TMM4F43;     654,72;    1,56;04/04/2026;71;SEM DINHEIRO/CHEQUE           ;   ;tailan.al  ;19:30
020869                            ;06/04/2026;    ;314658;003;    ;0050297;ESPORTE.COM BAR E LA                              ;(75)99981-0561 ;020;209;SJQ4A23;     699,06;    1,02;06/04/2026;71;SEM DINHEIRO/CHEQUE           ;   ;tailan.al  ;21:08
020875                            ;06/04/2026;    ;314767;003;    ;0020186;BAR DO PIU                                        ;(75)98354-7274 ;010;106;SJQ0C73;     859,47;    1,05;06/04/2026;72;PDV FECHADO (HORARIO COM.)    ;   ;emerson.al ;18:10
020875                            ;06/04/2026;    ;314775;003;    ;0047053;MERCEARIA DA EVA                                  ;(75)98251-8457 ;010;106;SJQ0C73;    1841,75;    1,72;06/04/2026;71;SEM DINHEIRO/CHEQUE           ;   ;emerson.al ;18:11
020878                            ;06/04/2026;    ;314828;003;    ;0018583;BARRACA DO JORGE                                  ;(71)99900-7240 ;010;101;SJQ5E98;     126,00;    0,21;06/04/2026;65;NAO FEZ PEDIDO                ;   ;emerson.al ;18:13
020878                            ;06/04/2026;    ;314835;003;    ;0083109;BAR DE La                                         ;(67)10364-1248 ;010;101;SJQ5E98;     676,68;    0,87;06/04/2026;72;PDV FECHADO (HORARIO COM.)    ;   ;emerson.al ;18:13
020878                            ;06/04/2026;    ;314850;003;    ;0018973;BAR DE LUCAS                                      ;(75)99273-2018 ;010;102;SJQ5E98;     501,40;    0,56;06/04/2026;85;DIFICIL ACESSO                ;   ;emerson.al ;18:14
020879                            ;06/04/2026;    ;314859;003;    ;0050181;BAR DA NATA                                       ;(75)99940-6540 ;020;204;TMM5E06;     186,69;    0,50;06/04/2026;72;PDV FECHADO (HORARIO COM.)    ;   ;emerson.al ;18:02
020879                            ;06/04/2026;    ;314860;003;    ;0050181;BAR DA NATA                                       ;(75)99940-6540 ;020;204;TMM5E06;     173,20;    0,13;06/04/2026;72;PDV FECHADO (HORARIO COM.)    ;   ;emerson.al ;18:02
020881                            ;06/04/2026;    ;314898;003;    ;0049776;EMPa“RIOS BINHO                                   ;(75)98806-7059 ;010;111;TMM9J07;    1041,49;    0,75;06/04/2026;61;PRAZO ERRADO                  ;   ;emerson.al ;17:42
020882                            ;06/04/2026;    ;314922;003;    ;0018495;DEPOSITO PETROLAR                                 ;(75)99938-8473 ;010;107;SKB4I83;     436,82;    0,58;06/04/2026;72;PDV FECHADO (HORARIO COM.)    ;   ;tailan.al  ;19:48
020882                            ;06/04/2026;    ;314927;003;    ;0084735;BARRACA DO APOSENTAD                              ;(75)98810-3886 ;010;107;SKB4I83;     203,39;    0,24;06/04/2026;72;PDV FECHADO (HORARIO COM.)    ;   ;tailan.al  ;19:48
020901                            ;07/04/2026;    ;315009;003;    ;0019971;CANTINHO DA CARLA                                 ;(75)99847-9911 ;020;203;SJQ1F85;      78,20;    0,08;08/04/2026;71;SEM DINHEIRO/CHEQUE           ;   ;romario.al ;02:20
020903                            ;07/04/2026;    ;315093;003;    ;0060663;AILTON BAR                                        ;(75)99704-3085 ;020;208;TMM9J07;     117,58;    0,10;09/04/2026;72;PDV FECHADO (HORARIO COM.)    ;   ;tailan.al  ;03:14
020903                            ;07/04/2026;    ;315119;003;    ;0060308;TEMPERO DE MAINHA                                 ;(71)99940-0889 ;020;201;TMM9J07;     485,70;    0,43;09/04/2026;72;PDV FECHADO (HORARIO COM.)    ;   ;tailan.al  ;03:14
020903                            ;07/04/2026;    ;315120;003;    ;0060308;TEMPERO DE MAINHA                                 ;(71)99940-0889 ;020;201;TMM9J07;      71,92;    0,02;09/04/2026;72;PDV FECHADO (HORARIO COM.)    ;   ;tailan.al  ;03:13
020906                            ;07/04/2026;    ;315218;003;    ;0034248;DEPOSITO GELA GUELA                               ;(75)99958-7880 ;030;305;SJQ4A23;    3332,90;    3,81;07/04/2026;86;HORARIO DE ENTREGA            ;   ;jose.al    ;17:26
020906                            ;07/04/2026;    ;315220;003;    ;0034248;DEPOSITO GELA GUELA                               ;(75)99958-7880 ;030;305;SJQ4A23;     100,20;    0,00;07/04/2026;86;HORARIO DE ENTREGA            ;   ;jose.al    ;17:26
020907                            ;07/04/2026;    ;315238;003;    ;0018467;VS FREITAS LTDA                                   ;(75)98140-3574 ;010;106;SJQ7E10;     241,50;    0,90;07/04/2026;71;SEM DINHEIRO/CHEQUE           ;   ;romario.al ;20:04
020907                            ;07/04/2026;    ;315242;003;    ;0091080;BAR E MERCEARIA POIN                              ;(75)98101-7721 ;010;106;SJQ7E10;     197,03;    0,33;07/04/2026;63;PRODUTO / QTDE. ERRADA        ;   ;romario.al ;20:06
020908                            ;07/04/2026;    ;315266;003;    ;0032073;O BOM PRECO                                       ;(75) 3423-5738 ;030;306;SJQ0A82;     187,66;    0,52;07/04/2026;53;PROD PROXIMO VENCIM. COMERCIAL;   ;jose.al    ;16:31
020915                            ;07/04/2026;    ;315470;003;    ;0040663;CEM                                               ;(75)98234-8339 ;010;105;SKB4I83;     204,72;    0,22;07/04/2026;72;PDV FECHADO (HORARIO COM.)    ;   ;jose.al    ;15:52
020915                            ;07/04/2026;    ;315477;003;    ;0020462;BIROSCA DA SANDRA                                 ;(75)99880-2919 ;010;107;SKB4I83;     117,32;    0,15;07/04/2026;72;PDV FECHADO (HORARIO COM.)    ;   ;jose.al    ;15:55
020915                            ;07/04/2026;    ;315493;003;    ;0021129;PANIFICACAO CUCINO                                ;(75)98330-9998 ;010;105;SKB4I83;     105,30;    0,30;07/04/2026;72;PDV FECHADO (HORARIO COM.)    ;   ;jose.al    ;15:55
020917                            ;07/04/2026;    ;315548;003;    ;0089134;BAR FRANGO ASADO                                  ;(75) 4300-0000 ;010;105;SKB4I83;     335,57;    0,48;07/04/2026;72;PDV FECHADO (HORARIO COM.)    ;   ;romario.al ;20:02
020935                            ;08/04/2026;    ;315559;003;    ;0088694;MERCADINHO RUBEM                                  ;(71) 9673-8873 ;030;306;NZF6F00;    3911,49;    5,41;08/04/2026;42;Produto/Quantidade Errada     ;   ;tailan.al  ;20:15
020936                            ;08/04/2026;    ;315576;003;    ;0035571;MONTE SINAI                                       ;(71)99723-0383 ;030;306;NTS7D78;    4643,59;    6,12;08/04/2026;40;Horario de Entrega            ;   ;tailan.al  ;20:18
020936                            ;08/04/2026;    ;315577;003;    ;0048609;LUCIANO LANCHES                                   ;(75)99943-9741 ;010;109;NTS7D78;    1232,36;    1,27;08/04/2026;81;PRODUTO DANIFICADO / FALTA    ;   ;tailan.al  ;20:19
020936                            ;08/04/2026;    ;315578;003;    ;0048609;LUCIANO LANCHES                                   ;(75)99943-9741 ;010;109;NTS7D78;    2193,66;    3,13;08/04/2026;81;PRODUTO DANIFICADO / FALTA    ;   ;tailan.al  ;20:19
020952                            ;08/04/2026;    ;316065;003;    ;0018957;MUQUIADO DISTRIBUIDO                              ;(75)99996-7275 ;010;106;SKS5C26;    1227,60;    1,70;08/04/2026;72;PDV FECHADO (HORARIO COM.)    ;   ;emerson.al ;18:26
020952                            ;08/04/2026;    ;316066;003;    ;0018957;MUQUIADO DISTRIBUIDO                              ;(75)99996-7275 ;010;106;SKS5C26;      60,00;    0,06;08/04/2026;72;PDV FECHADO (HORARIO COM.)    ;   ;emerson.al ;18:26
020952                            ;08/04/2026;    ;316072;003;    ;0035456;DONNA PIZZARIA E RES                              ;(71)99943-4187 ;010;106;SKS5C26;      15,22;    0,01;08/04/2026;72;PDV FECHADO (HORARIO COM.)    ;   ;emerson.al ;18:26
020953                            ;08/04/2026;    ;316088;003;    ;0029493;RESTAURANTE DO LOBAO                              ;(75)99256-2657 ;010;107;TMM4F43;     391,50;    0,42;08/04/2026;72;PDV FECHADO (HORARIO COM.)    ;   ;emerson.al ;16:38
020953                            ;08/04/2026;    ;316095;003;    ;0031121;NOSSO RECANTO                                     ;(75)99942-2234 ;010;110;TMM4F43;     115,80;    0,13;08/04/2026;72;PDV FECHADO (HORARIO COM.)    ;   ;emerson.al ;16:12
020954                            ;08/04/2026;    ;316151;003;    ;0018664;BARAO DEPOSITO                                    ;(75)99890-7893 ;010;105;TMM5E06;     552,73;    0,65;08/04/2026;39;Cliente Cancelou.             ;   ;tailan.al  ;20:23
020954                            ;08/04/2026;    ;316152;003;    ;0018664;BARAO DEPOSITO                                    ;(75)99890-7893 ;010;105;TMM5E06;      10,76;    0,02;08/04/2026;39;Cliente Cancelou.             ;   ;tailan.al  ;20:23
020954                            ;08/04/2026;    ;316153;003;    ;0084128;MERCADINHO SANTO ANT                              ;(80) 9774-4262 ;010;105;TMM5E06;     165,12;    0,48;08/04/2026;72;PDV FECHADO (HORARIO COM.)    ;   ;tailan.al  ;20:22
020954                            ;08/04/2026;    ;316171;003;    ;0030792;MIRELA VARIEDADES                                 ;(75)99876-0434 ;010;105;TMM5E06;     113,70;    0,12;08/04/2026;71;SEM DINHEIRO/CHEQUE           ;   ;tailan.al  ;20:22
020954                            ;08/04/2026;    ;316172;003;    ;0030792;MIRELA VARIEDADES                                 ;(75)99876-0434 ;010;105;TMM5E06;     190,85;    0,21;08/04/2026;71;SEM DINHEIRO/CHEQUE           ;   ;tailan.al  ;20:22
020955                            ;08/04/2026;    ;316208;003;    ;0040352;PIZZARIA Q DELICIA                                ;(75)99914-3163 ;020;206;SKB4I83;     208,56;    0,48;08/04/2026;72;PDV FECHADO (HORARIO COM.)    ;   ;emerson.al ;15:04
020955                            ;08/04/2026;    ;316213;003;    ;0020764;FLUXO TRAILER                                     ;(75)99908-8745 ;020;206;SKB4I83;     365,69;    0,31;08/04/2026;72;PDV FECHADO (HORARIO COM.)    ;   ;emerson.al ;15:04
020956                            ;08/04/2026;    ;316238;003;    ;0048250;FaSNIX KA                                         ;(75)99954-2620 ;010;108;PJX0435;      57,38;    0,18;08/04/2026;71;SEM DINHEIRO/CHEQUE           ;   ;emerson.al ;15:52
020957                            ;08/04/2026;    ;316269;003;    ;0051340;POINT DOS VAQUEIROS                               ;(75)98132-1962 ;010;106;NYM9I27;     307,73;    0,39;08/04/2026;87;TEMPO INSUFICIENTE            ;   ;tailan.al  ;20:04
020957                            ;08/04/2026;    ;316270;003;    ;0020824;BARBEARIA DO MESSSIA                              ;(75)99814-6555 ;010;106;NYM9I27;     359,22;    0,45;08/04/2026;87;TEMPO INSUFICIENTE            ;   ;tailan.al  ;20:04
020957                            ;08/04/2026;    ;316271;003;    ;0043994;PANIFICADORA TEMPO D                              ;               ;010;106;NYM9I27;     197,02;    0,27;08/04/2026;87;TEMPO INSUFICIENTE            ;   ;tailan.al  ;20:03
020957                            ;08/04/2026;    ;316272;003;    ;0090951;ROSINALDO RODRIGUES                               ;(75)98143-5155 ;010;106;NYM9I27;     396,33;    0,59;08/04/2026;87;TEMPO INSUFICIENTE            ;   ;tailan.al  ;20:03
020957                            ;08/04/2026;    ;316273;003;    ;0054337;BAR DO TUCA                                       ;(75)98342-2750 ;010;106;NYM9I27;      86,00;    0,14;08/04/2026;87;TEMPO INSUFICIENTE            ;   ;tailan.al  ;20:03
020957                            ;08/04/2026;    ;316274;003;    ;0054337;BAR DO TUCA                                       ;(75)98342-2750 ;010;106;NYM9I27;      80,75;    0,36;08/04/2026;87;TEMPO INSUFICIENTE            ;   ;tailan.al  ;20:03
020957                            ;08/04/2026;    ;316275;003;    ;0054337;BAR DO TUCA                                       ;(75)98342-2750 ;010;106;NYM9I27;     280,00;    0,08;08/04/2026;87;TEMPO INSUFICIENTE            ;   ;tailan.al  ;20:02
020957                            ;08/04/2026;    ;316276;003;    ;0019184;MERCADINHO CAJUEIRO                               ;(75)98167-9375 ;010;106;NYM9I27;     313,35;    0,65;08/04/2026;87;TEMPO INSUFICIENTE            ;   ;tailan.al  ;20:02
020957                            ;08/04/2026;    ;316277;003;    ;0051626;OXENTE RESTAURANTE                                ;(71)98398-6058 ;010;106;NYM9I27;     456,99;    0,87;08/04/2026;87;TEMPO INSUFICIENTE            ;   ;tailan.al  ;20:02
020957                            ;08/04/2026;    ;316278;003;    ;0019592;DISTRIBUIDORA D'LICO                              ;(75)98145-5888 ;010;106;NYM9I27;     190,85;    0,21;08/04/2026;87;TEMPO INSUFICIENTE            ;   ;tailan.al  ;20:02
020957                            ;08/04/2026;    ;316279;003;    ;0019592;DISTRIBUIDORA D'LICO                              ;(75)98145-5888 ;010;106;NYM9I27;     169,44;    0,12;08/04/2026;87;TEMPO INSUFICIENTE            ;   ;tailan.al  ;20:04
020957                            ;08/04/2026;    ;316280;003;    ;0018732;BAR DA ELEN                                       ;(75)98230-0095 ;010;103;NYM9I27;     161,44;    0,20;08/04/2026;87;TEMPO INSUFICIENTE            ;   ;tailan.al  ;20:04
020957                            ;08/04/2026;    ;316287;003;    ;0047192;MERCADINHO TULINHO                                ;               ;010;103;NYM9I27;      90,00;    0,08;08/04/2026;70;CLIENTE CANCELOU              ;   ;tailan.al  ;20:33
020962                            ;08/04/2026;    ;315882;003;    ;0020449;BAR DE CARMELITO                                  ;(75)99177-8022 ;010;104;SJQ8D11;     763,72;    0,74;09/04/2026;71;SEM DINHEIRO/CHEQUE           ;   ;jose.al    ;17:42
020983                            ;09/04/2026;    ;316444;003;    ;0018899;BARRACA DO NOEL                                   ;(71)99989-2483 ;020;208;TMM5E06;     149,25;    0,39;10/04/2026;72;PDV FECHADO (HORARIO COM.)    ;   ;emerson.al ;14:16
020983                            ;09/04/2026;    ;316476;003;    ;0018815;PIZZARIA DA NANA                                  ;(75)98867-5420 ;020;201;TMM5E06;     108,80;    0,12;10/04/2026;71;SEM DINHEIRO/CHEQUE           ;   ;emerson.al ;14:16
020992                            ;09/04/2026;    ;316753;003;    ;0034013;BAR DE DORIVA                                     ;(75)98366-6597 ;010;111;SKS7B90;     519,94;    0,62;09/04/2026;71;SEM DINHEIRO/CHEQUE           ;   ;jose.al    ;17:23
020994                            ;09/04/2026;    ;316836;003;    ;0052871;BAR S NOVA DIRECAO                                ;(75)99193-1475 ;010;107;TMM4F43;     161,70;    0,20;10/04/2026;65;NAO FEZ PEDIDO                ;   ;emerson.al ;14:36
020995                            ;09/04/2026;    ;316857;003;    ;0054475;RESTAURANTE GIRASSOL                              ;(75)98114-0379 ;010;111;SKB4I83;     213,64;    0,21;09/04/2026;71;SEM DINHEIRO/CHEQUE           ;   ;jose.al    ;15:12
020995                            ;09/04/2026;    ;316885;003;    ;0053765;RETRO PUB                                         ;(75)99862-1330 ;010;103;SKB4I83;     130,25;    0,14;09/04/2026;72;PDV FECHADO (HORARIO COM.)    ;   ;jose.al    ;15:12
020996                            ;09/04/2026;    ;316913;003;    ;0020220;THAYNA OLIVEIRA                                   ;(71)99952-7071 ;030;306;PJX0435;     381,70;    0,42;09/04/2026;71;SEM DINHEIRO/CHEQUE           ;   ;jose.al    ;16:58
020996                            ;09/04/2026;    ;316914;003;    ;0020220;THAYNA OLIVEIRA                                   ;(71)99952-7071 ;030;306;PJX0435;      80,30;    0,03;09/04/2026;71;SEM DINHEIRO/CHEQUE           ;   ;jose.al    ;16:58
020997                            ;09/04/2026;    ;316946;003;    ;0019389;KA TE ESPERA                                      ;(75)98804-3622 ;010;102;NYM9I27;      33,06;    0,12;09/04/2026;63;PRODUTO / QTDE. ERRADA        ;   ;jose.al    ;15:21
020998                            ;09/04/2026;    ;316965;003;    ;0018405;BOTECO DO ZEZO                                    ;(75)99995-6066 ;010;107;SKB4I83;     997,43;    1,21;09/04/2026;86;HORARIO DE ENTREGA            ;   ;romario.al ;20:05
021022                            ;10/04/2026;    ;316993;003;    ;0050246;SUPER. REPUBLICA                                  ;(75)99933-0693 ;030;304;SJQ0C73;    1228,33;    1,28;13/04/2026;43;Forma de Pagamento            ;   ;romario.al ;21:31
021022                            ;10/04/2026;    ;317002;003;    ;0050014;DISTRIBUIDORA VITAL                               ;(75)99984-2604 ;030;304;SJQ0C73;    3655,79;    2,79;13/04/2026;43;Forma de Pagamento            ;   ;romario.al ;21:30
021022                            ;10/04/2026;    ;317005;003;    ;0050048;MERCADINHO GUILHERME                              ;(75)99990-0964 ;020;205;SJQ0C73;    1226,79;    0,97;13/04/2026;43;Forma de Pagamento            ;   ;romario.al ;21:29
021022                            ;10/04/2026;    ;317019;003;    ;0020140;MINE MERCEARIA MEE                                ;(75)99967-1581 ;020;205;SJQ0C73;    2173,01;    1,40;13/04/2026;43;Forma de Pagamento            ;   ;romario.al ;21:31
021024                            ;10/04/2026;    ;317077;003;    ;0060216;DEPOSITO DA VALDELIC                              ;(07)19943-1768 ;020;201;TMM5E06;     113,50;    0,11;11/04/2026;35;Preco Errado                  ;   ;romario.al ;21:36
021024                            ;10/04/2026;    ;317079;003;    ;0060696;MERCEARIA DO SERTAO                               ;(71)99700-5994 ;020;201;TMM5E06;    1024,46;    0,86;11/04/2026;60;PRECO ERRADO                  ;   ;romario.al ;21:38
021024                            ;10/04/2026;    ;317097;003;    ;0019622;POINT DO ESCONDIDINH                              ;(71)99728-8348 ;020;208;TMM5E06;     134,76;    0,28;11/04/2026;72;PDV FECHADO (HORARIO COM.)    ;   ;romario.al ;21:36
021024                            ;10/04/2026;    ;317098;003;    ;0060178;FUSCA BAR                                         ;(75)19997-2816 ;020;208;TMM5E06;     792,37;    1,21;11/04/2026;72;PDV FECHADO (HORARIO COM.)    ;   ;romario.al ;21:38
021024                            ;10/04/2026;    ;317099;003;    ;0060178;FUSCA BAR                                         ;(75)19997-2816 ;020;208;TMM5E06;     114,96;    0,00;11/04/2026;72;PDV FECHADO (HORARIO COM.)    ;   ;romario.al ;21:35
021024                            ;10/04/2026;    ;317100;003;    ;0018761;POINT DA NEGUINHA                                 ;(71)99920-8318 ;020;208;TMM5E06;     128,76;    0,28;11/04/2026;71;SEM DINHEIRO/CHEQUE           ;   ;romario.al ;21:37
021024                            ;10/04/2026;    ;317101;003;    ;0021153;POINT DO COCO                                     ;(71)99288-7925 ;020;208;TMM5E06;     177,50;    0,21;11/04/2026;58;Carga Errada                  ;   ;romario.al ;21:34
021024                            ;10/04/2026;    ;317102;003;    ;0021153;POINT DO COCO                                     ;(71)99288-7925 ;020;208;TMM5E06;     213,82;    0,25;11/04/2026;58;Carga Errada                  ;   ;romario.al ;21:34
021026                            ;10/04/2026;    ;317192;003;    ;0050083;BAR DA MARIA                                      ;(75)99955-3007 ;020;204;SKS3C50;     253,80;    0,29;11/04/2026;72;PDV FECHADO (HORARIO COM.)    ;   ;romario.al ;21:45
021026                            ;10/04/2026;    ;317199;003;    ;0050711;BAR DO PIABA                                      ;(75)99947-5796 ;020;204;SKS3C50;      96,32;    0,03;11/04/2026;71;SEM DINHEIRO/CHEQUE           ;   ;romario.al ;21:44
021026                            ;10/04/2026;    ;317200;003;    ;0050711;BAR DO PIABA                                      ;(75)99947-5796 ;020;204;SKS3C50;     609,37;    0,45;11/04/2026;71;SEM DINHEIRO/CHEQUE           ;   ;romario.al ;21:45
021027                            ;10/04/2026;    ;317219;003;    ;0040003;CANTINHO DA CINTIA                                ;(75)99226-9058 ;020;206;SJQ1F85;     518,19;    0,37;11/04/2026;43;Forma de Pagamento            ;   ;jose.al    ;18:18
021027                            ;10/04/2026;    ;317220;003;    ;0040003;CANTINHO DA CINTIA                                ;(75)99226-9058 ;020;206;SJQ1F85;     694,41;    1,05;11/04/2026;43;Forma de Pagamento            ;   ;jose.al    ;18:18
021027                            ;10/04/2026;    ;317221;003;    ;0040003;CANTINHO DA CINTIA                                ;(75)99226-9058 ;020;206;SJQ1F85;      41,90;    0,04;11/04/2026;43;Forma de Pagamento            ;   ;jose.al    ;18:18
021027                            ;10/04/2026;    ;317238;003;    ;0040063;BIROSCA BAR                                       ;(75)99978-6778 ;020;206;SJQ1F85;    2527,55;    1,44;11/04/2026;43;Forma de Pagamento            ;   ;jose.al    ;18:19
021027                            ;10/04/2026;    ;317239;003;    ;0040063;BIROSCA BAR                                       ;(75)99978-6778 ;020;206;SJQ1F85;      59,26;    0,24;11/04/2026;43;Forma de Pagamento            ;   ;jose.al    ;18:19
021028                            ;10/04/2026;    ;317262;003;    ;0019896;MERCADO ONIX                                      ;(71)99919-2325 ;010;108;SJQ5E98;     804,93;    0,77;10/04/2026;71;SEM DINHEIRO/CHEQUE           ;   ;emerson.al ;17:32
021028                            ;10/04/2026;    ;317263;003;    ;0019896;MERCADO ONIX                                      ;(71)99919-2325 ;010;108;SJQ5E98;    1507,97;    1,08;10/04/2026;71;SEM DINHEIRO/CHEQUE           ;   ;emerson.al ;17:32
021028                            ;10/04/2026;    ;317265;003;    ;0084610;BAR CANTINHO DO BREU                              ;(71)99926-1183 ;010;108;SJQ5E98;    2068,66;    1,06;10/04/2026;71;SEM DINHEIRO/CHEQUE           ;   ;emerson.al ;17:32
021029                            ;10/04/2026;    ;317285;003;    ;0020786;DEPOSITO JAQUEIRA                                 ;(75)98706-0297 ;010;111;SJQ0A82;     355,00;    0,42;10/04/2026;72;PDV FECHADO (HORARIO COM.)    ;   ;emerson.al ;17:23
021029                            ;10/04/2026;    ;317294;003;    ;0024389;SKOBAR                                            ;(75)98845-5570 ;010;111;SJQ0A82;     358,53;    0,19;10/04/2026;43;Forma de Pagamento            ;   ;emerson.al ;17:24
021029                            ;10/04/2026;    ;317297;003;    ;0049776;EMPa“RIOS BINHO                                   ;(75)98806-7059 ;010;111;SJQ0A82;    1212,55;    0,53;10/04/2026;43;Forma de Pagamento            ;   ;emerson.al ;17:23
021029                            ;10/04/2026;    ;317298;003;    ;0049776;EMPa“RIOS BINHO                                   ;(75)98806-7059 ;010;111;SJQ0A82;     153,81;    0,12;10/04/2026;43;Forma de Pagamento            ;   ;emerson.al ;17:24
021029                            ;10/04/2026;    ;317314;003;    ;0020835;ESPETINHO DA PRACA                                ;(75)98290-6338 ;010;111;SJQ0A82;    1054,16;    1,09;10/04/2026;72;PDV FECHADO (HORARIO COM.)    ;   ;emerson.al ;17:22
021029                            ;10/04/2026;    ;317315;003;    ;0020835;ESPETINHO DA PRACA                                ;(75)98290-6338 ;010;111;SJQ0A82;     720,40;    0,80;10/04/2026;72;PDV FECHADO (HORARIO COM.)    ;   ;emerson.al ;17:23
021029                            ;10/04/2026;    ;317323;003;    ;0083480;PEQUENO COMERCI                                   ;(75)99941-2434 ;010;107;SJQ0A82;    1256,79;    1,00;10/04/2026;45;Tempo Insuficiente.           ;   ;emerson.al ;17:25
021029                            ;10/04/2026;    ;317324;003;    ;0083480;PEQUENO COMERCI                                   ;(75)99941-2434 ;010;107;SJQ0A82;     159,90;    0,14;10/04/2026;45;Tempo Insuficiente.           ;   ;emerson.al ;17:25
021029                            ;10/04/2026;    ;317328;003;    ;0020487;BAR DO BARBOSA                                    ;(75)99924-4915 ;010;107;SJQ0A82;     891,88;    0,79;10/04/2026;45;Tempo Insuficiente.           ;   ;emerson.al ;17:24
021032                            ;10/04/2026;    ;317404;003;    ;0049601;A VILA MERCEARIA ELA                              ;(71)98377-4949 ;010;102;SJQ7E10;     145,91;    0,33;10/04/2026;65;NAO FEZ PEDIDO                ;   ;emerson.al ;18:54
021032                            ;10/04/2026;    ;317405;003;    ;0049601;A VILA MERCEARIA ELA                              ;(71)98377-4949 ;010;102;SJQ7E10;       4,56;    0,01;10/04/2026;65;NAO FEZ PEDIDO                ;   ;emerson.al ;18:54
021034                            ;10/04/2026;    ;317510;003;    ;0092627;MERCEARIA DO GIL                                  ;(75)98184-1613 ;010;102;SKS5C26;     498,10;    0,34;10/04/2026;43;Forma de Pagamento            ;   ;emerson.al ;16:39
021034                            ;10/04/2026;    ;317529;003;    ;0048393;BAR DE NANE                                       ;(75)98102-9708 ;010;102;SKS5C26;     902,83;    0,79;10/04/2026;43;Forma de Pagamento            ;   ;emerson.al ;16:38
021034                            ;10/04/2026;    ;317530;003;    ;0048393;BAR DE NANE                                       ;(75)98102-9708 ;010;102;SKS5C26;     190,17;    0,10;10/04/2026;43;Forma de Pagamento            ;   ;emerson.al ;16:38
021034                            ;10/04/2026;    ;317533;003;    ;0020793;BAE E MERCEARIA EB                                ;(21)99385-2167 ;010;102;SKS5C26;    1972,51;    1,54;10/04/2026;43;Forma de Pagamento            ;   ;emerson.al ;16:39
021035                            ;10/04/2026;    ;317544;003;    ;0032976;MERC DO CECILIANO                                 ;(75)98131-8048 ;010;104;TMM9J07;     417,11;    0,53;10/04/2026;34;Pedido Duplicado              ;   ;emerson.al ;18:51
021036                            ;10/04/2026;    ;317603;003;    ;0044106;KIOQUE DA AMIZADE                                 ;(75)99841-3409 ;010;105;SKB4I83;     188,33;    0,20;10/04/2026;71;SEM DINHEIRO/CHEQUE           ;   ;emerson.al ;15:48
021036                            ;10/04/2026;    ;317604;003;    ;0028426;TRAILER DO ELOI                                   ;(75)98818-7594 ;010;105;SKB4I83;     349,58;    0,30;10/04/2026;71;SEM DINHEIRO/CHEQUE           ;   ;emerson.al ;15:48
021036                            ;10/04/2026;    ;317609;003;    ;0031230;CANTINHO DA LUCI                                  ;(75)98218-2513 ;010;107;SKB4I83;     191,70;    0,19;10/04/2026;71;SEM DINHEIRO/CHEQUE           ;   ;emerson.al ;15:47
021037                            ;10/04/2026;    ;317638;003;    ;0040178;BAR DO GALDENCIO                                  ;(75)99856-7488 ;020;206;PJX0435;     111,23;    0,26;10/04/2026;72;PDV FECHADO (HORARIO COM.)    ;   ;emerson.al ;14:33
021038                            ;10/04/2026;    ;317655;003;    ;0084653;CASARAO                                           ;(71)99953-3855 ;010;108;NYM9I27;     355,68;    0,50;10/04/2026;70;CLIENTE CANCELOU              ;   ;emerson.al ;18:40
021038                            ;10/04/2026;    ;317665;003;    ;0083009;BAR DO WILSON                                     ;(71)99926-9182 ;010;109;NYM9I27;     183,05;    0,13;10/04/2026;71;SEM DINHEIRO/CHEQUE           ;   ;emerson.al ;18:39
021038                            ;10/04/2026;    ;317667;003;    ;0046666;OSASSIS LANCHONETE                                ;               ;010;109;NYM9I27;     313,91;    0,24;10/04/2026;72;PDV FECHADO (HORARIO COM.)    ;   ;emerson.al ;18:39
021038                            ;10/04/2026;    ;317671;003;    ;0082590;BARRAVENTO                                        ;(71)99947-9420 ;010;101;NYM9I27;     323,40;    0,41;10/04/2026;72;PDV FECHADO (HORARIO COM.)    ;   ;emerson.al ;18:40
021039                            ;10/04/2026;    ;317691;003;    ;0083589;IMPERIO DAS BEBIDAS                               ;(75)99989-6465 ;010;110;SKS9J44;    3376,59;    2,05;10/04/2026;72;PDV FECHADO (HORARIO COM.)    ;   ;emerson.al ;16:56
021043                            ;10/04/2026;    ;317732;003;    ;0027896;BAR DONA NEM                                      ;(75)99185-8301 ;010;103;TMM9J07;     175,40;    0,08;11/04/2026;43;Forma de Pagamento            ;   ;jose.al    ;14:09
021043                            ;10/04/2026;    ;317739;003;    ;0047118;BAR DO LATICA                                     ;               ;010;103;TMM9J07;     219,13;    0,16;11/04/2026;43;Forma de Pagamento            ;   ;jose.al    ;14:08
021043                            ;10/04/2026;    ;317743;003;    ;0035466;BAR VERAO                                         ;(71)99743-5107 ;010;103;TMM9J07;     139,11;    0,18;11/04/2026;72;PDV FECHADO (HORARIO COM.)    ;   ;jose.al    ;14:09
021043                            ;10/04/2026;    ;317744;003;    ;0035466;BAR VERAO                                         ;(71)99743-5107 ;010;103;TMM9J07;       2,28;    0,00;11/04/2026;72;PDV FECHADO (HORARIO COM.)    ;   ;jose.al    ;14:09
021043                            ;10/04/2026;    ;317745;003;    ;0083795;BAR DO RAIMUNDO                                   ;(75)99807-2997 ;010;103;TMM9J07;     466,80;    0,62;11/04/2026;47;Dificil Acesso                ;   ;jose.al    ;14:07
021043                            ;10/04/2026;    ;317746;003;    ;0083795;BAR DO RAIMUNDO                                   ;(75)99807-2997 ;010;103;TMM9J07;      10,96;    0,02;11/04/2026;47;Dificil Acesso                ;   ;jose.al    ;14:07
021043                            ;10/04/2026;    ;317747;003;    ;0021228;BAR CHEGANDO CASA                                 ;(75)99353-8075 ;010;103;TMM9J07;     353,90;    0,35;11/04/2026;85;DIFICIL ACESSO                ;   ;jose.al    ;14:09
021043                            ;10/04/2026;    ;317750;003;    ;0019768;AÇOUGUE DO GORDO                                  ;(75)99808-5654 ;010;103;TMM9J07;    1159,88;    1,08;11/04/2026;43;Forma de Pagamento            ;   ;jose.al    ;14:08
021043                            ;10/04/2026;    ;317751;003;    ;0019768;AÇOUGUE DO GORDO                                  ;(75)99808-5654 ;010;103;TMM9J07;       4,12;    0,00;11/04/2026;43;Forma de Pagamento            ;   ;jose.al    ;14:07
021044                            ;10/04/2026;    ;317755;003;    ;0050843;DEPOSITO LS                                       ;(71)99637-1654 ;010;109;PJX0435;     114,35;    0,15;11/04/2026;71;SEM DINHEIRO/CHEQUE           ;   ;jose.al    ;13:45
021044                            ;10/04/2026;    ;317756;003;    ;0050843;DEPOSITO LS                                       ;(71)99637-1654 ;010;109;PJX0435;       2,28;    0,00;11/04/2026;71;SEM DINHEIRO/CHEQUE           ;   ;jose.al    ;13:45
021044                            ;10/04/2026;    ;317769;003;    ;0053440;EL POINT                                          ;(75)98142-1675 ;010;108;PJX0435;     102,69;    0,13;11/04/2026;72;PDV FECHADO (HORARIO COM.)    ;   ;jose.al    ;13:46
021044                            ;10/04/2026;    ;317770;003;    ;0053440;EL POINT                                          ;(75)98142-1675 ;010;108;PJX0435;       4,56;    0,01;11/04/2026;72;PDV FECHADO (HORARIO COM.)    ;   ;jose.al    ;13:45
021044                            ;10/04/2026;    ;317774;003;    ;0082385;BAR DO TITO                                       ;(71)99920-4625 ;010;108;PJX0435;     139,28;    0,25;11/04/2026;72;PDV FECHADO (HORARIO COM.)    ;   ;jose.al    ;13:45
021045                            ;10/04/2026;    ;317801;003;    ;0019917;CANTINHO DA JALI                                  ;(75)99906-2185 ;010;105;NYM9I27;     243,34;    0,14;11/04/2026;71;SEM DINHEIRO/CHEQUE           ;   ;jose.al    ;17:44
021045                            ;10/04/2026;    ;317802;003;    ;0019917;CANTINHO DA JALI                                  ;(75)99906-2185 ;010;105;NYM9I27;     175,90;    0,14;11/04/2026;71;SEM DINHEIRO/CHEQUE           ;   ;jose.al    ;17:44
021045                            ;10/04/2026;    ;317803;003;    ;0026177;BAR DO BEZINHO                                    ;(71)99975-5143 ;010;105;NYM9I27;     285,80;    0,28;11/04/2026;72;PDV FECHADO (HORARIO COM.)    ;   ;jose.al    ;17:31
021045                            ;10/04/2026;    ;317809;003;    ;0041659;PANIFICADORA TEM SIM                              ;(75) 3524-8625 ;010;103;NYM9I27;     452,85;    1,05;11/04/2026;42;Produto/Quantidade Errada     ;   ;jose.al    ;17:45
021045                            ;10/04/2026;    ;317811;003;    ;0018495;DEPOSITO PETROLAR                                 ;(75)99938-8473 ;010;107;NYM9I27;     436,82;    0,58;11/04/2026;71;SEM DINHEIRO/CHEQUE           ;   ;jose.al    ;17:31
021045                            ;10/04/2026;    ;317812;003;    ;0033165;Point dos amigos                                  ;(75)98125-1828 ;010;107;NYM9I27;     293,03;    0,36;11/04/2026;72;PDV FECHADO (HORARIO COM.)    ;   ;jose.al    ;17:30
021045                            ;10/04/2026;    ;317813;003;    ;0033165;Point dos amigos                                  ;(75)98125-1828 ;010;107;NYM9I27;     191,33;    0,32;11/04/2026;72;PDV FECHADO (HORARIO COM.)    ;   ;jose.al    ;17:30
021045                            ;10/04/2026;    ;317817;003;    ;0082623;Bar chega mais                                    ;(75) 8813-5832 ;010;107;NYM9I27;     184,99;    0,21;11/04/2026;72;PDV FECHADO (HORARIO COM.)    ;   ;jose.al    ;17:30
021045                            ;10/04/2026;    ;317818;003;    ;0082623;Bar chega mais                                    ;(75) 8813-5832 ;010;107;NYM9I27;      87,18;    0,26;11/04/2026;72;PDV FECHADO (HORARIO COM.)    ;   ;jose.al    ;17:31
021069                            ;13/04/2026;    ;317893;003;    ;0060489;BARRACA DA TANIA                                  ;(71)99967-3327 ;020;208;SKS9J44;     279,62;    0,43;15/04/2026;72;PDV FECHADO (HORARIO COM.)    ;   ;jose.al    ;13:53
021069                            ;13/04/2026;    ;317894;003;    ;0060489;BARRACA DA TANIA                                  ;(71)99967-3327 ;020;208;SKS9J44;       8,77;    0,02;15/04/2026;72;PDV FECHADO (HORARIO COM.)    ;   ;jose.al    ;13:53
021069                            ;13/04/2026;    ;317902;003;    ;0018834;LOIRAGELADABEBIDAS                                ;(75)99239-1671 ;020;201;SKS9J44;     964,16;    1,96;15/04/2026;72;PDV FECHADO (HORARIO COM.)    ;   ;jose.al    ;13:53
021069                            ;13/04/2026;    ;317920;003;    ;0060609;MERCEARIA POPULAR                                 ;(07)19931-1034 ;020;208;SKS9J44;     206,12;    0,60;15/04/2026;72;PDV FECHADO (HORARIO COM.)    ;   ;jose.al    ;13:52
021069                            ;13/04/2026;    ;317921;003;    ;0060609;MERCEARIA POPULAR                                 ;(07)19931-1034 ;020;208;SKS9J44;      22,40;    0,00;15/04/2026;72;PDV FECHADO (HORARIO COM.)    ;   ;jose.al    ;13:52
021069                            ;13/04/2026;    ;317925;003;    ;0060719;RESTAURANTE BELA VIS                              ;(71)99656-5657 ;020;208;SKS9J44;     617,86;    0,81;15/04/2026;72;PDV FECHADO (HORARIO COM.)    ;   ;jose.al    ;13:53
021070                            ;13/04/2026;    ;317951;003;    ;0040511;COMERCIAL PATRaCIA                                ;(75)99965-4168 ;010;104;SKS2H93;     486,50;    0,33;14/04/2026;72;PDV FECHADO (HORARIO COM.)    ;   ;romario.al ;02:57
021071                            ;13/04/2026;    ;318002;003;    ;0030222;BAR DO BIGODAO                                    ;(07)59999-9999 ;020;202;TMM3F04;     117,46;    0,25;14/04/2026;72;PDV FECHADO (HORARIO COM.)    ;   ;tailan.al  ;21:25
021077                            ;13/04/2026;    ;318178;003;    ;0019991;BAR DA GARAGEM                                    ;(75)98223-4092 ;010;106;SJQ7E10;     299,43;    0,39;13/04/2026;64;SEM VASILHAME                 ;   ;romario.al ;19:59
021077                            ;13/04/2026;    ;318196;003;    ;0031444;FRANCISCO CUSTODIO D                              ;(75) 8164-2677 ;010;106;SJQ7E10;      51,12;    0,12;13/04/2026;72;PDV FECHADO (HORARIO COM.)    ;   ;romario.al ;19:59
021077                            ;13/04/2026;    ;318215;003;    ;0035166;ELIOMAR BAR                                       ;(75)98104-0991 ;010;106;SJQ7E10;     321,42;    0,61;13/04/2026;45;Tempo Insuficiente.           ;   ;romario.al ;19:58
021077                            ;13/04/2026;    ;318216;003;    ;0035166;ELIOMAR BAR                                       ;(75)98104-0991 ;010;106;SJQ7E10;      23,37;    0,03;13/04/2026;45;Tempo Insuficiente.           ;   ;romario.al ;19:58
021078                            ;13/04/2026;    ;318228;003;    ;0040799;BAR DO JO O                                       ;(75)98103-1548 ;010;106;SKS7B90;     226,80;    0,27;13/04/2026;72;PDV FECHADO (HORARIO COM.)    ;   ;romario.al ;19:25
021080                            ;13/04/2026;    ;318289;003;    ;0047332;PONT DA PRETA                                     ;(75)99921-9995 ;010;103;TMM4F43;     124,86;    0,19;13/04/2026;72;PDV FECHADO (HORARIO COM.)    ;   ;jose.al    ;17:57
021080                            ;13/04/2026;    ;318317;003;    ;0020073;BIG BURGUE                                        ;(75)99934-0033 ;010;107;TMM4F43;     108,75;    0,26;13/04/2026;71;SEM DINHEIRO/CHEQUE           ;   ;jose.al    ;17:57
021080                            ;13/04/2026;    ;318322;003;    ;0021103;ARIADNY RODRIGUES DE                              ;(75)99832-7852 ;010;110;TMM4F43;     203,04;    0,24;13/04/2026;42;Produto/Quantidade Errada     ;   ;jose.al    ;17:56
021081                            ;13/04/2026;    ;318326;003;    ;0021019;58.370.536 PAULO SER                              ;(71)98229-7411 ;010;105;TMM5E06;     402,65;    0,23;13/04/2026;71;SEM DINHEIRO/CHEQUE           ;   ;jose.al    ;17:17
021081                            ;13/04/2026;    ;318356;003;    ;0032604;CANTINHO DA FAFA                                  ;(75)98303-6978 ;010;111;TMM5E06;     102,86;    0,18;13/04/2026;71;SEM DINHEIRO/CHEQUE           ;   ;jose.al    ;17:17
021083                            ;13/04/2026;    ;318408;003;    ;0024511;IDALBA DISTRIBUIDORA                              ;(71) 9907-7917 ;010;109;PJX0435;     212,97;    0,44;13/04/2026;71;SEM DINHEIRO/CHEQUE           ;   ;jose.al    ;16:40
021083                            ;13/04/2026;    ;318409;003;    ;0024511;IDALBA DISTRIBUIDORA                              ;(71) 9907-7917 ;010;109;PJX0435;      66,14;    0,05;13/04/2026;71;SEM DINHEIRO/CHEQUE           ;   ;jose.al    ;16:40
021084                            ;13/04/2026;    ;318454;003;    ;0041469;ARENA LIMOEIRO                                    ;(75)99978-4013 ;010;107;NYM9I27;     275,66;    0,48;14/04/2026;72;PDV FECHADO (HORARIO COM.)    ;   ;tailan.al  ;19:45
021084                            ;13/04/2026;    ;318462;003;    ;0056671;SOL PANIFICAa‡a O E                               ;(75)99230-5419 ;010;107;NYM9I27;     130,69;    0,38;14/04/2026;71;SEM DINHEIRO/CHEQUE           ;   ;tailan.al  ;19:44
021084                            ;13/04/2026;    ;318477;003;    ;0027112;MERCADINHO JD KELLY                               ;(75)99985-4761 ;010;110;NYM9I27;     259,17;    0,26;14/04/2026;72;PDV FECHADO (HORARIO COM.)    ;   ;tailan.al  ;19:44
021084                            ;13/04/2026;    ;318478;003;    ;0027112;MERCADINHO JD KELLY                               ;(75)99985-4761 ;010;110;NYM9I27;     115,38;    0,36;14/04/2026;72;PDV FECHADO (HORARIO COM.)    ;   ;tailan.al  ;19:46
021084                            ;13/04/2026;    ;318479;003;    ;0027112;MERCADINHO JD KELLY                               ;(75)99985-4761 ;010;110;NYM9I27;      54,00;    0,10;14/04/2026;72;PDV FECHADO (HORARIO COM.)    ;   ;tailan.al  ;19:45
021084                            ;13/04/2026;    ;318494;003;    ;0020286;NALDO SPORT CLUB                                  ;(75)99942-3064 ;010;110;NYM9I27;     320,98;    0,28;14/04/2026;70;CLIENTE CANCELOU              ;   ;tailan.al  ;19:45
021084                            ;13/04/2026;    ;318495;003;    ;0018502;BOTECO MC                                         ;(79)99987-0770 ;010;110;NYM9I27;     102,86;    0,13;14/04/2026;72;PDV FECHADO (HORARIO COM.)    ;   ;tailan.al  ;19:44
021085                            ;13/04/2026;    ;318499;003;    ;0049472;DEPOSITO VADINHO DRI                              ;(75)99143-1980 ;010;111;SKB4I83;    2387,17;    2,98;13/04/2026;72;PDV FECHADO (HORARIO COM.)    ;   ;romario.al ;22:15
021085                            ;13/04/2026;    ;318500;003;    ;0049472;DEPOSITO VADINHO DRI                              ;(75)99143-1980 ;010;111;SKB4I83;      79,17;    0,08;13/04/2026;72;PDV FECHADO (HORARIO COM.)    ;   ;romario.al ;22:15
021085                            ;13/04/2026;    ;318516;003;    ;0030712;CONVERSA FIADA                                    ;(71)99727-7419 ;010;107;SKB4I83;     212,40;    0,25;13/04/2026;71;SEM DINHEIRO/CHEQUE           ;   ;romario.al ;22:14
021112                            ;14/04/2026;    ;318692;003;    ;0030233;PONTA DE INHAMBUPE H                              ;(75)99884-7467 ;020;202;SKS5C26;     392,64;    0,34;15/04/2026;71;SEM DINHEIRO/CHEQUE           ;   ;romario.al ;21:20
021113                            ;14/04/2026;    ;318744;003;    ;0060663;AILTON BAR                                        ;(75)99704-3085 ;020;208;SKS5C26;     131,38;    0,13;15/04/2026;72;PDV FECHADO (HORARIO COM.)    ;   ;tailan.al  ;06:47
021113                            ;14/04/2026;    ;318745;003;    ;0060663;AILTON BAR                                        ;(75)99704-3085 ;020;208;SKS5C26;      11,55;    0,01;15/04/2026;72;PDV FECHADO (HORARIO COM.)    ;   ;tailan.al  ;06:46
021122                            ;14/04/2026;    ;318990;003;    ;0037444;DELICIAS DA MONICA                                ;(75)98840-0953 ;010;103;SKS7B90;     216,46;    0,40;14/04/2026;58;Carga Errada                  ;   ;tailan.al  ;19:32
021122                            ;14/04/2026;    ;318991;003;    ;0037444;DELICIAS DA MONICA                                ;(75)98840-0953 ;010;103;SKS7B90;      16,10;    0,06;14/04/2026;58;Carga Errada                  ;   ;tailan.al  ;19:31
021124                            ;14/04/2026;    ;319073;003;    ;0027360;MERCADINHO NETINHO                                ;(75)98259-2014 ;010;105;TMM5E06;     177,50;    0,21;14/04/2026;72;PDV FECHADO (HORARIO COM.)    ;   ;tailan.al  ;19:29
021124                            ;14/04/2026;    ;319077;003;    ;0019294;CASA DO FRANGO                                    ;(75)99201-6774 ;010;111;TMM5E06;     916,76;    1,37;14/04/2026;72;PDV FECHADO (HORARIO COM.)    ;   ;tailan.al  ;19:29
021125                            ;14/04/2026;    ;319110;003;    ;0033025;LAUDELINA CERQUEIRA                               ;(75)98123-1190 ;010;106;TMM9J07;     268,03;    0,39;14/04/2026;71;SEM DINHEIRO/CHEQUE           ;   ;tailan.al  ;19:52
021125                            ;14/04/2026;    ;319121;003;    ;0020841;QUIOSQUE DA GALEGA                                ;(75)98324-8771 ;010;106;TMM9J07;     226,63;    0,26;14/04/2026;42;Produto/Quantidade Errada     ;   ;tailan.al  ;19:52
021128                            ;14/04/2026;    ;319206;003;    ;0030622;CANTINHO DO CEU                                   ;(75) 9986-6328 ;010;107;SKB4I83;     397,92;    0,65;14/04/2026;72;PDV FECHADO (HORARIO COM.)    ;   ;tailan.al  ;21:30
021130                            ;14/04/2026;    ;318746;003;    ;0019060;BAR DA DEDA PRATA                                 ;(75)99887-6258 ;020;206;SJQ1F85;     255,89;    0,37;14/04/2026;71;SEM DINHEIRO/CHEQUE           ;   ;tailan.al  ;19:56
021130                            ;14/04/2026;    ;318747;003;    ;0018750;FENIX BAR                                         ;(75)99977-0852 ;020;206;SJQ1F85;     594,64;    0,63;14/04/2026;71;SEM DINHEIRO/CHEQUE           ;   ;tailan.al  ;19:56
021130                            ;14/04/2026;    ;318748;003;    ;0040252;BAR DA LANINHA                                    ;(75)99901-5187 ;020;206;SJQ1F85;     162,50;    0,21;14/04/2026;71;SEM DINHEIRO/CHEQUE           ;   ;tailan.al  ;19:57
021130                            ;14/04/2026;    ;318751;003;    ;0020880;DEPOSITO JL                                       ;(31)97337-3714 ;020;206;SJQ1F85;     264,86;    0,49;14/04/2026;72;PDV FECHADO (HORARIO COM.)    ;   ;tailan.al  ;19:56
021130                            ;14/04/2026;    ;318758;003;    ;0050394;POINT DA MARY                                     ;(07)59947-1957 ;020;209;SJQ1F85;     212,98;    0,34;14/04/2026;71;SEM DINHEIRO/CHEQUE           ;   ;tailan.al  ;20:01
021130                            ;14/04/2026;    ;318759;003;    ;0050394;POINT DA MARY                                     ;(07)59947-1957 ;020;209;SJQ1F85;      58,24;    0,04;14/04/2026;71;SEM DINHEIRO/CHEQUE           ;   ;tailan.al  ;20:01
021130                            ;14/04/2026;    ;318782;003;    ;0050146;KASA DOS FRIOS                                    ;(07)59947-5351 ;020;209;SJQ1F85;     675,96;    0,83;14/04/2026;64;SEM VASILHAME                 ;   ;tailan.al  ;19:57
021130                            ;14/04/2026;    ;318789;003;    ;0050336;DISTRIBUIDORA DO MIN                              ;(07)59826-7847 ;020;209;SJQ1F85;       3,75;    0,00;14/04/2026;58;Carga Errada                  ;   ;tailan.al  ;20:02
021130                            ;14/04/2026;    ;318797;003;    ;0050534;CHURRASCARIA DO HONO                              ;(75)99920-4233 ;020;209;SJQ1F85;    9090,00;    0,00;14/04/2026;93;DEVOLUCAO DE COMODATO         ;   ;tailan.al  ;20:17
021131                            ;14/04/2026;    ;318895;003;    ;0019039;COMPRE BEM R DO                                   ;(75)99946-8968 ;030;305;SJQ0A82;    3096,37;    0,00;14/04/2026;50;CARGA ERRADA ARMAZEM          ;   ;emerson.al ;16:48
021131                            ;14/04/2026;    ;318896;003;    ;0019038;COMPRE BEM BARREIRO                               ;(75)99946-8968 ;030;305;SJQ0A82;    3096,37;    0,00;14/04/2026;50;CARGA ERRADA ARMAZEM          ;   ;emerson.al ;16:48
021131                            ;14/04/2026;    ;318897;003;    ;0019037;COMPRE BEM CENTRO                                 ;(75)99946-8968 ;030;305;SJQ0A82;    3096,37;    0,00;14/04/2026;50;CARGA ERRADA ARMAZEM          ;   ;emerson.al ;16:48
021131                            ;14/04/2026;    ;318903;003;    ;0019036;COMPRE BEM AL V                                   ;(75)99946-8968 ;030;305;SJQ0A82;    3096,37;    0,00;14/04/2026;50;CARGA ERRADA ARMAZEM          ;   ;emerson.al ;16:48
021131                            ;14/04/2026;    ;318906;003;    ;0019826;KIDOCE DELICATESSEN                               ;(75)98322-6597 ;030;305;SJQ0A82;    3096,37;    0,00;14/04/2026;50;CARGA ERRADA ARMAZEM          ;   ;emerson.al ;16:47
021146                            ;15/04/2026;    ;319221;003;    ;0048609;LUCIANO LANCHES                                   ;(75)99943-9741 ;010;109;NTS7D78;    3694,93;    3,94;15/04/2026;87;TEMPO INSUFICIENTE            ;   ;romario.al ;19:47
021146                            ;15/04/2026;    ;319222;003;    ;0048609;LUCIANO LANCHES                                   ;(75)99943-9741 ;010;109;NTS7D78;     175,90;    0,14;15/04/2026;87;TEMPO INSUFICIENTE            ;   ;romario.al ;19:47
021146                            ;15/04/2026;    ;319226;003;    ;0038099;CONVERSA FIADA II                                 ;(71)99934-6905 ;010;108;NTS7D78;     652,64;    0,31;15/04/2026;72;PDV FECHADO (HORARIO COM.)    ;   ;romario.al ;19:45
021146                            ;15/04/2026;    ;319227;003;    ;0038099;CONVERSA FIADA II                                 ;(71)99934-6905 ;010;108;NTS7D78;    3810,66;    3,53;15/04/2026;87;TEMPO INSUFICIENTE            ;   ;romario.al ;19:46
021147                            ;15/04/2026;    ;319245;003;    ;0050243;MER. PEQUENO PR                                   ;(75)59843-7758 ;030;304;SJQ4A23;    1971,94;    2,38;15/04/2026;53;PROD PROXIMO VENCIM. COMERCIAL;   ;romario.al ;21:14
021150                            ;15/04/2026;    ;319268;003;    ;0021304;SOUZA POINT                                       ;(75)99123-8487 ;020;204;SJQ0C73;     610,20;    0,69;16/04/2026;46;Endereco Nao Encontrado       ;   ;romario.al ;06:29
021153                            ;15/04/2026;    ;319388;003;    ;0019287;SANTEX                                            ;(75)99704-5295 ;010;104;SJQ5B35;     457,26;    0,56;16/04/2026;59;Qualidade do Produto.         ;   ;emerson.al ;14:53
021154                            ;15/04/2026;    ;319502;003;    ;0048905;ARENA DAS BEBIDAS                                 ;(75)99830-6583 ;010;102;SJQ3B12;     112,12;    0,20;16/04/2026;33;Nao Fez Pedido                ;   ;emerson.al ;17:45
021154                            ;15/04/2026;    ;319503;003;    ;0048905;ARENA DAS BEBIDAS                                 ;(75)99830-6583 ;010;102;SJQ3B12;      13,53;    0,06;16/04/2026;33;Nao Fez Pedido                ;   ;emerson.al ;17:44
021155                            ;15/04/2026;    ;319589;003;    ;0030014;REST. SOL BEACH                                   ;(75)99843-2094 ;020;202;SKS7B90;     165,67;    0,14;17/04/2026;72;PDV FECHADO (HORARIO COM.)    ;   ;tailan.al  ;02:02
021155                            ;15/04/2026;    ;319590;003;    ;0030014;REST. SOL BEACH                                   ;(75)99843-2094 ;020;202;SKS7B90;      34,68;    0,04;17/04/2026;72;PDV FECHADO (HORARIO COM.)    ;   ;tailan.al  ;02:02
021156                            ;15/04/2026;    ;319651;003;    ;0084369;BAR DA ELIENE                                     ;(71)96657-9349 ;010;109;SJQ0A82;     288,00;    0,28;15/04/2026;63;PRODUTO / QTDE. ERRADA        ;   ;jose.al    ;16:56
021157                            ;15/04/2026;    ;319678;003;    ;0020210;KIOSK AZUL                                        ;(27)99743-0432 ;010;109;SKS2H93;     639,74;    0,81;15/04/2026;72;PDV FECHADO (HORARIO COM.)    ;   ;jose.al    ;18:15
021159                            ;15/04/2026;    ;319777;003;    ;0033500;MERCADINHO LAIANE                                 ;(75)98299-8715 ;010;105;TMM4F43;     133,04;    0,12;15/04/2026;72;PDV FECHADO (HORARIO COM.)    ;   ;romario.al ;19:36
021160                            ;15/04/2026;    ;319814;003;    ;0019752;RESTAURANTE DA JACY                               ;(75)99922-0231 ;010;107;TMM5E06;     158,92;    0,25;16/04/2026;71;SEM DINHEIRO/CHEQUE           ;   ;emerson.al ;18:01
021160                            ;15/04/2026;    ;319820;003;    ;0055453;VIXE MANIA                                        ;(75)99949-3497 ;010;107;TMM5E06;    1581,84;    1,90;16/04/2026;65;NAO FEZ PEDIDO                ;   ;emerson.al ;18:02
021160                            ;15/04/2026;    ;319822;003;    ;0035578;ESPACO DA VANY                                    ;(75) 3421-3232 ;010;107;TMM5E06;     142,58;    0,14;16/04/2026;72;PDV FECHADO (HORARIO COM.)    ;   ;emerson.al ;18:02
021161                            ;15/04/2026;    ;319851;003;    ;0034552;Mercadinho Souza 2                                ;(75)99958-7512 ;030;305;TMM3F04;     585,95;    0,72;15/04/2026;87;TEMPO INSUFICIENTE            ;   ;romario.al ;20:  
021161                            ;15/04/2026;    ;319855;003;    ;0019505;TOP CARNES                                        ;(75)99236-2064 ;010;110;TMM3F04;     215,60;    0,27;15/04/2026;87;TEMPO INSUFICIENTE            ;   ;romario.al ;19:59
021161                            ;15/04/2026;    ;319856;003;    ;0084333;BAR DO RIBA                                       ;(75)99362-1481 ;010;110;TMM3F04;     322,48;    0,46;15/04/2026;87;TEMPO INSUFICIENTE            ;   ;romario.al ;20:02
021161                            ;15/04/2026;    ;319857;003;    ;0084333;BAR DO RIBA                                       ;(75)99362-1481 ;010;110;TMM3F04;      13,53;    0,06;15/04/2026;87;TEMPO INSUFICIENTE            ;   ;romario.al ;20:01
021161                            ;15/04/2026;    ;319864;003;    ;0033287;PALADAR DO SUL II                                 ;(75)99868-2471 ;010;110;TMM3F04;     915,33;    1,08;15/04/2026;87;TEMPO INSUFICIENTE            ;   ;romario.al ;20:  
021161                            ;15/04/2026;    ;319865;003;    ;0019180;ARENA QUADRANGULAR                                ;(75)98864-5865 ;010;107;TMM3F04;     493,23;    0,49;15/04/2026;87;TEMPO INSUFICIENTE            ;   ;romario.al ;19:58
021162                            ;15/04/2026;    ;319887;003;    ;0020428;DEPÓSITO DO TH                                    ;(75)98227-9030 ;010;103;TMM9J07;      12,50;    0,01;15/04/2026;32;ENTREGA ATRASADA (BUFFER)     ;   ;romario.al ;20:28
021162                            ;15/04/2026;    ;319899;003;    ;0026607;LANCHONETE DANTAS                                 ;(75)91820-4510 ;010;103;TMM9J07;       8,67;    0,01;15/04/2026;32;ENTREGA ATRASADA (BUFFER)     ;   ;romario.al ;20:28
021163                            ;15/04/2026;    ;319930;003;    ;0019184;MERCADINHO CAJUEIRO                               ;(75)98167-9375 ;010;106;SKB4I83;     383,30;    0,72;15/04/2026;71;SEM DINHEIRO/CHEQUE           ;   ;jose.al    ;15:48
021165                            ;15/04/2026;    ;319996;003;    ;0030456;BOX DA MIRIAM                                     ;(71) 9953-3097 ;010;108;NYM9I27;     106,12;    0,15;16/04/2026;72;PDV FECHADO (HORARIO COM.)    ;   ;emerson.al ;14:27
021165                            ;15/04/2026;    ;320006;003;    ;0020821;SKINA DO SABOR                                    ;(71)99739-9107 ;010;109;NYM9I27;     193,60;    0,30;16/04/2026;71;SEM DINHEIRO/CHEQUE           ;   ;emerson.al ;14:28
021165                            ;15/04/2026;    ;320008;003;    ;0046787;BARRIGA BAR                                       ;(71)99626-9014 ;010;109;NYM9I27;     129,70;    0,15;16/04/2026;72;PDV FECHADO (HORARIO COM.)    ;   ;emerson.al ;14:28
021165                            ;15/04/2026;    ;320009;003;    ;0046787;BARRIGA BAR                                       ;(71)99626-9014 ;010;109;NYM9I27;      55,56;    0,06;16/04/2026;72;PDV FECHADO (HORARIO COM.)    ;   ;emerson.al ;14:28
021167                            ;15/04/2026;    ;320041;003;    ;0040473;PARADA OBRIGATO                                   ;(75)99929-9505 ;020;201;SKS9J44;     157,25;    0,06;17/04/2026;81;PRODUTO DANIFICADO / FALTA    ;   ;tailan.al  ;04:34
021195                            ;16/04/2026;    ;320309;003;    ;0021319;MERC FAMILIA ALIANCA                              ;(75)98111-5384 ;010;106;SJQ0A82;    1164,53;    1,79;16/04/2026;82;ENDERECO NAO ENCONTRADO       ;   ;emerson.al ;18:31
021196                            ;16/04/2026;    ;320326;003;    ;0049157;DEPOSITO BAHIA                                    ;               ;030;306;SJQ0C73;    4004,44;    5,14;16/04/2026;34;Pedido Duplicado              ;   ;emerson.al ;18:22
021197                            ;16/04/2026;    ;320397;003;    ;0018405;BOTECO DO ZEZO                                    ;(75)99995-6066 ;010;107;SKS5C26;    1492,68;    1,80;16/04/2026;33;Nao Fez Pedido                ;   ;emerson.al ;15:50
021199                            ;16/04/2026;    ;320446;003;    ;0050512;MERCADINHO CALDEIROE                              ;(07)59914-9433 ;020;209;TMM9J07;     965,75;    1,00;16/04/2026;71;SEM DINHEIRO/CHEQUE           ;   ;tailan.al  ;20:43
021199                            ;16/04/2026;    ;320447;003;    ;0050512;MERCADINHO CALDEIROE                              ;(07)59914-9433 ;020;209;TMM9J07;      19,20;    0,02;16/04/2026;71;SEM DINHEIRO/CHEQUE           ;   ;tailan.al  ;20:43
021199                            ;16/04/2026;    ;320462;003;    ;0050487;MERCADO DO BETINHO                                ;(75)99944-5661 ;020;209;TMM9J07;     400,58;    0,98;16/04/2026;87;TEMPO INSUFICIENTE            ;   ;tailan.al  ;20:43
021199                            ;16/04/2026;    ;320463;003;    ;0050487;MERCADO DO BETINHO                                ;(75)99944-5661 ;020;209;TMM9J07;       4,56;    0,01;16/04/2026;87;TEMPO INSUFICIENTE            ;   ;tailan.al  ;20:42
021199                            ;16/04/2026;    ;320464;003;    ;0050516;DAN DISTRIBUIDORA                                 ;(75)98853-9997 ;030;304;TMM9J07;    2154,89;    2,27;16/04/2026;87;TEMPO INSUFICIENTE            ;   ;tailan.al  ;20:43
021201                            ;16/04/2026;    ;320529;003;    ;0045119;TEMPERO DA MAMAE                                  ;(75)98848-1775 ;010;111;TMU6H51;     204,40;    0,21;16/04/2026;72;PDV FECHADO (HORARIO COM.)    ;   ;tailan.al  ;19:57
021201                            ;16/04/2026;    ;320561;003;    ;0044224;BOX BAHIA                                         ;(75)99985-0006 ;010;111;TMU6H51;      68,70;    0,05;16/04/2026;72;PDV FECHADO (HORARIO COM.)    ;   ;tailan.al  ;19:57
021201                            ;16/04/2026;    ;320562;003;    ;0044224;BOX BAHIA                                         ;(75)99985-0006 ;010;111;TMU6H51;      97,60;    0,11;16/04/2026;72;PDV FECHADO (HORARIO COM.)    ;   ;tailan.al  ;19:58
021201                            ;16/04/2026;    ;320563;003;    ;0044224;BOX BAHIA                                         ;(75)99985-0006 ;010;111;TMU6H51;      58,50;    0,06;16/04/2026;72;PDV FECHADO (HORARIO COM.)    ;   ;tailan.al  ;19:58
021201                            ;16/04/2026;    ;320564;003;    ;0044224;BOX BAHIA                                         ;(75)99985-0006 ;010;111;TMU6H51;      15,03;    0,09;16/04/2026;72;PDV FECHADO (HORARIO COM.)    ;   ;tailan.al  ;19:57
021202                            ;16/04/2026;    ;320584;003;    ;0087391;BAR DO LISMAR                                     ;(66) 6656-6556 ;010;107;SKB4I83;     204,08;    0,42;16/04/2026;72;PDV FECHADO (HORARIO COM.)    ;   ;tailan.al  ;22:15
021202                            ;16/04/2026;    ;320585;003;    ;0087391;BAR DO LISMAR                                     ;(66) 6656-6556 ;010;107;SKB4I83;      13,74;    0,00;16/04/2026;72;PDV FECHADO (HORARIO COM.)    ;   ;tailan.al  ;22:15
021202                            ;16/04/2026;    ;320586;003;    ;0034861;BAR E MERC. E.J.L                                 ;(75)99142-6134 ;010;107;SKB4I83;     194,01;    0,28;16/04/2026;72;PDV FECHADO (HORARIO COM.)    ;   ;tailan.al  ;22:16
021205                            ;16/04/2026;    ;320600;003;    ;0024433;MERC. 2 IRMAS                                     ;(75)98132-8499 ;010;107;NYM9I27;     165,64;    0,17;17/04/2026;72;PDV FECHADO (HORARIO COM.)    ;   ;jose.al    ;14:34
021205                            ;16/04/2026;    ;320601;003;    ;0024433;MERC. 2 IRMAS                                     ;(75)98132-8499 ;010;107;NYM9I27;     114,13;    0,23;17/04/2026;72;PDV FECHADO (HORARIO COM.)    ;   ;jose.al    ;14:34
021205                            ;16/04/2026;    ;320602;003;    ;0024433;MERC. 2 IRMAS                                     ;(75)98132-8499 ;010;107;NYM9I27;      85,95;    0,11;17/04/2026;72;PDV FECHADO (HORARIO COM.)    ;   ;jose.al    ;14:34
021205                            ;16/04/2026;    ;320610;003;    ;0024755;BOTECO DE TIAO                                    ;(75)99971-4336 ;010;111;NYM9I27;     384,97;    0,36;17/04/2026;50;CARGA ERRADA ARMAZEM          ;   ;jose.al    ;14:35
021205                            ;16/04/2026;    ;320611;003;    ;0024755;BOTECO DE TIAO                                    ;(75)99971-4336 ;010;111;NYM9I27;       6,84;    0,01;17/04/2026;50;CARGA ERRADA ARMAZEM          ;   ;jose.al    ;14:35
021215                            ;16/04/2026;    ;320637;003;    ;0050534;CHURRASCARIA DO HONO                              ;(75)99920-4233 ;020;209;MSG0C01;    9090,00;    0,00;16/04/2026;63;PRODUTO / QTDE. ERRADA        ;   ;emerson.al ;16:23
021233                            ;17/04/2026;    ;320650;003;    ;0089082;DEP. COME. KARRAPETA                              ;(71)99970-6668 ;030;306;NZF6F00;    5038,60;    5,76;18/04/2026;71;SEM DINHEIRO/CHEQUE           ;   ;emerson.al ;13:48
021233                            ;17/04/2026;    ;320651;003;    ;0089082;DEP. COME. KARRAPETA                              ;(71)99970-6668 ;030;306;NZF6F00;      13,04;    0,01;18/04/2026;71;SEM DINHEIRO/CHEQUE           ;   ;emerson.al ;13:48
021234                            ;17/04/2026;    ;320694;003;    ;0050061;RA FRIGORIFICO E PEI                              ;(07)59993-1410 ;020;205;SJQ5B35;     143,37;    0,03;20/04/2026;86;HORARIO DE ENTREGA            ;   ;tailan.al  ;21:15
021234                            ;17/04/2026;    ;320718;003;    ;0050198;BAR DO JAIRO                                      ;(75)53426-1834 ;020;205;SJQ5B35;     664,27;    0,69;20/04/2026;87;TEMPO INSUFICIENTE            ;   ;tailan.al  ;21:14
021234                            ;17/04/2026;    ;320719;003;    ;0050198;BAR DO JAIRO                                      ;(75)53426-1834 ;020;205;SJQ5B35;      70,24;    0,02;20/04/2026;87;TEMPO INSUFICIENTE            ;   ;tailan.al  ;21:14
021234                            ;17/04/2026;    ;320732;003;    ;0050077;KJ BAR                                            ;(75)99871-9993 ;020;209;SJQ5B35;    1045,47;    1,32;20/04/2026;73;FALTA DE ATIVOS DE GIRO       ;   ;tailan.al  ;21:16
021234                            ;17/04/2026;    ;320733;003;    ;0050077;KJ BAR                                            ;(75)99871-9993 ;020;209;SJQ5B35;     175,60;    0,05;20/04/2026;73;FALTA DE ATIVOS DE GIRO       ;   ;tailan.al  ;21:15
021234                            ;17/04/2026;    ;320734;003;    ;0050551;POINT ENCONTRO DOS A                              ;(71)99163-8603 ;020;209;SJQ5B35;     393,22;    0,37;20/04/2026;71;SEM DINHEIRO/CHEQUE           ;   ;tailan.al  ;21:14
021238                            ;17/04/2026;    ;320818;003;    ;0021330;BAR DE DOLINHO                                    ;(75)99845-7622 ;020;209;SJQ1F85;     222,82;    0,15;18/04/2026;82;ENDERECO NAO ENCONTRADO       ;   ;romario.al ;02:02
021240                            ;17/04/2026;    ;320920;003;    ;0060195;KIOSQUE BOCA DA BARR                              ;(75)99870-3397 ;020;208;SKS5C26;     276,61;    0,38;18/04/2026;42;Produto/Quantidade Errada     ;   ;emerson.al ;17:27
021240                            ;17/04/2026;    ;320921;003;    ;0060195;KIOSQUE BOCA DA BARR                              ;(75)99870-3397 ;020;208;SKS5C26;      50,76;    0,06;18/04/2026;42;Produto/Quantidade Errada     ;   ;emerson.al ;17:28
021240                            ;17/04/2026;    ;320922;003;    ;0060195;KIOSQUE BOCA DA BARR                              ;(75)99870-3397 ;020;208;SKS5C26;      38,32;    0,00;18/04/2026;42;Produto/Quantidade Errada     ;   ;emerson.al ;17:28
021240                            ;17/04/2026;    ;320934;003;    ;0060495;DEP ESKINA DO CAMPO                               ;(71)98767-9515 ;020;208;SKS5C26;     258,98;    0,38;18/04/2026;72;PDV FECHADO (HORARIO COM.)    ;   ;emerson.al ;17:28
021240                            ;17/04/2026;    ;320967;003;    ;0018815;PIZZARIA DA NANA                                  ;(75)98867-5420 ;020;201;SKS5C26;     219,83;    0,36;18/04/2026;72;PDV FECHADO (HORARIO COM.)    ;   ;emerson.al ;17:29
021240                            ;17/04/2026;    ;320969;003;    ;0060447;Bar do pastel                                     ;(71)99707-4844 ;020;201;SKS5C26;     152,49;    0,34;18/04/2026;43;Forma de Pagamento            ;   ;emerson.al ;17:28
021241                            ;17/04/2026;    ;320984;003;    ;0055754;MERCADINHO ESTRELA                                ;(71)99733-7119 ;010;109;SJQ0C73;     979,50;    1,18;17/04/2026;71;SEM DINHEIRO/CHEQUE           ;   ;jose.al    ;15:43
021251                            ;17/04/2026;    ;321300;003;    ;0051600;BAR CORDEIRO                                      ;(71)98298-4720 ;010;106;TMM5E06;     459,09;    0,60;17/04/2026;50;CARGA ERRADA ARMAZEM          ;   ;romario.al ;19:54
021251                            ;17/04/2026;    ;321306;003;    ;0038006;KYOSKY DO BYTA                                    ;(75)98132-0780 ;010;102;TMM5E06;     134,34;    0,14;17/04/2026;71;SEM DINHEIRO/CHEQUE           ;   ;romario.al ;19:52
021252                            ;17/04/2026;    ;321329;003;    ;0019197;FRANGO ZERO                                       ;(75)99805-9128 ;010;111;TMM4F43;     291,99;    0,72;17/04/2026;72;PDV FECHADO (HORARIO COM.)    ;   ;romario.al ;20:18
021252                            ;17/04/2026;    ;321337;003;    ;0019450;FACE BURGUER BEBIDAS                              ;(75)99936-4808 ;010;107;TMM4F43;     192,69;    0,10;17/04/2026;42;Produto/Quantidade Errada     ;   ;romario.al ;20:17
021252                            ;17/04/2026;    ;321353;003;    ;0020950;BAR ARAGaO                                        ;(75)99892-1233 ;010;110;TMM4F43;     564,36;    0,63;17/04/2026;42;Produto/Quantidade Errada     ;   ;romario.al ;20:17
021252                            ;17/04/2026;    ;321359;003;    ;0082573;POINT DO LANCHE                                   ;(75)99866-4858 ;010;110;TMM4F43;     100,07;    0,09;17/04/2026;72;PDV FECHADO (HORARIO COM.)    ;   ;romario.al ;20:19
021252                            ;17/04/2026;    ;321360;003;    ;0082573;POINT DO LANCHE                                   ;(75)99866-4858 ;010;110;TMM4F43;      17,39;    0,06;17/04/2026;72;PDV FECHADO (HORARIO COM.)    ;   ;romario.al ;20:18
021256                            ;17/04/2026;    ;321488;003;    ;0030678;REST SERTANEJO                                    ;(71)99903-7648 ;010;109;TMU6H51;     245,79;    0,59;17/04/2026;72;PDV FECHADO (HORARIO COM.)    ;   ;romario.al ;21:38
021256                            ;17/04/2026;    ;321518;003;    ;0044416;MODESTIA QUIOSQUE                                 ;(71)99919-1853 ;010;101;TMU6H51;     151,27;    0,48;17/04/2026;71;SEM DINHEIRO/CHEQUE           ;   ;romario.al ;21:38
021258                            ;17/04/2026;    ;321558;003;    ;0031019;BAR DO PAPUDA                                     ;(75)98160-2832 ;010;110;SKB4I83;     233,15;    0,27;17/04/2026;72;PDV FECHADO (HORARIO COM.)    ;   ;romario.al ;21:35
021258                            ;17/04/2026;    ;321573;003;    ;0082623;Bar chega mais                                    ;(75) 8813-5832 ;010;107;SKB4I83;      54,72;    0,06;17/04/2026;02;Sem Vasilhame Ambev           ;   ;romario.al ;21:35
021271                            ;17/04/2026;    ;321586;003;    ;0019038;COMPRE BEM BARREIRO                               ;(75)99946-8968 ;030;305;MSG0C01;    3096,37;    0,00;24/04/2026;37;PDV Fechado                   ;   ;emerson.al ;10:53
021271                            ;17/04/2026;    ;321587;003;    ;0019039;COMPRE BEM R DO                                   ;(75)99946-8968 ;030;305;MSG0C01;    3096,37;    0,00;24/04/2026;37;PDV Fechado                   ;   ;emerson.al ;10:54
021287                            ;18/04/2026;    ;321617;003;    ;0018919;MERCADINHO GOMES                                  ;(75)99866-5740 ;020;209;SKS9J44;     498,57;    0,53;21/04/2026;72;PDV FECHADO (HORARIO COM.)    ;   ;tailan.al  ;02:01
021293                            ;18/04/2026;    ;321865;003;    ;0055090;O DIRETAO                                         ;(71)99905-2420 ;010;108;SJQ0C73;    1415,50;    2,11;18/04/2026;33;Nao Fez Pedido                ;   ;emerson.al ;16:54
021298                            ;18/04/2026;    ;322010;003;    ;0020286;NALDO SPORT CLUB                                  ;(75)99942-3064 ;010;110;TMM4F43;     393,51;    0,37;18/04/2026;87;TEMPO INSUFICIENTE            ;   ;tailan.al  ;20:40
021298                            ;18/04/2026;    ;322011;003;    ;0020286;NALDO SPORT CLUB                                  ;(75)99942-3064 ;010;110;TMM4F43;      45,74;    0,02;18/04/2026;87;TEMPO INSUFICIENTE            ;   ;tailan.al  ;20:40
021298                            ;18/04/2026;    ;322012;003;    ;0020721;CANTINHO D SOSSEGO                                ;(75)99940-1140 ;010;110;TMM4F43;     373,00;    0,42;18/04/2026;87;TEMPO INSUFICIENTE            ;   ;tailan.al  ;20:41
021298                            ;18/04/2026;    ;322013;003;    ;0020721;CANTINHO D SOSSEGO                                ;(75)99940-1140 ;010;110;TMM4F43;      60,43;    0,10;18/04/2026;87;TEMPO INSUFICIENTE            ;   ;tailan.al  ;20:41
021298                            ;18/04/2026;    ;322036;003;    ;0042551;MANUEL JOAQUIM                                    ;(75)99807-9402 ;010;107;TMM4F43;      50,19;    0,12;18/04/2026;65;NAO FEZ PEDIDO                ;   ;tailan.al  ;20:39
021300                            ;18/04/2026;    ;322053;003;    ;0019002;FJPASTELARIA                                      ;(75)98232-1902 ;010;103;SKB4I83;     167,34;    0,17;18/04/2026;73;FALTA DE ATIVOS DE GIRO       ;   ;emerson.al ;15:38
021300                            ;18/04/2026;    ;322054;003;    ;0019002;FJPASTELARIA                                      ;(75)98232-1902 ;010;103;SKB4I83;      57,07;    0,05;18/04/2026;73;FALTA DE ATIVOS DE GIRO       ;   ;emerson.al ;15:37
021300                            ;18/04/2026;    ;322055;003;    ;0019989;BAR TABARNA                                       ;(75)99991-0641 ;010;103;SKB4I83;     144,48;    0,36;18/04/2026;71;SEM DINHEIRO/CHEQUE           ;   ;emerson.al ;15:37
021300                            ;18/04/2026;    ;322086;003;    ;0018856;ESPAÇO ADSM                                       ;(75)99863-6031 ;010;105;SKB4I83;     160,00;    0,14;18/04/2026;42;Produto/Quantidade Errada     ;   ;emerson.al ;15:37
021301                            ;18/04/2026;    ;322112;003;    ;0087603;BAR BAMBUZAL                                      ;(75)98112-9887 ;010;102;PJX0435;     363,61;    0,51;18/04/2026;72;PDV FECHADO (HORARIO COM.)    ;   ;emerson.al ;15:08
021301                            ;18/04/2026;    ;322113;003;    ;0087603;BAR BAMBUZAL                                      ;(75)98112-9887 ;010;102;PJX0435;       6,40;    0,01;18/04/2026;72;PDV FECHADO (HORARIO COM.)    ;   ;emerson.al ;15:08
021303                            ;18/04/2026;    ;321874;003;    ;0082191;BAR DA CELIA                                      ;(75)98159-4096 ;010;111;SJQ1F85;     121,22;    0,13;18/04/2026;50;CARGA ERRADA ARMAZEM          ;   ;emerson.al ;15:01
021318                            ;20/04/2026;    ;322212;003;    ;0019630;BAR JANY                                          ;(75)98199-9359 ;010;102;SJQ3B12;     114,90;    0,12;20/04/2026;72;PDV FECHADO (HORARIO COM.)    ;   ;emerson.al ;18:16
021321                            ;20/04/2026;    ;322292;003;    ;0030357;MERCADINHO DO CAJUEI                              ;(71)98700-2739 ;020;207;SKS7B90;     175,68;    0,48;21/04/2026;64;SEM VASILHAME                 ;   ;romario.al ;21:20
021321                            ;20/04/2026;    ;322294;003;    ;0030357;MERCADINHO DO CAJUEI                              ;(71)98700-2739 ;020;207;SKS7B90;      53,90;    0,06;21/04/2026;64;SEM VASILHAME                 ;   ;romario.al ;21:20
021321                            ;20/04/2026;    ;322298;003;    ;0020999;BAR DA LITA                                       ;(71)98343-4924 ;020;207;SKS7B90;     156,10;    0,18;21/04/2026;72;PDV FECHADO (HORARIO COM.)    ;   ;romario.al ;21:18
021321                            ;20/04/2026;    ;322305;003;    ;0030363;KALIFHAS PIZZARIA                                 ;(75)99115-7439 ;020;207;SKS7B90;      58,50;    0,06;21/04/2026;64;SEM VASILHAME                 ;   ;romario.al ;21:19
021322                            ;20/04/2026;    ;322348;003;    ;0060894;SOL E MARINHEIRO                                  ;(75)99169-1041 ;020;208;SKS5C26;     101,87;    0,36;21/04/2026;86;HORARIO DE ENTREGA            ;   ;jose.al    ;15:42
021324                            ;20/04/2026;    ;322384;003;    ;0020880;DEPOSITO JL                                       ;(31)97337-3714 ;020;206;TMM5E06;     298,30;    0,49;20/04/2026;72;PDV FECHADO (HORARIO COM.)    ;   ;emerson.al ;18:59
021325                            ;20/04/2026;    ;322423;003;    ;0050409;BAR DO DINDO                                      ;(75)99965-2539 ;020;205;TMM9J07;    1515,32;    1,90;20/04/2026;72;PDV FECHADO (HORARIO COM.)    ;   ;emerson.al ;17:49
021333                            ;20/04/2026;    ;322462;003;    ;0018296;CDR CAMACARI                                      ;(19) 3313-7039 ;090;998;RPK5A52;  126700,00;    0,00;21/04/2026;51;NF ERRADA                     ;   ;alyson10   ;23:  
021345                            ;21/04/2026;    ;322473;003;    ;0050309;JP DISTRIBUIDORA DE                               ;(75)59904-3903 ;030;304;SJQ0C73;     334,67;    0,22;22/04/2026;83;PROPRIETARIO AUSENTE          ;   ;romario.al ;06:10
021345                            ;21/04/2026;    ;322474;003;    ;0050309;JP DISTRIBUIDORA DE                               ;(75)59904-3903 ;030;304;SJQ0C73;   17012,99;   19,83;22/04/2026;83;PROPRIETARIO AUSENTE          ;   ;romario.al ;06:11
021348                            ;21/04/2026;    ;322576;003;    ;0083159;BAR DO BINHO                                      ;(75)98848-7541 ;010;104;SJQ7E10;     412,68;    0,40;21/04/2026;71;SEM DINHEIRO/CHEQUE           ;   ;romario.al ;21:26
021350                            ;21/04/2026;    ;322619;003;    ;0030173;MERCEARIA REUNIDAS                                ;(75)99909-7739 ;020;207;SKB4I83;     152,46;    0,32;21/04/2026;85;DIFICIL ACESSO                ;   ;jose.al    ;17:57
021350                            ;21/04/2026;    ;322624;003;    ;0018974;BARRACA VIDAL                                     ;(13)99756-9761 ;020;202;SKB4I83;     133,04;    0,36;21/04/2026;72;PDV FECHADO (HORARIO COM.)    ;   ;jose.al    ;17:57
021350                            ;21/04/2026;    ;322626;003;    ;0030109;MERCADINHO SAO JOAO                               ;(75)75413-2006 ;020;202;SKB4I83;     230,88;    0,19;21/04/2026;72;PDV FECHADO (HORARIO COM.)    ;   ;jose.al    ;17:57
021350                            ;21/04/2026;    ;322627;003;    ;0030109;MERCADINHO SAO JOAO                               ;(75)75413-2006 ;020;202;SKB4I83;      55,85;    0,06;21/04/2026;72;PDV FECHADO (HORARIO COM.)    ;   ;jose.al    ;17:57
021352                            ;21/04/2026;    ;322686;003;    ;0020220;THAYNA OLIVEIRA                                   ;(71)99952-7071 ;030;306;SJQ3B12;     144,85;    0,36;21/04/2026;71;SEM DINHEIRO/CHEQUE           ;   ;jose.al    ;14:57
021352                            ;21/04/2026;    ;322687;003;    ;0020220;THAYNA OLIVEIRA                                   ;(71)99952-7071 ;030;306;SJQ3B12;     381,70;    0,42;21/04/2026;71;SEM DINHEIRO/CHEQUE           ;   ;jose.al    ;14:58
021352                            ;21/04/2026;    ;322688;003;    ;0020220;THAYNA OLIVEIRA                                   ;(71)99952-7071 ;030;306;SJQ3B12;      99,04;    0,00;21/04/2026;71;SEM DINHEIRO/CHEQUE           ;   ;jose.al    ;14:58
021352                            ;21/04/2026;    ;322689;003;    ;0020220;THAYNA OLIVEIRA                                   ;(71)99952-7071 ;030;306;SJQ3B12;     148,14;    0,05;21/04/2026;71;SEM DINHEIRO/CHEQUE           ;   ;jose.al    ;14:57
021352                            ;21/04/2026;    ;322693;003;    ;0083070;MILLAS BAR                                        ;(71)99903-2747 ;010;109;SJQ3B12;     445,74;    0,65;21/04/2026;72;PDV FECHADO (HORARIO COM.)    ;   ;jose.al    ;14:57
021352                            ;21/04/2026;    ;322694;003;    ;0083070;MILLAS BAR                                        ;(71)99903-2747 ;010;109;SJQ3B12;      13,04;    0,01;21/04/2026;72;PDV FECHADO (HORARIO COM.)    ;   ;jose.al    ;14:57
021354                            ;21/04/2026;    ;322735;003;    ;0036789;NINHA E NECO                                      ;(75)98273-5597 ;010;107;SJQ5E98;     480,15;    0,38;21/04/2026;72;PDV FECHADO (HORARIO COM.)    ;   ;jose.al    ;18:  
021354                            ;21/04/2026;    ;322736;003;    ;0036789;NINHA E NECO                                      ;(75)98273-5597 ;010;107;SJQ5E98;     266,43;    0,26;21/04/2026;72;PDV FECHADO (HORARIO COM.)    ;   ;jose.al    ;18:  
021354                            ;21/04/2026;    ;322743;003;    ;0019294;CASA DO FRANGO                                    ;(75)99201-6774 ;010;111;SJQ5E98;     539,00;    0,69;21/04/2026;72;PDV FECHADO (HORARIO COM.)    ;   ;jose.al    ;18:  
021354                            ;21/04/2026;    ;322751;003;    ;0082831;MERC. LIGA DOS ANJOS                              ;(75)99806-7448 ;030;305;SJQ5E98;     432,82;    0,58;21/04/2026;72;PDV FECHADO (HORARIO COM.)    ;   ;jose.al    ;18:  
021354                            ;21/04/2026;    ;322752;003;    ;0082831;MERC. LIGA DOS ANJOS                              ;(75)99806-7448 ;030;305;SJQ5E98;     445,68;    0,93;21/04/2026;72;PDV FECHADO (HORARIO COM.)    ;   ;jose.al    ;18:  
021356                            ;21/04/2026;    ;322772;003;    ;0035476;MERCADO DO GESSY                                  ;(75)98326-2754 ;010;106;SJQ1F85;     440,94;    0,44;21/04/2026;72;PDV FECHADO (HORARIO COM.)    ;   ;jose.al    ;16:58
021357                            ;21/04/2026;    ;322793;003;    ;0040501;POINT DO PAULINHO                                 ;(75)98250-9357 ;010;103;TMM4F43;      16,70;    0,02;21/04/2026;71;SEM DINHEIRO/CHEQUE           ;   ;jose.al    ;16:40
021359                            ;21/04/2026;    ;322852;003;    ;0020721;CANTINHO D SOSSEGO                                ;(75)99940-1140 ;010;110;TMM9J07;     373,00;    0,42;21/04/2026;71;SEM DINHEIRO/CHEQUE           ;   ;jose.al    ;15:51
021359                            ;21/04/2026;    ;322856;003;    ;0039799;MINI MERC JC                                      ;(75)99909-2500 ;030;305;TMM9J07;    1870,39;    3,09;21/04/2026;72;PDV FECHADO (HORARIO COM.)    ;   ;jose.al    ;15:51
021359                            ;21/04/2026;    ;322857;003;    ;0039799;MINI MERC JC                                      ;(75)99909-2500 ;030;305;TMM9J07;     468,91;    0,23;21/04/2026;72;PDV FECHADO (HORARIO COM.)    ;   ;jose.al    ;15:52
021360                            ;21/04/2026;    ;322873;003;    ;0050390;CRIOSQUE                                          ;(07)59825-5025 ;020;209;TMM5E06;     202,66;    0,21;21/04/2026;72;PDV FECHADO (HORARIO COM.)    ;   ;romario.al ;20:39
021360                            ;21/04/2026;    ;322874;003;    ;0050612;MERCEARIA DO CUCA                                 ;(75)99827-7993 ;020;209;TMM5E06;     240,78;    0,18;21/04/2026;45;Tempo Insuficiente.           ;   ;romario.al ;20:40
021360                            ;21/04/2026;    ;322895;003;    ;0018941;JM DISTRIBUIDORA                                  ;(75)99810-9855 ;020;209;TMM5E06;     277,59;    0,32;21/04/2026;45;Tempo Insuficiente.           ;   ;romario.al ;20:40
021360                            ;21/04/2026;    ;322904;003;    ;0050336;DISTRIBUIDORA DO MIN                              ;(07)59826-7847 ;020;209;TMM5E06;     606,36;    0,90;21/04/2026;45;Tempo Insuficiente.           ;   ;romario.al ;20:41
021360                            ;21/04/2026;    ;322905;003;    ;0050336;DISTRIBUIDORA DO MIN                              ;(07)59826-7847 ;020;209;TMM5E06;      45,00;    0,04;21/04/2026;45;Tempo Insuficiente.           ;   ;romario.al ;20:41
021361                            ;21/04/2026;    ;322918;003;    ;0046004;BAR DO CARLOS                                     ;(75)98282-2545 ;010;111;NYM9I27;     263,16;    0,30;21/04/2026;72;PDV FECHADO (HORARIO COM.)    ;   ;jose.al    ;18:42
021361                            ;21/04/2026;    ;322920;003;    ;0018781;ESTELA PADARIA                                    ;(75)99915-7671 ;010;111;NYM9I27;     208,27;    0,45;21/04/2026;72;PDV FECHADO (HORARIO COM.)    ;   ;jose.al    ;18:42
021361                            ;21/04/2026;    ;322926;003;    ;0025992;BOMB ALIANcA                                      ;(75)99900-0915 ;010;111;NYM9I27;      49,59;    0,06;21/04/2026;72;PDV FECHADO (HORARIO COM.)    ;   ;jose.al    ;18:41
021361                            ;21/04/2026;    ;322927;003;    ;0025992;BOMB ALIANcA                                      ;(75)99900-0915 ;010;111;NYM9I27;     127,47;    0,14;21/04/2026;72;PDV FECHADO (HORARIO COM.)    ;   ;jose.al    ;18:41
021361                            ;21/04/2026;    ;322928;003;    ;0025992;BOMB ALIANcA                                      ;(75)99900-0915 ;010;111;NYM9I27;      52,83;    0,08;21/04/2026;72;PDV FECHADO (HORARIO COM.)    ;   ;jose.al    ;18:41
021361                            ;21/04/2026;    ;322929;003;    ;0025992;BOMB ALIANcA                                      ;(75)99900-0915 ;010;111;NYM9I27;      25,44;    0,04;21/04/2026;72;PDV FECHADO (HORARIO COM.)    ;   ;jose.al    ;18:41
021361                            ;21/04/2026;    ;322930;003;    ;0025992;BOMB ALIANcA                                      ;(75)99900-0915 ;010;111;NYM9I27;      45,82;    0,06;21/04/2026;72;PDV FECHADO (HORARIO COM.)    ;   ;jose.al    ;18:41
021361                            ;21/04/2026;    ;322933;003;    ;0021041;JJ FRANGOS                                        ;(75)99262-0837 ;010;105;NYM9I27;     284,17;    0,90;21/04/2026;72;PDV FECHADO (HORARIO COM.)    ;   ;jose.al    ;18:41
021361                            ;21/04/2026;    ;322938;003;    ;0021129;PANIFICACAO CUCINO                                ;(75)98330-9998 ;010;105;NYM9I27;     129,33;    0,19;21/04/2026;72;PDV FECHADO (HORARIO COM.)    ;   ;jose.al    ;18:41
021361                            ;21/04/2026;    ;322949;003;    ;0027274;CANTINHO DA LuCIA                                 ;(75)98155-7060 ;010;105;NYM9I27;     335,13;    0,31;21/04/2026;72;PDV FECHADO (HORARIO COM.)    ;   ;jose.al    ;18:41
021362                            ;21/04/2026;    ;322955;003;    ;0047513;ESPETINHO DEBOCHADO                               ;(75)98369-3683 ;010;107;TMU6H51;     107,80;    0,13;21/04/2026;43;Forma de Pagamento            ;   ;jose.al    ;17:08
021362                            ;21/04/2026;    ;322984;003;    ;0020462;BIROSCA DA SANDRA                                 ;(75)99880-2919 ;010;107;TMU6H51;     179,96;    0,22;21/04/2026;72;PDV FECHADO (HORARIO COM.)    ;   ;jose.al    ;17:08
021376                            ;22/04/2026;    ;323142;003;    ;0040124;Box da Diva                                       ;(07)59844-4176 ;020;206;SKS3C50;     109,99;    0,13;23/04/2026;72;PDV FECHADO (HORARIO COM.)    ;   ;tailan.al  ;  :08
021379                            ;22/04/2026;    ;323267;003;    ;0020697;DANCING DAYS                                      ;(75)98229-6419 ;010;102;SJQ0C73;     127,96;    0,02;23/04/2026;70;CLIENTE CANCELOU              ;   ;jose.al    ;16:47
021379                            ;22/04/2026;    ;323268;003;    ;0020697;DANCING DAYS                                      ;(75)98229-6419 ;010;102;SJQ0C73;      36,16;    0,04;23/04/2026;70;CLIENTE CANCELOU              ;   ;jose.al    ;16:47
021379                            ;22/04/2026;    ;323292;003;    ;0018611;DEP VISGUEIRA                                     ;(75)98824-2120 ;010;102;SJQ0C73;     186,56;    0,23;23/04/2026;65;NAO FEZ PEDIDO                ;   ;jose.al    ;16:47
021384                            ;22/04/2026;    ;323428;003;    ;0050466;MERCEARIA BATISTA                                 ;(07)53434-3417 ;020;209;TMM9J07;    1269,19;    1,56;22/04/2026;71;SEM DINHEIRO/CHEQUE           ;   ;emerson.al ;17:12
021385                            ;22/04/2026;    ;323458;003;    ;0019180;ARENA QUADRANGULAR                                ;(75)98864-5865 ;010;107;TMM4F43;     639,60;    0,57;22/04/2026;34;Pedido Duplicado              ;   ;tailan.al  ;19:30
021387                            ;22/04/2026;    ;323492;003;    ;0021019;58.370.536 PAULO SER                              ;(71)98229-7411 ;010;105;SKB4I83;     402,65;    0,23;22/04/2026;71;SEM DINHEIRO/CHEQUE           ;   ;emerson.al ;15:39
021387                            ;22/04/2026;    ;323507;003;    ;0084421;MERC. RAMOS                                       ;(75) 9151-8482 ;010;110;SKB4I83;     220,14;    0,30;22/04/2026;87;TEMPO INSUFICIENTE            ;   ;emerson.al ;15:39
021388                            ;22/04/2026;    ;323525;003;    ;0089200;bar dos amigos                                    ;(71)99942-4545 ;010;108;PJX0435;     426,51;    0,45;22/04/2026;42;Produto/Quantidade Errada     ;   ;emerson.al ;14:49
021388                            ;22/04/2026;    ;323531;003;    ;0089499;BOTECO DA SILVANA                                 ;(71)99203-4800 ;010;108;PJX0435;      29,26;    0,04;22/04/2026;71;SEM DINHEIRO/CHEQUE           ;   ;emerson.al ;14:48
021388                            ;22/04/2026;    ;323532;003;    ;0089499;BOTECO DA SILVANA                                 ;(71)99203-4800 ;010;108;PJX0435;      28,05;    0,04;22/04/2026;71;SEM DINHEIRO/CHEQUE           ;   ;emerson.al ;14:48
021388                            ;22/04/2026;    ;323533;003;    ;0089499;BOTECO DA SILVANA                                 ;(71)99203-4800 ;010;108;PJX0435;      27,43;    0,04;22/04/2026;71;SEM DINHEIRO/CHEQUE           ;   ;emerson.al ;14:48
021389                            ;22/04/2026;    ;323549;003;    ;0047700;ACARAJE DA BEL                                    ;(75)99990-2549 ;010;110;SKB4I83;     215,60;    0,27;22/04/2026;72;PDV FECHADO (HORARIO COM.)    ;   ;tailan.al  ;19:56
021389                            ;22/04/2026;    ;323550;003;    ;0047700;ACARAJE DA BEL                                    ;(75)99990-2549 ;010;110;SKB4I83;     229,72;    0,48;22/04/2026;72;PDV FECHADO (HORARIO COM.)    ;   ;tailan.al  ;19:56
021391                            ;22/04/2026;    ;323098;003;    ;0050170;LANCHONETE TORRES                                 ;(07)58123-8925 ;020;205;SJQ0A82;     323,80;    0,36;22/04/2026;37;PDV Fechado                   ;   ;tailan.al  ;21:08
021409                            ;23/04/2026;    ;323577;003;    ;0019035;COMPRE BEM FEIRA                                  ;(75)99946-8968 ;030;305;NZF6F00;      29,57;    0,02;23/04/2026;23;(C)Pedidos duplicados         ;   ;jose.al    ;18:21
021410                            ;23/04/2026;    ;323597;003;    ;0019316;RESTAUBAR DO ZE                                   ;(75)99856-9422 ;020;207;SKS9J44;     137,10;    0,14;24/04/2026;33;Nao Fez Pedido                ;   ;emerson.al ;14:45
021415                            ;23/04/2026;    ;323727;003;    ;0050703;CIDA LANCHES                                      ;(75)99950-9487 ;020;209;SJQ1F85;    1091,95;    1,65;24/04/2026;42;Produto/Quantidade Errada     ;   ;romario.al ;03:05
021418                            ;23/04/2026;    ;323823;003;    ;0084723;DEPOSITO DO UBALDO                                ;(71)99645-0513 ;030;306;SJQ3B12;    1316,26;    1,61;23/04/2026;70;CLIENTE CANCELOU              ;   ;jose.al    ;18:19
021420                            ;23/04/2026;    ;323877;003;    ;0056481;BAR E MER S ANTÃNIO                               ;(34)20000-0000 ;010;106;SKS5C26;     700,70;    0,89;23/04/2026;34;Pedido Duplicado              ;   ;romario.al ;20:14
021420                            ;23/04/2026;    ;323883;003;    ;0020751;BAR DE GERSON                                     ;(75)98352-7980 ;010;106;SKS5C26;     981,87;    1,18;23/04/2026;72;PDV FECHADO (HORARIO COM.)    ;   ;romario.al ;20:14
021421                            ;23/04/2026;    ;323941;003;    ;0020471;QUIOSQ JARDIM TROPIC                              ;(75)98703-9516 ;010;107;TMM3F04;     393,60;    0,42;23/04/2026;64;SEM VASILHAME                 ;   ;jose.al    ;17:44
021422                            ;23/04/2026;    ;323960;003;    ;0043323;BBURGUER ALAGOINHAS                               ;(71) 3272-3365 ;010;110;TMM4F43;     338,10;    0,15;23/04/2026;72;PDV FECHADO (HORARIO COM.)    ;   ;romario.al ;20:12
021422                            ;23/04/2026;    ;323961;003;    ;0043323;BBURGUER ALAGOINHAS                               ;(71) 3272-3365 ;010;110;TMM4F43;      22,40;    0,00;23/04/2026;72;PDV FECHADO (HORARIO COM.)    ;   ;romario.al ;20:11
021422                            ;23/04/2026;    ;323970;003;    ;0019747;M FRANGO DEPOSITO                                 ;(75)99971-3779 ;010;111;TMM4F43;     104,20;    0,12;23/04/2026;86;HORARIO DE ENTREGA            ;   ;romario.al ;20:11
021424                            ;23/04/2026;    ;324041;003;    ;0020355;BAR DOS AMIGOS                                    ;(75)99861-1673 ;010;103;TMM9J07;     107,80;    0,13;23/04/2026;71;SEM DINHEIRO/CHEQUE           ;   ;romario.al ;20:06
021424                            ;23/04/2026;    ;324048;003;    ;0038576;BAR DA PAZ                                        ;(75) 9160-5910 ;010;103;TMM9J07;    1005,90;    1,18;23/04/2026;64;SEM VASILHAME                 ;   ;romario.al ;20:05
021424                            ;23/04/2026;    ;324052;003;    ;0028007;RESTAURANTE BATISTA                               ;(75)98212-0048 ;010;103;TMM9J07;     104,28;    0,24;23/04/2026;71;SEM DINHEIRO/CHEQUE           ;   ;romario.al ;20:06
021424                            ;23/04/2026;    ;324064;003;    ;0018579;BAR DO PEDRaO                                     ;(75)99224-6975 ;010;103;TMM9J07;     240,55;    0,28;23/04/2026;34;Pedido Duplicado              ;   ;romario.al ;20:07
021424                            ;23/04/2026;    ;324065;003;    ;0018579;BAR DO PEDRaO                                     ;(75)99224-6975 ;010;103;TMM9J07;     379,13;    0,42;23/04/2026;34;Pedido Duplicado              ;   ;romario.al ;20:08
021424                            ;23/04/2026;    ;324066;003;    ;0018579;BAR DO PEDRaO                                     ;(75)99224-6975 ;010;103;TMM9J07;      46,25;    0,04;23/04/2026;34;Pedido Duplicado              ;   ;romario.al ;20:08
021424                            ;23/04/2026;    ;324076;003;    ;0035174;DEPoSITO SUEMAR                                   ;(75)99144-8069 ;030;305;TMM9J07;     897,71;    1,06;23/04/2026;64;SEM VASILHAME                 ;   ;romario.al ;20:06
021425                            ;23/04/2026;    ;324079;003;    ;0021212;UIC MOREIRA DOS SANT                              ;(43)90000-0000 ;020;201;SKB4I83;     131,30;    0,01;23/04/2026;82;ENDERECO NAO ENCONTRADO       ;   ;jose.al    ;17:07
021427                            ;23/04/2026;    ;324130;003;    ;0082509;BAR E LANCHONETE GLO                              ;(71) 9653-1319 ;010;108;NYM9I27;     329,56;    0,49;23/04/2026;71;SEM DINHEIRO/CHEQUE           ;   ;romario.al ;20:18
021427                            ;23/04/2026;    ;324136;003;    ;0082678;BAR DA JOSELITA                                   ;(71)93645-2290 ;010;109;NYM9I27;     146,90;    0,18;23/04/2026;72;PDV FECHADO (HORARIO COM.)    ;   ;romario.al ;20:17
021427                            ;23/04/2026;    ;324137;003;    ;0082678;BAR DA JOSELITA                                   ;(71)93645-2290 ;010;109;NYM9I27;      49,10;    0,04;23/04/2026;72;PDV FECHADO (HORARIO COM.)    ;   ;romario.al ;20:17
021427                            ;23/04/2026;    ;324155;003;    ;0020557;CASA DO BOLO                                      ;(71)99229-1335 ;010;108;NYM9I27;     134,40;    0,36;23/04/2026;71;SEM DINHEIRO/CHEQUE           ;   ;romario.al ;20:16
021427                            ;23/04/2026;    ;324158;003;    ;0024350;LM MERCEARIA                                      ;(71)99738-7487 ;010;108;NYM9I27;     446,77;    0,55;23/04/2026;72;PDV FECHADO (HORARIO COM.)    ;   ;romario.al ;20:16
021427                            ;23/04/2026;    ;324168;003;    ;0035376;CONTINHO MD                                       ;(71)99993-4870 ;010;109;NYM9I27;     130,20;    0,15;23/04/2026;72;PDV FECHADO (HORARIO COM.)    ;   ;romario.al ;20:19
021427                            ;23/04/2026;    ;324169;003;    ;0035376;CONTINHO MD                                       ;(71)99993-4870 ;010;109;NYM9I27;      21,48;    0,02;23/04/2026;72;PDV FECHADO (HORARIO COM.)    ;   ;romario.al ;20:19
021443                            ;24/04/2026;    ;324198;003;    ;0030075;BARRACA DONA JURA                                 ;(75)99817-7014 ;020;207;SKS7B90;     105,08;    0,24;25/04/2026;72;PDV FECHADO (HORARIO COM.)    ;   ;jose.al    ;14:04
021443                            ;24/04/2026;    ;324199;003;    ;0030075;BARRACA DONA JURA                                 ;(75)99817-7014 ;020;207;SKS7B90;       2,28;    0,00;25/04/2026;72;PDV FECHADO (HORARIO COM.)    ;   ;jose.al    ;14:04
021444                            ;24/04/2026;    ;324283;003;    ;0050520;SUPER MANGABEIRA                                  ;(75)99812-2055 ;020;204;SKS2H93;     386,30;    0,40;27/04/2026;50;CARGA ERRADA ARMAZEM          ;   ;romario.al ;20:56
021444                            ;24/04/2026;    ;324284;003;    ;0019517;BAR DE LEITOA                                     ;(75)99170-5027 ;020;204;SKS2H93;     273,04;    0,26;27/04/2026;50;CARGA ERRADA ARMAZEM          ;   ;romario.al ;20:57
021444                            ;24/04/2026;    ;324285;003;    ;0019517;BAR DE LEITOA                                     ;(75)99170-5027 ;020;204;SKS2H93;      15,23;    0,00;27/04/2026;50;CARGA ERRADA ARMAZEM          ;   ;romario.al ;20:57
021450                            ;24/04/2026;    ;324541;003;    ;0018730;BOTECARIA RIOS                                    ;(71)99945-1106 ;020;201;SKS5C26;     348,70;    0,15;25/04/2026;71;SEM DINHEIRO/CHEQUE           ;   ;jose.al    ;14:  
021450                            ;24/04/2026;    ;324542;003;    ;0018730;BOTECARIA RIOS                                    ;(71)99945-1106 ;020;201;SKS5C26;       8,77;    0,02;25/04/2026;71;SEM DINHEIRO/CHEQUE           ;   ;jose.al    ;14:  
021460                            ;24/04/2026;    ;324810;003;    ;0047680;BOX DA ANA                                        ;               ;010;111;TMM5E06;     216,14;    0,33;24/04/2026;72;PDV FECHADO (HORARIO COM.)    ;   ;emerson.al ;15:20
021460                            ;24/04/2026;    ;324830;003;    ;0020138;SÍTIO TRES COQUEIRO                               ;(75)99950-8099 ;010;103;TMM5E06;     175,50;    0,20;24/04/2026;72;PDV FECHADO (HORARIO COM.)    ;   ;emerson.al ;15:20
021461                            ;24/04/2026;    ;324831;003;    ;0055828;BOTECO TERESOPO                                   ;(75)99965-4081 ;010;110;TMM4F43;     769,10;    0,84;24/04/2026;86;HORARIO DE ENTREGA            ;   ;emerson.al ;18:54
021462                            ;24/04/2026;    ;324875;003;    ;0019819;BAR DO JAIME                                      ;(75)98111-7057 ;010;103;TMM9J07;     351,00;    0,41;24/04/2026;71;SEM DINHEIRO/CHEQUE           ;   ;emerson.al ;18:58
021462                            ;24/04/2026;    ;324884;003;    ;0020654;O REI DO CUPIM                                    ;(75)99919-9738 ;010;107;TMM9J07;      97,12;    0,03;24/04/2026;59;Qualidade do Produto.         ;   ;emerson.al ;18:59
021462                            ;24/04/2026;    ;324890;003;    ;0018495;DEPOSITO PETROLAR                                 ;(75)99938-8473 ;010;107;TMM9J07;     157,95;    0,30;24/04/2026;71;SEM DINHEIRO/CHEQUE           ;   ;emerson.al ;18:59
021462                            ;24/04/2026;    ;324891;003;    ;0018495;DEPOSITO PETROLAR                                 ;(75)99938-8473 ;010;107;TMM9J07;      86,77;    0,02;24/04/2026;71;SEM DINHEIRO/CHEQUE           ;   ;emerson.al ;18:59
021463                            ;24/04/2026;    ;324907;003;    ;0082543;CARRANCA                                          ;(75)98135-0710 ;010;105;SKB4I83;     242,70;    0,25;24/04/2026;72;PDV FECHADO (HORARIO COM.)    ;   ;emerson.al ;18:13
021463                            ;24/04/2026;    ;324919;003;    ;0044106;KIOQUE DA AMIZADE                                 ;(75)99841-3409 ;010;105;SKB4I83;     118,78;    0,14;24/04/2026;34;Pedido Duplicado              ;   ;emerson.al ;18:12
021465                            ;24/04/2026;    ;324972;003;    ;0084676;BAR SANTO ANTONIO                                 ;(75)99988-5169 ;010;108;NYM9I27;     272,21;    0,34;24/04/2026;46;Endereco Nao Encontrado       ;   ;tailan.al  ;21:05
021465                            ;24/04/2026;    ;324977;003;    ;0082666;MERCADINHO SILV                                   ;(71) 3645-2808 ;010;108;NYM9I27;     315,56;    0,51;24/04/2026;72;PDV FECHADO (HORARIO COM.)    ;   ;tailan.al  ;21:05
021465                            ;24/04/2026;    ;324979;003;    ;0027389;MERCEARIA SILVA                                   ;(71) 9695-2052 ;010;108;NYM9I27;     152,80;    0,25;24/04/2026;72;PDV FECHADO (HORARIO COM.)    ;   ;tailan.al  ;21:04
021465                            ;24/04/2026;    ;324990;003;    ;0055070;LU DISTRIBUIDORA                                  ;(71)98480-8096 ;010;108;NYM9I27;     131,31;    0,16;24/04/2026;72;PDV FECHADO (HORARIO COM.)    ;   ;tailan.al  ;21:04
021465                            ;24/04/2026;    ;325002;003;    ;0044416;MODESTIA QUIOSQUE                                 ;(71)99919-1853 ;010;101;NYM9I27;     151,98;    0,48;24/04/2026;72;PDV FECHADO (HORARIO COM.)    ;   ;tailan.al  ;21:05
021465                            ;24/04/2026;    ;325003;003;    ;0044416;MODESTIA QUIOSQUE                                 ;(71)99919-1853 ;010;101;NYM9I27;      21,73;    0,02;24/04/2026;72;PDV FECHADO (HORARIO COM.)    ;   ;tailan.al  ;21:05
021468                            ;24/04/2026;    ;324561;003;    ;0020677;REDE POPULAR                                      ;(71)99716-8733 ;030;306;SJQ3B12;    1243,20;    1,88;24/04/2026;50;CARGA ERRADA ARMAZEM          ;   ;emerson.al ;17:46
021468                            ;24/04/2026;    ;324562;003;    ;0020677;REDE POPULAR                                      ;(71)99716-8733 ;030;306;SJQ3B12;     265,34;    0,38;24/04/2026;50;CARGA ERRADA ARMAZEM          ;   ;emerson.al ;17:46
021478                            ;25/04/2026;    ;325054;003;    ;0041361;BAR DO PAULO                                      ;(71)98222-6732 ;010;106;SJQ7E10;     956,91;    0,92;25/04/2026;71;SEM DINHEIRO/CHEQUE           ;   ;jose.al    ;17:25
021485                            ;25/04/2026;    ;325216;003;    ;0019842;RESTAURANTE VITORIA                               ;(75)99180-8298 ;020;203;SKS9J44;     179,64;    0,13;25/04/2026;72;PDV FECHADO (HORARIO COM.)    ;   ;jose.al    ;17:40
021485                            ;25/04/2026;    ;325226;003;    ;0020759;BAR DO RIVAS                                      ;(75)98261-5483 ;020;206;SKS9J44;     117,20;    0,12;25/04/2026;72;PDV FECHADO (HORARIO COM.)    ;   ;jose.al    ;17:40
021485                            ;25/04/2026;    ;325236;003;    ;0040141;Bar Dos Amigos 2                                  ;(07)59664-0347 ;020;203;SKS9J44;     161,70;    0,20;25/04/2026;71;SEM DINHEIRO/CHEQUE           ;   ;jose.al    ;17:40
021488                            ;25/04/2026;    ;325339;003;    ;0018502;BOTECO MC                                         ;(79)99987-0770 ;010;110;TMM9J07;     125,77;    0,11;25/04/2026;71;SEM DINHEIRO/CHEQUE           ;   ;jose.al    ;16:09
021490                            ;25/04/2026;    ;325386;003;    ;0021343;BRAZZA BURGER                                     ;(74)99976-0281 ;020;204;SKB4I83;     211,80;    0,33;25/04/2026;71;SEM DINHEIRO/CHEQUE           ;   ;jose.al    ;19:04
021491                            ;25/04/2026;    ;325429;003;    ;0024511;IDALBA DISTRIBUIDORA                              ;(71) 9907-7917 ;010;109;PJX0435;     310,01;    0,57;25/04/2026;71;SEM DINHEIRO/CHEQUE           ;   ;jose.al    ;15:07
021492                            ;25/04/2026;    ;325466;003;    ;0019751;CHURRASQUINHO AVENID                              ;(75)99999-3559 ;010;111;TMU6H51;     558,28;    0,46;25/04/2026;72;PDV FECHADO (HORARIO COM.)    ;   ;jose.al    ;14:39
021512                            ;27/04/2026;    ;325501;003;    ;0050484;MERCADO SANTOS                                    ;(07)59969-5836 ;020;209;SJQ1F85;     162,50;    0,21;27/04/2026;43;Forma de Pagamento            ;   ;jose.al    ;18:43
021513                            ;27/04/2026;    ;325533;003;    ;0050050;PADARIA AZEVEDO                                   ;(07)53426-3207 ;020;205;SJQ0A82;     300,41;    0,57;28/04/2026;50;CARGA ERRADA ARMAZEM          ;   ;romario.al ;03:32
021516                            ;27/04/2026;    ;325596;003;    ;0020613;COMPRE BEM SAO PEDRO                              ;(75)99946-8968 ;030;305;SJQ5E98;    2032,09;    2,80;27/04/2026;71;SEM DINHEIRO/CHEQUE           ;   ;jose.al    ;16:35
021516                            ;27/04/2026;    ;325602;003;    ;0020612;COMPRE BEM MATRIZ                                 ;(75)99946-8968 ;030;305;SJQ5E98;    7921,96;    8,90;27/04/2026;71;SEM DINHEIRO/CHEQUE           ;   ;jose.al    ;16:35
021516                            ;27/04/2026;    ;325610;003;    ;0020611;ATACADAO COMPRE BEM                               ;(75)99946-8968 ;030;305;SJQ5E98;    7625,90;    8,32;27/04/2026;71;SEM DINHEIRO/CHEQUE           ;   ;jose.al    ;16:35
021517                            ;27/04/2026;    ;325621;003;    ;0060894;SOL E MARINHEIRO                                  ;(75)99169-1041 ;020;208;SKS9J44;     105,24;    0,36;28/04/2026;71;SEM DINHEIRO/CHEQUE           ;   ;emerson.al ;14:55
021517                            ;27/04/2026;    ;325622;003;    ;0060894;SOL E MARINHEIRO                                  ;(75)99169-1041 ;020;208;SKS9J44;      55,00;    0,12;28/04/2026;71;SEM DINHEIRO/CHEQUE           ;   ;emerson.al ;14:56
021517                            ;27/04/2026;    ;325652;003;    ;0060595;PETISCARIA C CACHORR                              ;(07)19949-5327 ;020;201;SKS9J44;     145,99;    0,32;28/04/2026;72;PDV FECHADO (HORARIO COM.)    ;   ;emerson.al ;14:55
021517                            ;27/04/2026;    ;325655;003;    ;0020865;BAR DO SOSSEGO                                    ;(71)99730-3079 ;020;208;SKS9J44;     136,18;    0,40;28/04/2026;47;Dificil Acesso                ;   ;emerson.al ;14:55
021518                            ;27/04/2026;    ;325715;003;    ;0018804;JADIEL COMERCIO DE A                              ;(75)99971-7137 ;020;207;SKS5C26;     121,99;    0,15;28/04/2026;71;SEM DINHEIRO/CHEQUE           ;   ;tailan.al  ;20:57
021518                            ;27/04/2026;    ;325732;003;    ;0030190;QUIOSQUE TOP 10                                   ;(75)99928-1982 ;020;202;SKS5C26;     151,08;    0,07;28/04/2026;72;PDV FECHADO (HORARIO COM.)    ;   ;tailan.al  ;20:56
021519                            ;27/04/2026;    ;325744;003;    ;0084310;CANTO VERDE                                       ;(71)98746-4860 ;010;108;SKS7B90;    2659,31;    1,88;27/04/2026;72;PDV FECHADO (HORARIO COM.)    ;   ;jose.al    ;16:29
021521                            ;27/04/2026;    ;325808;003;    ;0034376;DEPOSITO SAIDEIRA                                 ;(75)99933-7273 ;010;107;TMM5E06;      64,23;    0,06;27/04/2026;65;NAO FEZ PEDIDO                ;   ;jose.al    ;18:17
021521                            ;27/04/2026;    ;325813;003;    ;0048223;BAR FONTE DOS PADRES                              ;(75)99888-1231 ;010;107;TMM5E06;     790,97;    0,82;27/04/2026;72;PDV FECHADO (HORARIO COM.)    ;   ;jose.al    ;18:17
021521                            ;27/04/2026;    ;325834;003;    ;0035121;PEDRO HORTIFRUTI                                  ;(75)99888-1231 ;010;107;TMM5E06;     145,80;    0,07;27/04/2026;72;PDV FECHADO (HORARIO COM.)    ;   ;jose.al    ;18:17
021523                            ;27/04/2026;    ;325858;003;    ;0019035;COMPRE BEM FEIRA                                  ;(75)99946-8968 ;030;305;SKB4I83;      20,83;    0,01;27/04/2026;42;Produto/Quantidade Errada     ;   ;jose.al    ;18:52
021544                            ;28/04/2026;    ;325867;003;    ;0084068;LICURI II                                         ;(75) 3431-2202 ;030;305;NTS7D78;    1909,46;    2,32;28/04/2026;58;Carga Errada                  ;   ;tailan.al  ;19:26
021546                            ;28/04/2026;    ;325898;003;    ;0050389;POSTO BAHIA                                       ;(07)59919-6164 ;020;205;SJQ0C73;    2166,62;    1,90;28/04/2026;71;SEM DINHEIRO/CHEQUE           ;   ;tailan.al  ;21:44
021555                            ;28/04/2026;    ;326097;003;    ;0036562;BAR JOAO DO BOI                                   ;(71)99642-4054 ;010;102;SJQ3B12;     942,92;    1,40;28/04/2026;82;ENDERECO NAO ENCONTRADO       ;   ;emerson.al ;16:29
021555                            ;28/04/2026;    ;326098;003;    ;0036562;BAR JOAO DO BOI                                   ;(71)99642-4054 ;010;102;SJQ3B12;       6,40;    0,01;28/04/2026;82;ENDERECO NAO ENCONTRADO       ;   ;emerson.al ;16:29
021558                            ;28/04/2026;    ;326226;003;    ;0050201;MERCEARIA DO GALEGO                               ;(75)53427-1250 ;020;209;SJQ1F85;     272,80;    0,28;28/04/2026;33;Nao Fez Pedido                ;   ;tailan.al  ;19:34
021558                            ;28/04/2026;    ;326228;003;    ;0050284;MERC. SANTO ANTONIO                               ;(07)59852-5386 ;020;209;SJQ1F85;    1131,24;    2,32;28/04/2026;45;Tempo Insuficiente.           ;   ;tailan.al  ;19:34
021558                            ;28/04/2026;    ;326229;003;    ;0050284;MERC. SANTO ANTONIO                               ;(07)59852-5386 ;020;209;SJQ1F85;     280,76;    0,22;28/04/2026;45;Tempo Insuficiente.           ;   ;tailan.al  ;19:33
021558                            ;28/04/2026;    ;326230;003;    ;0050284;MERC. SANTO ANTONIO                               ;(07)59852-5386 ;020;209;SJQ1F85;     194,28;    0,36;28/04/2026;45;Tempo Insuficiente.           ;   ;tailan.al  ;19:34
021558                            ;28/04/2026;    ;326231;003;    ;0050284;MERC. SANTO ANTONIO                               ;(07)59852-5386 ;020;209;SJQ1F85;      60,00;    0,12;28/04/2026;45;Tempo Insuficiente.           ;   ;tailan.al  ;19:33
021558                            ;28/04/2026;    ;326245;003;    ;0021329;LAUGE 57                                          ;(71)98127-3807 ;020;209;SJQ1F85;     306,06;    0,28;28/04/2026;33;Nao Fez Pedido                ;   ;tailan.al  ;19:34
021559                            ;28/04/2026;    ;326286;003;    ;0039580;OURICITY ESPAÃ‡O                                  ;               ;010;103;TMM5E06;     609,13;    0,80;28/04/2026;34;Pedido Duplicado              ;   ;emerson.al ;17:37
021561                            ;28/04/2026;    ;326351;003;    ;0052466;DBD TRAILER                                       ;(75)98822-7715 ;010;110;TMM3F04;     983,71;    1,14;28/04/2026;50;CARGA ERRADA ARMAZEM          ;   ;emerson.al ;17:40
021561                            ;28/04/2026;    ;326352;003;    ;0052466;DBD TRAILER                                       ;(75)98822-7715 ;010;110;TMM3F04;     215,02;    0,14;28/04/2026;50;CARGA ERRADA ARMAZEM          ;   ;emerson.al ;17:40
021563                            ;28/04/2026;    ;326372;003;    ;0036622;BS DRINKS                                         ;(75)98316-9317 ;010;107;TMM4F43;     760,83;    0,70;28/04/2026;45;Tempo Insuficiente.           ;   ;tailan.al  ;20:23
021563                            ;28/04/2026;    ;326373;003;    ;0036622;BS DRINKS                                         ;(75)98316-9317 ;010;107;TMM4F43;      97,00;    0,11;28/04/2026;45;Tempo Insuficiente.           ;   ;tailan.al  ;20:23
021563                            ;28/04/2026;    ;326374;003;    ;0036622;BS DRINKS                                         ;(75)98316-9317 ;010;107;TMM4F43;      45,00;    0,04;28/04/2026;45;Tempo Insuficiente.           ;   ;tailan.al  ;20:24
021563                            ;28/04/2026;    ;326375;003;    ;0036622;BS DRINKS                                         ;(75)98316-9317 ;010;107;TMM4F43;      28,33;    0,02;28/04/2026;45;Tempo Insuficiente.           ;   ;tailan.al  ;20:24
021563                            ;28/04/2026;    ;326376;003;    ;0036622;BS DRINKS                                         ;(75)98316-9317 ;010;107;TMM4F43;      21,25;    0,01;28/04/2026;45;Tempo Insuficiente.           ;   ;tailan.al  ;20:24
021563                            ;28/04/2026;    ;326377;003;    ;0036855;DISTRIBUIDORA GUT                                 ;(75)98291-9779 ;010;107;TMM4F43;    1349,39;    1,22;28/04/2026;45;Tempo Insuficiente.           ;   ;tailan.al  ;20:24
021563                            ;28/04/2026;    ;326386;003;    ;0020872;REAL PETISCARIA                                   ;(75)99152-5763 ;010;111;TMM4F43;     612,30;    0,63;28/04/2026;72;PDV FECHADO (HORARIO COM.)    ;   ;tailan.al  ;20:22
021563                            ;28/04/2026;    ;326393;003;    ;0027190;BAR E MERC PAULISTA                               ;(45) 5885-6633 ;010;107;TMM4F43;     164,08;    0,32;28/04/2026;63;PRODUTO / QTDE. ERRADA        ;   ;tailan.al  ;20:22
021563                            ;28/04/2026;    ;326397;003;    ;0020462;BIROSCA DA SANDRA                                 ;(75)99880-2919 ;010;107;TMM4F43;     168,64;    0,18;28/04/2026;71;SEM DINHEIRO/CHEQUE           ;   ;tailan.al  ;20:23
021564                            ;28/04/2026;    ;326419;003;    ;0018798;BARRACA DO BUDA                                   ;(75)99917-7338 ;020;202;SKB4I83;     179,26;    0,34;28/04/2026;43;Forma de Pagamento            ;   ;emerson.al ;17:08
021564                            ;28/04/2026;    ;326421;003;    ;0060393;BAR AMENDOEIRA                                    ;(75)98322-7329 ;020;202;SKB4I83;     229,36;    0,38;28/04/2026;71;SEM DINHEIRO/CHEQUE           ;   ;emerson.al ;17:08
021564                            ;28/04/2026;    ;326445;003;    ;0040167;Bar e acougue de Bri                              ;(07)59998-3740 ;020;207;SKB4I83;      22,40;    0,00;28/04/2026;42;Produto/Quantidade Errada     ;   ;emerson.al ;17:09
021564                            ;28/04/2026;    ;326451;003;    ;0040160;BAR BEIRA RIO BAIXIO                              ;(75)99998-3846 ;020;203;SKB4I83;     234,92;    0,33;28/04/2026;72;PDV FECHADO (HORARIO COM.)    ;   ;emerson.al ;17:09
021565                            ;28/04/2026;    ;326483;003;    ;0020467;MERCADINHO SAFRA                                  ;(75)99862-4227 ;030;304;PJX0435;     469,04;    0,52;28/04/2026;71;SEM DINHEIRO/CHEQUE           ;   ;emerson.al ;17:50
021566                            ;28/04/2026;    ;326530;003;    ;0082232;BAR DA GABI                                       ;(71) 3991-2941 ;010;109;NYM9I27;     139,16;    0,07;28/04/2026;71;SEM DINHEIRO/CHEQUE           ;   ;tailan.al  ;20:32
021567                            ;28/04/2026;    ;326537;003;    ;0030622;CANTINHO DO CEU                                   ;(75) 9986-6328 ;010;107;TMU6H51;     365,92;    0,42;04/05/2026;37;PDV Fechado                   ;   ;alyson     ;18:18
021567                            ;28/04/2026;    ;326539;003;    ;0020558;ALBERGUE RESTAURANTE                              ;(75)99944-6868 ;010;107;TMU6H51;     202,10;    0,24;04/05/2026;38;Sem Dinheiro                  ;   ;alyson     ;18:19
021567                            ;28/04/2026;    ;326551;003;    ;0083151;BAR DO BELO                                       ;(75)98361-3529 ;010;111;TMU6H51;     206,20;    0,21;29/04/2026;50;CARGA ERRADA ARMAZEM          ;   ;romario.al ;22:25
021567                            ;28/04/2026;    ;326552;003;    ;0083151;BAR DO BELO                                       ;(75)98361-3529 ;010;111;TMU6H51;     175,90;    0,14;29/04/2026;50;CARGA ERRADA ARMAZEM          ;   ;romario.al ;22:26
021567                            ;28/04/2026;    ;326561;003;    ;0089521;KARAOKE KARISMA BAR                               ;(75)99206-6681 ;010;111;TMU6H51;     218,46;    0,27;04/05/2026;37;PDV Fechado                   ;   ;alyson     ;18:20
021567                            ;28/04/2026;    ;326567;003;    ;0048249;POINT NA GARAGEM                                  ;(75)99875-3141 ;010;105;TMU6H51;     246,43;    0,33;29/04/2026;72;PDV FECHADO (HORARIO COM.)    ;   ;romario.al ;22:23
021567                            ;28/04/2026;    ;326588;003;    ;0023188;BAR DO MUNDINHO                                   ;(75)98111-4721 ;010;105;TMU6H51;     320,06;    0,32;29/04/2026;50;CARGA ERRADA ARMAZEM          ;   ;romario.al ;22:25
021567                            ;28/04/2026;    ;326590;003;    ;0019640;ADEGA USINA                                       ;(75)98197-1895 ;010;111;TMU6H51;      93,47;    0,10;04/05/2026;37;PDV Fechado                   ;   ;alyson     ;18:20
021588                            ;29/04/2026;    ;326680;003;    ;0020539;TENDA DE SAO JORGE                                ;(75)99903-0469 ;010;104;SKS2H93;     847,54;    0,99;29/04/2026;72;PDV FECHADO (HORARIO COM.)    ;   ;romario.al ;21:04
021592                            ;29/04/2026;    ;326767;003;    ;0030399;JUNBEL LITORAL GOURM                              ;(75)18358-4423 ;020;207;SKS9J44;     162,77;    0,26;02/05/2026;82;ENDERECO NAO ENCONTRADO       ;   ;emerson.al ;08:25
021592                            ;29/04/2026;    ;326796;003;    ;0020628;BOTECO CARANGUEJO                                 ;(75)99953-6212 ;020;207;SKS9J44;     159,90;    0,14;02/05/2026;71;SEM DINHEIRO/CHEQUE           ;   ;emerson.al ;08:24
021592                            ;29/04/2026;    ;326797;003;    ;0020628;BOTECO CARANGUEJO                                 ;(75)99953-6212 ;020;207;SKS9J44;     123,16;    0,07;02/05/2026;71;SEM DINHEIRO/CHEQUE           ;   ;emerson.al ;08:25
021592                            ;29/04/2026;    ;326798;003;    ;0020628;BOTECO CARANGUEJO                                 ;(75)99953-6212 ;020;207;SKS9J44;     149,16;    0,07;02/05/2026;71;SEM DINHEIRO/CHEQUE           ;   ;emerson.al ;08:25
021592                            ;29/04/2026;    ;326804;003;    ;0030107;BARRACA DOCE VIDA                                 ;(75)99819-3356 ;020;207;SKS9J44;      51,12;    0,12;02/05/2026;82;ENDERECO NAO ENCONTRADO       ;   ;emerson.al ;08:26
021592                            ;29/04/2026;    ;326805;003;    ;0030107;BARRACA DOCE VIDA                                 ;(75)99819-3356 ;020;207;SKS9J44;      51,12;    0,12;02/05/2026;46;Endereco Nao Encontrado       ;   ;emerson.al ;08:27
021592                            ;29/04/2026;    ;326806;003;    ;0030107;BARRACA DOCE VIDA                                 ;(75)99819-3356 ;020;207;SKS9J44;       2,28;    0,00;02/05/2026;46;Endereco Nao Encontrado       ;   ;emerson.al ;08:26
021594                            ;29/04/2026;    ;326938;003;    ;0060367;TANGERINA VERDE                                   ;(71)99985-9298 ;020;208;SJQ5E98;     859,54;    1,31;29/04/2026;72;PDV FECHADO (HORARIO COM.)    ;   ;romario.al ;19:55
021594                            ;29/04/2026;    ;326939;003;    ;0060367;TANGERINA VERDE                                   ;(71)99985-9298 ;020;208;SJQ5E98;     850,40;    0,85;29/04/2026;72;PDV FECHADO (HORARIO COM.)    ;   ;romario.al ;19:56
021594                            ;29/04/2026;    ;326941;003;    ;0021153;POINT DO COCO                                     ;(71)99288-7925 ;020;208;SJQ5E98;     105,58;    0,12;29/04/2026;72;PDV FECHADO (HORARIO COM.)    ;   ;romario.al ;19:56
021594                            ;29/04/2026;    ;326942;003;    ;0021153;POINT DO COCO                                     ;(71)99288-7925 ;020;208;SJQ5E98;     177,50;    0,21;29/04/2026;72;PDV FECHADO (HORARIO COM.)    ;   ;romario.al ;19:57
021594                            ;29/04/2026;    ;326981;003;    ;0021212;UIC MOREIRA DOS SANT                              ;(43)90000-0000 ;020;201;SJQ5E98;     153,82;    0,03;29/04/2026;82;ENDERECO NAO ENCONTRADO       ;   ;romario.al ;19:58
021596                            ;29/04/2026;    ;327080;003;    ;0032116;SUPERMERCADO DELICIA                              ;(75) 3247-2021 ;030;305;SJQ3B12;    2579,71;    3,23;29/04/2026;42;Produto/Quantidade Errada     ;   ;romario.al ;20:07
021596                            ;29/04/2026;    ;327090;003;    ;0026684;PRINT DO LITRINHO                                 ;(75)98159-8238 ;010;106;SJQ3B12;    2355,90;    2,19;29/04/2026;42;Produto/Quantidade Errada     ;   ;romario.al ;20:07
021598                            ;29/04/2026;    ;327149;003;    ;0020821;SKINA DO SABOR                                    ;(71)99739-9107 ;010;109;SJQ1F85;     134,57;    0,23;29/04/2026;71;SEM DINHEIRO/CHEQUE           ;   ;jose.al    ;17:53
021599                            ;29/04/2026;    ;327207;003;    ;0019487;RESTAURANTE DO COWBO                              ;(75)99960-3693 ;010;107;SKS5C26;     333,36;    0,36;29/04/2026;41;Sem Vasilhame.                ;   ;jose.al    ;17:50
021599                            ;29/04/2026;    ;327211;003;    ;0019123;RESTAURANTE SILVA                                 ;(75)99896-7335 ;010;107;SKS5C26;     453,92;    0,54;29/04/2026;71;SEM DINHEIRO/CHEQUE           ;   ;jose.al    ;17:50
021600                            ;29/04/2026;    ;327213;003;    ;0021288;PONTAL BEIRA RIO                                  ;(71)99646-0309 ;010;111;TMM9J07;     265,72;    0,36;29/04/2026;41;Sem Vasilhame.                ;   ;jose.al    ;18:24
021600                            ;29/04/2026;    ;327214;003;    ;0021288;PONTAL BEIRA RIO                                  ;(71)99646-0309 ;010;111;TMM9J07;      78,20;    0,08;29/04/2026;41;Sem Vasilhame.                ;   ;jose.al    ;18:24
021600                            ;29/04/2026;    ;327215;003;    ;0021288;PONTAL BEIRA RIO                                  ;(71)99646-0309 ;010;111;TMM9J07;      22,98;    0,00;29/04/2026;41;Sem Vasilhame.                ;   ;jose.al    ;18:24
021600                            ;29/04/2026;    ;327224;003;    ;0040235;ZE DE MENININHA                                   ;(75)99709-9183 ;020;201;TMM9J07;     283,50;    0,61;29/04/2026;23;(C)Pedidos duplicados         ;   ;jose.al    ;18:23
021600                            ;29/04/2026;    ;327225;003;    ;0019456;MIX MERCADINHO                                    ;(75)99995-5950 ;020;201;TMM9J07;     151,96;    0,24;29/04/2026;71;SEM DINHEIRO/CHEQUE           ;   ;jose.al    ;18:24
021603                            ;29/04/2026;    ;327370;003;    ;0021410;BAR DO BITA                                       ;(43)90000-0000 ;010;103;TMM4F43;     760,50;    0,89;29/04/2026;47;Dificil Acesso                ;   ;romario.al ;20:05
021603                            ;29/04/2026;    ;327391;003;    ;0091727;BAR DO PAGAO                                      ;(75)98239-3513 ;010;103;TMM4F43;     359,01;    0,42;29/04/2026;50;CARGA ERRADA ARMAZEM          ;   ;romario.al ;20:04
021603                            ;29/04/2026;    ;327397;003;    ;0047181;MERCADINHO LIMA                                   ;(75)98150-5300 ;010;103;TMM4F43;     104,64;    0,26;29/04/2026;50;CARGA ERRADA ARMAZEM          ;   ;romario.al ;20:04
021604                            ;29/04/2026;    ;327465;003;    ;0083090;RESTAURANTE COME BEM                              ;(75) 8895-5635 ;010;107;SKB4I83;     112,40;    0,13;29/04/2026;64;SEM VASILHAME                 ;   ;jose.al    ;16:16
021606                            ;29/04/2026;    ;327511;003;    ;0051340;POINT DOS VAQUEIROS                               ;(75)98132-1962 ;010;106;NYM9I27;     552,53;    0,75;29/04/2026;72;PDV FECHADO (HORARIO COM.)    ;   ;romario.al ;19:51
021606                            ;29/04/2026;    ;327516;003;    ;0032978;ADEMARIO DOS                                      ;(75)99860-9567 ;010;106;NYM9I27;     279,90;    0,39;29/04/2026;72;PDV FECHADO (HORARIO COM.)    ;   ;romario.al ;19:51
021606                            ;29/04/2026;    ;327518;003;    ;0035456;DONNA PIZZARIA E RES                              ;(71)99943-4187 ;010;106;NYM9I27;     122,22;    0,08;29/04/2026;83;PROPRIETARIO AUSENTE          ;   ;romario.al ;19:53
021606                            ;29/04/2026;    ;327519;003;    ;0035456;DONNA PIZZARIA E RES                              ;(71)99943-4187 ;010;106;NYM9I27;     122,22;    0,08;29/04/2026;83;PROPRIETARIO AUSENTE          ;   ;romario.al ;19:52
021606                            ;29/04/2026;    ;327531;003;    ;0082723;CAJUEIRO BAR                                      ;(75) 9823-5698 ;010;106;NYM9I27;     360,92;    0,57;29/04/2026;72;PDV FECHADO (HORARIO COM.)    ;   ;romario.al ;19:51
021607                            ;29/04/2026;    ;327537;003;    ;0083377;BIAUIRI S BAR                                     ;(75) 3421-9952 ;010;110;SKB4I83;     117,10;    0,18;29/04/2026;72;PDV FECHADO (HORARIO COM.)    ;   ;romario.al ;21:03
021607                            ;29/04/2026;    ;327538;003;    ;0083377;BIAUIRI S BAR                                     ;(75) 3421-9952 ;010;110;SKB4I83;      13,53;    0,06;29/04/2026;72;PDV FECHADO (HORARIO COM.)    ;   ;romario.al ;21:02
021611                            ;29/04/2026;    ;326766;003;    ;0020727;JN DISTRIBUIDORA                                  ;(75)99928-2348 ;020;203;SKS3C50;    8929,00;    0,00;30/04/2026;25;(C)Falta produto p/ carreg.   ;   ;romario.al ;02:11
021630                            ;30/04/2026;    ;327570;003;    ;0026643;SUPERMERCADO NUNES                                ;(71)99306-5512 ;030;306;NZF6F00;    7148,09;   14,22;02/05/2026;72;PDV FECHADO (HORARIO COM.)    ;   ;emerson.al ;15:31
021630                            ;30/04/2026;    ;327571;003;    ;0026643;SUPERMERCADO NUNES                                ;(71)99306-5512 ;030;306;NZF6F00;      23,56;    0,00;02/05/2026;72;PDV FECHADO (HORARIO COM.)    ;   ;emerson.al ;15:31
021631                            ;30/04/2026;    ;327588;003;    ;0019976;DISTRIBUIDORA SOUSA                               ;(75)99707-6976 ;020;205;SJQ4A23;    1261,70;    1,57;02/05/2026;71;SEM DINHEIRO/CHEQUE           ;   ;emerson.al ;16:51
021632                            ;30/04/2026;    ;327645;003;    ;0020709;KANTINHO DO ZEU                                   ;(71)99110-3839 ;010;104;SKS2H93;     572,92;    0,72;04/05/2026;71;SEM DINHEIRO/CHEQUE           ;   ;tailan.al  ;20:20
021634                            ;30/04/2026;    ;327730;003;    ;0040163;RESTAURANTE BRASIL                                ;(75)99180-7152 ;020;209;SJQ3B12;      58,50;    0,06;30/04/2026;64;SEM VASILHAME                 ;   ;emerson.al ;18:33
021635                            ;30/04/2026;    ;327781;003;    ;0029473;BAR DO BOLO                                       ;(71)99632-4837 ;010;101;SJQ5B35;     325,00;    0,42;30/04/2026;70;CLIENTE CANCELOU              ;   ;emerson.al ;18:54
021635                            ;30/04/2026;    ;327784;003;    ;0032334;ATACADO NUNES TELES                               ;(71)99645-5082 ;030;306;SJQ5B35;     687,00;    0,81;30/04/2026;72;PDV FECHADO (HORARIO COM.)    ;   ;emerson.al ;18:54
021635                            ;30/04/2026;    ;327785;003;    ;0032334;ATACADO NUNES TELES                               ;(71)99645-5082 ;030;306;SJQ5B35;      23,56;    0,00;30/04/2026;72;PDV FECHADO (HORARIO COM.)    ;   ;emerson.al ;18:53
021636                            ;30/04/2026;    ;327815;003;    ;0021019;58.370.536 PAULO SER                              ;(71)98229-7411 ;010;105;SJQ0A82;    2485,00;    2,94;30/04/2026;71;SEM DINHEIRO/CHEQUE           ;   ;emerson.al ;18:02
021636                            ;30/04/2026;    ;327816;003;    ;0021019;58.370.536 PAULO SER                              ;(71)98229-7411 ;010;105;SJQ0A82;    1498,04;    1,64;30/04/2026;71;SEM DINHEIRO/CHEQUE           ;   ;emerson.al ;18:02
021640                            ;30/04/2026;    ;327923;003;    ;0019110;POUSADA VELHO PINA                                ;(71)99961-6450 ;020;207;PXX2E06;     128,04;    0,09;30/04/2026;46;Endereco Nao Encontrado       ;   ;emerson.al ;18:51
021640                            ;30/04/2026;    ;327924;003;    ;0019110;POUSADA VELHO PINA                                ;(71)99961-6450 ;020;207;PXX2E06;       2,28;    0,00;30/04/2026;46;Endereco Nao Encontrado       ;   ;emerson.al ;18:50
021644                            ;30/04/2026;    ;328048;003;    ;0030924;BARRACA DO MARCOS                                 ;(75)98258-9689 ;010;103;TMM9J07;     276,51;    0,34;02/05/2026;45;Tempo Insuficiente.           ;   ;tailan.al  ;20:45
021644                            ;30/04/2026;    ;328049;003;    ;0030927;CASA DA NILSETE                                   ;(75)98130-9687 ;010;103;TMM9J07;     252,20;    0,32;02/05/2026;45;Tempo Insuficiente.           ;   ;tailan.al  ;20:47
021644                            ;30/04/2026;    ;328050;003;    ;0032970;QUIOSQUE DO POCA                                  ;(75)98330-6543 ;010;103;TMM9J07;     200,80;    0,24;02/05/2026;45;Tempo Insuficiente.           ;   ;tailan.al  ;20:45
021644                            ;30/04/2026;    ;328051;003;    ;0034485;BAR DOS AMIGOS                                    ;(75)98188-6546 ;010;103;TMM9J07;     495,01;    0,62;02/05/2026;45;Tempo Insuficiente.           ;   ;tailan.al  ;20:47
021644                            ;30/04/2026;    ;328052;003;    ;0034485;BAR DOS AMIGOS                                    ;(75)98188-6546 ;010;103;TMM9J07;      13,53;    0,06;02/05/2026;45;Tempo Insuficiente.           ;   ;tailan.al  ;20:46
021644                            ;30/04/2026;    ;328057;003;    ;0035174;DEPoSITO SUEMAR                                   ;(75)99144-8069 ;030;305;TMM9J07;       4,17;    0,00;02/05/2026;42;Produto/Quantidade Errada     ;   ;tailan.al  ;20:47
021644                            ;30/04/2026;    ;328058;003;    ;0035174;DEPoSITO SUEMAR                                   ;(75)99144-8069 ;030;305;TMM9J07;       2,61;    0,00;02/05/2026;42;Produto/Quantidade Errada     ;   ;tailan.al  ;20:47
021644                            ;30/04/2026;    ;328092;003;    ;0020149;COMPRE BEM ARAMARI                                ;(75)99862-5151 ;030;305;TMM9J07;    2126,25;    4,37;02/05/2026;40;Horario de Entrega            ;   ;tailan.al  ;20:48
021644                            ;30/04/2026;    ;328093;003;    ;0027563;LIMA BAR                                          ;(75)99200-8021 ;010;103;TMM9J07;     186,00;    0,22;02/05/2026;72;PDV FECHADO (HORARIO COM.)    ;   ;tailan.al  ;20:48
021648                            ;30/04/2026;    ;328153;003;    ;0019666;BARBEARIAOUTRO SABOR                              ;(75)98130-2977 ;010;103;NYM9I27;     154,38;    0,24;30/04/2026;72;PDV FECHADO (HORARIO COM.)    ;   ;emerson.al ;15:33
021648                            ;30/04/2026;    ;328165;003;    ;0035024;BUFFALO BURGER                                    ;(71)99956-3999 ;010;110;NYM9I27;     885,70;    1,05;30/04/2026;72;PDV FECHADO (HORARIO COM.)    ;   ;emerson.al ;15:33
021648                            ;30/04/2026;    ;328168;003;    ;0044282;LIMA GOURMET                                      ;               ;010;110;NYM9I27;     652,88;    0,40;30/04/2026;72;PDV FECHADO (HORARIO COM.)    ;   ;emerson.al ;15:34
