Mapa                     ;Data;Unb Nota;Nota;Serie;Unb Cliente;Cod. Cliente;Nome Cliente;Telefone;Area;Setor;Placa;Valor;Volume;Data Devol.;Cod. Motivo;Desc. Motivo;Orig. Pedido;Usuario;Hora 
226587                            ;01/10/2024;    ;453856;007;    ;0063806;PANIFICADORA CANTINH                              ;(74)98826-4146 ;020;204;RDC8F64;     533,42;    1,20;02/10/2024;50;CARGA ERRADA ARMAZEM          ;   ;teles      ;15:49
226587                            ;01/10/2024;    ;453908;007;    ;0057746;Mercadinho Pagueleve                              ;(74)98851-8741 ;020;204;RDC8F64;     378,56;    0,71;02/10/2024;50;CARGA ERRADA ARMAZEM          ;   ;teles      ;15:49
226588                            ;01/10/2024;    ;453915;007;    ;0025761;PADARIA VIANA                                     ;(74)99901-6826 ;020;205;RDC5J22;    4817,18;   11,36;02/10/2024;50;CARGA ERRADA ARMAZEM          ;   ;teles      ;17:45
226588                            ;01/10/2024;    ;453921;007;    ;0062515;SKNIAO BAR                                        ;(74)99917-3110 ;020;205;RDC5J22;      88,08;    0,24;02/10/2024;50;CARGA ERRADA ARMAZEM          ;   ;teles      ;17:45
226589                            ;01/10/2024;    ;453971;007;    ;0050420;POINT DO VERAO                                    ;(74) 3537-2015 ;020;202;NZM9993;    1439,91;    1,69;18/10/2024;47;Dificil Acesso                ;   ;yuri       ;11:17
226590                            ;01/10/2024;    ;454033;007;    ;0051617;PASTELARIA BOM SABOR                              ;(74)98844-8031 ;020;201;RPE4C71;     148,40;    0,16;02/10/2024;50;CARGA ERRADA ARMAZEM          ;DER;teles      ;16:38
226593                            ;01/10/2024;    ;454117;007;    ;0065242;BAR 3 A                                           ;(74)98146-2208 ;010;109;OZF1202;     409,50;    0,48;01/10/2024;82;ENDERECO NAO ENCONTRADO       ;   ;silva      ;17:59
226597                            ;01/10/2024;    ;454228;007;    ;0052894;LANCHONETE DA MARIA                               ;(74)99115-9019 ;010;102;PKL6654;     154,44;    0,48;01/10/2024;50;CARGA ERRADA ARMAZEM          ;   ;idute      ;17:26
226598                            ;01/10/2024;    ;454247;007;    ;0060687;PANIFICADORA VITORIA                              ;(74)98872-7922 ;010;101;PKK8518;     111,98;    0,28;01/10/2024;50;CARGA ERRADA ARMAZEM          ;   ;silva      ;18:01
226599                            ;01/10/2024;    ;454271;007;    ;0051865;MERC COMPRA CERTA                                 ;(74)98812-6225 ;010;103;RDN1D46;     323,40;    0,90;01/10/2024;50;CARGA ERRADA ARMAZEM          ;   ;idute      ;11:20
226599                            ;01/10/2024;    ;454276;007;    ;0053105;SUPERMERCADO BONUS                                ;(74)98815-6764 ;080;810;RDN1D46;     886,41;    1,40;01/10/2024;73;FALTA DE ATIVOS DE GIRO       ;   ;idute      ;11:21
226599                            ;01/10/2024;    ;454281;007;    ;0063453;HOUSE BURGUER                                     ;(74)98856-5890 ;010;103;RDN1D46;     135,12;    0,36;01/10/2024;50;CARGA ERRADA ARMAZEM          ;   ;idute      ;11:19
226599                            ;01/10/2024;    ;454282;007;    ;0060330;NF DISTRIBUIDORA                                  ;(74)99111-6684 ;010;103;RDN1D46;     592,90;    0,75;01/10/2024;71;SEM DINHEIRO/CHEQUE           ;   ;idute      ;11:20
226600                            ;01/10/2024;    ;454299;007;    ;0060686;PASTELARIA DA ANA                                 ;(74)98832-7508 ;010;106;RDN7A69;     119,47;    0,28;01/10/2024;50;CARGA ERRADA ARMAZEM          ;   ;idute      ;13:32
226601                            ;01/10/2024;    ;454313;007;    ;0053203;MERCEARIA SANTANA II                              ;(74) 8811-4091 ;010;108;RPR6D25;     325,40;    0,36;01/10/2024;72;PDV FECHADO (HORARIO COM.)    ;   ;idute      ;11:21
226604                            ;01/10/2024;    ;454344;007;    ;0025397;CHURR  DOIS IRMAOS                                ;(74)99935-9292 ;010;103;RDN7A69;     117,00;    0,13;01/10/2024;72;PDV FECHADO (HORARIO COM.)    ;   ;idute      ;17:48
226604                            ;01/10/2024;    ;454346;007;    ;0060955;PANIFICADORA E LANCH                              ;(74)98843-6923 ;010;103;RDN7A69;     511,52;    0,47;01/10/2024;71;SEM DINHEIRO/CHEQUE           ;   ;idute      ;17:47
226606                            ;01/10/2024;    ;454395;007;    ;0062292;MERC AVENIDA BIG                                  ;(74)98873-1240 ;010;100;HXN3A97;     423,20;    0,55;01/10/2024;82;ENDERECO NAO ENCONTRADO       ;   ;idute      ;17:13
226608                            ;01/10/2024;    ;454432;007;    ;0000319;BAR  RODRIGUES                                    ;(74) 3611-5546 ;010;106;JII1442;     547,35;    0,69;01/10/2024;41;Sem Vasilhame.                ;   ;idute      ;15:26
226624                            ;02/10/2024;    ;454550;007;    ;0064629;DISTRIBUI NOVA OPCAO                              ;(87)98164-8415 ;010;109;RPP6J11;    2212,32;    2,34;02/10/2024;73;FALTA DE ATIVOS DE GIRO       ;   ;silva      ;21:51
226627                            ;02/10/2024;    ;454648;007;    ;0051922;TELMA SUPERMERCADO                                ;(74) 3537-2435 ;020;202;NZM5543;      32,00;    0,18;02/10/2024;42;Produto/Quantidade Errada     ;   ;teles      ;19:28
226632                            ;02/10/2024;    ;454962;007;    ;0062920;CHINA REAL                                        ;(74)98831-6305 ;010;110;RDJ0G42;     523,18;    0,67;02/10/2024;72;PDV FECHADO (HORARIO COM.)    ;DER;teles      ;18:52
226632                            ;02/10/2024;    ;454978;007;    ;0063707;LANCHONETE SaO FRANC                              ;(74)98807-0385 ;010;103;RDJ0G42;     323,40;    0,41;02/10/2024;87;TEMPO INSUFICIENTE            ;   ;teles      ;18:52
226633                            ;02/10/2024;    ;454995;007;    ;0052810;COWBOY BAR E COPANIA                              ;(74)98801-4952 ;010;105;KJP3656;     404,70;    0,43;02/10/2024;72;PDV FECHADO (HORARIO COM.)    ;   ;teles      ;19:11
226633                            ;02/10/2024;    ;454996;007;    ;0052810;COWBOY BAR E COPANIA                              ;(74)98801-4952 ;010;105;KJP3656;     722,00;    0,69;02/10/2024;72;PDV FECHADO (HORARIO COM.)    ;   ;teles      ;19:10
226633                            ;02/10/2024;    ;454997;007;    ;0052810;COWBOY BAR E COPANIA                              ;(74)98801-4952 ;010;105;KJP3656;      15,11;    0,00;02/10/2024;72;PDV FECHADO (HORARIO COM.)    ;   ;teles      ;19:11
226633                            ;02/10/2024;    ;455002;007;    ;0058530;DIST. GOL DE PLACA                                ;(74)98808-4911 ;010;111;KJP3656;     179,50;    0,21;02/10/2024;72;PDV FECHADO (HORARIO COM.)    ;DER;teles      ;19:11
226638                            ;02/10/2024;    ;455055;007;    ;0057738;PAIXaO MERCADINHO                                 ;(74)98837-3145 ;010;105;PKL6654;       4,45;    0,00;02/10/2024;42;Produto/Quantidade Errada     ;   ;teles      ;17:40
226639                            ;02/10/2024;    ;455080;007;    ;0062258;SUPERMERCADO UNIPREC                              ;(74)98836-8023 ;080;810;NZM4666;     917,66;    1,68;02/10/2024;73;FALTA DE ATIVOS DE GIRO       ;   ;teles      ;18:12
226642                            ;02/10/2024;    ;455159;007;    ;0055246;RES SABORES DA PAULA                              ;(74)98873-5980 ;010;102;RPR6D25;     175,33;    0,29;02/10/2024;72;PDV FECHADO (HORARIO COM.)    ;   ;teles      ;15:21
226644                            ;02/10/2024;    ;455210;007;    ;0056276;MERCADINHO FREIRE                                 ;(74)98835-3628 ;010;107;RDN7A69;     485,10;    0,62;02/10/2024;72;PDV FECHADO (HORARIO COM.)    ;   ;teles      ;11:36
226646                            ;02/10/2024;    ;455242;007;    ;0057092;MERC E DIST LAURA                                 ;(74)98818-4258 ;010;107;RDN7A69;      35,90;    0,04;02/10/2024;55;QUALIDADE DO PRODUTO          ;   ;teles      ;16:59
226647                            ;02/10/2024;    ;455256;007;    ;0054003;MERCEARIA ICARO                                   ;(74)98834-6395 ;010;111;OZE4956;    1936,62;    2,50;02/10/2024;70;CLIENTE CANCELOU              ;   ;teles      ;17:24
226655                            ;02/10/2024;    ;455453;007;    ;0062712;SATURNO BEBIDAS                                   ;(43)90000-0000 ;010;111;EFV3713;    2802,60;    3,72;02/10/2024;73;FALTA DE ATIVOS DE GIRO       ;   ;teles      ;17:31
226656                            ;02/10/2024;    ;455466;007;    ;0051768;DEPOSITO TROPICAL                                 ;(74) 3611-2721 ;010;111;HXN3A97;      52,14;    0,12;02/10/2024;50;CARGA ERRADA ARMAZEM          ;   ;teles      ;17:14
226675                            ;03/10/2024;    ;455648;007;    ;0065086;CHACARA POCO CATINGU                              ;(74)99973-3531 ;010;109;RPP6J11;     919,02;    1,77;03/10/2024;82;ENDERECO NAO ENCONTRADO       ;   ;aloisio    ;19:01
226677                            ;03/10/2024;    ;455731;007;    ;0055647;BAR DA DENILDE                                    ;(74)98125-2230 ;020;202;NZM7723;     159,49;    0,38;04/10/2024;42;Produto/Quantidade Errada     ;   ;aloisio    ;23:28
226677                            ;03/10/2024;    ;455763;007;    ;0051230;PANIFICA PAN MIL                                  ;(74)99925-4241 ;020;202;NZM7723;    2949,12;    5,36;04/10/2024;86;HORARIO DE ENTREGA            ;   ;aloisio    ;23:29
226677                            ;03/10/2024;    ;455764;007;    ;0051230;PANIFICA PAN MIL                                  ;(74)99925-4241 ;020;202;NZM7723;      44,90;    0,04;04/10/2024;86;HORARIO DE ENTREGA            ;   ;aloisio    ;23:29
226678                            ;03/10/2024;    ;455813;007;    ;0063753;VERDURAO PASSAGEM                                 ;(74)99915-8221 ;020;205;RDC5J22;      28,92;    0,02;04/10/2024;42;Produto/Quantidade Errada     ;   ;aloisio    ;20:34
226690                            ;03/10/2024;    ;456218;007;    ;0053600;REST MISTER GRILL                                 ;(74)98808-2518 ;010;110;KJP3656;     677,62;    1,19;03/10/2024;72;PDV FECHADO (HORARIO COM.)    ;DER;aloisio    ;19:23
226691                            ;03/10/2024;    ;456245;007;    ;0061999;LIGIA DISTRIBUIDORA                               ;(74)99141-3467 ;010;111;PKK8518;     740,60;    0,96;04/10/2024;72;PDV FECHADO (HORARIO COM.)    ;   ;teles      ;14:04
226692                            ;03/10/2024;    ;456287;007;    ;0062873;PANIF CAJUEIRO                                    ;(74)98832-9013 ;010;105;PKK0690;     161,29;    0,19;03/10/2024;72;PDV FECHADO (HORARIO COM.)    ;   ;idute      ;15:18
226693                            ;03/10/2024;    ;456295;007;    ;0065006;DIST ELIZABETE                                    ;(74)98848-7730 ;010;102;RDN1D46;     149,90;    0,14;03/10/2024;73;FALTA DE ATIVOS DE GIRO       ;   ;idute      ;13:45
226693                            ;03/10/2024;    ;456308;007;    ;0056979;Distr Do Robson                                   ;(74)98139-7438 ;010;111;RDN1D46;     269,50;    0,34;03/10/2024;72;PDV FECHADO (HORARIO COM.)    ;DER;idute      ;13:45
226696                            ;03/10/2024;    ;456356;007;    ;0063538;MERCEARIA SITIO NOVO                              ;(74)98801-6027 ;010;104;RPR6D25;      54,72;    0,24;03/10/2024;72;PDV FECHADO (HORARIO COM.)    ;   ;idute      ;13:18
226697                            ;03/10/2024;    ;456379;007;    ;0050938;MICHELLY LANCHES                                  ;(74)98112-4040 ;010;103;LKI1H89;     137,10;    0,14;03/10/2024;72;PDV FECHADO (HORARIO COM.)    ;   ;aloisio    ;18:33
226700                            ;03/10/2024;    ;456422;007;    ;0065219;RESTAURANTE E PETISC                              ;(74)98851-7613 ;010;110;RDN1D46;     841,64;    1,29;04/10/2024;73;FALTA DE ATIVOS DE GIRO       ;DER;teles      ;09:37
226728                            ;04/10/2024;    ;456667;007;    ;0055043;BAR CARVALHO                                      ;(74)98831-9310 ;020;200;RPP0E77;     177,85;    0,25;04/10/2024;72;PDV FECHADO (HORARIO COM.)    ;   ;aloisio    ;18:51
226729                            ;04/10/2024;    ;456722;007;    ;0065147;JEAN MARCIO RODRIGUE                              ;(74)98861-4406 ;020;201;SJQ9B60;     440,80;    0,42;04/10/2024;72;PDV FECHADO (HORARIO COM.)    ;   ;aloisio    ;20:13
226729                            ;04/10/2024;    ;456723;007;    ;0065147;JEAN MARCIO RODRIGUE                              ;(74)98861-4406 ;020;201;SJQ9B60;      28,56;    0,03;04/10/2024;72;PDV FECHADO (HORARIO COM.)    ;   ;aloisio    ;20:13
226729                            ;04/10/2024;    ;456738;007;    ;0055614;MERCADINHO NUNES                                  ;(74)98849-0809 ;020;201;SJQ9B60;     793,50;    1,03;04/10/2024;73;FALTA DE ATIVOS DE GIRO       ;   ;aloisio    ;20:10
226729                            ;04/10/2024;    ;456739;007;    ;0055614;MERCADINHO NUNES                                  ;(74)98849-0809 ;020;201;SJQ9B60;     317,40;    0,41;04/10/2024;73;FALTA DE ATIVOS DE GIRO       ;   ;aloisio    ;20:11
226732                            ;04/10/2024;    ;456837;007;    ;0062437;VERDURAO RIBEIRO                                  ;(74)98121-9997 ;020;202;NZM4666;      94,95;    0,28;05/10/2024;38;Sem Dinheiro                  ;   ;idute      ;09:46
226733                            ;04/10/2024;    ;456917;007;    ;0064853;BAR JUNIOR E BRUNA                                ;(74)98150-0912 ;020;204;OUX8B81;     161,70;    0,20;05/10/2024;72;PDV FECHADO (HORARIO COM.)    ;   ;idute      ;13:34
226734                            ;04/10/2024;    ;456978;007;    ;0050219;BAR SENSACAO                                      ;(74)99941-9987 ;020;205;SJQ6G42;     599,60;    0,57;05/10/2024;72;PDV FECHADO (HORARIO COM.)    ;   ;idute      ;14:56
226737                            ;04/10/2024;    ;457058;007;    ;0058183;CONVENIENCIA                                      ;(74)99954-5384 ;010;107;OUG2987;     242,70;    0,28;04/10/2024;73;FALTA DE ATIVOS DE GIRO       ;DER;teles      ;17:34
226740                            ;04/10/2024;    ;457197;007;    ;0064676;NIFY RESTAURANTE                                  ;(74)98808-6209 ;010;105;KJP3656;     262,64;    0,39;04/10/2024;72;PDV FECHADO (HORARIO COM.)    ;   ;aloisio    ;18:22
226751                            ;04/10/2024;    ;457543;007;    ;0053335;MAX ANDREY                                        ;(74)98818-8906 ;010;106;KJP6186;      18,46;    0,01;04/10/2024;42;Produto/Quantidade Errada     ;   ;aloisio    ;18:47
226753                            ;04/10/2024;    ;457596;007;    ;0064493;DK DISTRIBUI AVENIDA                              ;(74) 8831-3794 ;010;104;OFB8B68;     251,30;    0,29;04/10/2024;72;PDV FECHADO (HORARIO COM.)    ;   ;teles      ;14:40
226753                            ;04/10/2024;    ;457597;007;    ;0064493;DK DISTRIBUI AVENIDA                              ;(74) 8831-3794 ;010;104;OFB8B68;    2595,00;    3,45;04/10/2024;72;PDV FECHADO (HORARIO COM.)    ;   ;teles      ;14:39
226753                            ;04/10/2024;    ;457598;007;    ;0064493;DK DISTRIBUI AVENIDA                              ;(74) 8831-3794 ;010;104;OFB8B68;    3590,00;    4,20;04/10/2024;72;PDV FECHADO (HORARIO COM.)    ;   ;teles      ;14:39
226776                            ;05/10/2024;    ;457681;007;    ;0050592;BAR DA JOSELICE                                   ;(74)99803-2980 ;010;105;PKK8518;     184,95;    0,22;05/10/2024;42;Produto/Quantidade Errada     ;   ;idute      ;16:03
226781                            ;05/10/2024;    ;457882;007;    ;0064396;CHOPERIA DOS AMIGOS                               ;(74)98826-8786 ;010;107;RDJ0G42;     585,00;    0,69;05/10/2024;72;PDV FECHADO (HORARIO COM.)    ;   ;idute      ;16:01
226782                            ;05/10/2024;    ;457886;007;    ;0057106;MERCADINHO ALVES                                  ;(74)98831-8436 ;010;103;NZM7723;    1055,88;    1,03;05/10/2024;72;PDV FECHADO (HORARIO COM.)    ;   ;idute      ;18:23
226782                            ;05/10/2024;    ;457894;007;    ;0052317;BAR E DIST LUSTOSA                                ;(74)99123-8040 ;010;110;NZM7723;    2557,79;    2,92;05/10/2024;73;FALTA DE ATIVOS DE GIRO       ;   ;idute      ;18:24
226783                            ;05/10/2024;    ;457921;007;    ;0055163;MERC E DIST GOMES                                 ;(74)98851-0289 ;010;111;NZM9993;     364,91;    0,58;05/10/2024;72;PDV FECHADO (HORARIO COM.)    ;   ;silva      ;20:05
226783                            ;05/10/2024;    ;457922;007;    ;0055163;MERC E DIST GOMES                                 ;(74)98851-0289 ;010;111;NZM9993;      62,93;    0,13;05/10/2024;72;PDV FECHADO (HORARIO COM.)    ;   ;silva      ;20:06
226784                            ;05/10/2024;    ;457975;007;    ;0064491;PX                                                ;(74)98822-3884 ;010;110;OZF1202;    1191,85;    1,51;05/10/2024;72;PDV FECHADO (HORARIO COM.)    ;   ;silva      ;18:45
226784                            ;05/10/2024;    ;457976;007;    ;0064491;PX                                                ;(74)98822-3884 ;010;110;OZF1202;      10,44;    0,01;05/10/2024;72;PDV FECHADO (HORARIO COM.)    ;   ;silva      ;18:45
226784                            ;05/10/2024;    ;457977;007;    ;0064491;PX                                                ;(74)98822-3884 ;010;110;OZF1202;      31,30;    0,03;05/10/2024;72;PDV FECHADO (HORARIO COM.)    ;   ;silva      ;18:46
226784                            ;05/10/2024;    ;457997;007;    ;0057801;DISTRIBUIDORA                                     ;(74)98829-7872 ;010;102;OZF1202;     439,22;    0,53;05/10/2024;72;PDV FECHADO (HORARIO COM.)    ;   ;silva      ;18:46
226786                            ;05/10/2024;    ;458050;007;    ;0057931;EMPORIO DISTR                                     ;(74)98112-2927 ;010;104;OVB5042;     646,23;    0,88;05/10/2024;73;FALTA DE ATIVOS DE GIRO       ;   ;idute      ;14:01
226820                            ;07/10/2024;    ;458228;007;    ;0056757;ATACADO OPCAO                                     ;(74)99965-9033 ;020;203;RDC8F64;    5570,00;    7,50;07/10/2024;73;FALTA DE ATIVOS DE GIRO       ;   ;idute      ;17:02
226825                            ;07/10/2024;    ;458350;007;    ;0055702;O GELADAO                                         ;(74)98109-3366 ;020;202;NZM4666;    1547,50;    1,72;08/10/2024;32;ENTREGA ATRASADA (BUFFER)     ;   ;teles      ;15:09
226825                            ;07/10/2024;    ;458351;007;    ;0055702;O GELADAO                                         ;(74)98109-3366 ;020;202;NZM4666;     718,00;    0,84;08/10/2024;32;ENTREGA ATRASADA (BUFFER)     ;   ;teles      ;15:09
226825                            ;07/10/2024;    ;458352;007;    ;0055702;O GELADAO                                         ;(74)98109-3366 ;020;202;NZM4666;     389,00;    0,42;08/10/2024;32;ENTREGA ATRASADA (BUFFER)     ;   ;teles      ;15:09
226825                            ;07/10/2024;    ;458353;007;    ;0055702;O GELADAO                                         ;(74)98109-3366 ;020;202;NZM4666;      61,90;    0,06;08/10/2024;32;ENTREGA ATRASADA (BUFFER)     ;   ;teles      ;15:09
226828                            ;07/10/2024;    ;458450;007;    ;0057177;Bar Maria Do Bina                                 ;(74)99901-2013 ;020;204;RPJ2H66;     207,17;    0,27;08/10/2024;73;FALTA DE ATIVOS DE GIRO       ;   ;teles      ;14:50
226830                            ;07/10/2024;    ;458574;007;    ;0056093;Dep.costa                                         ;(74)98861-8661 ;020;202;RPE4C71;    4013,20;    4,51;08/10/2024;71;SEM DINHEIRO/CHEQUE           ;   ;teles      ;15:04
226831                            ;07/10/2024;    ;458607;007;    ;0057833;Oxente  Petiscaria                                ;(74)99195-8200 ;010;107;RPP7B52;      12,50;    0,00;08/10/2024;72;PDV FECHADO (HORARIO COM.)    ;   ;teles      ;17:20
226831                            ;07/10/2024;    ;458646;007;    ;0052548;MERC SHOW DE PRECO                                ;(74)98825-2391 ;020;201;RPP7B52;     325,79;    0,57;08/10/2024;71;SEM DINHEIRO/CHEQUE           ;   ;teles      ;17:20
226832                            ;07/10/2024;    ;458704;007;    ;0064302;ENCONTRO DOS AMIGOS                               ;(74)99940-2988 ;020;200;NZM9993;     622,80;    0,82;08/10/2024;72;PDV FECHADO (HORARIO COM.)    ;   ;teles      ;14:49
226837                            ;07/10/2024;    ;458807;007;    ;0050858;PETISCAL                                          ;(74)99131-3472 ;010;110;OVB5042;     601,60;    0,57;07/10/2024;72;PDV FECHADO (HORARIO COM.)    ;   ;ediziene   ;19:21
226837                            ;07/10/2024;    ;458808;007;    ;0050858;PETISCAL                                          ;(74)99131-3472 ;010;110;OVB5042;     430,80;    0,50;07/10/2024;72;PDV FECHADO (HORARIO COM.)    ;   ;ediziene   ;19:21
226837                            ;07/10/2024;    ;458809;007;    ;0050858;PETISCAL                                          ;(74)99131-3472 ;010;110;OVB5042;    1011,40;    1,09;07/10/2024;72;PDV FECHADO (HORARIO COM.)    ;DER;ediziene   ;19:21
226839                            ;07/10/2024;    ;458860;007;    ;0062064;JD DISTRIBUIDORA DEL                              ;(74)98818-4441 ;010;105;PKK0690;     119,02;    0,14;07/10/2024;72;PDV FECHADO (HORARIO COM.)    ;   ;idute      ;15:03
226839                            ;07/10/2024;    ;458871;007;    ;0054154;MERCADINHO BAHAMAS                                ;(74)98852-5557 ;010;103;PKK0690;    1009,97;    1,30;07/10/2024;42;Produto/Quantidade Errada     ;   ;idute      ;15:04
226840                            ;07/10/2024;    ;458882;007;    ;0053053;MERCADINHO MUNIZ I                                ;(74) 3613-5712 ;080;810;RPR6D25;     575,81;    1,08;07/10/2024;72;PDV FECHADO (HORARIO COM.)    ;   ;idute      ;14:48
226841                            ;07/10/2024;    ;458900;007;    ;0056769;CF DISTRIBUIDORA                                  ;(74)98802-5674 ;010;100;RDN7A69;     153,86;    0,32;07/10/2024;71;SEM DINHEIRO/CHEQUE           ;DER;idute      ;14:22
226845                            ;07/10/2024;    ;458991;007;    ;0058373;Distri  Lataberna                                 ;(74)98843-0071 ;010;102;NZM5543;     971,20;    1,23;07/10/2024;73;FALTA DE ATIVOS DE GIRO       ;   ;idute      ;17:32
226854                            ;07/10/2024;    ;459006;007;    ;0029043;CDR CAMACARI                                      ;(19) 3313-7039 ;000;000;       ;   81420,00;    0,00;07/10/2024;51;NF ERRADA                     ;   ;idute      ;17:56
226869                            ;08/10/2024;    ;459085;007;    ;0052241;CHURRASCARIA GOMES                                ;(74)98847-9071 ;020;205;RDC8F64;    1532,70;    1,49;09/10/2024;73;FALTA DE ATIVOS DE GIRO       ;   ;idute      ;15:32
226870                            ;08/10/2024;    ;459121;007;    ;0064296;BAR CLEU                                          ;(74)98815-7947 ;020;204;RPM8D89;     119,02;    0,14;09/10/2024;73;FALTA DE ATIVOS DE GIRO       ;   ;idute      ;18:02
226870                            ;08/10/2024;    ;459126;007;    ;0064296;BAR CLEU                                          ;(74)98815-7947 ;020;204;RPM8D89;     129,90;    0,14;09/10/2024;73;FALTA DE ATIVOS DE GIRO       ;   ;idute      ;18:01
226871                            ;08/10/2024;    ;459220;007;    ;0057018;OSTENTA BAR                                       ;(74)99984-6411 ;020;202;NZM5543;     614,97;    0,61;09/10/2024;38;Sem Dinheiro                  ;   ;idute      ;10:59
226872                            ;08/10/2024;    ;459234;007;    ;0065086;CHACARA POCO CATINGU                              ;(74)99973-3531 ;010;109;NZM7723;    1537,82;    2,62;08/10/2024;72;PDV FECHADO (HORARIO COM.)    ;   ;teles      ;17:29
226874                            ;08/10/2024;    ;459333;007;    ;0052590;CANTINHO DA IRMA                                  ;(74) 3617-6091 ;010;107;OVB5042;     547,59;    0,70;08/10/2024;42;Produto/Quantidade Errada     ;   ;teles      ;16:25
226874                            ;08/10/2024;    ;459334;007;    ;0052590;CANTINHO DA IRMA                                  ;(74) 3617-6091 ;010;107;OVB5042;      31,96;    0,04;08/10/2024;42;Produto/Quantidade Errada     ;   ;teles      ;16:24
226877                            ;08/10/2024;    ;459439;007;    ;0056768;imporio das carnes                                ;(74)98805-1610 ;020;200;RPP6J11;     539,34;    0,73;09/10/2024;72;PDV FECHADO (HORARIO COM.)    ;   ;aloisio    ;13:26
226877                            ;08/10/2024;    ;459440;007;    ;0056768;imporio das carnes                                ;(74)98805-1610 ;020;200;RPP6J11;     215,60;    0,27;09/10/2024;72;PDV FECHADO (HORARIO COM.)    ;   ;aloisio    ;13:27
226879                            ;08/10/2024;    ;459538;007;    ;0065242;BAR 3 A                                           ;(74)98146-2208 ;010;109;RDJ0G42;    1174,27;    1,23;08/10/2024;82;ENDERECO NAO ENCONTRADO       ;   ;silva      ;19:  
226883                            ;08/10/2024;    ;459653;007;    ;0053265;MERCADINHO LORENA                                 ;(74)99918-0147 ;080;810;PKL6654;    4531,57;    5,62;08/10/2024;71;SEM DINHEIRO/CHEQUE           ;   ;teles      ;16:30
226886                            ;08/10/2024;    ;459741;007;    ;0060247;ALTAS HORAS                                       ;(74)98137-5704 ;010;106;RPR6D25;     377,30;    0,48;08/10/2024;72;PDV FECHADO (HORARIO COM.)    ;   ;silva      ;18:11
226887                            ;08/10/2024;    ;459772;007;    ;0062714;EDCLEI BROTA NUNES                                ;(74)99927-4170 ;010;108;RDN7A69;     311,40;    0,41;08/10/2024;71;SEM DINHEIRO/CHEQUE           ;   ;teles      ;14:11
226887                            ;08/10/2024;    ;459773;007;    ;0062714;EDCLEI BROTA NUNES                                ;(74)99927-4170 ;010;108;RDN7A69;     323,40;    0,41;08/10/2024;71;SEM DINHEIRO/CHEQUE           ;   ;teles      ;14:12
226887                            ;08/10/2024;    ;459774;007;    ;0062714;EDCLEI BROTA NUNES                                ;(74)99927-4170 ;010;108;RDN7A69;      53,90;    0,06;08/10/2024;71;SEM DINHEIRO/CHEQUE           ;   ;teles      ;14:12
226887                            ;08/10/2024;    ;459775;007;    ;0062714;EDCLEI BROTA NUNES                                ;(74)99927-4170 ;010;108;RDN7A69;      24,90;    0,04;08/10/2024;71;SEM DINHEIRO/CHEQUE           ;   ;teles      ;14:11
226889                            ;08/10/2024;    ;459792;007;    ;0064282;ESPETINHO DO GALEGO                               ;(74)98816-8011 ;010;103;RPR6D25;     930,73;    1,09;09/10/2024;72;PDV FECHADO (HORARIO COM.)    ;   ;idute      ;14:23
226892                            ;08/10/2024;    ;459835;007;    ;0052959;MAISA DISTRIBUIDORA                               ;(74)98155-6447 ;010;111;KJP6186;       2,61;    0,00;08/10/2024;42;Produto/Quantidade Errada     ;   ;teles      ;18:03
226892                            ;08/10/2024;    ;459836;007;    ;0052959;MAISA DISTRIBUIDORA                               ;(74)98155-6447 ;010;111;KJP6186;      28,70;    0,03;08/10/2024;42;Produto/Quantidade Errada     ;   ;teles      ;18:03
226892                            ;08/10/2024;    ;459852;007;    ;0056899;CICERO RIVALDO PEREI                              ;(74)98102-7334 ;010;108;KJP6186;       3,19;    0,00;08/10/2024;42;Produto/Quantidade Errada     ;   ;teles      ;18:03
226921                            ;09/10/2024;    ;459991;007;    ;0063967;BAR DO GALEGO                                     ;(74)99125-6387 ;020;205;KJR7340;     294,20;    0,40;14/10/2024;32;ENTREGA ATRASADA (BUFFER)     ;   ;teles      ;14:55
226929                            ;09/10/2024;    ;460365;007;    ;0050064;ATACADAO MURILO                                   ;(74)98123-9836 ;020;203;RDC5J22;     118,02;    0,45;10/10/2024;71;SEM DINHEIRO/CHEQUE           ;   ;ediziene   ;20:54
226930                            ;09/10/2024;    ;460384;007;    ;0025036;MADAME CANGACO                                    ;(74)99161-4344 ;020;203;SJQ6G42;     306,77;    0,39;11/10/2024;37;PDV Fechado                   ;   ;idute      ;15:10
226930                            ;09/10/2024;    ;460395;007;    ;0057938;BEBA BEM DISTRIBUIDO                              ;(11)99736-1911 ;020;203;SJQ6G42;     360,74;    1,20;11/10/2024;42;Produto/Quantidade Errada     ;   ;idute      ;15:09
226937                            ;09/10/2024;    ;460568;007;    ;0065072;BAR DO GORDO                                      ;(74)98803-7351 ;010;110;KJP3656;    1675,26;    1,78;09/10/2024;72;PDV FECHADO (HORARIO COM.)    ;   ;silva      ;19:46
226939                            ;09/10/2024;    ;460649;007;    ;0051183;MERCADINHO PASSOS                                 ;(74)98841-3655 ;010;111;OUG2987;    1548,72;    2,40;10/10/2024;42;Produto/Quantidade Errada     ;   ;teles      ;14:28
226939                            ;09/10/2024;    ;460656;007;    ;0050943;DEPOSITO PAIXAO                                   ;(74)98828-2325 ;010;111;OUG2987;      76,48;    0,08;10/10/2024;50;CARGA ERRADA ARMAZEM          ;   ;teles      ;14:27
226949                            ;09/10/2024;    ;460835;007;    ;0063811;BAR DA NENA                                       ;(74)98834-3342 ;010;107;RDN7A69;     335,89;    0,56;10/10/2024;72;PDV FECHADO (HORARIO COM.)    ;   ;teles      ;10:12
226954                            ;09/10/2024;    ;461000;007;    ;0064103;LISLEY DISTRIBUIDORA                              ;(74)98828-3708 ;010;102;OZF1202;     161,70;    0,20;09/10/2024;71;SEM DINHEIRO/CHEQUE           ;   ;silva      ;18:50
226955                            ;09/10/2024;    ;461038;007;    ;0058574;MINI SHOP ITABERABA                               ;(74)98821-6020 ;080;810;JII1442;    1382,00;    1,88;09/10/2024;72;PDV FECHADO (HORARIO COM.)    ;   ;idute      ;15:56
226955                            ;09/10/2024;    ;461039;007;    ;0056533;DISTR. RB                                         ;(74)98833-5497 ;010;111;JII1442;     377,30;    0,48;09/10/2024;85;DIFICIL ACESSO                ;   ;idute      ;15:57
226955                            ;09/10/2024;    ;461040;007;    ;0056533;DISTR. RB                                         ;(74)98833-5497 ;010;111;JII1442;     904,91;    1,11;09/10/2024;85;DIFICIL ACESSO                ;   ;idute      ;15:57
226955                            ;09/10/2024;    ;461041;007;    ;0056533;DISTR. RB                                         ;(74)98833-5497 ;010;111;JII1442;      34,90;    0,04;09/10/2024;85;DIFICIL ACESSO                ;   ;idute      ;15:58
226958                            ;09/10/2024;    ;461139;007;    ;0051291;CASA DE SHOW                                      ;(74) 9616-0344 ;010;101;KGU0H03;     862,40;    1,10;09/10/2024;72;PDV FECHADO (HORARIO COM.)    ;   ;silva      ;18:44
226964                            ;09/10/2024;    ;460486;007;    ;0063912;BAR DOS IRMAO CORAGE                              ;(87)98859-0023 ;020;201;RPJ2H66;     107,80;    0,13;10/10/2024;72;PDV FECHADO (HORARIO COM.)    ;DER;teles      ;17:39
226981                            ;10/10/2024;    ;461321;007;    ;0054421;LANCHONETE DONA ROSY                              ;(74)98818-5953 ;020;203;RPM8D89;     239,46;    0,38;14/10/2024;71;SEM DINHEIRO/CHEQUE           ;   ;teles      ;08:44
226983                            ;10/10/2024;    ;461390;007;    ;0065033;MUNDO DAS CARNES                                  ;(87)99976-3112 ;020;200;RPP0E77;     527,57;    0,31;10/10/2024;42;Produto/Quantidade Errada     ;   ;teles      ;17:20
226983                            ;10/10/2024;    ;461391;007;    ;0065033;MUNDO DAS CARNES                                  ;(87)99976-3112 ;020;200;RPP0E77;     955,85;    1,28;10/10/2024;42;Produto/Quantidade Errada     ;   ;teles      ;17:20
226983                            ;10/10/2024;    ;461393;007;    ;0065033;MUNDO DAS CARNES                                  ;(87)99976-3112 ;020;200;RPP0E77;     813,52;    0,84;10/10/2024;42;Produto/Quantidade Errada     ;   ;teles      ;17:20
226985                            ;10/10/2024;    ;461468;007;    ;0053516;GELADAO ALENCAR                                   ;(74)99967-3743 ;010;109;RPP7B52;    1974,50;    2,31;11/10/2024;32;ENTREGA ATRASADA (BUFFER)     ;   ;silva      ;19:05
226985                            ;10/10/2024;    ;461469;007;    ;0053516;GELADAO ALENCAR                                   ;(74)99967-3743 ;010;109;RPP7B52;    2443,10;    2,84;11/10/2024;32;ENTREGA ATRASADA (BUFFER)     ;   ;silva      ;19:05
226987                            ;10/10/2024;    ;461575;007;    ;0058186;DIST. PREMIUM                                     ;(74)99157-3484 ;020;202;NZM7723;      42,00;    0,04;11/10/2024;42;Produto/Quantidade Errada     ;   ;aloisio    ;11:44
226991                            ;10/10/2024;    ;461690;007;    ;0053016;DIST GELADOURO                                    ;(74)98803-5760 ;010;111;OVB5042;    6877,00;    8,97;10/10/2024;42;Produto/Quantidade Errada     ;   ;ediziene   ;18:57
226992                            ;10/10/2024;    ;461739;007;    ;0064870;DISTRIBUIDORA SOUZA                               ;(74)98147-8455 ;010;108;OZE4956;    1617,00;    2,07;10/10/2024;73;FALTA DE ATIVOS DE GIRO       ;   ;ediziene   ;19:26
226993                            ;10/10/2024;    ;461758;007;    ;0055765;Deposito do Galeguin                              ;(74)98147-1859 ;010;105;KJP3656;     323,40;    0,41;10/10/2024;82;ENDERECO NAO ENCONTRADO       ;DER;ediziene   ;19:56
226994                            ;10/10/2024;    ;461807;007;    ;0054629;LINCOLN DISTRIBUIDOR                              ;(74)98835-9432 ;010;111;JII1442;      60,00;    0,06;10/10/2024;73;FALTA DE ATIVOS DE GIRO       ;   ;teles      ;17:27
226998                            ;10/10/2024;    ;461918;007;    ;0055197;ARMA. DIST S.ANTONIO                              ;(74)98801-9927 ;010;111;OFB8B98;     113,40;    0,36;10/10/2024;42;Produto/Quantidade Errada     ;   ;ediziene   ;19:32
226999                            ;10/10/2024;    ;461930;007;    ;0064451;JESU ROQUE BEBIDAS                                ;(74)99144-2205 ;010;102;RPR6D25;     106,18;    0,13;10/10/2024;72;PDV FECHADO (HORARIO COM.)    ;   ;teles      ;16:45
227000                            ;10/10/2024;    ;461959;007;    ;0062904;DISTRIB 3 GALEGUIN                                ;(74)99147-7367 ;010;104;RDN7A69;     428,02;    0,55;10/10/2024;72;PDV FECHADO (HORARIO COM.)    ;   ;teles      ;17:57
227000                            ;10/10/2024;    ;461969;007;    ;0065032;DISTRIBUIDORA DA CHR                              ;(74)98817-0867 ;010;106;RDN7A69;     104,32;    0,09;10/10/2024;71;SEM DINHEIRO/CHEQUE           ;   ;teles      ;17:58
227000                            ;10/10/2024;    ;461977;007;    ;0064312;MICHEL BATISTA DA GA                              ;(74)98104-7427 ;010;106;RDN7A69;     297,37;    0,49;10/10/2024;82;ENDERECO NAO ENCONTRADO       ;   ;teles      ;17:58
227035                            ;11/10/2024;    ;462505;007;    ;0064366;ESPETINHO DO BELLUSH                              ;(74)98838-2150 ;020;200;SJQ9B60;     658,14;    0,53;14/10/2024;72;PDV FECHADO (HORARIO COM.)    ;   ;teles      ;13:42
227035                            ;11/10/2024;    ;462519;007;    ;0059290;Mercearia  Avenida                                ;(74)98809-7136 ;020;200;SJQ9B60;     637,15;    0,77;14/10/2024;50;CARGA ERRADA ARMAZEM          ;   ;teles      ;13:43
227035                            ;11/10/2024;    ;462523;007;    ;0057400;MERC DO SO NEGA                                   ;(74)98803-7806 ;020;200;SJQ9B60;     211,60;    0,15;14/10/2024;42;Produto/Quantidade Errada     ;   ;teles      ;13:48
227039                            ;11/10/2024;    ;462642;007;    ;0055981;MERCADINHO  E Lancho                              ;(74)90000-0000 ;020;204;OUX3F90;     468,76;    0,70;14/10/2024;41;Sem Vasilhame.                ;   ;ediziene   ;19:27
227040                            ;11/10/2024;    ;462750;007;    ;0052076;ESQUINA BAR                                       ;(87)98878-9592 ;010;101;RDJ0G42;    2214,50;    2,64;11/10/2024;73;FALTA DE ATIVOS DE GIRO       ;DER;idute      ;17:34
227041                            ;11/10/2024;    ;462778;007;    ;0064676;NIFY RESTAURANTE                                  ;(74)98808-6209 ;010;105;OUG2987;     107,80;    0,13;11/10/2024;72;PDV FECHADO (HORARIO COM.)    ;   ;idute      ;16:28
227041                            ;11/10/2024;    ;462786;007;    ;0063314;PINHEIRO DELICATESSE                              ;(87)98836-2645 ;010;105;OUG2987;       6,92;    0,00;11/10/2024;42;Produto/Quantidade Errada     ;   ;idute      ;16:28
227050                            ;11/10/2024;    ;463067;007;    ;0057130;JOAO BOSCO                                        ;(74)98813-3752 ;010;106;RDN7A69;     214,55;    0,30;11/10/2024;72;PDV FECHADO (HORARIO COM.)    ;   ;idute      ;14:13
227050                            ;11/10/2024;    ;463070;007;    ;0051351;MERC BOM BARATO                                   ;(74)98804-1830 ;010;106;RDN7A69;     350,04;    0,40;11/10/2024;72;PDV FECHADO (HORARIO COM.)    ;   ;idute      ;14:13
227053                            ;11/10/2024;    ;463116;007;    ;0060838;EURACI ARAUJO                                     ;(74)98123-8884 ;010;104;RDN7A69;      47,04;    0,12;11/10/2024;42;Produto/Quantidade Errada     ;   ;silva      ;18:36
227053                            ;11/10/2024;    ;463126;007;    ;0064145;BAR DO DIDA                                       ;(74)98141-8432 ;010;110;RDN7A69;     808,50;    1,03;11/10/2024;72;PDV FECHADO (HORARIO COM.)    ;DER;silva      ;18:35
227053                            ;11/10/2024;    ;463130;007;    ;0064733;CARRIE                                            ;(74)98148-0517 ;010;104;RDN7A69;     808,50;    1,03;11/10/2024;82;ENDERECO NAO ENCONTRADO       ;DER;silva      ;18:36
227056                            ;11/10/2024;    ;463211;007;    ;0064362;TJ Distribuidora                                  ;(87)99932-4223 ;010;104;OZE4956;      23,78;    0,02;11/10/2024;32;ENTREGA ATRASADA (BUFFER)     ;   ;silva      ;19:34
227059                            ;11/10/2024;    ;463312;007;    ;0056755;DIST DE BEBID DANTAS                              ;(74)98807-6553 ;010;106;KJP6186;     307,54;    0,38;11/10/2024;42;Produto/Quantidade Errada     ;   ;silva      ;18:48
227059                            ;11/10/2024;    ;463313;007;    ;0056755;DIST DE BEBID DANTAS                              ;(74)98807-6553 ;010;106;KJP6186;     490,10;    0,62;11/10/2024;42;Produto/Quantidade Errada     ;   ;silva      ;18:48
227061                            ;11/10/2024;    ;463392;007;    ;0053346;NAIANA DISTRIBUIDORA                              ;(87)98823-6368 ;010;111;KJP3656;     651,44;    0,76;14/10/2024;72;PDV FECHADO (HORARIO COM.)    ;DER;teles      ;11:09
227061                            ;11/10/2024;    ;463414;007;    ;0062044;MARIA DE LOURDES                                  ;(74)98834-3343 ;010;101;KJP3656;      93,80;    0,11;14/10/2024;50;CARGA ERRADA ARMAZEM          ;   ;teles      ;11:08
227079                            ;14/10/2024;    ;463467;007;    ;0055940;DIST DO VALE                                      ;(74)98811-4810 ;010;111;RPJ2H66;       3,40;    0,00;14/10/2024;42;Produto/Quantidade Errada     ;   ;teles      ;14:29
227080                            ;14/10/2024;    ;463490;007;    ;0064644;PH BEBIDAS                                        ;(74)99919-7270 ;010;111;NZM4666;      69,04;    0,03;14/10/2024;42;Produto/Quantidade Errada     ;   ;teles      ;13:18
227080                            ;14/10/2024;    ;463491;007;    ;0064644;PH BEBIDAS                                        ;(74)99919-7270 ;010;111;NZM4666;       7,83;    0,00;14/10/2024;42;Produto/Quantidade Errada     ;   ;teles      ;13:18
227082                            ;14/10/2024;    ;463544;007;    ;0063226;BONTEMPO JUA                                      ;(74)98828-9623 ;080;810;RCQ9D86;    2603,33;    2,52;14/10/2024;72;PDV FECHADO (HORARIO COM.)    ;   ;teles      ;16:08
227083                            ;14/10/2024;    ;463557;007;    ;0057017;BARBOSA DISTRIBUIDOR                              ;(74)98815-1961 ;010;103;RCP2C35;     269,50;    0,34;14/10/2024;42;Produto/Quantidade Errada     ;   ;teles      ;13:15
227084                            ;14/10/2024;    ;463563;007;    ;0024880;MERC MALHACAO                                     ;(74) 8806-7130 ;010;102;PKK0690;    3580,88;    4,97;14/10/2024;32;ENTREGA ATRASADA (BUFFER)     ;   ;teles      ;10:58
227086                            ;14/10/2024;    ;463597;007;    ;0056756;BAR 24 HORAS                                      ;(71)99911-6655 ;020;204;RDC8F64;     172,62;    0,21;15/10/2024;72;PDV FECHADO (HORARIO COM.)    ;   ;silva      ;18:29
227086                            ;14/10/2024;    ;463598;007;    ;0056756;BAR 24 HORAS                                      ;(71)99911-6655 ;020;204;RDC8F64;      92,37;    0,07;15/10/2024;72;PDV FECHADO (HORARIO COM.)    ;   ;silva      ;19:44
227086                            ;14/10/2024;    ;463599;007;    ;0056756;BAR 24 HORAS                                      ;(71)99911-6655 ;020;204;RDC8F64;     117,90;    0,14;15/10/2024;72;PDV FECHADO (HORARIO COM.)    ;   ;silva      ;19:45
227086                            ;14/10/2024;    ;463600;007;    ;0056756;BAR 24 HORAS                                      ;(71)99911-6655 ;020;204;RDC8F64;      76,65;    0,12;15/10/2024;72;PDV FECHADO (HORARIO COM.)    ;   ;silva      ;19:45
227086                            ;14/10/2024;    ;463601;007;    ;0056756;BAR 24 HORAS                                      ;(71)99911-6655 ;020;204;RDC8F64;     485,10;    0,62;15/10/2024;72;PDV FECHADO (HORARIO COM.)    ;   ;silva      ;19:46
227088                            ;14/10/2024;    ;463736;007;    ;0054257;GELAD. TOCA DOS GATO                              ;(74)99962-3125 ;010;109;RPP6J11;     117,93;    0,08;14/10/2024;72;PDV FECHADO (HORARIO COM.)    ;DER;idute      ;17:04
227096                            ;14/10/2024;    ;463992;007;    ;0064302;ENCONTRO DOS AMIGOS                               ;(74)99940-2988 ;020;200;NZM5543;     377,30;    0,48;15/10/2024;72;PDV FECHADO (HORARIO COM.)    ;   ;aloisio    ;13:20
227096                            ;14/10/2024;    ;463993;007;    ;0064302;ENCONTRO DOS AMIGOS                               ;(74)99940-2988 ;020;200;NZM5543;     161,70;    0,20;15/10/2024;72;PDV FECHADO (HORARIO COM.)    ;   ;aloisio    ;13:20
227097                            ;14/10/2024;    ;464026;007;    ;0064900;PADARIA BOM SABOR                                 ;(74)99137-9783 ;020;202;NZM9993;     145,07;    0,42;15/10/2024;42;Produto/Quantidade Errada     ;   ;aloisio    ;17:03
227097                            ;14/10/2024;    ;464076;007;    ;0063777;CIDA LANCHES                                      ;(74)99130-2833 ;020;202;NZM9993;     400,93;    1,02;15/10/2024;71;SEM DINHEIRO/CHEQUE           ;   ;aloisio    ;17:03
227098                            ;14/10/2024;    ;464083;007;    ;0055730;MERC. SaO GABRIEL                                 ;(74)98823-9075 ;020;201;RPP7B52;     610,18;    1,25;15/10/2024;72;PDV FECHADO (HORARIO COM.)    ;   ;silva      ;19:27
227105                            ;14/10/2024;    ;464293;007;    ;0063458;CASA LUSTOSA                                      ;(11)96156-1091 ;010;100;PKL6654;     770,30;    0,98;14/10/2024;72;PDV FECHADO (HORARIO COM.)    ;   ;idute      ;17:28
227108                            ;14/10/2024;    ;464379;007;    ;0054583;DISTRIB DOS BROTHERS                              ;(74)98853-9525 ;010;106;PKK8518;     131,93;    0,15;14/10/2024;72;PDV FECHADO (HORARIO COM.)    ;   ;idute      ;15:49
227143                            ;15/10/2024;    ;464590;007;    ;0062929;BAR CASA DE FARINHA                               ;(74)98828-0328 ;020;203;RPM8F89;    1090,91;    1,36;16/10/2024;72;PDV FECHADO (HORARIO COM.)    ;   ;teles      ;16:35
227143                            ;15/10/2024;    ;464591;007;    ;0062929;BAR CASA DE FARINHA                               ;(74)98828-0328 ;020;203;RPM8F89;      89,88;    0,03;16/10/2024;72;PDV FECHADO (HORARIO COM.)    ;   ;teles      ;16:35
227143                            ;15/10/2024;    ;464592;007;    ;0062929;BAR CASA DE FARINHA                               ;(74)98828-0328 ;020;203;RPM8F89;     611,40;    0,63;16/10/2024;72;PDV FECHADO (HORARIO COM.)    ;DER;teles      ;16:35
227143                            ;15/10/2024;    ;464601;007;    ;0053486;BAR PAULO PEZAO                                   ;(74) 8105-2956 ;020;203;RPM8F89;     171,05;    0,21;16/10/2024;50;CARGA ERRADA ARMAZEM          ;   ;teles      ;16:34
227143                            ;15/10/2024;    ;464609;007;    ;0055224;ABRIGO ZE LELE                                    ;(74)99120-0849 ;020;203;RPM8F89;     252,50;    0,36;16/10/2024;72;PDV FECHADO (HORARIO COM.)    ;   ;teles      ;16:36
227145                            ;15/10/2024;    ;464700;007;    ;0065052;BOTECO BATE PAPO K E                              ;(87)99117-8571 ;010;109;RCQ9D86;       4,54;    0,00;15/10/2024;63;PRODUTO / QTDE. ERRADA        ;   ;aloisio    ;17:47
227146                            ;15/10/2024;    ;464791;007;    ;0051445;PAN.DELICIA DO TRIGO                              ;(74)98828-4520 ;020;201;RPE4C71;     396,28;    0,88;16/10/2024;50;CARGA ERRADA ARMAZEM          ;   ;teles      ;17:25
227149                            ;15/10/2024;    ;464924;007;    ;0063695;BAR DE ELIANA                                     ;(75)99870-8073 ;010;100;NZM4666;     269,50;    0,34;16/10/2024;72;PDV FECHADO (HORARIO COM.)    ;   ;teles      ;10:38
227150                            ;15/10/2024;    ;464943;007;    ;0055686;JOSUE MOREIRA DOS SA                              ;(74)98818-7726 ;085;992;OVB5042;      79,82;    0,24;16/10/2024;42;Produto/Quantidade Errada     ;   ;teles      ;11:37
227154                            ;15/10/2024;    ;464971;007;    ;0057286;JOANA MARIA DE OLIVE                              ;(74)98858-7835 ;010;108;RPR6D25;     327,32;    0,41;15/10/2024;72;PDV FECHADO (HORARIO COM.)    ;   ;idute      ;15:48
227154                            ;15/10/2024;    ;464990;007;    ;0064819;JR DELIVERY JUAZ                                  ;(74)98140-5493 ;010;103;RPR6D25;     133,44;    0,19;15/10/2024;72;PDV FECHADO (HORARIO COM.)    ;   ;idute      ;15:48
227158                            ;15/10/2024;    ;465075;007;    ;0064912;JACQUELINNE SANTANA                               ;(74)98848-1438 ;010;106;RDN7A69;     179,50;    0,21;16/10/2024;72;PDV FECHADO (HORARIO COM.)    ;   ;teles      ;10:02
227159                            ;15/10/2024;    ;465116;007;    ;0053551;DISTRIBUID SaO BENTO                              ;(74)98832-1864 ;010;105;PKL6654;      10,43;    0,01;15/10/2024;42;Produto/Quantidade Errada     ;   ;aloisio    ;17:12
227160                            ;15/10/2024;    ;465139;007;    ;0062079;VILA SPORT BEACH                                  ;(74)98104-2427 ;010;110;PKK8518;    1553,39;    1,19;15/10/2024;73;FALTA DE ATIVOS DE GIRO       ;   ;silva      ;18:48
227160                            ;15/10/2024;    ;465153;007;    ;0050871;ANDREIA BAR                                       ;(74)98854-0756 ;010;105;PKK8518;     627,20;    0,96;15/10/2024;73;FALTA DE ATIVOS DE GIRO       ;   ;silva      ;18:48
227162                            ;15/10/2024;    ;465162;007;    ;0055962;DISTR ANDRADE                                     ;(74)98859-4512 ;010;111;OZF1202;      52,18;    0,05;15/10/2024;50;CARGA ERRADA ARMAZEM          ;DER;aloisio    ;17:15
227165                            ;15/10/2024;    ;465300;007;    ;0062140;DISTRIBUIDORA BOM MO                              ;(74)98117-3385 ;020;203;RPM8D89;     877,80;    2,40;17/10/2024;72;PDV FECHADO (HORARIO COM.)    ;   ;idute      ;09:09
227165                            ;15/10/2024;    ;465301;007;    ;0062140;DISTRIBUIDORA BOM MO                              ;(74)98117-3385 ;020;203;RPM8D89;    1189,20;    3,60;17/10/2024;72;PDV FECHADO (HORARIO COM.)    ;   ;idute      ;09:09
227165                            ;15/10/2024;    ;465302;007;    ;0062140;DISTRIBUIDORA BOM MO                              ;(74)98117-3385 ;020;203;RPM8D89;       4,37;    0,00;17/10/2024;72;PDV FECHADO (HORARIO COM.)    ;   ;idute      ;09:10
227165                            ;15/10/2024;    ;465303;007;    ;0062140;DISTRIBUIDORA BOM MO                              ;(74)98117-3385 ;020;203;RPM8D89;      52,17;    0,05;17/10/2024;72;PDV FECHADO (HORARIO COM.)    ;   ;idute      ;09:11
227165                            ;15/10/2024;    ;465304;007;    ;0062140;DISTRIBUIDORA BOM MO                              ;(74)98117-3385 ;020;203;RPM8D89;      33,91;    0,03;17/10/2024;72;PDV FECHADO (HORARIO COM.)    ;   ;idute      ;09:12
227165                            ;15/10/2024;    ;465305;007;    ;0062140;DISTRIBUIDORA BOM MO                              ;(74)98117-3385 ;020;203;RPM8D89;      26,09;    0,02;17/10/2024;72;PDV FECHADO (HORARIO COM.)    ;   ;idute      ;09:13
227187                            ;15/10/2024;    ;465503;007;    ;0029043;CDR CAMACARI                                      ;(19) 3313-7039 ;085;990;       ;  116820,00;    0,00;16/10/2024;51;NF ERRADA                     ;   ;teles      ;11:22
227193                            ;16/10/2024;    ;465641;007;    ;0050367;MERCEARIA ELE                                     ;(74)99935-4112 ;020;205;SJQ6G42;     283,64;    0,84;17/10/2024;71;SEM DINHEIRO/CHEQUE           ;   ;silva      ;20:  
227193                            ;16/10/2024;    ;465642;007;    ;0050367;MERCEARIA ELE                                     ;(74)99935-4112 ;020;205;SJQ6G42;     754,60;    0,96;17/10/2024;71;SEM DINHEIRO/CHEQUE           ;   ;silva      ;20:01
227196                            ;16/10/2024;    ;465803;007;    ;0062739;CLUB DESEJO DE MENIN                              ;(87)99930-8795 ;010;109;RCQ9D86;    1441,51;    1,48;16/10/2024;71;SEM DINHEIRO/CHEQUE           ;   ;ediziene   ;20:35
227196                            ;16/10/2024;    ;465840;007;    ;0063070;COMERCIAL GENOVEZ                                 ;(74)98143-5771 ;010;109;RCQ9D86;      18,26;    0,02;16/10/2024;63;PRODUTO / QTDE. ERRADA        ;   ;ediziene   ;20:35
227198                            ;16/10/2024;    ;465886;007;    ;0052935;MERCADINHO BARBOSA                                ;(74)99141-8182 ;020;202;RPP7B52;       8,74;    0,01;17/10/2024;42;Produto/Quantidade Errada     ;   ;silva      ;19:15
227198                            ;16/10/2024;    ;465903;007;    ;0057018;OSTENTA BAR                                       ;(74)99984-6411 ;020;202;RPP7B52;     411,50;    0,55;17/10/2024;72;PDV FECHADO (HORARIO COM.)    ;   ;silva      ;19:16
227198                            ;16/10/2024;    ;465950;007;    ;0057994;DIST DO CARROLA                                   ;(74)98114-9078 ;020;202;RPP7B52;       4,37;    0,00;17/10/2024;42;Produto/Quantidade Errada     ;   ;silva      ;19:15
227198                            ;16/10/2024;    ;465951;007;    ;0057994;DIST DO CARROLA                                   ;(74)98114-9078 ;020;202;RPP7B52;       4,37;    0,00;17/10/2024;42;Produto/Quantidade Errada     ;   ;silva      ;19:15
227198                            ;16/10/2024;    ;465952;007;    ;0057994;DIST DO CARROLA                                   ;(74)98114-9078 ;020;202;RPP7B52;       4,37;    0,00;17/10/2024;42;Produto/Quantidade Errada     ;   ;silva      ;19:14
227200                            ;16/10/2024;    ;466017;007;    ;0058262;CHEGOU AGORA                                      ;(74)98851-7210 ;020;201;OUX8B81;     700,70;    0,89;18/10/2024;72;PDV FECHADO (HORARIO COM.)    ;DER;teles      ;13:45
227207                            ;16/10/2024;    ;466175;007;    ;0058098;A MERCEARIA                                       ;(74)98847-8148 ;010;105;KJP3656;     747,15;    0,84;16/10/2024;87;TEMPO INSUFICIENTE            ;   ;ediziene   ;20:18
227207                            ;16/10/2024;    ;466176;007;    ;0054628;CAFE COM PAO                                      ;(74)98812-0671 ;010;110;KJP3656;     660,50;    1,62;16/10/2024;87;TEMPO INSUFICIENTE            ;   ;ediziene   ;20:18
227207                            ;16/10/2024;    ;466177;007;    ;0057577;BUDEGA MERCEARIA                                  ;(74)98811-1574 ;010;105;KJP3656;     265,95;    0,48;16/10/2024;87;TEMPO INSUFICIENTE            ;   ;ediziene   ;20:19
227208                            ;16/10/2024;    ;466215;007;    ;0056762;BAR TOCA DO GATO                                  ;(74)98849-6038 ;010;105;PKK0690;     176,27;    0,24;16/10/2024;32;ENTREGA ATRASADA (BUFFER)     ;   ;teles      ;17:32
227211                            ;16/10/2024;    ;466277;007;    ;0054683;ACADEM.VISUAL FITNES                              ;(74)98853-4849 ;010;103;RDN7A69;     280,72;    0,33;17/10/2024;72;PDV FECHADO (HORARIO COM.)    ;   ;idute      ;10:59
227211                            ;16/10/2024;    ;466286;007;    ;0064827;ALBERTO GAZ                                       ;(74)98842-7682 ;010;107;RDN7A69;     108,68;    0,23;17/10/2024;72;PDV FECHADO (HORARIO COM.)    ;   ;idute      ;10:59
227211                            ;16/10/2024;    ;466304;007;    ;0058600;ELIANE DAN                                        ;(74)98105-8753 ;010;107;RDN7A69;     264,80;    0,28;17/10/2024;71;SEM DINHEIRO/CHEQUE           ;   ;idute      ;11:  
227212                            ;16/10/2024;    ;466322;007;    ;0055246;RES SABORES DA PAULA                              ;(74)98873-5980 ;010;102;RPR6D25;      47,04;    0,12;16/10/2024;72;PDV FECHADO (HORARIO COM.)    ;   ;teles      ;17:  
227212                            ;16/10/2024;    ;466340;007;    ;0056585;ERASMO VIEIRA DO NAS                              ;(74)99129-0702 ;010;102;RPR6D25;     324,41;    0,44;16/10/2024;72;PDV FECHADO (HORARIO COM.)    ;   ;teles      ;17:  
227216                            ;16/10/2024;    ;466396;007;    ;0053372;DEPOSITO BRAULIO                                  ;(74)98865-0270 ;010;108;LKI1H89;     107,80;    0,13;16/10/2024;72;PDV FECHADO (HORARIO COM.)    ;   ;teles      ;17:21
227216                            ;16/10/2024;    ;466397;007;    ;0053372;DEPOSITO BRAULIO                                  ;(74)98865-0270 ;010;108;LKI1H89;      94,08;    0,24;16/10/2024;72;PDV FECHADO (HORARIO COM.)    ;   ;teles      ;17:21
227218                            ;16/10/2024;    ;466440;007;    ;0056470;W A DISTRIBUIDORA                                 ;(48)99184-7393 ;010;107;NZM5543;      70,00;    0,06;16/10/2024;42;Produto/Quantidade Errada     ;   ;teles      ;18:10
227218                            ;16/10/2024;    ;466441;007;    ;0056470;W A DISTRIBUIDORA                                 ;(48)99184-7393 ;010;107;NZM5543;     140,00;    0,12;16/10/2024;42;Produto/Quantidade Errada     ;   ;teles      ;18:10
227220                            ;16/10/2024;    ;466560;007;    ;0024652;RES SEU SASA                                      ;(87)98844-5857 ;010;103;NZM9993;     589,85;    0,54;16/10/2024;72;PDV FECHADO (HORARIO COM.)    ;   ;ediziene   ;19:05
227220                            ;16/10/2024;    ;466561;007;    ;0003312;COMERCIAL VITORIA                                 ;(74)98816-2309 ;010;111;NZM9993;     490,34;    0,79;16/10/2024;72;PDV FECHADO (HORARIO COM.)    ;   ;ediziene   ;19:04
227220                            ;16/10/2024;    ;466562;007;    ;0003312;COMERCIAL VITORIA                                 ;(74)98816-2309 ;010;111;NZM9993;     188,58;    0,24;16/10/2024;72;PDV FECHADO (HORARIO COM.)    ;   ;ediziene   ;19:05
227222                            ;16/10/2024;    ;466638;007;    ;0053798;DIST TEREZINHA                                    ;(74)98123-9797 ;010;102;KJP6186;     374,12;    0,48;16/10/2024;72;PDV FECHADO (HORARIO COM.)    ;   ;ediziene   ;19:07
227222                            ;16/10/2024;    ;466639;007;    ;0053798;DIST TEREZINHA                                    ;(74)98123-9797 ;010;102;KJP6186;     107,80;    0,13;16/10/2024;72;PDV FECHADO (HORARIO COM.)    ;   ;ediziene   ;19:07
227222                            ;16/10/2024;    ;466640;007;    ;0053798;DIST TEREZINHA                                    ;(74)98123-9797 ;010;102;KJP6186;     107,80;    0,13;16/10/2024;72;PDV FECHADO (HORARIO COM.)    ;   ;ediziene   ;19:08
227253                            ;17/10/2024;    ;467130;007;    ;0062736;MERCADINHO BAIXINHO                               ;(71)98810-0025 ;020;203;RPM8F89;     443,10;    0,46;18/10/2024;42;Produto/Quantidade Errada     ;   ;ediziene   ;19:33
227255                            ;17/10/2024;    ;467202;007;    ;0064668;DJ DISTRIBUIDORA                                  ;(74)98801-0309 ;010;101;OZE4956;    1617,00;    2,07;17/10/2024;42;Produto/Quantidade Errada     ;DER;silva      ;18:39
227255                            ;17/10/2024;    ;467203;007;    ;0064668;DJ DISTRIBUIDORA                                  ;(74)98801-0309 ;010;101;OZE4956;    1617,00;    2,07;17/10/2024;42;Produto/Quantidade Errada     ;DER;silva      ;18:39
227256                            ;17/10/2024;    ;467252;007;    ;0059289;MERC FRUTAS                                       ;(74)98842-3034 ;010;108;RPE4C71;      49,12;    0,01;17/10/2024;63;PRODUTO / QTDE. ERRADA        ;DER;idute      ;16:31
227256                            ;17/10/2024;    ;467254;007;    ;0064496;CHURRASCARIA E DISTR                              ;(74)98843-8912 ;010;108;RPE4C71;     406,70;    0,43;17/10/2024;71;SEM DINHEIRO/CHEQUE           ;   ;idute      ;16:31
227257                            ;17/10/2024;    ;467318;007;    ;0058255;CANTINHO CERTO                                    ;(74)98138-1195 ;010;107;PKK0690;     537,70;    0,66;17/10/2024;71;SEM DINHEIRO/CHEQUE           ;   ;silva      ;18:48
227258                            ;17/10/2024;    ;467319;007;    ;0064754;ARMAZEM CARLOS                                    ;(74)98812-6627 ;010;105;PKL6654;      33,72;    0,04;17/10/2024;42;Produto/Quantidade Errada     ;   ;idute      ;16:58
227258                            ;17/10/2024;    ;467321;007;    ;0025990;DEPOSITO BEER                                     ;(74)98831-8360 ;010;105;PKL6654;     267,38;    0,31;17/10/2024;42;Produto/Quantidade Errada     ;   ;idute      ;16:57
227264                            ;17/10/2024;    ;467443;007;    ;0055321;MERCEARIA IRACY                                   ;(74)98812-3561 ;010;103;LKI1H89;     902,18;    1,12;17/10/2024;72;PDV FECHADO (HORARIO COM.)    ;   ;aloisio    ;13:22
227264                            ;17/10/2024;    ;467460;007;    ;0062221;DISK BEBIDAS                                      ;(74)98852-6220 ;010;103;LKI1H89;     269,50;    0,34;17/10/2024;72;PDV FECHADO (HORARIO COM.)    ;   ;aloisio    ;13:23
227264                            ;17/10/2024;    ;467461;007;    ;0062221;DISK BEBIDAS                                      ;(74)98852-6220 ;010;103;LKI1H89;     107,80;    0,13;17/10/2024;72;PDV FECHADO (HORARIO COM.)    ;   ;aloisio    ;13:23
227264                            ;17/10/2024;    ;467462;007;    ;0062221;DISK BEBIDAS                                      ;(74)98852-6220 ;010;103;LKI1H89;     405,80;    0,60;17/10/2024;72;PDV FECHADO (HORARIO COM.)    ;   ;aloisio    ;13:24
227272                            ;17/10/2024;    ;467698;007;    ;0058529;BOM SABOR                                         ;(74)98855-7375 ;010;103;KJP3656;     377,30;    0,48;17/10/2024;72;PDV FECHADO (HORARIO COM.)    ;DER;silva      ;18:28
227274                            ;17/10/2024;    ;467770;007;    ;0000210;BAR DO CARLOS                                     ;(74)98818-8432 ;010;110;OFB8B98;    1485,56;    1,93;17/10/2024;42;Produto/Quantidade Errada     ;   ;silva      ;18:54
227292                            ;18/10/2024;    ;467883;007;    ;0053843;COM DE BEB. SaO LUIZ                              ;(74)99970-3076 ;020;205;KJR7340;    2496,00;    7,20;21/10/2024;72;PDV FECHADO (HORARIO COM.)    ;   ;aloisio    ;14:11
227292                            ;18/10/2024;    ;467884;007;    ;0053843;COM DE BEB. SaO LUIZ                              ;(74)99970-3076 ;020;205;KJR7340;    8849,40;    9,28;21/10/2024;72;PDV FECHADO (HORARIO COM.)    ;   ;aloisio    ;14:12
227292                            ;18/10/2024;    ;467885;007;    ;0053843;COM DE BEB. SaO LUIZ                              ;(74)99970-3076 ;020;205;KJR7340;      39,13;    0,04;21/10/2024;72;PDV FECHADO (HORARIO COM.)    ;   ;aloisio    ;14:12
227292                            ;18/10/2024;    ;467886;007;    ;0053843;COM DE BEB. SaO LUIZ                              ;(74)99970-3076 ;020;205;KJR7340;      13,05;    0,01;21/10/2024;72;PDV FECHADO (HORARIO COM.)    ;   ;aloisio    ;14:13
227295                            ;18/10/2024;    ;467949;007;    ;0063468;COMERCIAL AVENIDA                                 ;(43)90000-0000 ;020;205;SJQ6G42;    2371,48;    4,10;19/10/2024;71;SEM DINHEIRO/CHEQUE           ;   ;aloisio    ;18:03
227297                            ;18/10/2024;    ;468076;007;    ;0053201;bar e lanch explosao                              ;(74)98806-1504 ;020;200;SJQ9B60;     167,24;    0,21;19/10/2024;72;PDV FECHADO (HORARIO COM.)    ;   ;aloisio    ;16:11
227297                            ;18/10/2024;    ;468085;007;    ;0053402;BAR DA ZENAIDE                                    ;(74)98818-7309 ;020;200;SJQ9B60;     323,40;    0,41;19/10/2024;72;PDV FECHADO (HORARIO COM.)    ;   ;aloisio    ;16:12
227297                            ;18/10/2024;    ;468086;007;    ;0053402;BAR DA ZENAIDE                                    ;(74)98818-7309 ;020;200;SJQ9B60;     215,60;    0,27;19/10/2024;72;PDV FECHADO (HORARIO COM.)    ;   ;aloisio    ;16:12
227297                            ;18/10/2024;    ;468087;007;    ;0053402;BAR DA ZENAIDE                                    ;(74)98818-7309 ;020;200;SJQ9B60;     143,08;    0,36;19/10/2024;72;PDV FECHADO (HORARIO COM.)    ;   ;aloisio    ;16:13
227298                            ;18/10/2024;    ;468158;007;    ;0064439;TREILER                                           ;(74)99159-7713 ;010;109;RPP6J11;      58,48;    0,07;19/10/2024;72;PDV FECHADO (HORARIO COM.)    ;   ;silva      ;18:38
227298                            ;18/10/2024;    ;468204;007;    ;0064413;BAR E MERC RAILDA                                 ;(74)99982-7872 ;010;109;RPP6J11;     117,90;    0,14;19/10/2024;72;PDV FECHADO (HORARIO COM.)    ;   ;silva      ;18:37
227298                            ;18/10/2024;    ;468205;007;    ;0064413;BAR E MERC RAILDA                                 ;(74)99982-7872 ;010;109;RPP6J11;     421,62;    0,70;19/10/2024;72;PDV FECHADO (HORARIO COM.)    ;   ;silva      ;18:36
227298                            ;18/10/2024;    ;468207;007;    ;0053855;SUPER. VERDIM                                     ;(74) 3531-1452 ;010;109;RPP6J11;    4453,44;    6,94;19/10/2024;72;PDV FECHADO (HORARIO COM.)    ;   ;silva      ;18:36
227298                            ;18/10/2024;    ;468208;007;    ;0053855;SUPER. VERDIM                                     ;(74) 3531-1452 ;010;109;RPP6J11;      34,61;    0,02;19/10/2024;72;PDV FECHADO (HORARIO COM.)    ;   ;silva      ;18:35
227298                            ;18/10/2024;    ;468219;007;    ;0052824;KAZITO SUPERMERCADO                               ;(87)98177-1227 ;010;109;RPP6J11;    1967,93;    2,38;19/10/2024;72;PDV FECHADO (HORARIO COM.)    ;   ;silva      ;18:38
227298                            ;18/10/2024;    ;468220;007;    ;0052824;KAZITO SUPERMERCADO                               ;(87)98177-1227 ;010;109;RPP6J11;       4,35;    0,00;19/10/2024;72;PDV FECHADO (HORARIO COM.)    ;   ;silva      ;18:38
227300                            ;18/10/2024;    ;468260;007;    ;0065076;PIZZARIA DELICIA DO                               ;(11)95281-6799 ;020;203;RDC8F64;     292,00;    0,28;19/10/2024;72;PDV FECHADO (HORARIO COM.)    ;   ;silva      ;19:20
227300                            ;18/10/2024;    ;468261;007;    ;0065107;MERC ALMEIDA                                      ;(74)98141-2956 ;020;203;RDC8F64;     219,95;    0,63;19/10/2024;72;PDV FECHADO (HORARIO COM.)    ;   ;silva      ;19:21
227300                            ;18/10/2024;    ;468278;007;    ;0054421;LANCHONETE DONA ROSY                              ;(74)98818-5953 ;020;203;RDC8F64;     260,71;    0,41;19/10/2024;71;SEM DINHEIRO/CHEQUE           ;   ;silva      ;19:21
227300                            ;18/10/2024;    ;468279;007;    ;0025749;MERC MOREIRA                                      ;(74)99102-0356 ;020;203;RDC8F64;     258,38;    0,39;19/10/2024;72;PDV FECHADO (HORARIO COM.)    ;   ;silva      ;19:18
227300                            ;18/10/2024;    ;468280;007;    ;0003696;MERCEARIA EVANGELIST                              ;(74)98102-3752 ;020;203;RDC8F64;     427,17;    0,52;19/10/2024;72;PDV FECHADO (HORARIO COM.)    ;   ;silva      ;19:19
227300                            ;18/10/2024;    ;468281;007;    ;0053487;MERCADINHO ESPERANCA                              ;(74)98157-5116 ;020;203;RDC8F64;     269,50;    0,34;19/10/2024;72;PDV FECHADO (HORARIO COM.)    ;DER;silva      ;19:20
227300                            ;18/10/2024;    ;468282;007;    ;0053487;MERCADINHO ESPERANCA                              ;(74)98157-5116 ;020;203;RDC8F64;      17,28;    0,02;19/10/2024;72;PDV FECHADO (HORARIO COM.)    ;   ;silva      ;19:19
227300                            ;18/10/2024;    ;468284;007;    ;0064628;INOVAR                                            ;(74)98801-1371 ;020;203;RDC8F64;     230,72;    0,41;19/10/2024;72;PDV FECHADO (HORARIO COM.)    ;   ;silva      ;19:20
227300                            ;18/10/2024;    ;468288;007;    ;0052809;SUPERMERCADO SILVANO                              ;(74)98815-3400 ;020;204;RDC8F64;     369,00;    0,53;19/10/2024;72;PDV FECHADO (HORARIO COM.)    ;   ;silva      ;19:21
227303                            ;18/10/2024;    ;468447;007;    ;0008108;MEGA CHEFF                                        ;(74)98101-9073 ;020;202;NZM5543;    1258,90;    2,46;19/10/2024;71;SEM DINHEIRO/CHEQUE           ;   ;aloisio    ;15:31
227305                            ;18/10/2024;    ;468532;007;    ;0053151;SKINA BAR                                         ;(74)98859-4829 ;020;201;KHL4414;    1258,30;    1,59;18/10/2024;87;TEMPO INSUFICIENTE            ;   ;ediziene   ;19:27
227305                            ;18/10/2024;    ;468533;007;    ;0053151;SKINA BAR                                         ;(74)98859-4829 ;020;201;KHL4414;     161,70;    0,20;18/10/2024;87;TEMPO INSUFICIENTE            ;DER;ediziene   ;19:27
227305                            ;18/10/2024;    ;468534;007;    ;0053151;SKINA BAR                                         ;(74)98859-4829 ;020;201;KHL4414;      53,76;    0,08;18/10/2024;87;TEMPO INSUFICIENTE            ;   ;ediziene   ;19:28
227306                            ;18/10/2024;    ;468535;007;    ;0064144;DIST LN                                           ;(74)99812-4179 ;010;107;PKK0690;     539,00;    0,69;18/10/2024;85;DIFICIL ACESSO                ;   ;teles      ;16:06
227306                            ;18/10/2024;    ;468536;007;    ;0064144;DIST LN                                           ;(74)99812-4179 ;010;107;PKK0690;       5,22;    0,00;18/10/2024;85;DIFICIL ACESSO                ;   ;teles      ;16:06
227306                            ;18/10/2024;    ;468542;007;    ;0063994;DIST BELA VISTA                                   ;(74)99971-6258 ;010;107;PKK0690;      50,76;    0,06;18/10/2024;85;DIFICIL ACESSO                ;   ;teles      ;16:06
227306                            ;18/10/2024;    ;468543;007;    ;0063994;DIST BELA VISTA                                   ;(74)99971-6258 ;010;107;PKK0690;    2964,50;    3,79;18/10/2024;85;DIFICIL ACESSO                ;   ;teles      ;16:06
227306                            ;18/10/2024;    ;468544;007;    ;0059287;DISTRIBUIDORA E MERC                              ;(74)99971-6258 ;010;107;PKK0690;    1403,74;    2,08;18/10/2024;85;DIFICIL ACESSO                ;   ;teles      ;16:05
227308                            ;18/10/2024;    ;468602;007;    ;0063673;BAR DA BR                                         ;(74)99940-7285 ;010;107;NZM9993;     107,80;    0,13;19/10/2024;85;DIFICIL ACESSO                ;   ;aloisio    ;15:23
227308                            ;18/10/2024;    ;468603;007;    ;0063673;BAR DA BR                                         ;(74)99940-7285 ;010;107;NZM9993;      53,90;    0,06;19/10/2024;85;DIFICIL ACESSO                ;   ;aloisio    ;15:23
227308                            ;18/10/2024;    ;468604;007;    ;0063673;BAR DA BR                                         ;(74)99940-7285 ;010;107;NZM9993;      53,90;    0,06;19/10/2024;85;DIFICIL ACESSO                ;   ;aloisio    ;15:24
227308                            ;18/10/2024;    ;468611;007;    ;0057689;BAR DE IVONILDE                                   ;(74)99811-5487 ;010;107;NZM9993;     538,73;    0,69;19/10/2024;85;DIFICIL ACESSO                ;   ;aloisio    ;15:17
227308                            ;18/10/2024;    ;468612;007;    ;0057689;BAR DE IVONILDE                                   ;(74)99811-5487 ;010;107;NZM9993;      54,17;    0,06;19/10/2024;85;DIFICIL ACESSO                ;   ;aloisio    ;15:18
227308                            ;18/10/2024;    ;468613;007;    ;0057689;BAR DE IVONILDE                                   ;(74)99811-5487 ;010;107;NZM9993;      31,31;    0,03;19/10/2024;85;DIFICIL ACESSO                ;DER;aloisio    ;15:18
227308                            ;18/10/2024;    ;468614;007;    ;0056616;Mercadinho Lima                                   ;(74)99984-7261 ;010;107;NZM9993;     108,91;    0,13;19/10/2024;85;DIFICIL ACESSO                ;   ;aloisio    ;15:12
227308                            ;18/10/2024;    ;468615;007;    ;0056616;Mercadinho Lima                                   ;(74)99984-7261 ;010;107;NZM9993;    1863,15;    2,16;19/10/2024;85;DIFICIL ACESSO                ;   ;aloisio    ;15:14
227308                            ;18/10/2024;    ;468661;007;    ;0057594;DAYANE PESSOA                                     ;(74)98835-5758 ;010;100;NZM9993;      53,90;    0,06;19/10/2024;85;DIFICIL ACESSO                ;   ;aloisio    ;15:21
227308                            ;18/10/2024;    ;468662;007;    ;0057594;DAYANE PESSOA                                     ;(74)98835-5758 ;010;100;NZM9993;     107,80;    0,13;19/10/2024;85;DIFICIL ACESSO                ;   ;aloisio    ;15:22
227308                            ;18/10/2024;    ;468663;007;    ;0057594;DAYANE PESSOA                                     ;(74)98835-5758 ;010;100;NZM9993;      53,90;    0,06;19/10/2024;85;DIFICIL ACESSO                ;   ;aloisio    ;15:22
227308                            ;18/10/2024;    ;468664;007;    ;0057033;MERCEARIA A BUDEGA                                ;(74)99978-1766 ;010;100;NZM9993;     864,35;    1,37;19/10/2024;85;DIFICIL ACESSO                ;DER;aloisio    ;15:15
227308                            ;18/10/2024;    ;468665;007;    ;0057033;MERCEARIA A BUDEGA                                ;(74)99978-1766 ;010;100;NZM9993;     847,93;    1,16;19/10/2024;85;DIFICIL ACESSO                ;   ;aloisio    ;15:16
227308                            ;18/10/2024;    ;468666;007;    ;0064428;MAYARA DOS SANTOS RO                              ;(87)98867-2150 ;010;100;NZM9993;     431,20;    0,55;19/10/2024;85;DIFICIL ACESSO                ;   ;aloisio    ;15:19
227308                            ;18/10/2024;    ;468667;007;    ;0064428;MAYARA DOS SANTOS RO                              ;(87)98867-2150 ;010;100;NZM9993;    1617,00;    2,07;19/10/2024;85;DIFICIL ACESSO                ;   ;aloisio    ;15:20
227308                            ;18/10/2024;    ;468668;007;    ;0064428;MAYARA DOS SANTOS RO                              ;(87)98867-2150 ;010;100;NZM9993;      23,48;    0,02;19/10/2024;85;DIFICIL ACESSO                ;DER;aloisio    ;15:21
227311                            ;18/10/2024;    ;468729;007;    ;0062043;BAR DA CORRINHA                                   ;(87)99103-7278 ;010;108;OZF1202;      53,90;    0,06;18/10/2024;85;DIFICIL ACESSO                ;   ;teles      ;19:  
227311                            ;18/10/2024;    ;468730;007;    ;0062043;BAR DA CORRINHA                                   ;(87)99103-7278 ;010;108;OZF1202;     323,40;    0,41;18/10/2024;85;DIFICIL ACESSO                ;   ;teles      ;19:  
227311                            ;18/10/2024;    ;468731;007;    ;0062043;BAR DA CORRINHA                                   ;(87)99103-7278 ;010;108;OZF1202;     161,70;    0,20;18/10/2024;85;DIFICIL ACESSO                ;   ;teles      ;18:59
227311                            ;18/10/2024;    ;468732;007;    ;0062043;BAR DA CORRINHA                                   ;(87)99103-7278 ;010;108;OZF1202;      42,18;    0,12;18/10/2024;85;DIFICIL ACESSO                ;   ;teles      ;18:59
227311                            ;18/10/2024;    ;468737;007;    ;0050946;BAR DA PAZ                                        ;(74)98857-9412 ;010;108;OZF1202;     468,00;    0,55;18/10/2024;72;PDV FECHADO (HORARIO COM.)    ;DER;teles      ;18:59
227313                            ;18/10/2024;    ;468767;007;    ;0055212;MERCADINHO BEZERRA                                ;(74)99913-4792 ;020;201;RPP7B52;     808,50;    1,03;19/10/2024;73;FALTA DE ATIVOS DE GIRO       ;DER;aloisio    ;15:36
227313                            ;18/10/2024;    ;468820;007;    ;0058035;ESQUINA CHOPP                                     ;(74)99973-0445 ;020;201;RPP7B52;     926,20;    1,05;19/10/2024;32;ENTREGA ATRASADA (BUFFER)     ;   ;aloisio    ;15:37
227313                            ;18/10/2024;    ;468821;007;    ;0058035;ESQUINA CHOPP                                     ;(74)99973-0445 ;020;201;RPP7B52;      19,62;    0,06;19/10/2024;32;ENTREGA ATRASADA (BUFFER)     ;   ;aloisio    ;15:38
227315                            ;18/10/2024;    ;468854;007;    ;0024336;BAR E REST.POR D SOL                              ;(74) 8805-3904 ;010;108;OZE4956;     117,76;    0,34;19/10/2024;71;SEM DINHEIRO/CHEQUE           ;   ;aloisio    ;11:09
227315                            ;18/10/2024;    ;468856;007;    ;0024955;MERCADINHO GOMES                                  ;(74)98817-8548 ;010;108;OZE4956;     174,77;    0,24;19/10/2024;71;SEM DINHEIRO/CHEQUE           ;   ;aloisio    ;11:18
227315                            ;18/10/2024;    ;468857;007;    ;0053974;MERCAD. ALVES                                     ;(87)99977-9821 ;010;108;OZE4956;     300,96;    1,20;19/10/2024;71;SEM DINHEIRO/CHEQUE           ;   ;aloisio    ;11:19
227315                            ;18/10/2024;    ;468858;007;    ;0065036;BAR DA ALICINHA                                   ;(74)98140-9356 ;010;108;OZE4956;      74,20;    0,08;19/10/2024;71;SEM DINHEIRO/CHEQUE           ;DER;aloisio    ;11:10
227315                            ;18/10/2024;    ;468859;007;    ;0058022;PARADA OBRIGATORIA                                ;(74)98844-4736 ;010;108;OZE4956;    1123,58;    1,27;19/10/2024;71;SEM DINHEIRO/CHEQUE           ;   ;aloisio    ;11:11
227315                            ;18/10/2024;    ;468860;007;    ;0058022;PARADA OBRIGATORIA                                ;(74)98844-4736 ;010;108;OZE4956;     377,30;    0,48;19/10/2024;71;SEM DINHEIRO/CHEQUE           ;   ;aloisio    ;11:12
227315                            ;18/10/2024;    ;468861;007;    ;0058022;PARADA OBRIGATORIA                                ;(74)98844-4736 ;010;108;OZE4956;     269,50;    0,34;19/10/2024;71;SEM DINHEIRO/CHEQUE           ;   ;aloisio    ;11:13
227315                            ;18/10/2024;    ;468862;007;    ;0062662;RESTAURANTE NORDESTI                              ;(43)90000-0000 ;010;108;OZE4956;     713,84;    0,90;19/10/2024;71;SEM DINHEIRO/CHEQUE           ;DER;aloisio    ;11:14
227315                            ;18/10/2024;    ;468863;007;    ;0064244;ARMAZEM DO CAMPO                                  ;(74)98856-9669 ;010;108;OZE4956;     107,80;    0,13;19/10/2024;71;SEM DINHEIRO/CHEQUE           ;   ;aloisio    ;11:15
227315                            ;18/10/2024;    ;468864;007;    ;0064244;ARMAZEM DO CAMPO                                  ;(74)98856-9669 ;010;108;OZE4956;     161,70;    0,20;19/10/2024;71;SEM DINHEIRO/CHEQUE           ;DER;aloisio    ;11:16
227315                            ;18/10/2024;    ;468865;007;    ;0064244;ARMAZEM DO CAMPO                                  ;(74)98856-9669 ;010;108;OZE4956;      23,48;    0,02;19/10/2024;71;SEM DINHEIRO/CHEQUE           ;   ;aloisio    ;11:18
227315                            ;18/10/2024;    ;468866;007;    ;0063939;MERCADINHO MILAGRE                                ;(74)98857-4004 ;010;108;OZE4956;     143,60;    0,16;19/10/2024;71;SEM DINHEIRO/CHEQUE           ;   ;aloisio    ;11:20
227315                            ;18/10/2024;    ;468867;007;    ;0063939;MERCADINHO MILAGRE                                ;(74)98857-4004 ;010;108;OZE4956;     215,60;    0,27;19/10/2024;71;SEM DINHEIRO/CHEQUE           ;DER;aloisio    ;11:21
227315                            ;18/10/2024;    ;468869;007;    ;0064553;MINI MERCEARIA SOLEV                              ;(74)98154-6465 ;010;105;OZE4956;     340,30;    0,42;19/10/2024;85;DIFICIL ACESSO                ;DER;aloisio    ;11:08
227319                            ;18/10/2024;    ;468897;007;    ;0055431;MERC AMORIM                                       ;(74)98817-6944 ;010;104;RDJ0G42;    5792,04;    7,20;18/10/2024;42;Produto/Quantidade Errada     ;DER;teles      ;11:32
227323                            ;18/10/2024;    ;468986;007;    ;0056276;MERCADINHO FREIRE                                 ;(74)98835-3628 ;010;107;RDN1D46;      59,90;    0,06;18/10/2024;72;PDV FECHADO (HORARIO COM.)    ;AGE;teles      ;16:18
227323                            ;18/10/2024;    ;468987;007;    ;0064182;PASTEL E CIA                                      ;(74)99142-5140 ;010;107;RDN1D46;     100,42;    0,13;18/10/2024;72;PDV FECHADO (HORARIO COM.)    ;   ;teles      ;16:18
227323                            ;18/10/2024;    ;468988;007;    ;0065248;RESTAURANTE COMIDA C                              ;(74)98872-5376 ;010;101;RDN1D46;     333,29;    0,60;18/10/2024;72;PDV FECHADO (HORARIO COM.)    ;   ;teles      ;16:18
227323                            ;18/10/2024;    ;468992;007;    ;0064646;MERCADINHO SANTANA                                ;(74)98839-3186 ;010;103;RDN1D46;     309,12;    0,32;18/10/2024;85;DIFICIL ACESSO                ;   ;teles      ;16:19
227323                            ;18/10/2024;    ;468993;007;    ;0057007;MERCADINHO IRACEMA                                ;(74)98849-3321 ;010;103;RDN1D46;     269,50;    0,34;18/10/2024;85;DIFICIL ACESSO                ;   ;teles      ;16:19
227323                            ;18/10/2024;    ;469001;007;    ;0057017;BARBOSA DISTRIBUIDOR                              ;(74)98815-1961 ;010;103;RDN1D46;     269,50;    0,34;18/10/2024;72;PDV FECHADO (HORARIO COM.)    ;   ;teles      ;16:18
227323                            ;18/10/2024;    ;469002;007;    ;0057017;BARBOSA DISTRIBUIDOR                              ;(74)98815-1961 ;010;103;RDN1D46;      53,90;    0,06;18/10/2024;72;PDV FECHADO (HORARIO COM.)    ;   ;teles      ;16:19
227323                            ;18/10/2024;    ;469013;007;    ;0064869;MERC DA IRIS                                      ;(74)98828-5453 ;010;103;RDN1D46;      66,74;    0,08;18/10/2024;72;PDV FECHADO (HORARIO COM.)    ;   ;teles      ;16:17
227323                            ;18/10/2024;    ;469018;007;    ;0064493;DK DISTRIBUI AVENIDA                              ;(74) 8831-3794 ;010;104;RDN1D46;     394,90;    0,46;18/10/2024;72;PDV FECHADO (HORARIO COM.)    ;   ;teles      ;16:17
227326                            ;18/10/2024;    ;469112;007;    ;0064695;DONA DENDE                                        ;(71)99682-1648 ;010;110;LKI1H89;     735,70;    0,70;18/10/2024;72;PDV FECHADO (HORARIO COM.)    ;   ;teles      ;18:05
227327                            ;18/10/2024;    ;469145;007;    ;0051517;MERC DO EDMILSON                                  ;(87)98119-5007 ;010;105;OFB8B98;     853,10;    1,20;18/10/2024;85;DIFICIL ACESSO                ;   ;ediziene   ;19:12
227327                            ;18/10/2024;    ;469146;007;    ;0051517;MERC DO EDMILSON                                  ;(87)98119-5007 ;010;105;OFB8B98;     457,97;    0,55;18/10/2024;85;DIFICIL ACESSO                ;   ;ediziene   ;19:13
227327                            ;18/10/2024;    ;469147;007;    ;0051517;MERC DO EDMILSON                                  ;(87)98119-5007 ;010;105;OFB8B98;     738,93;    0,67;18/10/2024;85;DIFICIL ACESSO                ;   ;ediziene   ;19:13
227329                            ;18/10/2024;    ;469213;007;    ;0052222;MERCADINHO SOUZA                                  ;(74)98827-2270 ;010;111;OFB8B68;      65,19;    0,12;18/10/2024;42;Produto/Quantidade Errada     ;   ;teles      ;15:12
227329                            ;18/10/2024;    ;469214;007;    ;0052222;MERCADINHO SOUZA                                  ;(74)98827-2270 ;010;111;OFB8B68;     161,45;    0,24;18/10/2024;42;Produto/Quantidade Errada     ;   ;teles      ;15:12
227329                            ;18/10/2024;    ;469215;007;    ;0052222;MERCADINHO SOUZA                                  ;(74)98827-2270 ;010;111;OFB8B68;    2672,24;    3,45;18/10/2024;42;Produto/Quantidade Errada     ;   ;teles      ;15:11
227329                            ;18/10/2024;    ;469216;007;    ;0052222;MERCADINHO SOUZA                                  ;(74)98827-2270 ;010;111;OFB8B68;    2790,81;    4,63;18/10/2024;42;Produto/Quantidade Errada     ;   ;teles      ;15:13
227331                            ;18/10/2024;    ;469274;007;    ;0053346;NAIANA DISTRIBUIDORA                              ;(87)98823-6368 ;010;111;PKK8518;     630,38;    0,87;18/10/2024;72;PDV FECHADO (HORARIO COM.)    ;DER;ediziene   ;19:04
227332                            ;18/10/2024;    ;469297;007;    ;0051510;MERC ASA BRANCA                                   ;(74)98809-8355 ;080;810;HXN3A97;    2343,08;    6,24;18/10/2024;42;Produto/Quantidade Errada     ;   ;teles      ;16:10
227334                            ;18/10/2024;    ;468032;007;    ;0051874;ESPACO 10                                         ;(74)99813-7617 ;020;203;       ;    4650,00;    0,00;23/10/2024;87;TEMPO INSUFICIENTE            ;   ;silva      ;19:03
227335                            ;18/10/2024;    ;468019;007;    ;0051092;BAR DO ELIAS                                      ;(74)98817-7974 ;020;204;RDC5J22;     544,86;    0,63;19/10/2024;72;PDV FECHADO (HORARIO COM.)    ;   ;aloisio    ;13:55
227335                            ;18/10/2024;    ;468070;007;    ;0065012;MERCADINHO BRAGA                                  ;(74)99998-0672 ;020;204;RDC5J22;     111,90;    0,31;19/10/2024;72;PDV FECHADO (HORARIO COM.)    ;   ;aloisio    ;13:54
227353                            ;19/10/2024;    ;469375;007;    ;0064197;ESQUINA DO ESPETINHO                              ;(74)98838-9032 ;010;104;LKI1H89;      57,00;    0,24;19/10/2024;72;PDV FECHADO (HORARIO COM.)    ;   ;aloisio    ;17:29
227353                            ;19/10/2024;    ;469376;007;    ;0055493;DIST. KENEDE                                      ;(74)98832-3756 ;010;106;LKI1H89;     161,70;    0,20;19/10/2024;72;PDV FECHADO (HORARIO COM.)    ;DER;aloisio    ;17:29
227353                            ;19/10/2024;    ;469389;007;    ;0063653;CANTINHO DO QUEIJO                                ;(74)98809-0230 ;010;101;LKI1H89;      12,04;    0,06;19/10/2024;72;PDV FECHADO (HORARIO COM.)    ;DER;aloisio    ;17:28
227353                            ;19/10/2024;    ;469395;007;    ;0060460;DISTRIBUIDORA BIA                                 ;(74)98861-6586 ;010;107;LKI1H89;      21,66;    0,02;19/10/2024;72;PDV FECHADO (HORARIO COM.)    ;DER;aloisio    ;17:27
227355                            ;19/10/2024;    ;469457;007;    ;0004333;DISTRI MOREIRA                                    ;(74)98837-2108 ;010;111;KJP3656;    2156,00;    2,76;19/10/2024;32;ENTREGA ATRASADA (BUFFER)     ;DER;aloisio    ;16:45
227355                            ;19/10/2024;    ;469460;007;    ;0057385;GR DISTRIBUIDORA                                  ;(74)99930-0343 ;010;105;KJP3656;     377,30;    0,48;19/10/2024;71;SEM DINHEIRO/CHEQUE           ;DER;aloisio    ;16:44
227356                            ;19/10/2024;    ;469475;007;    ;0061999;LIGIA DISTRIBUIDORA                               ;(74)99141-3467 ;010;111;HXN3A97;     608,06;    1,06;19/10/2024;85;DIFICIL ACESSO                ;   ;aloisio    ;13:47
227357                            ;19/10/2024;    ;469482;007;    ;0057074;FRANCILENE HELENA                                 ;(74)99949-8571 ;010;103;EFV3713;     539,00;    0,69;19/10/2024;73;FALTA DE ATIVOS DE GIRO       ;DER;aloisio    ;14:  
227358                            ;19/10/2024;    ;469516;007;    ;0054839;MERCADINHO FMP                                    ;(74)98845-2393 ;080;810;KHL4414;    4209,54;    5,24;19/10/2024;73;FALTA DE ATIVOS DE GIRO       ;   ;aloisio    ;18:15
227358                            ;19/10/2024;    ;469517;007;    ;0054839;MERCADINHO FMP                                    ;(74)98845-2393 ;080;810;KHL4414;       4,42;    0,00;19/10/2024;73;FALTA DE ATIVOS DE GIRO       ;   ;aloisio    ;18:15
227358                            ;19/10/2024;    ;469528;007;    ;0051432;WL DISTRIBUIDORA                                  ;(74)98845-7330 ;010;106;KHL4414;     427,30;    0,58;19/10/2024;32;ENTREGA ATRASADA (BUFFER)     ;   ;aloisio    ;18:16
227359                            ;19/10/2024;    ;469552;007;    ;0057774;CHACARA DONA ROSA                                 ;(74)98106-0802 ;010;104;OFB8B68;     215,60;    0,27;19/10/2024;71;SEM DINHEIRO/CHEQUE           ;   ;aloisio    ;16:59
227359                            ;19/10/2024;    ;469553;007;    ;0057774;CHACARA DONA ROSA                                 ;(74)98106-0802 ;010;104;OFB8B68;     129,90;    0,14;19/10/2024;71;SEM DINHEIRO/CHEQUE           ;   ;aloisio    ;17:  
227359                            ;19/10/2024;    ;469554;007;    ;0057774;CHACARA DONA ROSA                                 ;(74)98106-0802 ;010;104;OFB8B68;     377,30;    0,48;19/10/2024;71;SEM DINHEIRO/CHEQUE           ;   ;aloisio    ;16:58
227359                            ;19/10/2024;    ;469555;007;    ;0057774;CHACARA DONA ROSA                                 ;(74)98106-0802 ;010;104;OFB8B68;      53,90;    0,06;19/10/2024;71;SEM DINHEIRO/CHEQUE           ;   ;aloisio    ;16:59
227359                            ;19/10/2024;    ;469556;007;    ;0057774;CHACARA DONA ROSA                                 ;(74)98106-0802 ;010;104;OFB8B68;     134,90;    0,14;19/10/2024;71;SEM DINHEIRO/CHEQUE           ;   ;aloisio    ;16:57
227359                            ;19/10/2024;    ;469557;007;    ;0057774;CHACARA DONA ROSA                                 ;(74)98106-0802 ;010;104;OFB8B68;     134,90;    0,14;19/10/2024;71;SEM DINHEIRO/CHEQUE           ;   ;aloisio    ;16:58
227359                            ;19/10/2024;    ;469558;007;    ;0057774;CHACARA DONA ROSA                                 ;(74)98106-0802 ;010;104;OFB8B68;     149,90;    0,14;19/10/2024;71;SEM DINHEIRO/CHEQUE           ;   ;aloisio    ;17:  
227359                            ;19/10/2024;    ;469586;007;    ;0025683;MERCADINHO DIAS                                   ;(74)98836-6425 ;010;104;OFB8B68;     793,50;    1,03;19/10/2024;73;FALTA DE ATIVOS DE GIRO       ;   ;aloisio    ;16:56
227360                            ;19/10/2024;    ;469604;007;    ;0058459;KAYLA CAIANNE                                     ;(74)98825-3060 ;010;111;OFB8B98;     108,35;    0,13;19/10/2024;32;ENTREGA ATRASADA (BUFFER)     ;   ;aloisio    ;17:16
227360                            ;19/10/2024;    ;469605;007;    ;0058459;KAYLA CAIANNE                                     ;(74)98825-3060 ;010;111;OFB8B98;     379,22;    0,48;19/10/2024;32;ENTREGA ATRASADA (BUFFER)     ;   ;aloisio    ;17:16
227360                            ;19/10/2024;    ;469606;007;    ;0058459;KAYLA CAIANNE                                     ;(74)98825-3060 ;010;111;OFB8B98;     363,77;    0,51;19/10/2024;32;ENTREGA ATRASADA (BUFFER)     ;   ;aloisio    ;17:15
227360                            ;19/10/2024;    ;469607;007;    ;0058459;KAYLA CAIANNE                                     ;(74)98825-3060 ;010;111;OFB8B98;    1083,50;    1,38;19/10/2024;32;ENTREGA ATRASADA (BUFFER)     ;   ;aloisio    ;17:14
227385                            ;21/10/2024;    ;469969;007;    ;0053786;CHURASC BOM JESUS                                 ;(74)98809-9712 ;020;200;SJQ9B60;    1249,35;    1,23;21/10/2024;42;Produto/Quantidade Errada     ;   ;silva      ;18:38
227386                            ;21/10/2024;    ;470006;007;    ;0064900;PADARIA BOM SABOR                                 ;(74)99137-9783 ;020;202;NZM7723;     125,39;    0,28;22/10/2024;71;SEM DINHEIRO/CHEQUE           ;   ;teles      ;14:16
227386                            ;21/10/2024;    ;470021;007;    ;0053710;CERVEJAO CLUBE                                    ;(74) 3523-8100 ;020;202;NZM7723;     117,33;    0,18;22/10/2024;71;SEM DINHEIRO/CHEQUE           ;   ;teles      ;14:16
227386                            ;21/10/2024;    ;470042;007;    ;0059295;BAR DA MARLENE                                    ;(74)98859-8302 ;020;202;NZM7723;      38,98;    0,04;22/10/2024;42;Produto/Quantidade Errada     ;   ;teles      ;14:16
227386                            ;21/10/2024;    ;470060;007;    ;0063713;MERCADINHO E DEPOSIT                              ;(74)99969-6613 ;020;201;NZM7723;    5390,00;    6,90;22/10/2024;82;ENDERECO NAO ENCONTRADO       ;DER;teles      ;14:15
227387                            ;21/10/2024;    ;470067;007;    ;0056093;Dep.costa                                         ;(74)98861-8661 ;020;202;RPP7B52;    1256,50;    1,47;23/10/2024;72;PDV FECHADO (HORARIO COM.)    ;   ;silva      ;18:14
227387                            ;21/10/2024;    ;470068;007;    ;0053410;BAR DA NINHA                                      ;(74) 3523-6025 ;020;202;RPP7B52;     183,89;    0,17;23/10/2024;42;Produto/Quantidade Errada     ;   ;silva      ;18:12
227387                            ;21/10/2024;    ;470079;007;    ;0052882;LANCH SHALOM                                      ;(74)98821-3998 ;020;202;RPP7B52;      85,28;    0,20;23/10/2024;42;Produto/Quantidade Errada     ;   ;silva      ;18:13
227387                            ;21/10/2024;    ;470104;007;    ;0050552;BAR MELLO DO PIMBAO                               ;(74)98822-8734 ;020;201;RPP7B52;     161,70;    0,20;23/10/2024;42;Produto/Quantidade Errada     ;DER;silva      ;18:11
227387                            ;21/10/2024;    ;470105;007;    ;0050552;BAR MELLO DO PIMBAO                               ;(74)98822-8734 ;020;201;RPP7B52;     161,70;    0,20;23/10/2024;42;Produto/Quantidade Errada     ;   ;silva      ;18:11
227387                            ;21/10/2024;    ;470106;007;    ;0050552;BAR MELLO DO PIMBAO                               ;(74)98822-8734 ;020;201;RPP7B52;      19,62;    0,06;23/10/2024;42;Produto/Quantidade Errada     ;   ;silva      ;18:11
227387                            ;21/10/2024;    ;470135;007;    ;0065028;RECANTO DO LAR                                    ;(74)98842-2397 ;020;201;RPP7B52;       4,35;    0,00;23/10/2024;42;Produto/Quantidade Errada     ;   ;silva      ;18:13
227392                            ;21/10/2024;    ;470264;007;    ;0064643;VDM                                               ;(71)99611-2706 ;010;108;NZM4666;     221,60;    0,27;21/10/2024;42;Produto/Quantidade Errada     ;   ;silva      ;18:15
227392                            ;21/10/2024;    ;470265;007;    ;0064643;VDM                                               ;(71)99611-2706 ;010;108;NZM4666;     239,04;    0,24;21/10/2024;42;Produto/Quantidade Errada     ;   ;silva      ;18:16
227392                            ;21/10/2024;    ;470267;007;    ;0064643;VDM                                               ;(71)99611-2706 ;010;108;NZM4666;     239,04;    0,24;21/10/2024;42;Produto/Quantidade Errada     ;   ;silva      ;18:16
227393                            ;21/10/2024;    ;470317;007;    ;0062582;GALEGO DIST                                       ;(74)98853-8186 ;020;201;NZM9993;    3826,90;    4,89;21/10/2024;73;FALTA DE ATIVOS DE GIRO       ;   ;aloisio    ;16:12
227393                            ;21/10/2024;    ;470318;007;    ;0062582;GALEGO DIST                                       ;(74)98853-8186 ;020;201;NZM9993;     269,50;    0,34;21/10/2024;73;FALTA DE ATIVOS DE GIRO       ;   ;aloisio    ;16:12
227394                            ;21/10/2024;    ;470331;007;    ;0056275;Mercado Frios e Cong                              ;(87)98816-1403 ;080;810;PKL6654;     165,88;    0,37;21/10/2024;72;PDV FECHADO (HORARIO COM.)    ;   ;aloisio    ;13:20
227396                            ;21/10/2024;    ;470355;007;    ;0054142;EDU COMERCIAL                                     ;(74)98814-0409 ;010;111;OUG2987;    5390,00;    6,90;21/10/2024;32;ENTREGA ATRASADA (BUFFER)     ;DER;aloisio    ;11:06
227396                            ;21/10/2024;    ;470356;007;    ;0054142;EDU COMERCIAL                                     ;(74)98814-0409 ;010;111;OUG2987;     776,95;    2,76;21/10/2024;32;ENTREGA ATRASADA (BUFFER)     ;   ;aloisio    ;11:07
227397                            ;21/10/2024;    ;470357;007;    ;0055945;SUPERMERCADO UNIPREC                              ;(74) 3611-1177 ;080;810;RDJ0G42;   25230,00;   29,40;21/10/2024;72;PDV FECHADO (HORARIO COM.)    ;   ;aloisio    ;10:50
227398                            ;21/10/2024;    ;470365;007;    ;0063428;REINO DO DOG LOJA 3                               ;(43)90000-0000 ;010;103;RDN1D46;     199,58;    0,32;21/10/2024;71;SEM DINHEIRO/CHEQUE           ;AGE;aloisio    ;14:19
227398                            ;21/10/2024;    ;470379;007;    ;0056333;PONTINHO DA TERE                                  ;(74)98153-5563 ;010;106;RDN1D46;     110,14;    0,08;21/10/2024;72;PDV FECHADO (HORARIO COM.)    ;   ;aloisio    ;14:18
227398                            ;21/10/2024;    ;470382;007;    ;0053561;DISTRI. J. L. A.                                  ;(74)98811-6355 ;010;106;RDN1D46;     107,80;    0,13;21/10/2024;72;PDV FECHADO (HORARIO COM.)    ;   ;aloisio    ;14:20
227398                            ;21/10/2024;    ;470387;007;    ;0056554;DISTRIBUIDORA RAMOS                               ;(74)98834-1336 ;010;106;RDN1D46;     448,30;    0,63;21/10/2024;72;PDV FECHADO (HORARIO COM.)    ;   ;aloisio    ;14:20
227400                            ;21/10/2024;    ;470412;007;    ;0024880;MERC MALHACAO                                     ;(74) 8806-7130 ;010;102;RCP2C35;    2237,00;    3,03;21/10/2024;32;ENTREGA ATRASADA (BUFFER)     ;   ;aloisio    ;13:27
227400                            ;21/10/2024;    ;470416;007;    ;0062211;Rest E Bar Bahamas                                ;(74)98856-0662 ;010;110;RCP2C35;    1617,00;    2,07;21/10/2024;32;ENTREGA ATRASADA (BUFFER)     ;DER;aloisio    ;13:28
227400                            ;21/10/2024;    ;470421;007;    ;0057180;BRASA                                             ;(74)98826-1992 ;010;110;RCP2C35;     212,05;    0,72;21/10/2024;72;PDV FECHADO (HORARIO COM.)    ;   ;aloisio    ;13:25
227400                            ;21/10/2024;    ;470422;007;    ;0057180;BRASA                                             ;(74)98826-1992 ;010;110;RCP2C35;    3930,52;    4,19;21/10/2024;72;PDV FECHADO (HORARIO COM.)    ;   ;aloisio    ;13:26
227401                            ;21/10/2024;    ;470434;007;    ;0051725;SUPERMERCADO EURO                                 ;(74) 3612-4999 ;010;107;OVB5042;    3258,90;    4,14;21/10/2024;72;PDV FECHADO (HORARIO COM.)    ;DER;aloisio    ;15:43
227401                            ;21/10/2024;    ;470435;007;    ;0051725;SUPERMERCADO EURO                                 ;(74) 3612-4999 ;010;107;OVB5042;     808,47;    1,35;21/10/2024;72;PDV FECHADO (HORARIO COM.)    ;DER;aloisio    ;15:43
227401                            ;21/10/2024;    ;470438;007;    ;0063690;BINO BEBIDAS                                      ;(74)98807-7463 ;010;100;OVB5042;     193,20;    0,20;21/10/2024;72;PDV FECHADO (HORARIO COM.)    ;   ;aloisio    ;15:42
227402                            ;21/10/2024;    ;470451;007;    ;0055486;MULTI FRIOS PREMIUM                               ;(74) 3614-2386 ;080;810;OZF1202;    1260,41;    0,79;21/10/2024;72;PDV FECHADO (HORARIO COM.)    ;   ;aloisio    ;14:05
227402                            ;21/10/2024;    ;470452;007;    ;0055486;MULTI FRIOS PREMIUM                               ;(74) 3614-2386 ;080;810;OZF1202;    2216,06;    2,32;21/10/2024;72;PDV FECHADO (HORARIO COM.)    ;   ;aloisio    ;14:05
227402                            ;21/10/2024;    ;470467;007;    ;0057784;MERCADINHO TODO DIA                               ;(74)98807-0991 ;080;810;OZF1202;     981,58;    1,70;21/10/2024;32;ENTREGA ATRASADA (BUFFER)     ;   ;aloisio    ;14:02
227402                            ;21/10/2024;    ;470468;007;    ;0057141;MERCADINHO DESTAK                                 ;(74)98816-6579 ;010;104;OZF1202;    3707,73;    4,10;21/10/2024;32;ENTREGA ATRASADA (BUFFER)     ;   ;aloisio    ;14:03
227402                            ;21/10/2024;    ;470469;007;    ;0057141;MERCADINHO DESTAK                                 ;(74)98816-6579 ;010;104;OZF1202;     325,89;    0,41;21/10/2024;32;ENTREGA ATRASADA (BUFFER)     ;DER;aloisio    ;14:03
227402                            ;21/10/2024;    ;470470;007;    ;0057141;MERCADINHO DESTAK                                 ;(74)98816-6579 ;010;104;OZF1202;     511,57;    0,73;21/10/2024;32;ENTREGA ATRASADA (BUFFER)     ;   ;aloisio    ;14:04
227403                            ;21/10/2024;    ;470474;007;    ;0051324;SUPER E FRIG BRILHAN                              ;(74) 3611-3706 ;080;810;OZE4956;    1192,00;    0,79;21/10/2024;72;PDV FECHADO (HORARIO COM.)    ;   ;aloisio    ;13:39
227403                            ;21/10/2024;    ;470475;007;    ;0051324;SUPER E FRIG BRILHAN                              ;(74) 3611-3706 ;080;810;OZE4956;     978,38;    2,37;21/10/2024;72;PDV FECHADO (HORARIO COM.)    ;   ;aloisio    ;13:41
227403                            ;21/10/2024;    ;470476;007;    ;0051324;SUPER E FRIG BRILHAN                              ;(74) 3611-3706 ;080;810;OZE4956;     847,50;    2,10;21/10/2024;72;PDV FECHADO (HORARIO COM.)    ;   ;aloisio    ;13:40
227425                            ;22/10/2024;    ;470509;007;    ;0062515;SKNIAO BAR                                        ;(74)99917-3110 ;020;205;RDC8F64;      61,14;    0,33;23/10/2024;50;CARGA ERRADA ARMAZEM          ;   ;idute      ;17:14
227425                            ;22/10/2024;    ;470515;007;    ;0062593;BAR DA ELTA                                       ;(74)99930-6589 ;020;205;RDC8F64;     285,64;    1,14;23/10/2024;50;CARGA ERRADA ARMAZEM          ;   ;idute      ;17:10
227425                            ;22/10/2024;    ;470528;007;    ;0052766;CASA DOS SALGADOS                                 ;(74)98116-1052 ;020;205;RDC8F64;     113,66;    0,16;23/10/2024;50;CARGA ERRADA ARMAZEM          ;   ;idute      ;17:10
227425                            ;22/10/2024;    ;470529;007;    ;0052766;CASA DOS SALGADOS                                 ;(74)98116-1052 ;020;205;RDC8F64;     119,78;    0,17;23/10/2024;50;CARGA ERRADA ARMAZEM          ;   ;idute      ;17:14
227425                            ;22/10/2024;    ;470551;007;    ;0063822;BAR DO ELIUDE                                     ;(74)99122-8212 ;020;205;RDC8F64;      24,08;    0,12;23/10/2024;50;CARGA ERRADA ARMAZEM          ;   ;idute      ;17:13
227425                            ;22/10/2024;    ;470555;007;    ;0050301;MERCADINHO UNIAO                                  ;(74) 3534-2655 ;020;205;RDC8F64;     551,63;    1,62;23/10/2024;50;CARGA ERRADA ARMAZEM          ;   ;idute      ;17:15
227426                            ;22/10/2024;    ;470563;007;    ;0058387;MERC INDAIA                                       ;(74)98846-2317 ;020;204;OUX3F90;     693,15;    2,09;23/10/2024;50;CARGA ERRADA ARMAZEM          ;   ;silva      ;21:59
227426                            ;22/10/2024;    ;470585;007;    ;0050012;JOSE CARLOS ATACADO                               ;(74)98124-3469 ;020;204;OUX3F90;     243,96;    0,48;23/10/2024;50;CARGA ERRADA ARMAZEM          ;   ;silva      ;21:59
227426                            ;22/10/2024;    ;470640;007;    ;0063430;BAR DO LI                                         ;(74)99909-5124 ;020;204;OUX3F90;     536,32;    0,88;23/10/2024;50;CARGA ERRADA ARMAZEM          ;   ;silva      ;22:  
227431                            ;22/10/2024;    ;470833;007;    ;0056464;RAIOS BAR                                         ;(74)99815-8009 ;010;107;NZM4666;     236,70;    0,36;22/10/2024;42;Produto/Quantidade Errada     ;   ;teles      ;16:  
227431                            ;22/10/2024;    ;470835;007;    ;0052590;CANTINHO DA IRMA                                  ;(74) 3617-6091 ;010;107;NZM4666;     611,58;    0,87;22/10/2024;52;FALTA PRODUTO ESTOQUE         ;   ;teles      ;15:59
227431                            ;22/10/2024;    ;470836;007;    ;0052590;CANTINHO DA IRMA                                  ;(74) 3617-6091 ;010;107;NZM4666;     104,88;    0,24;22/10/2024;52;FALTA PRODUTO ESTOQUE         ;   ;teles      ;16:  
227432                            ;22/10/2024;    ;470842;007;    ;0057568;Dist Bebidas Central                              ;(74)98804-9424 ;010;100;OZE4956;      95,76;    0,20;22/10/2024;50;CARGA ERRADA ARMAZEM          ;   ;teles      ;17:14
227432                            ;22/10/2024;    ;470876;007;    ;0024147;CERVEJAO NO GRAU                                  ;(74) 3618-1142 ;010;100;OZE4956;      12,04;    0,06;22/10/2024;50;CARGA ERRADA ARMAZEM          ;   ;teles      ;17:14
227433                            ;22/10/2024;    ;470905;007;    ;0059160;Mercadinho Alencar                                ;(74)98848-2957 ;080;810;PKK0690;     456,80;    0,70;22/10/2024;50;CARGA ERRADA ARMAZEM          ;   ;teles      ;14:28
227433                            ;22/10/2024;    ;470906;007;    ;0059160;Mercadinho Alencar                                ;(74)98848-2957 ;080;810;PKK0690;     835,00;    1,03;22/10/2024;50;CARGA ERRADA ARMAZEM          ;   ;teles      ;14:27
227434                            ;22/10/2024;    ;470915;007;    ;0050085;SUPER IMPERADOR                                   ;(74) 3612-8681 ;080;810;PKL6654;     192,00;    0,60;22/10/2024;50;CARGA ERRADA ARMAZEM          ;   ;teles      ;16:47
227434                            ;22/10/2024;    ;470916;007;    ;0050085;SUPER IMPERADOR                                   ;(74) 3612-8681 ;080;810;PKL6654;      71,80;    0,08;22/10/2024;50;CARGA ERRADA ARMAZEM          ;   ;teles      ;16:47
227434                            ;22/10/2024;    ;470919;007;    ;0053051;BAR  SOMBRA REAL                                  ;(74)98813-8130 ;010;110;PKL6654;      28,44;    0,04;22/10/2024;50;CARGA ERRADA ARMAZEM          ;   ;teles      ;16:48
227434                            ;22/10/2024;    ;470922;007;    ;0051054;FRIGORIFICO CARVALHO                              ;(74) 3611-7839 ;010;105;PKL6654;     377,88;    0,48;22/10/2024;50;CARGA ERRADA ARMAZEM          ;   ;teles      ;16:48
227434                            ;22/10/2024;    ;470944;007;    ;0051049;NICE LANCHES                                      ;(74)98817-3231 ;010;105;PKL6654;     467,84;    0,56;22/10/2024;71;SEM DINHEIRO/CHEQUE           ;   ;teles      ;16:47
227434                            ;22/10/2024;    ;470945;007;    ;0051049;NICE LANCHES                                      ;(74)98817-3231 ;010;105;PKL6654;      48,16;    0,24;22/10/2024;71;SEM DINHEIRO/CHEQUE           ;   ;teles      ;16:47
227435                            ;22/10/2024;    ;470972;007;    ;0053019;DISTRIBUIDORA POLLAR                              ;(74)98813-3614 ;010;111;PKK8518;    1617,00;    2,07;22/10/2024;73;FALTA DE ATIVOS DE GIRO       ;   ;teles      ;15:31
227442                            ;22/10/2024;    ;471056;007;    ;0065022;MAGNATA BAR                                       ;(74)98821-6874 ;010;104;RDN1D46;      36,10;    0,04;22/10/2024;72;PDV FECHADO (HORARIO COM.)    ;   ;teles      ;14:19
227442                            ;22/10/2024;    ;471057;007;    ;0057155;Mercadinho Pague Lev                              ;(87)99634-3605 ;010;104;RDN1D46;      90,54;    0,08;22/10/2024;42;Produto/Quantidade Errada     ;   ;teles      ;14:19
227442                            ;22/10/2024;    ;471072;007;    ;0062252;ESPETARIA BUGUILA                                 ;(74)98837-1508 ;010;103;RDN1D46;     364,14;    0,43;22/10/2024;50;CARGA ERRADA ARMAZEM          ;   ;teles      ;14:19
227445                            ;22/10/2024;    ;471124;007;    ;0057508;TELES DISTRIBUIDORA                               ;(74)98842-1539 ;010;101;RPR6D25;      61,90;    0,06;22/10/2024;72;PDV FECHADO (HORARIO COM.)    ;   ;teles      ;16:38
227455                            ;22/10/2024;    ;470989;007;    ;0056124;DISTR TAINA DIAS                                  ;(74)98824-8146 ;010;102;OZF1202;     803,32;    1,00;22/10/2024;50;CARGA ERRADA ARMAZEM          ;   ;teles      ;15:21
227455                            ;22/10/2024;    ;470993;007;    ;0052604;MERCADINHO KELLY                                  ;(74)98824-8146 ;010;111;OZF1202;     654,60;    0,91;22/10/2024;50;CARGA ERRADA ARMAZEM          ;   ;teles      ;15:21
227455                            ;22/10/2024;    ;470995;007;    ;0054851;DISTR.  RAY ALVES                                 ;(74)98842-9612 ;010;111;OZF1202;     578,82;    0,79;22/10/2024;50;CARGA ERRADA ARMAZEM          ;   ;teles      ;15:22
227455                            ;22/10/2024;    ;471002;007;    ;0025274;RAY BAR                                           ;(74)98824-8146 ;010;110;OZF1202;    2432,94;    2,91;22/10/2024;50;CARGA ERRADA ARMAZEM          ;   ;teles      ;15:22
227455                            ;22/10/2024;    ;471008;007;    ;0054745;DEPOSITO DO JACKSON                               ;(74)98838-8627 ;010;111;OZF1202;     614,54;    0,59;22/10/2024;50;CARGA ERRADA ARMAZEM          ;   ;teles      ;15:23
227471                            ;22/10/2024;    ;471221;007;    ;0028063;FILIAL ITAPISSUMA                                 ;(19) 3313-6039 ;085;990;SJU9I47;   48984,00;    0,00;23/10/2024;51;NF ERRADA                     ;   ;idute      ;15:43
227478                            ;23/10/2024;    ;471226;007;    ;0054629;LINCOLN DISTRIBUIDOR                              ;(74)98835-9432 ;010;111;MSG0C01;    3258,90;    4,14;24/10/2024;86;HORARIO DE ENTREGA            ;DER;teles      ;17:29
227483                            ;23/10/2024;    ;471287;007;    ;0060690;MERCADINHO A. R.                                  ;(87)99940-7019 ;010;109;NZM7723;    3234,00;    4,14;23/10/2024;73;FALTA DE ATIVOS DE GIRO       ;DER;silva      ;20:12
227485                            ;23/10/2024;    ;471381;007;    ;0050806;PANIF NOVA Q. PAO                                 ;(74)99966-3999 ;020;205;OUX8B81;       8,74;    0,01;24/10/2024;42;Produto/Quantidade Errada     ;   ;teles      ;13:55
227486                            ;23/10/2024;    ;471420;007;    ;0050064;ATACADAO MURILO                                   ;(74)98123-9836 ;020;203;RPM8F89;     135,60;    0,16;24/10/2024;71;SEM DINHEIRO/CHEQUE           ;   ;ediziene   ;18:53
227486                            ;23/10/2024;    ;471421;007;    ;0050064;ATACADAO MURILO                                   ;(74)98123-9836 ;020;203;RPM8F89;     592,90;    0,75;24/10/2024;71;SEM DINHEIRO/CHEQUE           ;   ;ediziene   ;18:34
227486                            ;23/10/2024;    ;471422;007;    ;0050064;ATACADAO MURILO                                   ;(74)98123-9836 ;020;203;RPM8F89;     110,67;    0,36;24/10/2024;71;SEM DINHEIRO/CHEQUE           ;   ;ediziene   ;18:35
227486                            ;23/10/2024;    ;471451;007;    ;0050028;SKALA SHOW                                        ;(74) 3535-1660 ;020;203;RPM8F89;     790,58;    0,96;24/10/2024;71;SEM DINHEIRO/CHEQUE           ;   ;ediziene   ;18:34
227486                            ;23/10/2024;    ;471456;007;    ;0050093;BAR DO ZE CARLOS                                  ;(74)98826-3772 ;020;204;RPM8F89;     737,40;    1,00;24/10/2024;71;SEM DINHEIRO/CHEQUE           ;   ;ediziene   ;18:35
227488                            ;23/10/2024;    ;471534;007;    ;0055578;BAR ENCO. DOS AMIGOS                              ;(74)99918-2685 ;020;201;RPM8D89;      13,04;    0,01;25/10/2024;42;Produto/Quantidade Errada     ;   ;idute      ;14:40
227489                            ;23/10/2024;    ;471643;007;    ;0062806;BAR DO ZE VERDIN                                  ;(74)98101-4399 ;020;202;NZM4666;      30,00;    0,00;24/10/2024;42;Produto/Quantidade Errada     ;   ;teles      ;13:29
227493                            ;23/10/2024;    ;471796;007;    ;0057385;GR DISTRIBUIDORA                                  ;(74)99930-0343 ;010;105;OUG2987;     161,70;    0,20;23/10/2024;71;SEM DINHEIRO/CHEQUE           ;   ;idute      ;17:52
227493                            ;23/10/2024;    ;471820;007;    ;0058493;QUIOSQUE BAR                                      ;(74)98819-6528 ;010;105;OUG2987;     113,16;    0,08;23/10/2024;71;SEM DINHEIRO/CHEQUE           ;   ;idute      ;17:51
227499                            ;23/10/2024;    ;471972;007;    ;0062132;BAR DA IRACEMA                                    ;(74)98816-3689 ;010;100;RDN1D46;     215,60;    0,27;23/10/2024;71;SEM DINHEIRO/CHEQUE           ;DER;idute      ;16:20
227499                            ;23/10/2024;    ;471996;007;    ;0053831;PANIFICADOR MARQUES                               ;(74)98825-4503 ;010;103;RDN1D46;     234,64;    0,42;23/10/2024;72;PDV FECHADO (HORARIO COM.)    ;DER;idute      ;16:21
227501                            ;23/10/2024;    ;472037;007;    ;0052362;LANCH SEMENTE DA FE                               ;(74) 3612-7048 ;010;102;RDN7A69;      42,24;    0,12;23/10/2024;71;SEM DINHEIRO/CHEQUE           ;   ;idute      ;14:25
227509                            ;23/10/2024;    ;472311;007;    ;0057485;Dist.Disk Gelada                                  ;(74)98809-7792 ;010;111;JII1442;    2441,60;    2,67;23/10/2024;42;Produto/Quantidade Errada     ;   ;idute      ;16:24
227510                            ;23/10/2024;    ;472318;007;    ;0058610;DM DISTRIBUIDORA                                  ;(74)98150-4004 ;010;111;OFB8B68;    1497,90;    1,44;23/10/2024;42;Produto/Quantidade Errada     ;   ;idute      ;17:40
227511                            ;23/10/2024;    ;472376;007;    ;0001886;BAR DA NALVA                                      ;(74)98801-8666 ;010;104;KJP3656;     158,70;    0,20;23/10/2024;72;PDV FECHADO (HORARIO COM.)    ;   ;silva      ;18:24
227544                            ;24/10/2024;    ;472781;007;    ;0054291;BAR DO BELO                                       ;(74)99122-0230 ;020;201;OUG2987;     377,30;    0,48;24/10/2024;72;PDV FECHADO (HORARIO COM.)    ;   ;teles      ;18:03
227544                            ;24/10/2024;    ;472782;007;    ;0054291;BAR DO BELO                                       ;(74)99122-0230 ;020;201;OUG2987;     431,20;    0,55;24/10/2024;72;PDV FECHADO (HORARIO COM.)    ;DER;teles      ;18:03
227544                            ;24/10/2024;    ;472783;007;    ;0054291;BAR DO BELO                                       ;(74)99122-0230 ;020;201;OUG2987;      24,56;    0,00;24/10/2024;72;PDV FECHADO (HORARIO COM.)    ;   ;teles      ;18:03
227545                            ;24/10/2024;    ;472805;007;    ;0058414;QUIOSQUE DEL RIO                                  ;(74)98835-8006 ;020;201;KHL4414;     215,60;    0,27;24/10/2024;87;TEMPO INSUFICIENTE            ;   ;ediziene   ;19:13
227545                            ;24/10/2024;    ;472806;007;    ;0052575;MERCADINHO ALDO                                   ;(74)98806-0751 ;020;201;KHL4414;       3,40;    0,00;24/10/2024;87;TEMPO INSUFICIENTE            ;   ;ediziene   ;19:12
227546                            ;24/10/2024;    ;472857;007;    ;0058255;CANTINHO CERTO                                    ;(74)98138-1195 ;010;107;RDJ0G42;    1055,48;    1,32;24/10/2024;71;SEM DINHEIRO/CHEQUE           ;   ;teles      ;16:58
227547                            ;24/10/2024;    ;472867;007;    ;0052869;MERCADINHO VIEIRA                                 ;(74)98819-5612 ;080;810;RPP6J11;    4718,09;    5,88;24/10/2024;86;HORARIO DE ENTREGA            ;   ;ediziene   ;19:10
227549                            ;24/10/2024;    ;472953;007;    ;0057222;Distribuidora  HR                                 ;(74)98817-4804 ;020;200;RPJ2H66;     565,00;    0,74;25/10/2024;85;DIFICIL ACESSO                ;   ;idute      ;17:05
227549                            ;24/10/2024;    ;472954;007;    ;0057222;Distribuidora  HR                                 ;(74)98817-4804 ;020;200;RPJ2H66;     797,58;    0,89;25/10/2024;85;DIFICIL ACESSO                ;   ;idute      ;17:05
227549                            ;24/10/2024;    ;472958;007;    ;0055244;MERC. TEM DE TUDO                                 ;(74)98827-1185 ;020;200;RPJ2H66;     110,12;    0,20;25/10/2024;72;PDV FECHADO (HORARIO COM.)    ;   ;idute      ;17:07
227549                            ;24/10/2024;    ;472959;007;    ;0055244;MERC. TEM DE TUDO                                 ;(74)98827-1185 ;020;200;RPJ2H66;     530,86;    0,63;25/10/2024;72;PDV FECHADO (HORARIO COM.)    ;   ;idute      ;17:08
227549                            ;24/10/2024;    ;472968;007;    ;0057827;DEP DE BEBIDAS MOURA                              ;(74)98839-4286 ;020;200;RPJ2H66;     728,29;    0,91;25/10/2024;85;DIFICIL ACESSO                ;   ;idute      ;17:06
227549                            ;24/10/2024;    ;472969;007;    ;0057827;DEP DE BEBIDAS MOURA                              ;(74)98839-4286 ;020;200;RPJ2H66;      36,90;    0,04;25/10/2024;85;DIFICIL ACESSO                ;   ;idute      ;17:06
227552                            ;24/10/2024;    ;473077;007;    ;0054360;PASTELAO                                          ;(74)98858-2751 ;010;104;RDN7A69;      37,50;    0,12;24/10/2024;82;ENDERECO NAO ENCONTRADO       ;   ;teles      ;17:24
227552                            ;24/10/2024;    ;473078;007;    ;0054360;PASTELAO                                          ;(74)98858-2751 ;010;104;RDN7A69;     198,92;    0,34;24/10/2024;82;ENDERECO NAO ENCONTRADO       ;   ;teles      ;17:24
227555                            ;24/10/2024;    ;473158;007;    ;0056271;Bar das coleguinhas                               ;(74)98825-7143 ;010;104;RDN1D46;      15,65;    0,01;24/10/2024;42;Produto/Quantidade Errada     ;   ;teles      ;16:11
227555                            ;24/10/2024;    ;473159;007;    ;0056271;Bar das coleguinhas                               ;(74)98825-7143 ;010;104;RDN1D46;      15,65;    0,01;24/10/2024;42;Produto/Quantidade Errada     ;   ;teles      ;16:10
227556                            ;24/10/2024;    ;473203;007;    ;0064782;MERCADINHO JULIA                                  ;(74)98859-2635 ;010;102;LKI1H89;      61,80;    0,16;24/10/2024;72;PDV FECHADO (HORARIO COM.)    ;   ;teles      ;15:11
227556                            ;24/10/2024;    ;473204;007;    ;0064782;MERCADINHO JULIA                                  ;(74)98859-2635 ;010;102;LKI1H89;      44,04;    0,12;24/10/2024;72;PDV FECHADO (HORARIO COM.)    ;   ;teles      ;15:11
227559                            ;24/10/2024;    ;473257;007;    ;0064744;EM CASA                                           ;(74)98862-6643 ;010;105;RPR6D25;     485,10;    0,62;24/10/2024;72;PDV FECHADO (HORARIO COM.)    ;   ;teles      ;17:49
227560                            ;24/10/2024;    ;473287;007;    ;0058649;DISTRIBUIDOA VIP                                  ;(74)98824-4589 ;010;106;PKK8518;     269,50;    0,34;24/10/2024;72;PDV FECHADO (HORARIO COM.)    ;DER;teles      ;18:14
227566                            ;24/10/2024;    ;473492;007;    ;0056371;GL DISTRIBUIDORA                                  ;(74)98831-2182 ;010;104;EFV3713;     642,99;    0,82;24/10/2024;64;SEM VASILHAME                 ;   ;ediziene   ;18:29
227567                            ;24/10/2024;    ;473511;007;    ;0056619;GJ COMERCIO DE BEBID                              ;(74)98859-2436 ;010;111;HXN3A97;    8201,57;   12,41;24/10/2024;73;FALTA DE ATIVOS DE GIRO       ;   ;teles      ;17:27
227599                            ;25/10/2024;    ;473660;007;    ;0051122;MERC CAVALCANTE                                   ;(74)99939-6706 ;020;205;OUX8B81;     475,30;    1,06;26/10/2024;42;Produto/Quantidade Errada     ;DER;teles      ;14:11
227599                            ;25/10/2024;    ;473685;007;    ;0063715;BAR CACHACA AMUADA                                ;(74)99148-3220 ;020;205;OUX8B81;     215,60;    0,27;26/10/2024;42;Produto/Quantidade Errada     ;   ;teles      ;14:10
227600                            ;25/10/2024;    ;473718;007;    ;0050548;DE TUDO MERCADINHO                                ;(74)98818-6578 ;020;204;RPP7B52;     219,79;    0,49;26/10/2024;72;PDV FECHADO (HORARIO COM.)    ;   ;teles      ;16:46
227600                            ;25/10/2024;    ;473745;007;    ;0050160;SUPERMERCAD CALCADaO                              ;(74)99966-4498 ;020;204;RPP7B52;     243,12;    0,72;26/10/2024;72;PDV FECHADO (HORARIO COM.)    ;   ;teles      ;16:46
227600                            ;25/10/2024;    ;473746;007;    ;0050160;SUPERMERCAD CALCADaO                              ;(74)99966-4498 ;020;204;RPP7B52;     592,90;    0,75;26/10/2024;72;PDV FECHADO (HORARIO COM.)    ;   ;teles      ;16:45
227600                            ;25/10/2024;    ;473747;007;    ;0050160;SUPERMERCAD CALCADaO                              ;(74)99966-4498 ;020;204;RPP7B52;     896,00;    2,03;26/10/2024;72;PDV FECHADO (HORARIO COM.)    ;   ;teles      ;16:45
227600                            ;25/10/2024;    ;473748;007;    ;0050160;SUPERMERCAD CALCADaO                              ;(74)99966-4498 ;020;204;RPP7B52;      69,80;    0,08;26/10/2024;72;PDV FECHADO (HORARIO COM.)    ;   ;teles      ;16:44
227600                            ;25/10/2024;    ;473782;007;    ;0062301;BOTECO OXENTE                                     ;(74)99989-8072 ;020;204;RPP7B52;     516,52;    0,44;26/10/2024;72;PDV FECHADO (HORARIO COM.)    ;DER;teles      ;16:46
227604                            ;25/10/2024;    ;473973;007;    ;0064704;DRINKS BAR                                        ;(87)99927-8009 ;010;109;RCQ9D86;     144,50;    0,12;26/10/2024;50;CARGA ERRADA ARMAZEM          ;   ;teles      ;13:39
227609                            ;25/10/2024;    ;474185;007;    ;0064649;BAR E DIST.BETANIA                                ;(74)98116-8554 ;020;202;NZM5543;      91,08;    0,24;26/10/2024;71;SEM DINHEIRO/CHEQUE           ;   ;teles      ;11:36
227609                            ;25/10/2024;    ;474204;007;    ;0056922;BAR DO JOAQUIM                                    ;(74)98113-7963 ;020;202;NZM5543;     800,95;    1,12;26/10/2024;73;FALTA DE ATIVOS DE GIRO       ;   ;teles      ;11:35
227609                            ;25/10/2024;    ;474205;007;    ;0056922;BAR DO JOAQUIM                                    ;(74)98113-7963 ;020;202;NZM5543;      68,06;    0,06;26/10/2024;73;FALTA DE ATIVOS DE GIRO       ;   ;teles      ;11:35
227610                            ;25/10/2024;    ;474243;007;    ;0057975;ART REY                                           ;(74) 9912-5212 ;020;202;NZM7723;    3626,48;    4,05;26/10/2024;73;FALTA DE ATIVOS DE GIRO       ;   ;teles      ;14:17
227615                            ;25/10/2024;    ;474399;007;    ;0001781;VERONICE                                          ;(74)98857-9079 ;010;107;RPR6D25;     254,70;    0,36;25/10/2024;42;Produto/Quantidade Errada     ;   ;idute      ;16:17
227617                            ;25/10/2024;    ;474448;007;    ;0062120;MERCADO NILZA                                     ;(74)99914-8780 ;010;104;RDN1D46;     107,80;    0,13;25/10/2024;71;SEM DINHEIRO/CHEQUE           ;   ;aloisio    ;13:21
227619                            ;25/10/2024;    ;474494;007;    ;0057992;POINT DA POLLY                                    ;(74)90000-0000 ;010;103;RDN7A69;     384,06;    0,44;25/10/2024;63;PRODUTO / QTDE. ERRADA        ;DER;idute      ;17:30
227623                            ;25/10/2024;    ;474608;007;    ;0064195;BREJA E MESA                                      ;(74)98807-7357 ;010;110;RDJ0G42;    1078,40;    1,17;25/10/2024;72;PDV FECHADO (HORARIO COM.)    ;   ;silva      ;19:02
227624                            ;25/10/2024;    ;474632;007;    ;0058459;KAYLA CAIANNE                                     ;(74)98825-3060 ;010;111;OZE4956;     638,16;    0,80;26/10/2024;32;ENTREGA ATRASADA (BUFFER)     ;   ;teles      ;11:40
227624                            ;25/10/2024;    ;474633;007;    ;0058459;KAYLA CAIANNE                                     ;(74)98825-3060 ;010;111;OZE4956;     487,57;    0,62;26/10/2024;32;ENTREGA ATRASADA (BUFFER)     ;   ;teles      ;11:40
227624                            ;25/10/2024;    ;474634;007;    ;0058459;KAYLA CAIANNE                                     ;(74)98825-3060 ;010;111;OZE4956;     699,85;    0,87;26/10/2024;32;ENTREGA ATRASADA (BUFFER)     ;   ;teles      ;11:41
227624                            ;25/10/2024;    ;474635;007;    ;0058459;KAYLA CAIANNE                                     ;(74)98825-3060 ;010;111;OZE4956;     360,83;    0,42;26/10/2024;32;ENTREGA ATRASADA (BUFFER)     ;   ;teles      ;11:40
227624                            ;25/10/2024;    ;474636;007;    ;0058459;KAYLA CAIANNE                                     ;(74)98825-3060 ;010;111;OZE4956;     164,64;    0,14;26/10/2024;32;ENTREGA ATRASADA (BUFFER)     ;DER;teles      ;11:40
227624                            ;25/10/2024;    ;474649;007;    ;0052604;MERCADINHO KELLY                                  ;(74)98824-8146 ;010;111;OZE4956;     121,56;    0,36;26/10/2024;86;HORARIO DE ENTREGA            ;   ;teles      ;11:39
227624                            ;25/10/2024;    ;474650;007;    ;0052604;MERCADINHO KELLY                                  ;(74)98824-8146 ;010;111;OZE4956;     290,54;    0,41;26/10/2024;86;HORARIO DE ENTREGA            ;   ;teles      ;11:38
227624                            ;25/10/2024;    ;474651;007;    ;0052604;MERCADINHO KELLY                                  ;(74)98824-8146 ;010;111;OZE4956;     255,63;    0,72;26/10/2024;86;HORARIO DE ENTREGA            ;   ;teles      ;11:38
227629                            ;25/10/2024;    ;474807;007;    ;0057594;DAYANE PESSOA                                     ;(74)98835-5758 ;010;100;KJP3656;     215,60;    0,27;25/10/2024;71;SEM DINHEIRO/CHEQUE           ;   ;silva      ;19:39
227629                            ;25/10/2024;    ;474808;007;    ;0057594;DAYANE PESSOA                                     ;(74)98835-5758 ;010;100;KJP3656;     485,10;    0,62;25/10/2024;71;SEM DINHEIRO/CHEQUE           ;   ;silva      ;19:40
227629                            ;25/10/2024;    ;474809;007;    ;0057594;DAYANE PESSOA                                     ;(74)98835-5758 ;010;100;KJP3656;     107,80;    0,13;25/10/2024;71;SEM DINHEIRO/CHEQUE           ;   ;silva      ;19:39
227630                            ;25/10/2024;    ;474849;007;    ;0055163;MERC E DIST GOMES                                 ;(74)98851-0289 ;010;111;KJP6186;    1121,96;    1,31;26/10/2024;32;ENTREGA ATRASADA (BUFFER)     ;DER;teles      ;13:30
227656                            ;25/10/2024;    ;474924;007;    ;0065125;BAR LUIZ                                          ;(74)98144-8602 ;020;202;MSG0C01;     320,00;    0,00;29/10/2024;08;Mapa nao carregado / nao canc.;   ;idute      ;17:40
227661                            ;26/10/2024;    ;474970;007;    ;0063649;EMPORIO LANCHES                                   ;(74)98819-6236 ;010;101;PKK0690;      84,33;    0,18;26/10/2024;72;PDV FECHADO (HORARIO COM.)    ;   ;teles      ;15:47
227663                            ;26/10/2024;    ;475050;007;    ;0062760;STB ALVES                                         ;(74)98804-3328 ;010;106;RPR6D25;     362,30;    0,45;26/10/2024;71;SEM DINHEIRO/CHEQUE           ;DER;teles      ;14:27
227669                            ;26/10/2024;    ;475153;007;    ;0063140;OLIVEIRA DELICATESSE                              ;(74)98803-5398 ;080;810;NZM4666;     803,79;    4,50;26/10/2024;32;ENTREGA ATRASADA (BUFFER)     ;DER;teles      ;13:54
227697                            ;27/10/2024;    ;475213;007;    ;0050807;BAR DO RAMIRO                                     ;(74)99966-1707 ;020;203;NZN0E75;    1624,74;    2,23;29/10/2024;73;FALTA DE ATIVOS DE GIRO       ;   ;idute      ;16:23
227697                            ;27/10/2024;    ;475214;007;    ;0050807;BAR DO RAMIRO                                     ;(74)99966-1707 ;020;203;NZN0E75;      52,45;    0,36;29/10/2024;73;FALTA DE ATIVOS DE GIRO       ;   ;idute      ;16:23
227698                            ;27/10/2024;    ;475265;007;    ;0055482;BAR DO VINICIUS                                   ;(74)99937-5992 ;020;205;OUX8B81;     989,30;    1,00;29/10/2024;72;PDV FECHADO (HORARIO COM.)    ;   ;idute      ;15:35
227698                            ;27/10/2024;    ;475266;007;    ;0055482;BAR DO VINICIUS                                   ;(74)99937-5992 ;020;205;OUX8B81;     149,90;    0,14;29/10/2024;72;PDV FECHADO (HORARIO COM.)    ;   ;idute      ;15:35
227702                            ;27/10/2024;    ;475417;007;    ;0063921;DISTRIBUIDORA SILVA                               ;(74)98839-8728 ;020;200;SJQ9B60;    1058,00;    1,38;28/10/2024;73;FALTA DE ATIVOS DE GIRO       ;   ;ediziene   ;19:05
227702                            ;27/10/2024;    ;475418;007;    ;0063921;DISTRIBUIDORA SILVA                               ;(74)98839-8728 ;020;200;SJQ9B60;    1058,00;    1,38;28/10/2024;73;FALTA DE ATIVOS DE GIRO       ;   ;ediziene   ;19:06
227703                            ;27/10/2024;    ;475503;007;    ;0052842;BAR DA LEDA                                       ;(74) 3527-2137 ;020;204;RPJ2H66;     196,73;    0,28;29/10/2024;71;SEM DINHEIRO/CHEQUE           ;   ;silva      ;20:17
227704                            ;27/10/2024;    ;475562;007;    ;0053929;GELADaO CACIQUE                                   ;(74)99975-8643 ;010;109;RPP6J11;      53,16;    0,08;29/10/2024;42;Produto/Quantidade Errada     ;   ;aloisio    ;11:49
227705                            ;27/10/2024;    ;475586;007;    ;0004786;SUPER PAGUE MENOS                                 ;(74) 3531-1223 ;010;109;RCQ9D86;    4560,00;    1,50;28/10/2024;42;Produto/Quantidade Errada     ;   ;ediziene   ;20:03
227705                            ;27/10/2024;    ;475587;007;    ;0004786;SUPER PAGUE MENOS                                 ;(74) 3531-1223 ;010;109;RCQ9D86;    2300,11;    3,42;28/10/2024;42;Produto/Quantidade Errada     ;   ;ediziene   ;20:03
227705                            ;27/10/2024;    ;475599;007;    ;0055961;LUIZ ARMAZEM                                      ;(74)98843-0637 ;085;992;RCQ9D86;      38,98;    0,04;28/10/2024;42;Produto/Quantidade Errada     ;   ;ediziene   ;20:04
227706                            ;27/10/2024;    ;475608;007;    ;0050425;MERC BETEL                                        ;(74)98817-8489 ;020;202;NZM5543;     405,70;    0,89;29/10/2024;72;PDV FECHADO (HORARIO COM.)    ;   ;idute      ;16:34
227707                            ;27/10/2024;    ;475688;007;    ;0057046;BARAO BEBIDAS                                     ;(89)98104-1302 ;020;203;RPM8D89;       2,80;    0,00;29/10/2024;42;Produto/Quantidade Errada     ;   ;silva      ;18:52
227709                            ;27/10/2024;    ;475754;007;    ;0025279;POSTO RIBEIRAO II                                 ;(74)98103-0463 ;020;202;RCP2C35;     169,66;    0,20;29/10/2024;37;PDV Fechado                   ;   ;idute      ;15:17
227710                            ;27/10/2024;    ;475791;007;    ;0052548;MERC SHOW DE PRECO                                ;(74)98825-2391 ;020;201;RPP7B52;     227,82;    0,36;29/10/2024;71;SEM DINHEIRO/CHEQUE           ;   ;silva      ;19:06
227710                            ;27/10/2024;    ;475813;007;    ;0055369;Rei Da Gelada                                     ;(74)98833-6983 ;020;201;RPP7B52;     197,60;    0,24;29/10/2024;71;SEM DINHEIRO/CHEQUE           ;   ;silva      ;19:06
227710                            ;27/10/2024;    ;475816;007;    ;0064766;ADOLFO JOSÉ SANTANA                               ;(74)98816-0348 ;020;201;RPP7B52;     553,20;    0,61;29/10/2024;72;PDV FECHADO (HORARIO COM.)    ;   ;silva      ;19:05
227710                            ;27/10/2024;    ;475843;007;    ;0056507;COMERCIAL NOVA OPCAO                              ;(74)98854-1877 ;020;201;RPP7B52;    1118,52;    1,57;29/10/2024;42;Produto/Quantidade Errada     ;   ;silva      ;19:07
227711                            ;27/10/2024;    ;475855;007;    ;0056240;DISTRIBUIDORA LOBO                                ;(74)99946-9133 ;020;201;RPM8F89;    9522,00;   12,42;28/10/2024;73;FALTA DE ATIVOS DE GIRO       ;   ;teles      ;17:41
227712                            ;27/10/2024;    ;475865;007;    ;0053713;BAR DO ARLINDO                                    ;(74)98857-9875 ;020;200;RPE4C71;    1590,80;    1,72;29/10/2024;72;PDV FECHADO (HORARIO COM.)    ;   ;idute      ;14:56
227712                            ;27/10/2024;    ;475866;007;    ;0053713;BAR DO ARLINDO                                    ;(74)98857-9875 ;020;200;RPE4C71;     159,80;    0,24;29/10/2024;72;PDV FECHADO (HORARIO COM.)    ;   ;idute      ;14:56
227714                            ;27/10/2024;    ;475944;007;    ;0058152;DISTRIBUIDORA PRIME                               ;(74)98831-0744 ;010;108;NZM9993;     377,30;    0,48;29/10/2024;71;SEM DINHEIRO/CHEQUE           ;   ;idute      ;16:28
227714                            ;27/10/2024;    ;475945;007;    ;0058152;DISTRIBUIDORA PRIME                               ;(74)98831-0744 ;010;108;NZM9993;    1115,71;    1,16;29/10/2024;71;SEM DINHEIRO/CHEQUE           ;   ;idute      ;16:28
227714                            ;27/10/2024;    ;475963;007;    ;0063160;RE VARIEDADES                                     ;(87)98164-6205 ;010;108;NZM9993;    1281,00;    1,53;29/10/2024;42;Produto/Quantidade Errada     ;   ;idute      ;16:27
227718                            ;27/10/2024;    ;476054;007;    ;0058052;SPETTO NA BRASA                                   ;(74)98861-7673 ;010;101;OUG2987;     781,02;    0,97;28/10/2024;71;SEM DINHEIRO/CHEQUE           ;   ;teles      ;18:09
227721                            ;27/10/2024;    ;476083;007;    ;0055858;JAIR SOARES MOTORIST                              ;(74)98806-9663 ;085;992;RPR6D25;      65,00;    0,05;28/10/2024;42;Produto/Quantidade Errada     ;   ;teles      ;15:45
227721                            ;27/10/2024;    ;476096;007;    ;0055687;VARGEAN JOSE HERMENE                              ;(74)98838-2292 ;085;992;RPR6D25;      65,00;    0,05;28/10/2024;42;Produto/Quantidade Errada     ;   ;teles      ;15:45
227726                            ;27/10/2024;    ;476174;007;    ;0055031;DISTR SAO FRANCISCO                               ;(74)98837-9905 ;010;111;RDN7A69;    1528,67;    1,93;28/10/2024;72;PDV FECHADO (HORARIO COM.)    ;   ;teles      ;16:13
227728                            ;27/10/2024;    ;476225;007;    ;0051768;DEPOSITO TROPICAL                                 ;(74) 3611-2721 ;010;111;NZM7723;   16170,00;   20,70;28/10/2024;73;FALTA DE ATIVOS DE GIRO       ;   ;teles      ;15:42
227755                            ;29/10/2024;    ;476353;007;    ;0064948;BAR LOPES                                         ;(74)99947-5530 ;020;205;OUX3F90;     234,00;    0,27;30/10/2024;72;PDV FECHADO (HORARIO COM.)    ;   ;teles      ;15:46
227755                            ;29/10/2024;    ;476354;007;    ;0064948;BAR LOPES                                         ;(74)99947-5530 ;020;205;OUX3F90;      52,44;    0,12;30/10/2024;72;PDV FECHADO (HORARIO COM.)    ;   ;teles      ;15:46
227756                            ;29/10/2024;    ;476363;007;    ;0063355;BAR E MERC SILVA                                  ;(74)99994-7137 ;020;203;RPM8F89;     539,00;    0,69;30/10/2024;65;NAO FEZ PEDIDO                ;   ;aloisio    ;19:30
227756                            ;29/10/2024;    ;476365;007;    ;0063585;BAR DE DIDI                                       ;(74)98873-8594 ;020;204;RPM8F89;      90,72;    0,14;30/10/2024;71;SEM DINHEIRO/CHEQUE           ;   ;aloisio    ;19:38
227756                            ;29/10/2024;    ;476366;007;    ;0063585;BAR DE DIDI                                       ;(74)98873-8594 ;020;204;RPM8F89;      37,10;    0,04;30/10/2024;71;SEM DINHEIRO/CHEQUE           ;   ;aloisio    ;19:37
227756                            ;29/10/2024;    ;476367;007;    ;0063585;BAR DE DIDI                                       ;(74)98873-8594 ;020;204;RPM8F89;      36,10;    0,04;30/10/2024;71;SEM DINHEIRO/CHEQUE           ;   ;aloisio    ;19:36
227756                            ;29/10/2024;    ;476368;007;    ;0063585;BAR DE DIDI                                       ;(74)98873-8594 ;020;204;RPM8F89;     215,60;    0,27;30/10/2024;71;SEM DINHEIRO/CHEQUE           ;   ;aloisio    ;19:31
227756                            ;29/10/2024;    ;476380;007;    ;0025710;SUPERMERCADO DO NETO                              ;(74) 9937-9262 ;020;203;RPM8F89;     541,75;    0,69;30/10/2024;72;PDV FECHADO (HORARIO COM.)    ;   ;aloisio    ;19:39
227756                            ;29/10/2024;    ;476381;007;    ;0025710;SUPERMERCADO DO NETO                              ;(74) 9937-9262 ;020;203;RPM8F89;     152,90;    0,17;30/10/2024;72;PDV FECHADO (HORARIO COM.)    ;   ;aloisio    ;19:41
227756                            ;29/10/2024;    ;476382;007;    ;0025710;SUPERMERCADO DO NETO                              ;(74) 9937-9262 ;020;203;RPM8F89;     130,46;    0,90;30/10/2024;72;PDV FECHADO (HORARIO COM.)    ;   ;aloisio    ;19:42
227756                            ;29/10/2024;    ;476383;007;    ;0025710;SUPERMERCADO DO NETO                              ;(74) 9937-9262 ;020;203;RPM8F89;     102,70;    0,42;30/10/2024;72;PDV FECHADO (HORARIO COM.)    ;   ;aloisio    ;19:43
227758                            ;29/10/2024;    ;476557;007;    ;0056153;COMERCIAL CAVALCANTE                              ;(74)98812-7703 ;020;200;SJQ9B60;     380,21;    0,48;29/10/2024;72;PDV FECHADO (HORARIO COM.)    ;   ;silva      ;18:59
227758                            ;29/10/2024;    ;476558;007;    ;0056153;COMERCIAL CAVALCANTE                              ;(74)98812-7703 ;020;200;SJQ9B60;     429,14;    0,62;29/10/2024;72;PDV FECHADO (HORARIO COM.)    ;   ;silva      ;18:57
227758                            ;29/10/2024;    ;476559;007;    ;0056153;COMERCIAL CAVALCANTE                              ;(74)98812-7703 ;020;200;SJQ9B60;     315,16;    0,41;29/10/2024;72;PDV FECHADO (HORARIO COM.)    ;   ;silva      ;18:58
227758                            ;29/10/2024;    ;476560;007;    ;0056153;COMERCIAL CAVALCANTE                              ;(74)98812-7703 ;020;200;SJQ9B60;    1083,50;    1,38;29/10/2024;72;PDV FECHADO (HORARIO COM.)    ;   ;silva      ;18:59
227760                            ;29/10/2024;    ;476596;007;    ;0054648;GELADaO REIS                                      ;(74) 8142-0596 ;010;109;RPP6J11;     848,45;    1,43;30/10/2024;72;PDV FECHADO (HORARIO COM.)    ;   ;aloisio    ;19:55
227762                            ;29/10/2024;    ;476678;007;    ;0051421;MERCADINHO GAMA                                   ;(74) 3617-6124 ;010;107;NZM4666;      99,52;    0,45;29/10/2024;71;SEM DINHEIRO/CHEQUE           ;   ;silva      ;20:34
227764                            ;29/10/2024;    ;476761;007;    ;0062292;MERC AVENIDA BIG                                  ;(74)98873-1240 ;010;100;OVB5042;       5,22;    0,00;29/10/2024;82;ENDERECO NAO ENCONTRADO       ;DER;idute      ;17:31
227768                            ;29/10/2024;    ;476899;007;    ;0064154;RESTAURANTE DA LUCIA                              ;(74)98810-0723 ;010;105;OUG2987;     636,80;    0,78;29/10/2024;50;CARGA ERRADA ARMAZEM          ;   ;silva      ;18:54
227768                            ;29/10/2024;    ;476900;007;    ;0058501;RESTAURANTE RIO CENT                              ;(74)98854-4270 ;010;110;OUG2987;     410,73;    0,65;29/10/2024;50;CARGA ERRADA ARMAZEM          ;   ;silva      ;18:53
227769                            ;29/10/2024;    ;476919;007;    ;0063620;ADEGA DISTRIBUIDORA                               ;(74)98857-2031 ;010;103;RDN1D46;     107,80;    0,13;29/10/2024;72;PDV FECHADO (HORARIO COM.)    ;AGE;idute      ;15:55
227769                            ;29/10/2024;    ;476925;007;    ;0064058;PAROQUIA SANTO ANTON                              ;(11)99259-9066 ;010;103;RDN1D46;      28,44;    0,04;29/10/2024;72;PDV FECHADO (HORARIO COM.)    ;   ;idute      ;15:55
227769                            ;29/10/2024;    ;476926;007;    ;0064058;PAROQUIA SANTO ANTON                              ;(11)99259-9066 ;010;103;RDN1D46;      63,38;    0,06;29/10/2024;72;PDV FECHADO (HORARIO COM.)    ;   ;idute      ;15:56
227769                            ;29/10/2024;    ;476936;007;    ;0030030;DISTB. DO LEONARDO                                ;(74)98819-2294 ;010;104;RDN1D46;     331,80;    0,28;29/10/2024;72;PDV FECHADO (HORARIO COM.)    ;   ;idute      ;15:54
227769                            ;29/10/2024;    ;476944;007;    ;0065022;MAGNATA BAR                                       ;(74)98821-6874 ;010;104;RDN1D46;      53,90;    0,06;29/10/2024;72;PDV FECHADO (HORARIO COM.)    ;   ;idute      ;15:54
227774                            ;29/10/2024;    ;477081;007;    ;0024677;DIST JOSE                                         ;(74)98123-3299 ;010;108;OZF1202;     955,18;    1,29;29/10/2024;73;FALTA DE ATIVOS DE GIRO       ;   ;idute      ;16:45
227774                            ;29/10/2024;    ;477082;007;    ;0024677;DIST JOSE                                         ;(74)98123-3299 ;010;108;OZF1202;    1542,00;    2,32;29/10/2024;73;FALTA DE ATIVOS DE GIRO       ;   ;idute      ;16:46
227777                            ;29/10/2024;    ;477184;007;    ;0054640;BAR E DISTR SOL                                   ;(74)98130-6112 ;010;110;KJP6186;    1078,00;    1,38;29/10/2024;73;FALTA DE ATIVOS DE GIRO       ;   ;idute      ;16:41
227803                            ;30/10/2024;    ;477267;007;    ;0065011;SANTOS BAR                                        ;(74)99124-7083 ;020;205;OUX8B81;     117,00;    0,13;31/10/2024;72;PDV FECHADO (HORARIO COM.)    ;   ;ediziene   ;13:38
227803                            ;30/10/2024;    ;477924;007;    ;0058638;BAR VEM K PRA VER                                 ;(74)99906-9669 ;020;205;OUX8B81;     259,64;    0,39;31/10/2024;72;PDV FECHADO (HORARIO COM.)    ;DER;ediziene   ;13:37
227803                            ;30/10/2024;    ;477925;007;    ;0051015;ATACAD BEB EM GERAIS                              ;(74)99998-5018 ;020;205;OUX8B81;      55,00;    0,04;31/10/2024;42;Produto/Quantidade Errada     ;   ;ediziene   ;13:37
227804                            ;30/10/2024;    ;477336;007;    ;0062736;MERCADINHO BAIXINHO                               ;(71)98810-0025 ;020;203;NZN0E75;     638,50;    0,76;31/10/2024;73;FALTA DE ATIVOS DE GIRO       ;   ;idute      ;17:08
227804                            ;30/10/2024;    ;477962;007;    ;0062066;pousada e posto gran                              ;(74)98104-3525 ;020;204;NZN0E75;    7102,14;    6,98;31/10/2024;73;FALTA DE ATIVOS DE GIRO       ;   ;idute      ;17:08
227811                            ;30/10/2024;    ;478363;007;    ;0051722;CANTINHO DO PEIXE                                 ;(74) 8801-8936 ;010;105;RDJ0G42;     592,90;    0,75;30/10/2024;73;FALTA DE ATIVOS DE GIRO       ;   ;aloisio    ;18:20
227812                            ;30/10/2024;    ;478402;007;    ;0056960;FRANCILEIA FERREIRA                               ;(87)99112-0114 ;010;105;OUG2987;     156,14;    0,34;30/10/2024;50;CARGA ERRADA ARMAZEM          ;   ;aloisio    ;18:58
227812                            ;30/10/2024;    ;478403;007;    ;0056960;FRANCILEIA FERREIRA                               ;(87)99112-0114 ;010;105;OUG2987;     541,75;    0,69;30/10/2024;50;CARGA ERRADA ARMAZEM          ;   ;aloisio    ;18:58
227812                            ;30/10/2024;    ;478409;007;    ;0051264;ACARAJE DO MARCONDES                              ;(74) 8821-2728 ;010;105;OUG2987;      32,65;    0,04;30/10/2024;72;PDV FECHADO (HORARIO COM.)    ;   ;aloisio    ;18:57
227812                            ;30/10/2024;    ;478421;007;    ;0000605;SORVET  BOLA DE NEVE                              ;(74)98805-7064 ;010;105;OUG2987;    1296,72;    1,78;30/10/2024;50;CARGA ERRADA ARMAZEM          ;   ;aloisio    ;18:59
227817                            ;30/10/2024;    ;478508;007;    ;0052604;MERCADINHO KELLY                                  ;(74)98824-8146 ;010;111;RCP2C35;    8438,14;    9,50;30/10/2024;86;HORARIO DE ENTREGA            ;   ;aloisio    ;19:08
227817                            ;30/10/2024;    ;478509;007;    ;0052604;MERCADINHO KELLY                                  ;(74)98824-8146 ;010;111;RCP2C35;      86,42;    0,31;30/10/2024;86;HORARIO DE ENTREGA            ;   ;aloisio    ;19:09
227817                            ;30/10/2024;    ;478510;007;    ;0052604;MERCADINHO KELLY                                  ;(74)98824-8146 ;010;111;RCP2C35;      70,81;    0,06;30/10/2024;86;HORARIO DE ENTREGA            ;DER;aloisio    ;19:09
227817                            ;30/10/2024;    ;478514;007;    ;0064963;DECK LOUNGE                                       ;(74)98801-1172 ;010;110;RCP2C35;      15,02;    0,06;30/10/2024;86;HORARIO DE ENTREGA            ;DER;aloisio    ;19:07
227817                            ;30/10/2024;    ;478520;007;    ;0024450;BAR DO JACARE                                     ;(74)98829-9244 ;010;110;RCP2C35;     495,89;    0,66;30/10/2024;42;Produto/Quantidade Errada     ;   ;aloisio    ;19:06
227819                            ;30/10/2024;    ;478548;007;    ;0054008;SUPERMERCADO PEG PAG                              ;(74) 3538-1343 ;020;201;HXN3A97;      10,91;    0,01;31/10/2024;50;CARGA ERRADA ARMAZEM          ;   ;idute      ;18:02
227821                            ;30/10/2024;    ;478581;007;    ;0062241;QUIOSQUE ESTAÇÃO DO                               ;(74)98809-0842 ;020;200;KHL4414;     499,62;    0,57;30/10/2024;87;TEMPO INSUFICIENTE            ;   ;aloisio    ;19:12
227821                            ;30/10/2024;    ;478582;007;    ;0062241;QUIOSQUE ESTAÇÃO DO                               ;(74)98809-0842 ;020;200;KHL4414;      17,28;    0,02;30/10/2024;87;TEMPO INSUFICIENTE            ;   ;aloisio    ;19:13
227822                            ;30/10/2024;    ;478586;007;    ;0063105;REI DO DOG OFICIAL J                              ;(87)99809-6128 ;010;110;RDN1D46;      15,02;    0,06;30/10/2024;72;PDV FECHADO (HORARIO COM.)    ;DER;teles      ;16:23
227822                            ;30/10/2024;    ;478606;007;    ;0065051;ESPACO VIP                                        ;(74)98835-3097 ;010;106;RDN1D46;      15,02;    0,06;30/10/2024;72;PDV FECHADO (HORARIO COM.)    ;DER;teles      ;16:23
227822                            ;30/10/2024;    ;478607;007;    ;0065051;ESPACO VIP                                        ;(74)98835-3097 ;010;106;RDN1D46;      70,00;    0,06;30/10/2024;72;PDV FECHADO (HORARIO COM.)    ;   ;teles      ;16:23
227822                            ;30/10/2024;    ;478608;007;    ;0065372;MERCADINHO NUNES                                  ;(87)99620-5358 ;010;109;RDN1D46;     731,64;    0,80;30/10/2024;42;Produto/Quantidade Errada     ;DER;teles      ;16:23
227824                            ;30/10/2024;    ;478675;007;    ;0051188;REST E LANCH VALERIA                              ;(74)98801-9532 ;010;103;RDN7A69;     296,27;    0,34;30/10/2024;85;DIFICIL ACESSO                ;   ;teles      ;17:42
227825                            ;30/10/2024;    ;478697;007;    ;0064726;ATACADAO DO QUEIJO                                ;(74)98836-4061 ;010;103;LKI1H89;     203,40;    0,60;30/10/2024;42;Produto/Quantidade Errada     ;   ;teles      ;13:21
227825                            ;30/10/2024;    ;478698;007;    ;0064726;ATACADAO DO QUEIJO                                ;(74)98836-4061 ;010;103;LKI1H89;     203,40;    0,60;30/10/2024;42;Produto/Quantidade Errada     ;DER;teles      ;13:21
227825                            ;30/10/2024;    ;478700;007;    ;0065206;MERCADINHO FERREIRA                               ;(74)99144-5950 ;010;103;LKI1H89;     657,76;    1,21;30/10/2024;72;PDV FECHADO (HORARIO COM.)    ;   ;teles      ;13:22
227825                            ;30/10/2024;    ;478701;007;    ;0065206;MERCADINHO FERREIRA                               ;(74)99144-5950 ;010;103;LKI1H89;      45,60;    0,01;30/10/2024;72;PDV FECHADO (HORARIO COM.)    ;   ;teles      ;13:22
227828                            ;30/10/2024;    ;478768;007;    ;0056276;MERCADINHO FREIRE                                 ;(74)98835-3628 ;010;107;NZM7723;     681,44;    0,86;31/10/2024;42;Produto/Quantidade Errada     ;   ;idute      ;16:12
227828                            ;30/10/2024;    ;478781;007;    ;0058483;Distribuidora Jm                                  ;(74)99800-0085 ;010;111;NZM7723;    2361,30;    2,97;31/10/2024;71;SEM DINHEIRO/CHEQUE           ;   ;idute      ;16:14
227828                            ;30/10/2024;    ;478795;007;    ;0059280;MERCADINHO APOLLO                                 ;(74)99903-4682 ;010;100;NZM7723;    1707,18;    2,06;31/10/2024;71;SEM DINHEIRO/CHEQUE           ;   ;idute      ;16:14
227828                            ;30/10/2024;    ;478801;007;    ;0054345;DIST. E PETIS DANTAS                              ;(74)98841-8442 ;010;111;NZM7723;    1629,45;    2,07;31/10/2024;72;PDV FECHADO (HORARIO COM.)    ;   ;idute      ;16:13
227828                            ;30/10/2024;    ;478802;007;    ;0054345;DIST. E PETIS DANTAS                              ;(74)98841-8442 ;010;111;NZM7723;      98,13;    0,09;31/10/2024;72;PDV FECHADO (HORARIO COM.)    ;   ;idute      ;16:13
227830                            ;30/10/2024;    ;478871;007;    ;0053092;MERCADINHO JUAZEIRO                               ;(74)98836-7475 ;080;810;OVB5042;     271,30;    0,32;30/10/2024;42;Produto/Quantidade Errada     ;   ;teles      ;17:21
227831                            ;30/10/2024;    ;478909;007;    ;0054041;BUDEGA ALTAS HORAS                                ;(74)98846-2670 ;010;102;OZE4956;    2516,92;    3,80;30/10/2024;73;FALTA DE ATIVOS DE GIRO       ;   ;aloisio    ;19:22
227837                            ;30/10/2024;    ;478996;007;    ;0063597;DISTRIBUIDORA                                     ;(74)99953-1152 ;010;101;JII1442;    1943,50;    2,53;30/10/2024;42;Produto/Quantidade Errada     ;DER;aloisio    ;18:23
227838                            ;30/10/2024;    ;479038;007;    ;0025476;MERCADINHO VANESSA                                ;(74)98817-9103 ;010;108;KJP6186;     740,36;    0,90;30/10/2024;72;PDV FECHADO (HORARIO COM.)    ;   ;aloisio    ;19:04
227839                            ;30/10/2024;    ;479054;007;    ;0050881;PANIFICADORA SHASTA                               ;(74) 8817-7050 ;010;106;OFB8B68;      15,02;    0,06;31/10/2024;89;PDV FECHADO APOS HORARIO      ;DER;ediziene   ;11:39
227839                            ;30/10/2024;    ;479057;007;    ;0062518;NETINHA BEBIDAS                                   ;(74)98803-6911 ;010;106;OFB8B68;      15,02;    0,06;31/10/2024;89;PDV FECHADO APOS HORARIO      ;DER;ediziene   ;11:40
227839                            ;30/10/2024;    ;479059;007;    ;0065373;BOTECO 144                                        ;(74)98849-3560 ;020;200;OFB8B68;     552,70;    0,63;31/10/2024;89;PDV FECHADO APOS HORARIO      ;   ;ediziene   ;11:39
227878                            ;31/10/2024;    ;479373;007;    ;0056864;Comercial Correia                                 ;(74)99147-4499 ;020;200;SJQ9B60;    1041,92;    1,91;31/10/2024;72;PDV FECHADO (HORARIO COM.)    ;   ;silva      ;20:36
227881                            ;31/10/2024;    ;479462;007;    ;0025391;BAR DE NETO                                       ;(74) 3617-8314 ;010;108;NZM9993;     902,47;    1,11;31/10/2024;72;PDV FECHADO (HORARIO COM.)    ;   ;silva      ;20:13
227881                            ;31/10/2024;    ;479471;007;    ;0061010;MERCADINHO R COCO                                 ;(87)98847-5351 ;010;108;NZM9993;    1929,34;    2,62;31/10/2024;71;SEM DINHEIRO/CHEQUE           ;   ;silva      ;20:13
227886                            ;31/10/2024;    ;479624;007;    ;0051198;BAR DO ELINAILTON                                 ;(74)99930-0278 ;020;201;NZM5543;     269,50;    0,34;31/10/2024;71;SEM DINHEIRO/CHEQUE           ;   ;idute      ;16:05
227886                            ;31/10/2024;    ;479625;007;    ;0051198;BAR DO ELINAILTON                                 ;(74)99930-0278 ;020;201;NZM5543;     417,41;    0,66;31/10/2024;71;SEM DINHEIRO/CHEQUE           ;   ;idute      ;16:06
227886                            ;31/10/2024;    ;479626;007;    ;0051198;BAR DO ELINAILTON                                 ;(74)99930-0278 ;020;201;NZM5543;      56,78;    0,08;31/10/2024;71;SEM DINHEIRO/CHEQUE           ;   ;idute      ;16:06
227886                            ;31/10/2024;    ;479627;007;    ;0051198;BAR DO ELINAILTON                                 ;(74)99930-0278 ;020;201;NZM5543;      28,50;    0,12;31/10/2024;71;SEM DINHEIRO/CHEQUE           ;   ;idute      ;16:07
227895                            ;31/10/2024;    ;479793;007;    ;0056810;Distribuidora Binho                               ;(74)98841-7701 ;010;102;RDN1D46;     107,80;    0,13;31/10/2024;72;PDV FECHADO (HORARIO COM.)    ;   ;idute      ;16:25
227897                            ;31/10/2024;    ;479876;007;    ;0058313;LA CASA DO ESPETO                                 ;(74)98802-4025 ;010;110;LKI1H89;     539,00;    0,69;31/10/2024;72;PDV FECHADO (HORARIO COM.)    ;   ;ediziene   ;13:21
227899                            ;31/10/2024;    ;479908;007;    ;0065032;DISTRIBUIDORA DA CHR                              ;(74)98817-0867 ;010;106;LKI1H89;     119,62;    0,06;31/10/2024;72;PDV FECHADO (HORARIO COM.)    ;   ;idute      ;18:24
227899                            ;31/10/2024;    ;479909;007;    ;0065032;DISTRIBUIDORA DA CHR                              ;(74)98817-0867 ;010;106;LKI1H89;      17,28;    0,02;31/10/2024;72;PDV FECHADO (HORARIO COM.)    ;   ;idute      ;18:24
