Mapa                     ;Data;Unb Nota;Nota;Serie;Unb Cliente;Cod. Cliente;Nome Cliente;Telefone;Area;Setor;Placa;Valor;Volume;Data Devol.;Cod. Motivo;Desc. Motivo;Orig. Pedido;Usuario;Hora
216618                            ;01/02/2024;    ;254344;007;    ;0057975;ART REY                                           ;(74) 9912-5212 ;020;203;NZM4666;       4,35;    0,00;02/02/2024;72;PDV FECHADO (HORARIO COM.)    ;   ;teles      ;13:39
216618                            ;01/02/2024;    ;254346;007;    ;0050428;OPCAO BAR                                         ;(74)98119-3764 ;020;203;NZM4666;      92,98;    0,01;02/02/2024;50;CARGA ERRADA ARMAZEM          ;   ;teles      ;13:38
216619                            ;01/02/2024;    ;254414;007;    ;0057026;Mercadinho Passos BR                              ;(74)98855-2198 ;020;201;RPP0E77;       9,57;    0,02;02/02/2024;63;PRODUTO / QTDE. ERRADA        ;   ;silva      ;02:01
216619                            ;01/02/2024;    ;254415;007;    ;0057026;Mercadinho Passos BR                              ;(74)98855-2198 ;020;201;RPP0E77;       1,51;    0,00;02/02/2024;63;PRODUTO / QTDE. ERRADA        ;   ;silva      ;02:01
216620                            ;01/02/2024;    ;254460;007;    ;0050560;BAR DO CLAUDINHO                                  ;(74)98839-7617 ;020;201;SJQ9B60;     648,70;    0,89;01/02/2024;72;PDV FECHADO (HORARIO COM.)    ;DER;silva      ;20:49
216628                            ;01/02/2024;    ;254780;007;    ;0064179;DESTIBRUIDORA  DA SI                              ;(74)98858-2644 ;010;111;KHL4414;     499,00;    0,69;01/02/2024;82;ENDERECO NAO ENCONTRADO       ;   ;silva      ;18:25
216628                            ;01/02/2024;    ;254782;007;    ;0059321;MINHA CASA                                        ;(74)98874-3447 ;010;111;KHL4414;     748,50;    1,03;01/02/2024;84;AREA DE RISCO                 ;   ;silva      ;18:26
216632                            ;01/02/2024;    ;254898;007;    ;0051076;SUPER J BEZERRA                                   ;(74)98880-4045 ;080;811;OZE4956;      66,96;    0,24;01/02/2024;81;PRODUTO DANIFICADO / FALTA    ;   ;ediziene   ;15:09
216638                            ;01/02/2024;    ;255008;007;    ;0025379;PIZZARIA TROPICAL                                 ;(74)98862-5273 ;010;102;PKK0690;      43,42;    0,04;01/02/2024;95;TROCA P/ INVERSAO             ;   ;ediziene   ;18:05
216643                            ;01/02/2024;    ;255119;007;    ;0062576;DIST DO BRUTINHO                                  ;(74)99102-2772 ;010;108;RDN7A69;      49,90;    0,06;01/02/2024;89;PDV FECHADO APOS HORARIO      ;   ;ediziene   ;13:33
216643                            ;01/02/2024;    ;255120;007;    ;0062576;DIST DO BRUTINHO                                  ;(74)99102-2772 ;010;108;RDN7A69;      72,96;    0,12;01/02/2024;89;PDV FECHADO APOS HORARIO      ;   ;ediziene   ;13:33
216643                            ;01/02/2024;    ;255121;007;    ;0062576;DIST DO BRUTINHO                                  ;(74)99102-2772 ;010;108;RDN7A69;     117,52;    0,14;01/02/2024;89;PDV FECHADO APOS HORARIO      ;   ;ediziene   ;13:34
216643                            ;01/02/2024;    ;255122;007;    ;0062576;DIST DO BRUTINHO                                  ;(74)99102-2772 ;010;108;RDN7A69;     499,00;    0,69;01/02/2024;89;PDV FECHADO APOS HORARIO      ;   ;ediziene   ;13:34
216643                            ;01/02/2024;    ;255123;007;    ;0062576;DIST DO BRUTINHO                                  ;(74)99102-2772 ;010;108;RDN7A69;     565,00;    0,69;01/02/2024;89;PDV FECHADO APOS HORARIO      ;   ;ediziene   ;13:34
216643                            ;01/02/2024;    ;255124;007;    ;0062576;DIST DO BRUTINHO                                  ;(74)99102-2772 ;010;108;RDN7A69;     201,05;    0,26;01/02/2024;89;PDV FECHADO APOS HORARIO      ;   ;ediziene   ;13:35
216645                            ;01/02/2024;    ;255171;007;    ;0056390;DISTRIBUIDORA ROSA                                ;(74)98821-9859 ;010;105;PKK8518;     576,28;    0,81;01/02/2024;71;SEM DINHEIRO/CHEQUE           ;   ;ediziene   ;16:17
216646                            ;01/02/2024;    ;255211;007;    ;0023015;DISTRIBUIDOR BEZERRA                              ;(74)98819-6003 ;010;102;PKL6654;     255,68;    0,33;01/02/2024;63;PRODUTO / QTDE. ERRADA        ;   ;ediziene   ;15:21
216651                            ;01/02/2024;    ;255405;007;    ;0055031;DISTR SAO FRANCISCO                               ;(74)98837-9905 ;010;103;NKV3226;     893,27;    1,03;01/02/2024;70;CLIENTE CANCELOU              ;   ;ediziene   ;15:24
216677                            ;02/02/2024;    ;255799;007;    ;0053402;BAR DA ZENAIDE                                    ;(74)98818-7309 ;020;201;SJQ9B60;      49,90;    0,06;05/02/2024;72;PDV FECHADO (HORARIO COM.)    ;   ;aloisio    ;20:49
216677                            ;02/02/2024;    ;255800;007;    ;0053402;BAR DA ZENAIDE                                    ;(74)98818-7309 ;020;201;SJQ9B60;     550,10;    0,79;05/02/2024;72;PDV FECHADO (HORARIO COM.)    ;   ;aloisio    ;20:49
216677                            ;02/02/2024;    ;255801;007;    ;0053402;BAR DA ZENAIDE                                    ;(74)98818-7309 ;020;201;SJQ9B60;      99,70;    0,27;05/02/2024;72;PDV FECHADO (HORARIO COM.)    ;   ;aloisio    ;20:47
216677                            ;02/02/2024;    ;255802;007;    ;0053402;BAR DA ZENAIDE                                    ;(74)98818-7309 ;020;201;SJQ9B60;      68,46;    0,06;05/02/2024;72;PDV FECHADO (HORARIO COM.)    ;   ;aloisio    ;20:48
216677                            ;02/02/2024;    ;255803;007;    ;0053402;BAR DA ZENAIDE                                    ;(74)98818-7309 ;020;201;SJQ9B60;     199,60;    0,27;05/02/2024;72;PDV FECHADO (HORARIO COM.)    ;   ;aloisio    ;20:48
216677                            ;02/02/2024;    ;255804;007;    ;0053402;BAR DA ZENAIDE                                    ;(74)98818-7309 ;020;201;SJQ9B60;     149,70;    0,20;05/02/2024;72;PDV FECHADO (HORARIO COM.)    ;   ;aloisio    ;20:47
216677                            ;02/02/2024;    ;255805;007;    ;0053402;BAR DA ZENAIDE                                    ;(74)98818-7309 ;020;201;SJQ9B60;     263,80;    0,28;05/02/2024;72;PDV FECHADO (HORARIO COM.)    ;   ;aloisio    ;20:46
216682                            ;02/02/2024;    ;256029;007;    ;0056060;MERCADINHO SUPERVALE                              ;(74) 3618-3039 ;010;109;OZF1202;     241,34;    0,32;02/02/2024;72;PDV FECHADO (HORARIO COM.)    ;   ;teles      ;15:58
216688                            ;02/02/2024;    ;256228;007;    ;0063511;DELICIAS DO VALE                                  ;(74)98819-1004 ;010;107;KJP3656;     263,80;    0,28;02/02/2024;72;PDV FECHADO (HORARIO COM.)    ;   ;teles      ;15:45
216688                            ;02/02/2024;    ;256240;007;    ;0056597;PORAO HAMBURGUERIA                                ;(87)99958-2070 ;010;108;KJP3656;     550,82;    0,88;02/02/2024;50;CARGA ERRADA ARMAZEM          ;   ;teles      ;15:44
216693                            ;02/02/2024;    ;256309;007;    ;0062258;SUPERMERCADO UNIPREC                              ;(74)98836-8023 ;080;811;PKK0690;    2973,07;    5,88;02/02/2024;72;PDV FECHADO (HORARIO COM.)    ;   ;teles      ;17:50
216693                            ;02/02/2024;    ;256310;007;    ;0062258;SUPERMERCADO UNIPREC                              ;(74)98836-8023 ;080;811;PKK0690;     701,80;    0,92;02/02/2024;72;PDV FECHADO (HORARIO COM.)    ;   ;teles      ;17:50
216694                            ;02/02/2024;    ;256350;007;    ;0057280;DIST JOSE                                         ;(74)98874-3620 ;010;102;PKK8518;      81,99;    0,24;02/02/2024;72;PDV FECHADO (HORARIO COM.)    ;   ;teles      ;17:40
216695                            ;02/02/2024;    ;256375;007;    ;0023559;PANIFICADORA DIAS                                 ;(74) 3613-1839 ;010;105;RDN1D46;      62,44;    0,16;02/02/2024;72;PDV FECHADO (HORARIO COM.)    ;   ;teles      ;13:44
216697                            ;02/02/2024;    ;256431;007;    ;0061492;DK DISTRIBUIDOR                                   ;(74)98825-0886 ;010;106;RPR6D25;     342,30;    0,34;02/02/2024;72;PDV FECHADO (HORARIO COM.)    ;   ;teles      ;13:40
216697                            ;02/02/2024;    ;256432;007;    ;0061492;DK DISTRIBUIDOR                                   ;(74)98825-0886 ;010;106;RPR6D25;     136,92;    0,13;02/02/2024;72;PDV FECHADO (HORARIO COM.)    ;   ;teles      ;13:40
216703                            ;02/02/2024;    ;256171;007;    ;0062288;DESCUBRA BAR                                      ;(74)98801-9858 ;010;107;NZN3352;    1500,00;    0,00;02/02/2024;28;(C)Problemas CTE              ;   ;teles      ;16:36
216711                            ;02/02/2024;    ;256599;007;    ;0062288;DESCUBRA BAR                                      ;(74)98801-9858 ;010;107;PKO5544;    1500,00;    0,00;02/02/2024;51;NF ERRADA                     ;   ;teles      ;17:33
216715                            ;03/02/2024;    ;256611;007;    ;0058521;CHURRASCARIA ESTANCI                              ;(74)99934-7987 ;010;109;OZF1202;    1406,30;    1,54;03/02/2024;64;SEM VASILHAME                 ;   ;ediziene   ;17:44
216717                            ;03/02/2024;    ;256661;007;    ;0055412;MERCADINHO SANTIAGO                               ;(74)98815-3751 ;010;109;NZM5543;     499,00;    0,69;03/02/2024;64;SEM VASILHAME                 ;   ;ediziene   ;13:40
216718                            ;03/02/2024;    ;256714;007;    ;0056595;R E MERC E DISTRIBUI                              ;(74)98815-1227 ;010;109;RCQ9D86;     499,00;    0,69;03/02/2024;70;CLIENTE CANCELOU              ;   ;ediziene   ;13:29
216723                            ;03/02/2024;    ;256798;007;    ;0002230;COMERCIAL J SALES                                 ;(74) 3613-2946 ;010;102;PKL6654;       8,54;    0,00;03/02/2024;68;TROCA (SEM SELO / QTDE. ERRADA;   ;ediziene   ;14:29
216724                            ;03/02/2024;    ;256813;007;    ;0051183;MERCADINHO PASSOS                                 ;(74)98841-3655 ;010;103;NZM7723;    2170,28;    3,33;03/02/2024;43;Forma de Pagamento            ;   ;ediziene   ;13:38
216724                            ;03/02/2024;    ;256814;007;    ;0051183;MERCADINHO PASSOS                                 ;(74)98841-3655 ;010;103;NZM7723;       5,47;    0,01;03/02/2024;43;Forma de Pagamento            ;   ;ediziene   ;13:38
216725                            ;03/02/2024;    ;256837;007;    ;0063625;PONTO DO CALDO DE CA                              ;(74)98859-6396 ;010;108;KJP3656;      38,42;    0,04;03/02/2024;71;SEM DINHEIRO/CHEQUE           ;   ;ediziene   ;16:24
216725                            ;03/02/2024;    ;256838;007;    ;0063625;PONTO DO CALDO DE CA                              ;(74)98859-6396 ;010;108;KJP3656;      19,35;    0,04;03/02/2024;71;SEM DINHEIRO/CHEQUE           ;   ;ediziene   ;16:25
216725                            ;03/02/2024;    ;256848;007;    ;0051455;MERCADINHO ROCHA                                  ;(74)99144-4900 ;010;101;KJP3656;    1193,80;    2,01;03/02/2024;71;SEM DINHEIRO/CHEQUE           ;   ;ediziene   ;16:25
216727                            ;03/02/2024;    ;256883;007;    ;0058603;AN DISTRI DO VALE                                 ;(74)98143-8032 ;010;102;JSV0H59;      49,90;    0,06;03/02/2024;62;FORMA PAGAMENTO ERRADA        ;   ;ediziene   ;14:31
216730                            ;03/02/2024;    ;256987;007;    ;0056154;TURMA DO COPO                                     ;(74)98873-1836 ;010;106;LKI1H89;     263,52;    0,34;03/02/2024;72;PDV FECHADO (HORARIO COM.)    ;   ;ediziene   ;13:43
216745                            ;05/02/2024;    ;257063;007;    ;0055593;PIZZARIA PAULISTA                                 ;(74)99996-1531 ;020;206;OUX8B81;     627,38;    1,23;06/02/2024;72;PDV FECHADO (HORARIO COM.)    ;DER;aloisio    ;22:02
216747                            ;05/02/2024;    ;257172;007;    ;0064334;comercial tapagem                                 ;(74)99902-2723 ;020;206;NZN3352;     162,06;    0,26;06/02/2024;87;TEMPO INSUFICIENTE            ;   ;aloisio    ;23:18
216747                            ;05/02/2024;    ;257181;007;    ;0052986;BAR DO RONA                                       ;(74)99989-2648 ;020;204;NZN3352;     119,58;    0,14;06/02/2024;71;SEM DINHEIRO/CHEQUE           ;   ;aloisio    ;23:19
216747                            ;05/02/2024;    ;257184;007;    ;0052986;BAR DO RONA                                       ;(74)99989-2648 ;020;204;NZN3352;     162,90;    0,20;06/02/2024;71;SEM DINHEIRO/CHEQUE           ;   ;aloisio    ;23:19
216749                            ;05/02/2024;    ;257355;007;    ;0057458;Padaria Cantin Do Pa                              ;(74)99158-5110 ;020;205;RPP7B52;     445,44;    0,98;07/02/2024;71;SEM DINHEIRO/CHEQUE           ;   ;ediziene   ;14:19
216752                            ;05/02/2024;    ;257536;007;    ;0057446;BUTECO DO VAL                                     ;(74)98804-1557 ;020;203;NZM4666;     148,11;    0,18;06/02/2024;72;PDV FECHADO (HORARIO COM.)    ;   ;teles      ;13:26
216763                            ;05/02/2024;    ;257685;007;    ;0062594;MERCADINHO DONA ROSA                              ;(87)98125-1224 ;010;111;PKK0690;     694,71;    0,95;05/02/2024;70;CLIENTE CANCELOU              ;   ;silva      ;19:33
216765                            ;05/02/2024;    ;257752;007;    ;0053714;MERCEARIA VITORIA                                 ;(74) 3611-7390 ;020;203;NZM8419;     894,42;    1,52;06/02/2024;72;PDV FECHADO (HORARIO COM.)    ;   ;teles      ;15:28
216766                            ;05/02/2024;    ;257801;007;    ;0052548;MERC SHOW DE PRECO                                ;(74)98825-2391 ;020;202;OZE4956;     395,36;    0,72;05/02/2024;71;SEM DINHEIRO/CHEQUE           ;   ;ediziene   ;17:42
216766                            ;05/02/2024;    ;257802;007;    ;0052548;MERC SHOW DE PRECO                                ;(74)98825-2391 ;020;202;OZE4956;      63,80;    0,08;05/02/2024;71;SEM DINHEIRO/CHEQUE           ;   ;ediziene   ;17:42
216769                            ;05/02/2024;    ;257856;007;    ;0056963;Lanch E Rest Cagema                               ;(74)99124-5625 ;010;107;RPR6D25;     463,48;    0,77;05/02/2024;89;PDV FECHADO APOS HORARIO      ;   ;ediziene   ;13:24
216769                            ;05/02/2024;    ;257864;007;    ;0053055;NALVA LANCHES                                     ;(74) 8856-9075 ;010;105;RPR6D25;     124,32;    0,36;05/02/2024;89;PDV FECHADO APOS HORARIO      ;   ;ediziene   ;13:25
216769                            ;05/02/2024;    ;257865;007;    ;0053055;NALVA LANCHES                                     ;(74) 8856-9075 ;010;105;RPR6D25;      48,00;    0,00;05/02/2024;89;PDV FECHADO APOS HORARIO      ;   ;ediziene   ;13:25
216771                            ;05/02/2024;    ;257894;007;    ;0025904;ESPETINHO SO FILE                                 ;(74) 3611-2572 ;010;108;RDN7A69;     125,90;    0,14;05/02/2024;68;TROCA (SEM SELO / QTDE. ERRADA;   ;ediziene   ;14:12
216772                            ;05/02/2024;    ;257910;007;    ;0055127;DISTRIBUIDORA LIMA                                ;(74)99814-7352 ;010;103;RDN1D46;     434,26;    0,72;05/02/2024;72;PDV FECHADO (HORARIO COM.)    ;   ;ediziene   ;13:33
216777                            ;05/02/2024;    ;257977;007;    ;0056647;EDINALVA SOUZA                                    ;(74)98822-2418 ;010;101;RDN1D46;     648,70;    0,89;05/02/2024;71;SEM DINHEIRO/CHEQUE           ;   ;silva      ;18:24
216780                            ;05/02/2024;    ;258043;007;    ;0064315;MERCEARIA DO KEKEL                                ;(74)99931-5490 ;010;107;OZF1202;    1005,64;    1,28;05/02/2024;72;PDV FECHADO (HORARIO COM.)    ;   ;ediziene   ;18:10
216783                            ;05/02/2024;    ;258118;007;    ;0056212;MAMACA BEBIDAS                                    ;(64)99950-2060 ;010;110;RCQ9D86;    1895,88;    2,48;05/02/2024;64;SEM VASILHAME                 ;   ;ediziene   ;18:
216786                            ;05/02/2024;    ;257234;007;    ;0054034;LANCHO. DUTIQUIM                                  ;(74)99986-6030 ;020;206;RDC5J22;     127,96;    0,12;06/02/2024;71;SEM DINHEIRO/CHEQUE           ;   ;aloisio    ;23:15
216786                            ;05/02/2024;    ;257235;007;    ;0054034;LANCHO. DUTIQUIM                                  ;(74)99986-6030 ;020;206;RDC5J22;     109,73;    0,07;06/02/2024;71;SEM DINHEIRO/CHEQUE           ;   ;aloisio    ;23:14
216786                            ;05/02/2024;    ;257236;007;    ;0054034;LANCHO. DUTIQUIM                                  ;(74)99986-6030 ;020;206;RDC5J22;     666,58;    0,72;06/02/2024;71;SEM DINHEIRO/CHEQUE           ;   ;aloisio    ;23:12
216786                            ;05/02/2024;    ;257237;007;    ;0054034;LANCHO. DUTIQUIM                                  ;(74)99986-6030 ;020;206;RDC5J22;     652,47;    0,72;06/02/2024;71;SEM DINHEIRO/CHEQUE           ;   ;aloisio    ;23:13
216801                            ;05/02/2024;    ;258132;007;    ;0053979;DISTB. MERC. BATISTA                              ;(74)98814-4778 ;020;200;       ;    2250,00;    0,00;06/02/2024;08;Mapa nao carregado / nao canc.;   ;teles      ;17:58
216809                            ;06/02/2024;    ;258206;007;    ;0052985;PADARIA CARVALHO                                  ;(74) 3534-5035 ;020;205;OUX3F90;     210,05;    0,46;07/02/2024;71;SEM DINHEIRO/CHEQUE           ;   ;silva      ;23:36
216810                            ;06/02/2024;    ;258248;007;    ;0055399;BAR DA ROSE                                       ;(74)98816-2123 ;020;204;RPM8D89;     249,50;    0,34;07/02/2024;64;SEM VASILHAME                 ;   ;silva      ;22:06
216810                            ;06/02/2024;    ;258257;007;    ;0058292;DISTRI PERFORMANCE                                ;(74)99145-2334 ;020;204;RPM8D89;    1477,22;    1,86;07/02/2024;42;Produto/Quantidade Errada     ;   ;silva      ;22:06
216811                            ;06/02/2024;    ;258307;007;    ;0062989;MERCADINHO TEREZA RE                              ;(43)90000-0000 ;020;202;OVB5042;     218,73;    0,36;08/02/2024;82;ENDERECO NAO ENCONTRADO       ;   ;teles      ;13:20
216812                            ;06/02/2024;    ;258403;007;    ;0057026;Mercadinho Passos BR                              ;(74)98855-2198 ;020;200;RPP0E77;    2766,65;    3,89;07/02/2024;64;SEM VASILHAME                 ;   ;aloisio    ;01:21
216813                            ;06/02/2024;    ;258410;007;    ;0054119;DISTRIB. DO MARCIO                                ;(74)98832-0195 ;020;200;SJQ9B60;     449,10;    0,62;06/02/2024;63;PRODUTO / QTDE. ERRADA        ;   ;aloisio    ;20:40
216813                            ;06/02/2024;    ;258411;007;    ;0054119;DISTRIB. DO MARCIO                                ;(74)98832-0195 ;020;200;SJQ9B60;      99,80;    0,13;06/02/2024;63;PRODUTO / QTDE. ERRADA        ;   ;aloisio    ;20:41
216813                            ;06/02/2024;    ;258412;007;    ;0054119;DISTRIB. DO MARCIO                                ;(74)98832-0195 ;020;200;SJQ9B60;     748,50;    1,03;06/02/2024;63;PRODUTO / QTDE. ERRADA        ;DER;aloisio    ;20:42
216813                            ;06/02/2024;    ;258413;007;    ;0054119;DISTRIB. DO MARCIO                                ;(74)98832-0195 ;020;200;SJQ9B60;     249,50;    0,34;06/02/2024;63;PRODUTO / QTDE. ERRADA        ;DER;aloisio    ;20:42
216814                            ;06/02/2024;    ;258481;007;    ;0055313;BAR DO POSTO                                      ;(87)99650-7732 ;010;109;RPP6J11;     711,51;    1,00;07/02/2024;34;Pedido Duplicado              ;   ;aloisio    ;04:38
216814                            ;06/02/2024;    ;258482;007;    ;0055313;BAR DO POSTO                                      ;(87)99650-7732 ;010;109;RPP6J11;     699,14;    0,97;07/02/2024;34;Pedido Duplicado              ;   ;aloisio    ;04:39
216814                            ;06/02/2024;    ;258483;007;    ;0055313;BAR DO POSTO                                      ;(87)99650-7732 ;010;109;RPP6J11;     413,92;    0,41;07/02/2024;34;Pedido Duplicado              ;   ;aloisio    ;04:39
216816                            ;06/02/2024;    ;258501;007;    ;0052575;MERCADINHO ALDO                                   ;(74)98806-0751 ;020;201;RPJ2H66;     555,42;    0,87;07/02/2024;71;SEM DINHEIRO/CHEQUE           ;   ;silva      ;19:12
216835                            ;06/02/2024;    ;258745;007;    ;0058663;MERCADINHO LEITE                                  ;(74)98104-9454 ;010;105;RPR6D25;     149,70;    0,20;06/02/2024;72;PDV FECHADO (HORARIO COM.)    ;   ;teles      ;17:
216836                            ;06/02/2024;    ;258750;007;    ;0050541;MERC COMPRE BEM                                   ;(74)98815-1563 ;010;101;RDN7A69;     491,00;    0,67;06/02/2024;72;PDV FECHADO (HORARIO COM.)    ;   ;teles      ;13:32
216836                            ;06/02/2024;    ;258761;007;    ;0053312;RAFAEL DIST. BEBIDAS                              ;(74)98803-5413 ;010;101;RDN7A69;     499,00;    0,69;06/02/2024;71;SEM DINHEIRO/CHEQUE           ;   ;teles      ;13:33
216839                            ;06/02/2024;    ;258796;007;    ;0062756;JL DISTRIBUIDORA DE                               ;(74)98836-8022 ;010;102;LKI1H89;     551,70;    0,75;06/02/2024;64;SEM VASILHAME                 ;   ;teles      ;13:30
216839                            ;06/02/2024;    ;258797;007;    ;0062756;JL DISTRIBUIDORA DE                               ;(74)98836-8022 ;010;102;LKI1H89;     501,54;    0,69;06/02/2024;64;SEM VASILHAME                 ;   ;teles      ;13:30
216842                            ;06/02/2024;    ;258828;007;    ;0059327;DISTRIBUIDORA                                     ;(74)99951-1534 ;010;104;PKL6654;     449,10;    0,62;06/02/2024;64;SEM VASILHAME                 ;   ;teles      ;17:06
216842                            ;06/02/2024;    ;258842;007;    ;0061492;DK DISTRIBUIDOR                                   ;(74)98825-0886 ;010;111;PKL6654;     199,60;    0,27;06/02/2024;64;SEM VASILHAME                 ;   ;teles      ;17:06
216842                            ;06/02/2024;    ;258843;007;    ;0061492;DK DISTRIBUIDOR                                   ;(74)98825-0886 ;010;111;PKL6654;     499,00;    0,69;06/02/2024;64;SEM VASILHAME                 ;   ;teles      ;17:06
216843                            ;06/02/2024;    ;258867;007;    ;0060292;FRUTOS DO MAR                                     ;(74)98857-6133 ;010;110;PKK8518;     325,60;    0,48;19/02/2024;51;NF ERRADA                     ;   ;alyson     ;17:55
216848                            ;06/02/2024;    ;258969;007;    ;0057606;MERCEARIA SaO JOSE                                ;(14)99758-8931 ;010;108;RDN1D46;      56,12;    0,09;06/02/2024;71;SEM DINHEIRO/CHEQUE           ;   ;teles      ;15:11
216848                            ;06/02/2024;    ;258984;007;    ;0051459;ESPETINHO PALADAR                                 ;(74)99154-8610 ;010;103;RDN1D46;      40,92;    0,12;06/02/2024;72;PDV FECHADO (HORARIO COM.)    ;   ;teles      ;15:11
216852                            ;06/02/2024;    ;259117;007;    ;0003312;COMERCIAL VITORIA                                 ;(74)98816-2309 ;010;111;OZE4956;    6871,60;    9,30;20/02/2024;91;CONSIGNACAO                   ;   ;alyson     ;11:19
216853                            ;06/02/2024;    ;259136;007;    ;0062554;MUSIC GRILL                                       ;(74)98811-1720 ;010;110;HXN3A97;     381,50;    0,48;07/02/2024;70;CLIENTE CANCELOU              ;DER;ediziene   ;15:22
216853                            ;06/02/2024;    ;259137;007;    ;0062554;MUSIC GRILL                                       ;(74)98811-1720 ;010;110;HXN3A97;    1287,08;    1,30;07/02/2024;70;CLIENTE CANCELOU              ;DER;ediziene   ;15:22
216854                            ;06/02/2024;    ;259168;007;    ;0051987;MF BAR                                            ;(74)99137-0428 ;010;106;OFB8B68;      29,26;    0,15;06/02/2024;50;CARGA ERRADA ARMAZEM          ;   ;teles      ;17:05
216854                            ;06/02/2024;    ;259170;007;    ;0058364;DISTRIBUI JUA BEER                                ;(74)98123-6417 ;010;106;OFB8B68;     331,30;    0,45;06/02/2024;72;PDV FECHADO (HORARIO COM.)    ;   ;teles      ;17:04
216854                            ;06/02/2024;    ;259171;007;    ;0058364;DISTRIBUI JUA BEER                                ;(74)98123-6417 ;010;106;OFB8B68;       5,79;    0,00;06/02/2024;72;PDV FECHADO (HORARIO COM.)    ;   ;teles      ;17:04
216854                            ;06/02/2024;    ;259172;007;    ;0058364;DISTRIBUI JUA BEER                                ;(74)98123-6417 ;010;106;OFB8B68;       5,79;    0,00;06/02/2024;72;PDV FECHADO (HORARIO COM.)    ;   ;teles      ;17:04
216898                            ;07/02/2024;    ;259473;007;    ;0063227;LANCH GIGA BYTE                                   ;(87)99964-2153 ;010;109;RPP6J11;     249,50;    0,34;08/02/2024;87;TEMPO INSUFICIENTE            ;   ;silva      ;04:48
216898                            ;07/02/2024;    ;259474;007;    ;0063227;LANCH GIGA BYTE                                   ;(87)99964-2153 ;010;109;RPP6J11;     199,60;    0,27;08/02/2024;87;TEMPO INSUFICIENTE            ;   ;silva      ;04:48
216898                            ;07/02/2024;    ;259475;007;    ;0062892;DAMASCENA DISTRIBUID                              ;(87)99123-0138 ;010;109;RPP6J11;     223,30;    0,29;08/02/2024;87;TEMPO INSUFICIENTE            ;   ;silva      ;04:46
216898                            ;07/02/2024;    ;259476;007;    ;0062892;DAMASCENA DISTRIBUID                              ;(87)99123-0138 ;010;109;RPP6J11;       6,37;    0,00;08/02/2024;87;TEMPO INSUFICIENTE            ;   ;silva      ;04:46
216898                            ;07/02/2024;    ;259477;007;    ;0057985;MERCADINHO ELZ                                    ;(87)99646-6647 ;010;109;RPP6J11;     185,10;    0,26;08/02/2024;87;TEMPO INSUFICIENTE            ;   ;silva      ;04:47
216898                            ;07/02/2024;    ;259478;007;    ;0057985;MERCADINHO ELZ                                    ;(87)99646-6647 ;010;109;RPP6J11;      19,28;    0,02;08/02/2024;87;TEMPO INSUFICIENTE            ;   ;silva      ;04:47
216898                            ;07/02/2024;    ;259479;007;    ;0063070;COMERCIAL GENOVEZ                                 ;(74)98143-5771 ;010;109;RPP6J11;     672,90;    0,87;08/02/2024;87;TEMPO INSUFICIENTE            ;   ;silva      ;04:47
216898                            ;07/02/2024;    ;259491;007;    ;0060677;CONVENIENCIA PENEDO                               ;(87)99138-9082 ;010;110;RPP6J11;     169,74;    0,05;08/02/2024;23;(C)Pedidos duplicados         ;   ;silva      ;04:49
216898                            ;07/02/2024;    ;259506;007;    ;0063361;KIKO.S BAR                                        ;(75)99991-9201 ;010;109;RPP6J11;     249,50;    0,34;08/02/2024;64;SEM VASILHAME                 ;   ;silva      ;04:49
216898                            ;07/02/2024;    ;259517;007;    ;0063384;MERCADINHO NERY S                                 ;(87)99602-7798 ;010;109;RPP6J11;    1029,79;    1,45;08/02/2024;87;TEMPO INSUFICIENTE            ;   ;silva      ;04:48
216898                            ;07/02/2024;    ;259530;007;    ;0064377;BAR AVENIDA BRASIL                                ;(87)99678-3301 ;010;109;RPP6J11;     331,00;    0,42;08/02/2024;87;TEMPO INSUFICIENTE            ;   ;silva      ;04:47
216903                            ;07/02/2024;    ;259742;007;    ;0063589;DISTRIBUIDORA RR                                  ;(74)98838-0640 ;020;201;RCQ9D86;     499,00;    0,69;09/02/2024;72;PDV FECHADO (HORARIO COM.)    ;   ;ediziene   ;13:21
216903                            ;07/02/2024;    ;259769;007;    ;0056549;DISTRIBUIDORA ALVES                               ;(74)98862-4539 ;020;201;RCQ9D86;     399,20;    0,55;09/02/2024;70;CLIENTE CANCELOU              ;   ;ediziene   ;13:20
216909                            ;07/02/2024;    ;259884;007;    ;0063707;LANCHONETE SaO FRANC                              ;(74)98807-0385 ;010;105;PKK8518;     399,20;    0,55;07/02/2024;71;SEM DINHEIRO/CHEQUE           ;   ;silva      ;18:29
216911                            ;07/02/2024;    ;259912;007;    ;0058355;RANCHARIA                                         ;(74)98855-1066 ;010;110;OUG2987;    2055,42;    2,23;07/02/2024;83;PROPRIETARIO AUSENTE          ;   ;silva      ;19:24
216911                            ;07/02/2024;    ;259913;007;    ;0058355;RANCHARIA                                         ;(74)98855-1066 ;010;110;OUG2987;       7,99;    0,01;07/02/2024;83;PROPRIETARIO AUSENTE          ;   ;silva      ;19:24
216911                            ;07/02/2024;    ;259914;007;    ;0058355;RANCHARIA                                         ;(74)98855-1066 ;010;110;OUG2987;      31,96;    0,04;07/02/2024;83;PROPRIETARIO AUSENTE          ;   ;silva      ;19:25
216914                            ;07/02/2024;    ;259982;007;    ;0051528;SUPER. SUPERMAX                                   ;(74) 3612-9898 ;010;107;RDN1D46;      24,90;    0,12;07/02/2024;71;SEM DINHEIRO/CHEQUE           ;   ;ediziene   ;17:20
216917                            ;07/02/2024;    ;260012;007;    ;0057538;MERCADINHO LI                                     ;(74)98845-3052 ;010;107;LKI1H89;     483,12;    0,74;07/02/2024;71;SEM DINHEIRO/CHEQUE           ;   ;ediziene   ;17:26
216921                            ;07/02/2024;    ;260070;007;    ;0053489;MERCEARIA LT                                      ;(74)98845-9428 ;010;107;KHL4414;    1369,02;    1,85;07/02/2024;72;PDV FECHADO (HORARIO COM.)    ;   ;ediziene   ;15:26
216921                            ;07/02/2024;    ;260071;007;    ;0053489;MERCEARIA LT                                      ;(74)98845-9428 ;010;107;KHL4414;     328,25;    0,46;07/02/2024;72;PDV FECHADO (HORARIO COM.)    ;   ;ediziene   ;15:26
216921                            ;07/02/2024;    ;260092;007;    ;0052494;MERCADINHO AQUINO                                 ;(74)98861-0178 ;010;100;KHL4414;     249,50;    0,34;07/02/2024;72;PDV FECHADO (HORARIO COM.)    ;   ;ediziene   ;15:27
216921                            ;07/02/2024;    ;260097;007;    ;0056276;MERCADINHO FREIRE                                 ;(74)98835-3628 ;010;107;KHL4414;     199,60;    0,27;07/02/2024;71;SEM DINHEIRO/CHEQUE           ;   ;ediziene   ;15:28
216924                            ;07/02/2024;    ;260181;007;    ;0064067;NATAN DISTRIBUIDORA                               ;(87)98861-6284 ;010;102;OZE4956;     499,00;    0,69;07/02/2024;72;PDV FECHADO (HORARIO COM.)    ;   ;ediziene   ;15:32
216924                            ;07/02/2024;    ;260182;007;    ;0064067;NATAN DISTRIBUIDORA                               ;(87)98861-6284 ;010;102;OZE4956;       1,35;    0,00;07/02/2024;72;PDV FECHADO (HORARIO COM.)    ;DER;ediziene   ;15:32
216924                            ;07/02/2024;    ;260197;007;    ;0000876;ESPETINHO DO NETO                                 ;(74) 9962-0013 ;010;103;OZE4956;     397,96;    0,80;07/02/2024;72;PDV FECHADO (HORARIO COM.)    ;DER;ediziene   ;15:31
216930                            ;07/02/2024;    ;259230;007;    ;0062066;pousada e posto gran                              ;(74)98104-3525 ;020;204;NZN3352;    3650,30;    4,20;08/02/2024;64;SEM VASILHAME                 ;   ;aloisio    ;02:23
216930                            ;07/02/2024;    ;259232;007;    ;0062066;pousada e posto gran                              ;(74)98104-3525 ;020;204;NZN3352;    3994,30;    4,40;08/02/2024;64;SEM VASILHAME                 ;   ;aloisio    ;02:22
216954                            ;08/02/2024;    ;260462;007;    ;0050683;MERC. EVANGELISTA                                 ;(74)98852-3454 ;020;203;RPM8D89;     532,64;    0,58;12/02/2024;70;CLIENTE CANCELOU              ;   ;silva      ;22:53
216954                            ;08/02/2024;    ;260463;007;    ;0050683;MERC. EVANGELISTA                                 ;(74)98852-3454 ;020;203;RPM8D89;      84,66;    0,11;12/02/2024;70;CLIENTE CANCELOU              ;   ;silva      ;21:31
216955                            ;08/02/2024;    ;260541;007;    ;0057077;DISTRIBUIDORA TIOFIO                              ;(74)98875-5814 ;020;200;RPP0E77;     100,31;    0,13;08/02/2024;63;PRODUTO / QTDE. ERRADA        ;   ;aloisio    ;01:38
216962                            ;08/02/2024;    ;260848;007;    ;0052090;MERCADINHO ANY                                    ;(74)98115-1289 ;020;202;NZM4666;      58,20;    0,01;09/02/2024;50;CARGA ERRADA ARMAZEM          ;   ;ediziene   ;11:24
216962                            ;08/02/2024;    ;260877;007;    ;0062479;TINHO DA PITU                                     ;(74)99996-6250 ;020;202;NZM4666;     176,77;    0,26;09/02/2024;89;PDV FECHADO APOS HORARIO      ;   ;ediziene   ;11:22
216963                            ;08/02/2024;    ;260890;007;    ;0058440;MT DISTRIBUIDORA                                  ;(74)99800-2470 ;020;201;PKK8518;      43,91;    0,06;08/02/2024;71;SEM DINHEIRO/CHEQUE           ;   ;aloisio    ;18:36
216964                            ;08/02/2024;    ;260940;007;    ;0058255;CANTINHO CERTO                                    ;(74)98138-1195 ;010;107;OZE4956;     592,06;    0,99;08/02/2024;70;CLIENTE CANCELOU              ;   ;aloisio    ;18:31
216965                            ;08/02/2024;    ;260984;007;    ;0054249;SB DIST DE BEBIDAS                                ;(74)98824-3636 ;010;111;RPR6D25;      18,77;    0,01;08/02/2024;50;CARGA ERRADA ARMAZEM          ;   ;teles      ;15:22
216967                            ;08/02/2024;    ;261028;007;    ;0063868;BAR DO JOEL                                       ;(74)88841-9428 ;010;106;RDN7A69;     124,65;    0,15;08/02/2024;71;SEM DINHEIRO/CHEQUE           ;   ;teles      ;17:55
216967                            ;08/02/2024;    ;261039;007;    ;0063625;PONTO DO CALDO DE CA                              ;(74)98859-6396 ;010;106;RDN7A69;      93,32;    0,19;08/02/2024;72;PDV FECHADO (HORARIO COM.)    ;   ;teles      ;17:55
216968                            ;08/02/2024;    ;261081;007;    ;0056513;JOSINEIDE FERREIRA                                ;(74)98812-5046 ;010;102;RDN1D46;     199,60;    0,27;08/02/2024;72;PDV FECHADO (HORARIO COM.)    ;   ;teles      ;14:57
216968                            ;08/02/2024;    ;261082;007;    ;0056513;JOSINEIDE FERREIRA                                ;(74)98812-5046 ;010;102;RDN1D46;       9,22;    0,01;08/02/2024;72;PDV FECHADO (HORARIO COM.)    ;DER;teles      ;14:57
216979                            ;08/02/2024;    ;261342;007;    ;0051198;BAR DO ELINAILTON                                 ;(74)99930-0278 ;020;201;NKV3226;      74,92;    0,22;08/02/2024;70;CLIENTE CANCELOU              ;   ;teles      ;15:44
217011                            ;09/02/2024;    ;261677;007;    ;0056203;LAN HOUSE JUNIOR.NET                              ;(74)99918-7476 ;020;205;RDC5J22;     196,74;    0,27;10/02/2024;70;CLIENTE CANCELOU              ;   ;teles      ;17:03
217011                            ;09/02/2024;    ;261698;007;    ;0064436;BAR MACERIB                                       ;(74)99968-1086 ;020;205;RDC5J22;     220,00;    0,27;10/02/2024;64;SEM VASILHAME                 ;   ;teles      ;17:03
217022                            ;09/02/2024;    ;262171;007;    ;0058646;MERCEARIA SOARES                                  ;(74)98835-4220 ;010;103;PKK0690;    1169,70;    1,56;09/02/2024;71;SEM DINHEIRO/CHEQUE           ;   ;ediziene   ;18:12
217024                            ;09/02/2024;    ;262271;007;    ;0053586;MERC PRECO BOM                                    ;(74) 3611-6564 ;010;104;OUG2987;      61,56;    0,16;09/02/2024;64;SEM VASILHAME                 ;   ;ediziene   ;17:35
217026                            ;09/02/2024;    ;262318;007;    ;0056554;DISTRIBUIDORA RAMOS                               ;(74)98834-1336 ;010;106;NZM8419;     499,00;    0,69;09/02/2024;70;CLIENTE CANCELOU              ;   ;silva      ;19:21
217026                            ;09/02/2024;    ;262319;007;    ;0056554;DISTRIBUIDORA RAMOS                               ;(74)98834-1336 ;010;106;NZM8419;     146,80;    0,24;09/02/2024;70;CLIENTE CANCELOU              ;   ;silva      ;19:21
217026                            ;09/02/2024;    ;262320;007;    ;0056554;DISTRIBUIDORA RAMOS                               ;(74)98834-1336 ;010;106;NZM8419;     147,26;    0,40;09/02/2024;70;CLIENTE CANCELOU              ;   ;silva      ;19:22
217029                            ;09/02/2024;    ;262435;007;    ;0058466;MERC E DIATR MIRANDA                              ;(74)99148-1232 ;010;104;JSV0H59;    5130,72;    7,10;09/02/2024;64;SEM VASILHAME                 ;   ;ediziene   ;17:46
217030                            ;09/02/2024;    ;262448;007;    ;0002150;BAR DA HELP                                       ;(74) 3611-6515 ;010;102;RDN7A69;     243,38;    0,39;09/02/2024;65;NAO FEZ PEDIDO                ;   ;ediziene   ;13:29
217031                            ;09/02/2024;    ;262469;007;    ;0056319;KeL EMPORIO E GARDEN                              ;(74)98154-9213 ;010;105;RDN1D46;     150,70;    0,20;09/02/2024;70;CLIENTE CANCELOU              ;   ;ediziene   ;17:17
217033                            ;09/02/2024;    ;262502;007;    ;0055746;MRC E DISTR TODO DIA                              ;(74)98805-0932 ;010;104;RPR6D25;      39,45;    0,06;09/02/2024;72;PDV FECHADO (HORARIO COM.)    ;   ;silva      ;18:50
217033                            ;09/02/2024;    ;262503;007;    ;0055746;MRC E DISTR TODO DIA                              ;(74)98805-0932 ;010;104;RPR6D25;     299,40;    0,41;09/02/2024;72;PDV FECHADO (HORARIO COM.)    ;   ;silva      ;18:49
217034                            ;09/02/2024;    ;262565;007;    ;0063206;boteco da pitu                                    ;(74)98804-7587 ;010;100;OFB8B68;     192,18;    0,32;09/02/2024;72;PDV FECHADO (HORARIO COM.)    ;   ;silva      ;19:47
217035                            ;09/02/2024;    ;262599;007;    ;0064441;PRIME BEBIDAS                                     ;(74)98135-4463 ;010;107;OFB8B98;     249,50;    0,34;09/02/2024;82;ENDERECO NAO ENCONTRADO       ;   ;silva      ;20:
217036                            ;09/02/2024;    ;262608;007;    ;0063626;DISTRIBUIDORA VILA N                              ;(74)98155-8720 ;010;101;JII1442;    1240,93;    1,85;09/02/2024;70;CLIENTE CANCELOU              ;   ;ediziene   ;17:49
217036                            ;09/02/2024;    ;262609;007;    ;0063626;DISTRIBUIDORA VILA N                              ;(74)98155-8720 ;010;101;JII1442;       3,49;    0,00;09/02/2024;70;CLIENTE CANCELOU              ;DER;ediziene   ;17:48
217036                            ;09/02/2024;    ;262629;007;    ;0053697;DISTRIB. MEDRADO                                  ;(74) 3612-7364 ;010;111;JII1442;    3891,86;    5,31;09/02/2024;63;PRODUTO / QTDE. ERRADA        ;   ;ediziene   ;17:49
217038                            ;09/02/2024;    ;261742;007;    ;0055512;MERCEARIA DA NEINHA                               ;(74)98848-0824 ;020;200;RPP0E77;     216,87;    0,15;10/02/2024;71;SEM DINHEIRO/CHEQUE           ;   ;silva      ;01:36
217038                            ;09/02/2024;    ;261743;007;    ;0055512;MERCEARIA DA NEINHA                               ;(74)98848-0824 ;020;200;RPP0E77;      32,40;    0,04;10/02/2024;71;SEM DINHEIRO/CHEQUE           ;   ;silva      ;01:37
217038                            ;09/02/2024;    ;261752;007;    ;0063357; CHU GREG NOV OPÇÃO                               ;(74)98148-8115 ;020;200;RPP0E77;     528,24;    0,89;10/02/2024;72;PDV FECHADO (HORARIO COM.)    ;   ;silva      ;01:37
217067                            ;10/02/2024;    ;262722;007;    ;0057207;MR BEBIDAS                                        ;(87)98105-6679 ;020;201;SJQ9B60;    2352,13;    3,03;12/02/2024;43;Forma de Pagamento            ;   ;silva      ;21:09
217067                            ;10/02/2024;    ;262723;007;    ;0057207;MR BEBIDAS                                        ;(87)98105-6679 ;020;201;SJQ9B60;      54,50;    0,06;12/02/2024;43;Forma de Pagamento            ;   ;silva      ;21:09
217068                            ;10/02/2024;    ;262776;007;    ;0058433;MINEIRO BAR                                       ;(74)98801-2236 ;010;105;RPR6D25;      99,80;    0,13;10/02/2024;71;SEM DINHEIRO/CHEQUE           ;   ;teles      ;15:38
217069                            ;10/02/2024;    ;262845;007;    ;0063255;DUUH DISTRIBUIDORA                                ;(74)98823-5179 ;010;102;RDN1D46;      21,61;    0,04;10/02/2024;72;PDV FECHADO (HORARIO COM.)    ;   ;teles      ;13:43
217070                            ;10/02/2024;    ;262856;007;    ;0055076;MERCEARIA DO PAULO                                ;(87)98836-7040 ;010;106;RDN7A69;      17,24;    0,02;10/02/2024;23;(C)Pedidos duplicados         ;DER;teles      ;17:01
217070                            ;10/02/2024;    ;262871;007;    ;0050971;POINT DA ALGAROBA                                 ;(74)98846-6689 ;010;106;RDN7A69;     323,36;    0,50;10/02/2024;72;PDV FECHADO (HORARIO COM.)    ;   ;teles      ;17:01
217070                            ;10/02/2024;    ;262872;007;    ;0050971;POINT DA ALGAROBA                                 ;(74)98846-6689 ;010;106;RDN7A69;      33,10;    0,04;10/02/2024;72;PDV FECHADO (HORARIO COM.)    ;   ;teles      ;17:01
217070                            ;10/02/2024;    ;262873;007;    ;0056556;MARCIA DE CASTRO SAN                              ;(74)98822-6921 ;010;106;RDN7A69;     275,87;    0,54;10/02/2024;72;PDV FECHADO (HORARIO COM.)    ;   ;teles      ;17:01
217072                            ;10/02/2024;    ;262916;007;    ;0052761;MERCADINHO CAJUEIRO                               ;(74)98807-4724 ;010;105;PKK8518;     114,48;    0,00;12/02/2024;72;PDV FECHADO (HORARIO COM.)    ;   ;teles      ;13:43
217072                            ;10/02/2024;    ;262917;007;    ;0052761;MERCADINHO CAJUEIRO                               ;(74)98807-4724 ;010;105;PKK8518;     973,62;    1,54;12/02/2024;72;PDV FECHADO (HORARIO COM.)    ;   ;teles      ;13:43
217072                            ;10/02/2024;    ;262918;007;    ;0052761;MERCADINHO CAJUEIRO                               ;(74)98807-4724 ;010;105;PKK8518;      48,30;    0,18;12/02/2024;72;PDV FECHADO (HORARIO COM.)    ;   ;teles      ;13:43
217073                            ;10/02/2024;    ;262946;007;    ;0064331;ZILMA                                             ;(74)98135-6114 ;010;106;OZF1202;     654,90;    0,75;10/02/2024;87;TEMPO INSUFICIENTE            ;   ;aloisio    ;18:22
217073                            ;10/02/2024;    ;262947;007;    ;0064331;ZILMA                                             ;(74)98135-6114 ;010;106;OZF1202;      40,40;    0,12;10/02/2024;87;TEMPO INSUFICIENTE            ;   ;aloisio    ;18:22
217073                            ;10/02/2024;    ;262948;007;    ;0000041;SANTOS BAR                                        ;(74) 3612-7126 ;010;106;OZF1202;     987,94;    1,55;10/02/2024;87;TEMPO INSUFICIENTE            ;   ;aloisio    ;18:21
217073                            ;10/02/2024;    ;262949;007;    ;0055807;ADILSON DISTRIBUIDOR                              ;(74)99119-7546 ;010;106;OZF1202;       5,79;    0,00;10/02/2024;87;TEMPO INSUFICIENTE            ;   ;aloisio    ;18:21
217073                            ;10/02/2024;    ;262950;007;    ;0055421;COMERCIAL PRECIOSO                                ;(74)98854-3777 ;010;106;OZF1202;     647,78;    0,82;10/02/2024;87;TEMPO INSUFICIENTE            ;   ;aloisio    ;18:19
217073                            ;10/02/2024;    ;262951;007;    ;0055421;COMERCIAL PRECIOSO                                ;(74)98854-3777 ;010;106;OZF1202;     481,13;    0,65;10/02/2024;87;TEMPO INSUFICIENTE            ;   ;aloisio    ;18:20
217073                            ;10/02/2024;    ;262961;007;    ;0058153;CE KI SABE                                        ;(74)98847-5024 ;010;106;OZF1202;    1362,25;    1,90;10/02/2024;87;TEMPO INSUFICIENTE            ;   ;aloisio    ;18:23
217073                            ;10/02/2024;    ;262965;007;    ;0063996;POWER SOM EQUIPADORA                              ;(74)98149-4146 ;010;106;OZF1202;      99,80;    0,13;10/02/2024;87;TEMPO INSUFICIENTE            ;   ;aloisio    ;18:23
217073                            ;10/02/2024;    ;262966;007;    ;0063996;POWER SOM EQUIPADORA                              ;(74)98149-4146 ;010;106;OZF1202;     126,31;    0,25;10/02/2024;87;TEMPO INSUFICIENTE            ;   ;aloisio    ;18:24
217073                            ;10/02/2024;    ;262967;007;    ;0063996;POWER SOM EQUIPADORA                              ;(74)98149-4146 ;010;106;OZF1202;      68,46;    0,06;10/02/2024;87;TEMPO INSUFICIENTE            ;   ;aloisio    ;18:24
217073                            ;10/02/2024;    ;262968;007;    ;0063996;POWER SOM EQUIPADORA                              ;(74)98149-4146 ;010;106;OZF1202;      99,80;    0,13;10/02/2024;87;TEMPO INSUFICIENTE            ;   ;aloisio    ;18:25
217073                            ;10/02/2024;    ;262969;007;    ;0063996;POWER SOM EQUIPADORA                              ;(74)98149-4146 ;010;106;OZF1202;      49,90;    0,06;10/02/2024;87;TEMPO INSUFICIENTE            ;   ;aloisio    ;18:25
217073                            ;10/02/2024;    ;262970;007;    ;0063996;POWER SOM EQUIPADORA                              ;(74)98149-4146 ;010;106;OZF1202;      49,90;    0,06;10/02/2024;87;TEMPO INSUFICIENTE            ;   ;aloisio    ;18:26
217075                            ;10/02/2024;    ;262998;007;    ;0063440;BOTECO DO REGIS                                   ;(74)98818-8392 ;010;106;OZE4956;    2225,99;    2,96;10/02/2024;72;PDV FECHADO (HORARIO COM.)    ;   ;teles      ;13:27
217077                            ;10/02/2024;    ;263058;007;    ;0063620;ADEGA DISTRIBUIDORA                               ;(74)98857-2031 ;010;103;NZM8419;       2,89;    0,00;10/02/2024;85;DIFICIL ACESSO                ;   ;teles      ;16:08
217077                            ;10/02/2024;    ;263059;007;    ;0063620;ADEGA DISTRIBUIDORA                               ;(74)98857-2031 ;010;103;NZM8419;       2,89;    0,00;10/02/2024;85;DIFICIL ACESSO                ;   ;teles      ;16:07
217078                            ;10/02/2024;    ;263097;007;    ;0064365;DISTRIBUIDORA DE BEB                              ;(74)98822-1803 ;010;100;PKK0690;     299,40;    0,41;10/02/2024;85;DIFICIL ACESSO                ;   ;teles      ;16:57
217078                            ;10/02/2024;    ;263098;007;    ;0064365;DISTRIBUIDORA DE BEB                              ;(74)98822-1803 ;010;100;PKK0690;     155,80;    0,24;10/02/2024;85;DIFICIL ACESSO                ;   ;teles      ;16:56
217078                            ;10/02/2024;    ;263101;007;    ;0061999;LIGIA DISTRIBUIDORA                               ;(74)99141-3467 ;010;111;PKK0690;    1677,66;    2,29;10/02/2024;70;CLIENTE CANCELOU              ;   ;teles      ;16:58
217078                            ;10/02/2024;    ;263102;007;    ;0056195;BAR DO SEU ZE                                     ;(74)98831-4919 ;010;100;PKK0690;      78,48;    0,36;10/02/2024;85;DIFICIL ACESSO                ;   ;teles      ;16:56
217078                            ;10/02/2024;    ;263103;007;    ;0056195;BAR DO SEU ZE                                     ;(74)98831-4919 ;010;100;PKK0690;     249,50;    0,34;10/02/2024;85;DIFICIL ACESSO                ;   ;teles      ;16:56
217078                            ;10/02/2024;    ;263104;007;    ;0056195;BAR DO SEU ZE                                     ;(74)98831-4919 ;010;100;PKK0690;     117,72;    0,36;10/02/2024;85;DIFICIL ACESSO                ;   ;teles      ;16:56
217078                            ;10/02/2024;    ;263105;007;    ;0056195;BAR DO SEU ZE                                     ;(74)98831-4919 ;010;100;PKK0690;     299,40;    0,41;10/02/2024;85;DIFICIL ACESSO                ;   ;teles      ;16:55
217078                            ;10/02/2024;    ;263106;007;    ;0056195;BAR DO SEU ZE                                     ;(74)98831-4919 ;010;100;PKK0690;     548,90;    0,75;10/02/2024;85;DIFICIL ACESSO                ;   ;teles      ;16:55
217078                            ;10/02/2024;    ;263107;007;    ;0056195;BAR DO SEU ZE                                     ;(74)98831-4919 ;010;100;PKK0690;     499,00;    0,69;10/02/2024;85;DIFICIL ACESSO                ;   ;teles      ;16:55
217078                            ;10/02/2024;    ;263108;007;    ;0056195;BAR DO SEU ZE                                     ;(74)98831-4919 ;010;100;PKK0690;     132,40;    0,16;10/02/2024;85;DIFICIL ACESSO                ;   ;teles      ;16:55
217078                            ;10/02/2024;    ;263113;007;    ;0062149;DISTRIBUIDORA DA ANG                              ;(74)98841-1807 ;010;100;PKK0690;     213,58;    0,29;10/02/2024;85;DIFICIL ACESSO                ;   ;teles      ;16:58
217078                            ;10/02/2024;    ;263114;007;    ;0062149;DISTRIBUIDORA DA ANG                              ;(74)98841-1807 ;010;100;PKK0690;      16,20;    0,02;10/02/2024;85;DIFICIL ACESSO                ;   ;teles      ;16:57
217079                            ;10/02/2024;    ;263151;007;    ;0063431;Donna do espeto                                   ;(74)99108-5622 ;010;104;RCQ9D86;     399,20;    0,55;10/02/2024;85;DIFICIL ACESSO                ;   ;teles      ;16:38
217079                            ;10/02/2024;    ;263152;007;    ;0063431;Donna do espeto                                   ;(74)99108-5622 ;010;104;RCQ9D86;     136,92;    0,13;10/02/2024;85;DIFICIL ACESSO                ;   ;teles      ;16:38
217080                            ;10/02/2024;    ;263168;007;    ;0063782;DISTRIBUIDORA DE BEB                              ;(74)98829-4986 ;010;107;OUG2987;     118,88;    0,10;10/02/2024;72;PDV FECHADO (HORARIO COM.)    ;   ;teles      ;13:54
217082                            ;10/02/2024;    ;263254;007;    ;0057475;DIST. DO GORDINHO                                 ;(74)99905-9386 ;010;107;NZM9993;     341,21;    0,47;10/02/2024;23;(C)Pedidos duplicados         ;   ;teles      ;15:37
217098                            ;12/02/2024;    ;263321;007;    ;0063417;BAR BAHIA                                         ;(74)99923-5101 ;020;203;RPM8D89;     212,80;    0,36;13/02/2024;72;PDV FECHADO (HORARIO COM.)    ;   ;silva      ;21:32
217103                            ;12/02/2024;    ;263466;007;    ;0057975;ART REY                                           ;(74) 9912-5212 ;020;202;NZM4666;       4,35;    0,00;14/02/2024;95;TROCA P/ INVERSAO             ;   ;ediziene   ;11:20
217108                            ;12/02/2024;    ;263621;007;    ;0063680;BAR PORTO DO CÉU                                  ;(74)98836-2891 ;020;200;RPP7B52;     242,70;    0,28;13/02/2024;89;PDV FECHADO APOS HORARIO      ;   ;ediziene   ;18:26
217108                            ;12/02/2024;    ;263666;007;    ;0057501;Bar Beer                                          ;(74)99941-2572 ;020;204;RPP7B52;     401,24;    0,55;13/02/2024;89;PDV FECHADO APOS HORARIO      ;   ;ediziene   ;18:24
217108                            ;12/02/2024;    ;263673;007;    ;0054885;BAR TOCA DAS ONCAS                                ;(74)99192-9203 ;020;204;RPP7B52;     381,50;    0,48;13/02/2024;89;PDV FECHADO APOS HORARIO      ;DER;ediziene   ;18:25
217109                            ;12/02/2024;    ;263716;007;    ;0058197;LANCHONETE DA AGDA                                ;(74)98811-7223 ;020;202;NZM8419;     161,65;    0,26;13/02/2024;71;SEM DINHEIRO/CHEQUE           ;   ;ediziene   ;16:02
217109                            ;12/02/2024;    ;263747;007;    ;0053155;BAR RECANTO                                       ;(74)98837-3521 ;020;201;NZM8419;      38,98;    0,04;13/02/2024;72;PDV FECHADO (HORARIO COM.)    ;   ;ediziene   ;16:01
217111                            ;12/02/2024;    ;263779;007;    ;0052548;MERC SHOW DE PRECO                                ;(74)98825-2391 ;020;201;RCQ9D86;     224,65;    0,55;12/02/2024;71;SEM DINHEIRO/CHEQUE           ;   ;teles      ;14:34
217111                            ;12/02/2024;    ;263780;007;    ;0052548;MERC SHOW DE PRECO                                ;(74)98825-2391 ;020;201;RCQ9D86;       6,07;    0,00;12/02/2024;71;SEM DINHEIRO/CHEQUE           ;DER;teles      ;14:34
217113                            ;12/02/2024;    ;263840;007;    ;0050643;MERCADINHO ALMEIDA                                ;(74) 3617-3068 ;010;108;NZM7723;     610,73;    0,81;12/02/2024;63;PRODUTO / QTDE. ERRADA        ;   ;teles      ;17:42
217116                            ;12/02/2024;    ;263904;007;    ;0002363;DOCE MANIA BOMBONIER                              ;(74)98847-9034 ;010;105;PKL6654;      13,94;    0,06;12/02/2024;70;CLIENTE CANCELOU              ;   ;teles      ;11:40
217118                            ;12/02/2024;    ;263919;007;    ;0001131;RUGIS BAR                                         ;(74)99909-7338 ;010;110;RDN7A69;     933,41;    1,24;12/02/2024;72;PDV FECHADO (HORARIO COM.)    ;   ;teles      ;11:35
217118                            ;12/02/2024;    ;263920;007;    ;0027889;POINT DO PINICO                                   ;(74)98811-8600 ;010;110;RDN7A69;    1197,79;    1,53;12/02/2024;72;PDV FECHADO (HORARIO COM.)    ;   ;teles      ;11:34
217118                            ;12/02/2024;    ;263921;007;    ;0052810;COWBOY BAR E COPANIA                              ;(74)98801-4952 ;010;105;RDN7A69;    1247,50;    1,72;12/02/2024;72;PDV FECHADO (HORARIO COM.)    ;   ;teles      ;11:34
217118                            ;12/02/2024;    ;263924;007;    ;0056391;DISTRIB. DOGaO                                    ;(74)98853-9316 ;010;102;RDN7A69;    1962,28;    2,68;12/02/2024;72;PDV FECHADO (HORARIO COM.)    ;   ;teles      ;11:35
217123                            ;12/02/2024;    ;264005;007;    ;0063163;POINT MG O GELADaO                                ;(74)99935-5607 ;010;102;RPR6D25;     141,00;    0,24;12/02/2024;72;PDV FECHADO (HORARIO COM.)    ;   ;teles      ;15:19
217123                            ;12/02/2024;    ;264012;007;    ;0062093;IMPÉRIO DISTRIBUIDOR                              ;(74)98832-7537 ;010;111;RPR6D25;    1283,20;    1,76;12/02/2024;72;PDV FECHADO (HORARIO COM.)    ;   ;teles      ;15:19
217136                            ;12/02/2024;    ;264047;007;    ;0054209;COM. DE BEB. C e C                                ;(74)99975-8638 ;010;100;MSG0C01;     714,28;    0,00;12/02/2024;08;Mapa nao carregado / nao canc.;   ;teles      ;16:47
217151                            ;13/02/2024;    ;264134;007;    ;0052241;CHURRASCARIA GOMES                                ;(74)98847-9071 ;020;205;OUX8B81;    1064,00;    1,38;14/02/2024;38;Sem Dinheiro                  ;   ;aloisio    ;21:06
217152                            ;13/02/2024;    ;264216;007;    ;0055732;COMERCIAL SANTANA                                 ;(74)99809-9055 ;020;203;RDC5J22;     595,36;    1,03;14/02/2024;38;Sem Dinheiro                  ;   ;aloisio    ;21:15
217152                            ;13/02/2024;    ;264217;007;    ;0055732;COMERCIAL SANTANA                                 ;(74)99809-9055 ;020;203;RDC5J22;       5,71;    0,00;14/02/2024;38;Sem Dinheiro                  ;DER;aloisio    ;21:14
217154                            ;13/02/2024;    ;264295;007;    ;0064478;GALEGO DO PEIXE                                   ;(75)99939-9310 ;020;201;SJQ9B60;     100,92;    0,12;13/02/2024;82;ENDERECO NAO ENCONTRADO       ;   ;silva      ;20:41
217160                            ;13/02/2024;    ;264542;007;    ;0063213;MG BEBIDAS                                        ;(74)98851-8379 ;010;105;RDN1D46;     112,01;    0,14;13/02/2024;64;SEM VASILHAME                 ;   ;ediziene   ;15:33
217160                            ;13/02/2024;    ;264557;007;    ;0054249;SB DIST DE BEBIDAS                                ;(74)98824-3636 ;010;111;RDN1D46;     431,64;    0,41;13/02/2024;34;Pedido Duplicado              ;   ;ediziene   ;15:33
217165                            ;13/02/2024;    ;264623;007;    ;0024619;BAR DOS AMIGOS                                    ;(74)98822-0239 ;010;100;RDN7A69;     126,78;    0,22;13/02/2024;42;Produto/Quantidade Errada     ;DER;ediziene   ;15:57
217165                            ;13/02/2024;    ;264637;007;    ;0063170;KARRANCAS BEER                                    ;(74)98801-1101 ;010;104;RDN7A69;      31,92;    0,05;13/02/2024;71;SEM DINHEIRO/CHEQUE           ;   ;ediziene   ;15:54
217165                            ;13/02/2024;    ;264638;007;    ;0063170;KARRANCAS BEER                                    ;(74)98801-1101 ;010;104;RDN7A69;     199,60;    0,27;13/02/2024;71;SEM DINHEIRO/CHEQUE           ;   ;ediziene   ;15:54
217165                            ;13/02/2024;    ;264639;007;    ;0063170;KARRANCAS BEER                                    ;(74)98801-1101 ;010;104;RDN7A69;      93,67;    0,15;13/02/2024;71;SEM DINHEIRO/CHEQUE           ;   ;ediziene   ;15:53
217165                            ;13/02/2024;    ;264640;007;    ;0063170;KARRANCAS BEER                                    ;(74)98801-1101 ;010;104;RDN7A69;      11,58;    0,01;13/02/2024;71;SEM DINHEIRO/CHEQUE           ;DER;ediziene   ;15:54
217166                            ;13/02/2024;    ;264648;007;    ;0057130;JOAO BOSCO                                        ;(74)98813-3752 ;010;106;PKK0690;     195,50;    0,26;13/02/2024;70;CLIENTE CANCELOU              ;   ;ediziene   ;18:44
217173                            ;13/02/2024;    ;264912;007;    ;0000740;JOSEAN BEBIDAS                                    ;(74)98809-3342 ;010;111;OVB5042;      82,25;    0,08;13/02/2024;63;PRODUTO / QTDE. ERRADA        ;DER;ediziene   ;16:39
217184                            ;13/02/2024;    ;264970;007;    ;0054209;COM. DE BEB. C e C                                ;(74)99975-8638 ;010;100;MSG0C01;    1960,00;    0,00;13/02/2024;08;Mapa nao carregado / nao canc.;   ;ediziene   ;17:49
217192                            ;14/02/2024;    ;265218;007;    ;0055319;MERC DI STO ANTONIO                               ;(74)99925-2128 ;020;203;OUX3F90;     211,16;    0,39;15/02/2024;72;PDV FECHADO (HORARIO COM.)    ;   ;silva      ;21:12
217193                            ;14/02/2024;    ;265271;007;    ;0063818;MERC MODELO                                       ;(74)98111-3836 ;020;202;OVB5042;     406,36;    0,78;15/02/2024;72;PDV FECHADO (HORARIO COM.)    ;   ;teles      ;11:27
217193                            ;14/02/2024;    ;265284;007;    ;0055275;BAR DO AGNALDO                                    ;(74)99912-3500 ;020;202;OVB5042;     373,89;    0,55;15/02/2024;50;CARGA ERRADA ARMAZEM          ;   ;teles      ;11:27
217193                            ;14/02/2024;    ;265287;007;    ;0057018;OSTENTA BAR                                       ;(74)99984-6411 ;020;202;OVB5042;     229,38;    0,72;15/02/2024;72;PDV FECHADO (HORARIO COM.)    ;   ;teles      ;11:27
217193                            ;14/02/2024;    ;265288;007;    ;0063977;LENA CAKES PANIFICAD                              ;(74)98123-6515 ;020;202;OVB5042;     199,60;    0,27;15/02/2024;64;SEM VASILHAME                 ;   ;teles      ;11:26
217194                            ;14/02/2024;    ;265342;007;    ;0062959;DIS SOUZA                                         ;(74)98144-8806 ;020;201;RPP7B52;      43,74;    0,01;15/02/2024;71;SEM DINHEIRO/CHEQUE           ;   ;teles      ;15:42
217196                            ;14/02/2024;    ;265447;007;    ;0055215;BAR DA ESTACIA                                    ;(74) 3536-3259 ;020;200;SJQ9B60;     544,73;    0,70;15/02/2024;64;SEM VASILHAME                 ;   ;teles      ;08:19
217196                            ;14/02/2024;    ;265468;007;    ;0055480;MERCEARIA DA DETA                                 ;(74)98809-8157 ;020;200;SJQ9B60;     315,94;    0,54;15/02/2024;50;CARGA ERRADA ARMAZEM          ;   ;teles      ;08:20
217196                            ;14/02/2024;    ;265469;007;    ;0055480;MERCEARIA DA DETA                                 ;(74)98809-8157 ;020;200;SJQ9B60;      32,36;    0,04;15/02/2024;50;CARGA ERRADA ARMAZEM          ;DER;teles      ;08:20
217199                            ;14/02/2024;    ;265586;007;    ;0060677;CONVENIENCIA PENEDO                               ;(87)99138-9082 ;010;109;RPP6J11;     169,74;    0,05;14/02/2024;42;Produto/Quantidade Errada     ;   ;aloisio    ;22:02
217199                            ;14/02/2024;    ;265587;007;    ;0060677;CONVENIENCIA PENEDO                               ;(87)99138-9082 ;010;109;RPP6J11;     169,74;    0,05;14/02/2024;42;Produto/Quantidade Errada     ;   ;aloisio    ;22:03
217199                            ;14/02/2024;    ;265598;007;    ;0063361;KIKO.S BAR                                        ;(75)99991-9201 ;010;109;RPP6J11;     149,70;    0,20;14/02/2024;41;Sem Vasilhame.                ;   ;aloisio    ;22:01
217199                            ;14/02/2024;    ;265601;007;    ;0063361;KIKO.S BAR                                        ;(75)99991-9201 ;010;109;RPP6J11;       2,66;    0,00;14/02/2024;42;Produto/Quantidade Errada     ;   ;aloisio    ;22:01
217201                            ;14/02/2024;    ;265650;007;    ;0063601;DISTRIBUIDORA MOURA                               ;(74)99933-9547 ;010;100;NKV3226;      23,88;    0,04;14/02/2024;89;PDV FECHADO APOS HORARIO      ;   ;ediziene   ;16:16
217201                            ;14/02/2024;    ;265659;007;    ;0053403;O POINT DO GELADO                                 ;(74)99905-0730 ;010;107;NKV3226;     848,30;    1,17;14/02/2024;64;SEM VASILHAME                 ;   ;ediziene   ;16:16
217201                            ;14/02/2024;    ;265665;007;    ;0064305;DANIEL BEBIDAS                                    ;(74)98848-5327 ;010;107;NKV3226;      49,90;    0,06;14/02/2024;82;ENDERECO NAO ENCONTRADO       ;   ;ediziene   ;16:17
217205                            ;14/02/2024;    ;265727;007;    ;0000633;DEPOSITO VITORIA                                  ;(74) 3611-6379 ;010;111;OUG2987;     215,46;    0,72;14/02/2024;70;CLIENTE CANCELOU              ;   ;ediziene   ;14:59
217205                            ;14/02/2024;    ;265733;007;    ;0051939;DEPOSITO 2 IRMAS                                  ;(74) 3611-6379 ;010;111;OUG2987;     363,63;    1,20;14/02/2024;70;CLIENTE CANCELOU              ;   ;ediziene   ;15:
217205                            ;14/02/2024;    ;265745;007;    ;0054879;DEPOSITO VANDERLEI                                ;(74)98857-4778 ;010;101;OUG2987;      27,58;    0,04;14/02/2024;72;PDV FECHADO (HORARIO COM.)    ;   ;ediziene   ;14:59
217206                            ;14/02/2024;    ;265748;007;    ;0063175;RD BEBIDAS                                        ;(87)98163-6835 ;010;105;PKL6654;     848,30;    1,17;14/02/2024;42;Produto/Quantidade Errada     ;   ;aloisio    ;19:16
217206                            ;14/02/2024;    ;265780;007;    ;0054499;REI DO CALDO                                      ;(87)98877-8466 ;010;101;PKL6654;     519,50;    0,79;14/02/2024;71;SEM DINHEIRO/CHEQUE           ;   ;aloisio    ;19:17
217207                            ;14/02/2024;    ;265809;007;    ;0053039;GREGORY LANCHES                                   ;(74)98858-8812 ;010;105;RPR6D25;     228,31;    0,32;14/02/2024;72;PDV FECHADO (HORARIO COM.)    ;   ;ediziene   ;16:08
217207                            ;14/02/2024;    ;265810;007;    ;0053039;GREGORY LANCHES                                   ;(74)98858-8812 ;010;105;RPR6D25;     104,56;    0,12;14/02/2024;72;PDV FECHADO (HORARIO COM.)    ;   ;ediziene   ;16:09
217207                            ;14/02/2024;    ;265811;007;    ;0053039;GREGORY LANCHES                                   ;(74)98858-8812 ;010;105;RPR6D25;     108,01;    0,07;14/02/2024;72;PDV FECHADO (HORARIO COM.)    ;   ;ediziene   ;16:09
217208                            ;14/02/2024;    ;265815;007;    ;0050085;SUPER IMPERADOR                                   ;(74) 3612-8681 ;080;810;PKK0690;    2390,20;    4,27;14/02/2024;70;CLIENTE CANCELOU              ;   ;aloisio    ;18:44
217208                            ;14/02/2024;    ;265816;007;    ;0050085;SUPER IMPERADOR                                   ;(74) 3612-8681 ;080;810;PKK0690;     743,58;    1,02;14/02/2024;70;CLIENTE CANCELOU              ;   ;aloisio    ;18:44
217211                            ;14/02/2024;    ;265905;007;    ;0064365;DISTRIBUIDORA DE BEB                              ;(74)98822-1803 ;010;100;LKI1H89;      74,06;    0,08;14/02/2024;82;ENDERECO NAO ENCONTRADO       ;   ;ediziene   ;10:54
217211                            ;14/02/2024;    ;265906;007;    ;0064365;DISTRIBUIDORA DE BEB                              ;(74)98822-1803 ;010;100;LKI1H89;      39,92;    0,06;14/02/2024;82;ENDERECO NAO ENCONTRADO       ;   ;ediziene   ;10:55
217216                            ;14/02/2024;    ;266003;007;    ;0051780;SOMBRA DO UMBUZEIRO                               ;(74) 8807-9648 ;010;103;JII1442;     349,30;    0,48;14/02/2024;72;PDV FECHADO (HORARIO COM.)    ;   ;ediziene   ;15:15
217216                            ;14/02/2024;    ;266004;007;    ;0051780;SOMBRA DO UMBUZEIRO                               ;(74) 8807-9648 ;010;103;JII1442;      15,90;    0,00;14/02/2024;72;PDV FECHADO (HORARIO COM.)    ;AGE;ediziene   ;15:15
217216                            ;14/02/2024;    ;266005;007;    ;0057341;GELOSO                                            ;(74)98851-3001 ;010;106;JII1442;     106,30;    0,07;14/02/2024;71;SEM DINHEIRO/CHEQUE           ;   ;ediziene   ;15:14
217217                            ;14/02/2024;    ;266029;007;    ;0058500;BAR DA BUCHADA                                    ;(74)98865-1263 ;010;108;OFB8B68;     191,51;    0,27;14/02/2024;70;CLIENTE CANCELOU              ;   ;ediziene   ;15:55
217221                            ;14/02/2024;    ;266200;007;    ;0056817;Joice                                             ;(74)98847-7885 ;010;104;HXN3A97;     299,40;    0,41;14/02/2024;83;PROPRIETARIO AUSENTE          ;DER;ediziene   ;17:11
217222                            ;14/02/2024;    ;266223;007;    ;0058349;Souza mercadinho                                  ;(74)99916-1274 ;010;100;NZM5543;      31,18;    0,01;14/02/2024;72;PDV FECHADO (HORARIO COM.)    ;DER;ediziene   ;15:40
217224                            ;14/02/2024;    ;266266;007;    ;0062363;BAR DE MARILENE                                   ;(74)98832-6428 ;010;107;OZE4956;     553,67;    0,82;14/02/2024;72;PDV FECHADO (HORARIO COM.)    ;   ;ediziene   ;16:04
217225                            ;14/02/2024;    ;266302;007;    ;0052847;DISTRIBUIDORA JATOBA                              ;(74)98804-8482 ;010;111;OZF1202;     713,84;    0,96;14/02/2024;34;Pedido Duplicado              ;   ;aloisio    ;19:06
217225                            ;14/02/2024;    ;266307;007;    ;0056251;MERC E DIST DO VALE                               ;(74)99969-0121 ;010;100;OZF1202;     690,62;    0,96;14/02/2024;72;PDV FECHADO (HORARIO COM.)    ;   ;aloisio    ;18:31
217225                            ;14/02/2024;    ;266316;007;    ;0057319;MERC E DIST LOOK                                  ;(74)98855-7368 ;010;107;OZF1202;      49,90;    0,06;14/02/2024;71;SEM DINHEIRO/CHEQUE           ;DER;aloisio    ;18:32
217225                            ;14/02/2024;    ;266320;007;    ;0057319;MERC E DIST LOOK                                  ;(74)98855-7368 ;010;107;OZF1202;     748,50;    1,03;14/02/2024;34;Pedido Duplicado              ;DER;aloisio    ;18:36
217225                            ;14/02/2024;    ;266324;007;    ;0024619;BAR DOS AMIGOS                                    ;(74)98822-0239 ;010;100;OZF1202;     126,78;    0,22;14/02/2024;72;PDV FECHADO (HORARIO COM.)    ;DER;aloisio    ;18:35
217225                            ;14/02/2024;    ;266337;007;    ;0063850;MERCEARIA DA JOSY                                 ;(74)99914-1935 ;010;107;OZF1202;      70,54;    0,11;14/02/2024;87;TEMPO INSUFICIENTE            ;   ;aloisio    ;18:29
217225                            ;14/02/2024;    ;266338;007;    ;0063850;MERCEARIA DA JOSY                                 ;(74)99914-1935 ;010;107;OZF1202;      99,80;    0,13;14/02/2024;87;TEMPO INSUFICIENTE            ;DER;aloisio    ;18:30
217242                            ;15/02/2024;    ;266463;007;    ;0025710;SUPERMERCADO LOPES                                ;(74) 9937-9262 ;020;203;RPJ2H66;     304,56;    0,98;19/02/2024;65;NAO FEZ PEDIDO                ;   ;aloisio    ;21:18
217242                            ;15/02/2024;    ;266464;007;    ;0025710;SUPERMERCADO LOPES                                ;(74) 9937-9262 ;020;203;RPJ2H66;     108,89;    0,13;19/02/2024;65;NAO FEZ PEDIDO                ;   ;aloisio    ;21:18
217242                            ;15/02/2024;    ;266495;007;    ;0062883;BIG MAIS                                          ;(74)98849-1853 ;020;204;RPJ2H66;     784,63;    1,70;19/02/2024;43;Forma de Pagamento            ;   ;aloisio    ;21:17
217246                            ;15/02/2024;    ;266652;007;    ;0051084;CAMINHO DE CASA                                   ;(74) 3531-1432 ;010;109;NZM9993;       3,95;    0,00;15/02/2024;68;TROCA (SEM SELO / QTDE. ERRADA;   ;silva      ;21:37
217248                            ;15/02/2024;    ;266745;007;    ;0064297;BAR DE NELCY                                      ;(74)98835-7112 ;010;101;NKV3226;      27,33;    0,04;15/02/2024;87;TEMPO INSUFICIENTE            ;   ;silva      ;19:43
217248                            ;15/02/2024;    ;266746;007;    ;0064297;BAR DE NELCY                                      ;(74)98835-7112 ;010;101;NKV3226;     199,60;    0,27;15/02/2024;87;TEMPO INSUFICIENTE            ;   ;silva      ;19:43
217248                            ;15/02/2024;    ;266747;007;    ;0064297;BAR DE NELCY                                      ;(74)98835-7112 ;010;101;NKV3226;     349,30;    0,48;15/02/2024;87;TEMPO INSUFICIENTE            ;   ;silva      ;19:43
217248                            ;15/02/2024;    ;266748;007;    ;0064297;BAR DE NELCY                                      ;(74)98835-7112 ;010;101;NKV3226;     249,50;    0,34;15/02/2024;87;TEMPO INSUFICIENTE            ;   ;silva      ;19:44
217248                            ;15/02/2024;    ;266749;007;    ;0064297;BAR DE NELCY                                      ;(74)98835-7112 ;010;101;NKV3226;      31,92;    0,05;15/02/2024;87;TEMPO INSUFICIENTE            ;   ;silva      ;19:44
217248                            ;15/02/2024;    ;266750;007;    ;0064297;BAR DE NELCY                                      ;(74)98835-7112 ;010;101;NKV3226;     499,00;    0,69;15/02/2024;87;TEMPO INSUFICIENTE            ;   ;silva      ;19:44
217248                            ;15/02/2024;    ;266751;007;    ;0064297;BAR DE NELCY                                      ;(74)98835-7112 ;010;101;NKV3226;      38,44;    0,12;15/02/2024;87;TEMPO INSUFICIENTE            ;   ;silva      ;19:45
217248                            ;15/02/2024;    ;266781;007;    ;0063611;BETY,S BAR                                        ;(74)98157-2723 ;010;101;NKV3226;     601,24;    0,95;15/02/2024;70;CLIENTE CANCELOU              ;   ;silva      ;19:42
217248                            ;15/02/2024;    ;266782;007;    ;0063611;BETY,S BAR                                        ;(74)98157-2723 ;010;101;NKV3226;     798,40;    1,10;15/02/2024;70;CLIENTE CANCELOU              ;   ;silva      ;19:41
217258                            ;15/02/2024;    ;267113;007;    ;0064283;BOTECO JE                                         ;(74)99975-1873 ;010;106;RPR6D25;     163,90;    0,23;15/02/2024;72;PDV FECHADO (HORARIO COM.)    ;   ;teles      ;15:24
217258                            ;15/02/2024;    ;267114;007;    ;0064283;BOTECO JE                                         ;(74)99975-1873 ;010;106;RPR6D25;      19,92;    0,02;15/02/2024;72;PDV FECHADO (HORARIO COM.)    ;   ;teles      ;15:24
217262                            ;15/02/2024;    ;267215;007;    ;0063794;DISTRIBUIDORA ARAUJO                              ;(74)98815-2431 ;010;102;RPP0E77;     512,94;    0,75;16/02/2024;70;CLIENTE CANCELOU              ;   ;teles      ;16:21
217267                            ;15/02/2024;    ;267415;007;    ;0058017;ACOSTAMENTODISTRIBUI                              ;(55)74988-2312 ;010;111;NZM7723;    2622,60;    3,98;15/02/2024;72;PDV FECHADO (HORARIO COM.)    ;   ;teles      ;16:09
217268                            ;15/02/2024;    ;267449;007;    ;0057068;MERC ZE MAGO                                      ;(74)98855-7706 ;010;106;OFB8B98;       7,83;    0,01;15/02/2024;68;TROCA (SEM SELO / QTDE. ERRADA;   ;teles      ;15:59
217269                            ;15/02/2024;    ;267475;007;    ;0063626;DISTRIBUIDORA VILA N                              ;(74)98155-8720 ;010;101;OFB8B68;    1596,80;    2,20;15/02/2024;71;SEM DINHEIRO/CHEQUE           ;   ;teles      ;15:22
217269                            ;15/02/2024;    ;267483;007;    ;0063963;BAR E RESTAURANTE TR                              ;(74)99938-0511 ;010;101;OFB8B68;     159,78;    0,25;15/02/2024;82;ENDERECO NAO ENCONTRADO       ;   ;teles      ;15:23
217274                            ;15/02/2024;    ;266621;007;    ;0062122;SUPERMERCADO OLIVEIR                              ;(74)98803-5398 ;020;200;NZM5543;       2,02;    0,00;16/02/2024;70;CLIENTE CANCELOU              ;   ;silva      ;02:19
217300                            ;16/02/2024;    ;267520;007;    ;0054193;BAR DA ISSINHA                                    ;(74)99993-4454 ;020;205;OUX3F90;     271,16;    0,48;19/02/2024;72;PDV FECHADO (HORARIO COM.)    ;   ;aloisio    ;22:03
217300                            ;16/02/2024;    ;267581;007;    ;0058422;JUNIOR DISTRIBUIDORA                              ;(74)74999-1189 ;020;205;OUX3F90;     351,40;    0,41;19/02/2024;70;CLIENTE CANCELOU              ;   ;aloisio    ;22:04
217301                            ;16/02/2024;    ;267651;007;    ;0064339;R A DISTRIBUIDORA                                 ;(74)98815-2996 ;020;204;RPM8D89;     495,01;    0,69;17/02/2024;70;CLIENTE CANCELOU              ;   ;ediziene   ;16:33
217301                            ;16/02/2024;    ;267652;007;    ;0064339;R A DISTRIBUIDORA                                 ;(74)98815-2996 ;020;204;RPM8D89;     336,40;    0,40;17/02/2024;70;CLIENTE CANCELOU              ;   ;ediziene   ;16:33
217303                            ;16/02/2024;    ;267742;007;    ;0055187;VARIEDADES                                        ;(74)98109-1251 ;020;202;RCQ9D86;     289,92;    0,50;19/02/2024;89;PDV FECHADO APOS HORARIO      ;   ;ediziene   ;11:29
217303                            ;16/02/2024;    ;267743;007;    ;0055187;VARIEDADES                                        ;(74)98109-1251 ;020;202;RCQ9D86;       1,27;    0,00;19/02/2024;89;PDV FECHADO APOS HORARIO      ;DER;ediziene   ;11:30
217303                            ;16/02/2024;    ;267744;007;    ;0059716;MERCADINHO VIEIRA                                 ;(74)98109-3802 ;020;202;RCQ9D86;     362,29;    0,42;19/02/2024;87;TEMPO INSUFICIENTE            ;DER;ediziene   ;11:27
217303                            ;16/02/2024;    ;267746;007;    ;0050429;MERC RAVANA                                       ;(74)98104-4696 ;020;202;RCQ9D86;     112,48;    0,23;19/02/2024;89;PDV FECHADO APOS HORARIO      ;   ;ediziene   ;11:29
217303                            ;16/02/2024;    ;267747;007;    ;0050429;MERC RAVANA                                       ;(74)98104-4696 ;020;202;RCQ9D86;      32,40;    0,04;19/02/2024;89;PDV FECHADO APOS HORARIO      ;   ;ediziene   ;11:28
217303                            ;16/02/2024;    ;267757;007;    ;0058666;DIVINA GULA                                       ;(74)98147-7901 ;020;202;RCQ9D86;     143,56;    0,38;19/02/2024;89;PDV FECHADO APOS HORARIO      ;   ;ediziene   ;11:28
217303                            ;16/02/2024;    ;267783;007;    ;0025285;SUP. COMPRE BEM                                   ;(74)98122-3050 ;020;202;RCQ9D86;    1030,85;    3,19;19/02/2024;87;TEMPO INSUFICIENTE            ;   ;ediziene   ;11:26
217306                            ;16/02/2024;    ;267922;007;    ;0056888;ERBSON DA SILVA BATI                              ;(74)98853-8794 ;020;201;RPP7B52;     303,64;    0,43;17/02/2024;89;PDV FECHADO APOS HORARIO      ;   ;ediziene   ;13:25
217306                            ;16/02/2024;    ;267923;007;    ;0056888;ERBSON DA SILVA BATI                              ;(74)98853-8794 ;020;201;RPP7B52;       2,26;    0,00;17/02/2024;89;PDV FECHADO APOS HORARIO      ;DER;ediziene   ;13:25
217308                            ;16/02/2024;    ;267998;007;    ;0058415;MERCADINHO PEGUE E P                              ;(74)98829-2486 ;010;109;NZM9993;     499,00;    0,39;19/02/2024;72;PDV FECHADO (HORARIO COM.)    ;   ;silva      ;23:47
217313                            ;16/02/2024;    ;268204;007;    ;0064144;DIST LN                                           ;(74)99812-4179 ;010;107;PKK8518;       5,79;    0,00;17/02/2024;68;TROCA (SEM SELO / QTDE. ERRADA;   ;ediziene   ;16:07
217314                            ;16/02/2024;    ;268259;007;    ;0062313;LANCH SABOREAR                                    ;(74)98854-4498 ;010;105;RPR6D25;     189,50;    0,27;16/02/2024;71;SEM DINHEIRO/CHEQUE           ;   ;teles      ;15:27
217316                            ;16/02/2024;    ;268292;007;    ;0051009;BAR DO CUNHADO                                    ;(74)98825-9710 ;010;101;KJP3656;     246,28;    0,34;16/02/2024;62;FORMA PAGAMENTO ERRADA        ;   ;teles      ;16:39
217316                            ;16/02/2024;    ;268293;007;    ;0051009;BAR DO CUNHADO                                    ;(74)98825-9710 ;010;101;KJP3656;      13,93;    0,01;16/02/2024;62;FORMA PAGAMENTO ERRADA        ;DER;teles      ;16:39
217318                            ;16/02/2024;    ;268346;007;    ;0052604;MERCADINHO KELLY                                  ;(74)98824-8146 ;010;111;PKL6654;      84,44;    0,30;16/02/2024;63;PRODUTO / QTDE. ERRADA        ;   ;teles      ;16:32
217318                            ;16/02/2024;    ;268347;007;    ;0052604;MERCADINHO KELLY                                  ;(74)98824-8146 ;010;111;PKL6654;     162,86;    0,41;16/02/2024;63;PRODUTO / QTDE. ERRADA        ;   ;teles      ;16:32
217318                            ;16/02/2024;    ;268348;007;    ;0052604;MERCADINHO KELLY                                  ;(74)98824-8146 ;010;111;PKL6654;      72,60;    0,12;16/02/2024;63;PRODUTO / QTDE. ERRADA        ;   ;teles      ;16:31
217318                            ;16/02/2024;    ;268349;007;    ;0054851;DISTR.  RAY ALVES                                 ;(74)98842-9612 ;010;111;PKL6654;     466,28;    0,51;16/02/2024;63;PRODUTO / QTDE. ERRADA        ;   ;teles      ;16:33
217318                            ;16/02/2024;    ;268350;007;    ;0054851;DISTR.  RAY ALVES                                 ;(74)98842-9612 ;010;111;PKL6654;    1198,88;    2,09;16/02/2024;63;PRODUTO / QTDE. ERRADA        ;   ;teles      ;16:32
217318                            ;16/02/2024;    ;268351;007;    ;0054851;DISTR.  RAY ALVES                                 ;(74)98842-9612 ;010;111;PKL6654;     466,28;    0,51;16/02/2024;63;PRODUTO / QTDE. ERRADA        ;   ;teles      ;16:32
217318                            ;16/02/2024;    ;268352;007;    ;0054851;DISTR.  RAY ALVES                                 ;(74)98842-9612 ;010;111;PKL6654;      71,36;    0,07;16/02/2024;63;PRODUTO / QTDE. ERRADA        ;   ;teles      ;16:32
217319                            ;16/02/2024;    ;268377;007;    ;0057175;Depósito do Chueira                               ;(74)99809-1508 ;010;111;NZM5543;      14,86;    0,00;16/02/2024;70;CLIENTE CANCELOU              ;   ;teles      ;15:29
217319                            ;16/02/2024;    ;268392;007;    ;0054861;MERCA E FRIGORIF MS                               ;(74)98843-8246 ;010;108;NZM5543;     989,50;    1,33;16/02/2024;71;SEM DINHEIRO/CHEQUE           ;DER;teles      ;15:29
217321                            ;16/02/2024;    ;268419;007;    ;0056307;CATIA CRISTINA DE OL                              ;(74)98861-4787 ;010;102;RDN1D46;     446,21;    0,65;16/02/2024;72;PDV FECHADO (HORARIO COM.)    ;   ;teles      ;14:32
217321                            ;16/02/2024;    ;268420;007;    ;0062697;ÁREA VIP                                          ;(74)98813-6749 ;010;110;RDN1D46;     194,40;    0,25;16/02/2024;72;PDV FECHADO (HORARIO COM.)    ;   ;teles      ;14:32
217330                            ;16/02/2024;    ;268648;007;    ;0063170;KARRANCAS BEER                                    ;(74)98801-1101 ;010;104;OZF1202;     149,70;    0,20;16/02/2024;72;PDV FECHADO (HORARIO COM.)    ;   ;aloisio    ;18:51
217330                            ;16/02/2024;    ;268649;007;    ;0063170;KARRANCAS BEER                                    ;(74)98801-1101 ;010;104;OZF1202;     149,70;    0,20;16/02/2024;72;PDV FECHADO (HORARIO COM.)    ;   ;aloisio    ;18:51
217330                            ;16/02/2024;    ;268650;007;    ;0063170;KARRANCAS BEER                                    ;(74)98801-1101 ;010;104;OZF1202;      69,79;    0,11;16/02/2024;72;PDV FECHADO (HORARIO COM.)    ;   ;aloisio    ;18:52
217339                            ;16/02/2024;    ;268617;007;    ;0056074;DIST BEB MERC SANTOS                              ;(74)98846-8606 ;010;100;NZM8419;      12,08;    0,01;16/02/2024;63;PRODUTO / QTDE. ERRADA        ;DER;teles      ;16:58
217348                            ;17/02/2024;    ;268840;007;    ;0064264;NEUSIVAN BARBOSA DE                               ;(74)98817-0867 ;010;105;RPR6D25;      30,04;    0,12;17/02/2024;71;SEM DINHEIRO/CHEQUE           ;   ;ediziene   ;14:12
217354                            ;17/02/2024;    ;268978;007;    ;0063894;DEPÓSITO BEER E PETI                              ;(74)98806-1510 ;010;105;PKL6654;     687,75;    1,03;17/02/2024;70;CLIENTE CANCELOU              ;   ;ediziene   ;17:14
217354                            ;17/02/2024;    ;268990;007;    ;0055820;SACOLA CHEIA                                      ;(74) 3611-1242 ;080;810;PKL6654;       8,83;    0,00;17/02/2024;68;TROCA (SEM SELO / QTDE. ERRADA;   ;ediziene   ;17:13
217354                            ;17/02/2024;    ;268992;007;    ;0055820;SACOLA CHEIA                                      ;(74) 3611-1242 ;080;810;PKL6654;       3,50;    0,00;17/02/2024;68;TROCA (SEM SELO / QTDE. ERRADA;   ;ediziene   ;17:14
217354                            ;17/02/2024;    ;268994;007;    ;0055820;SACOLA CHEIA                                      ;(74) 3611-1242 ;080;810;PKL6654;     110,00;    0,08;17/02/2024;68;TROCA (SEM SELO / QTDE. ERRADA;   ;ediziene   ;17:14
217355                            ;17/02/2024;    ;269004;007;    ;0053188;DIST PATY BOMBOM                                  ;(74)98848-1647 ;010;100;OZF1202;      80,65;    0,08;17/02/2024;89;PDV FECHADO APOS HORARIO      ;DER;ediziene   ;15:03
217356                            ;17/02/2024;    ;269068;007;    ;0058611;MERCADO NOVA OPCaO                                ;(74)99155-0486 ;010;107;OVB5042;    1541,80;    2,04;17/02/2024;71;SEM DINHEIRO/CHEQUE           ;   ;ediziene   ;14:21
217357                            ;17/02/2024;    ;269086;007;    ;0055373;DISTRI DO RONALDO                                 ;(74)98832-6790 ;010;111;RDC8F64;     288,95;    0,41;17/02/2024;70;CLIENTE CANCELOU              ;   ;ediziene   ;13:49
217357                            ;17/02/2024;    ;269087;007;    ;0055373;DISTRI DO RONALDO                                 ;(74)98832-6790 ;010;111;RDC8F64;     149,70;    0,20;17/02/2024;70;CLIENTE CANCELOU              ;   ;ediziene   ;13:49
217357                            ;17/02/2024;    ;269088;007;    ;0055373;DISTRI DO RONALDO                                 ;(74)98832-6790 ;010;111;RDC8F64;    2369,52;    3,30;17/02/2024;70;CLIENTE CANCELOU              ;   ;ediziene   ;13:50
217357                            ;17/02/2024;    ;269089;007;    ;0055373;DISTRI DO RONALDO                                 ;(74)98832-6790 ;010;111;RDC8F64;     411,40;    0,62;17/02/2024;70;CLIENTE CANCELOU              ;   ;ediziene   ;13:50
217357                            ;17/02/2024;    ;269090;007;    ;0055373;DISTRI DO RONALDO                                 ;(74)98832-6790 ;010;111;RDC8F64;     260,94;    0,41;17/02/2024;70;CLIENTE CANCELOU              ;   ;ediziene   ;13:51
217357                            ;17/02/2024;    ;269091;007;    ;0055373;DISTRI DO RONALDO                                 ;(74)98832-6790 ;010;111;RDC8F64;     969,12;    1,24;17/02/2024;70;CLIENTE CANCELOU              ;   ;ediziene   ;13:51
217359                            ;17/02/2024;    ;269164;007;    ;0058603;AN DISTRI DO VALE                                 ;(74)98143-8032 ;010;111;RPP0E77;      62,98;    0,06;17/02/2024;70;CLIENTE CANCELOU              ;   ;ediziene   ;13:44
217362                            ;17/02/2024;    ;269224;007;    ;0056748;ROMARIO SILVA DE SAL                              ;(74)98834-3272 ;010;104;OUX8B81;    2395,20;    3,31;17/02/2024;70;CLIENTE CANCELOU              ;   ;ediziene   ;16:16
217362                            ;17/02/2024;    ;269225;007;    ;0056748;ROMARIO SILVA DE SAL                              ;(74)98834-3272 ;010;104;OUX8B81;     446,60;    0,58;17/02/2024;70;CLIENTE CANCELOU              ;   ;ediziene   ;16:15
217362                            ;17/02/2024;    ;269226;007;    ;0056748;ROMARIO SILVA DE SAL                              ;(74)98834-3272 ;010;104;OUX8B81;     791,91;    1,10;17/02/2024;70;CLIENTE CANCELOU              ;   ;ediziene   ;16:15
217364                            ;17/02/2024;    ;269295;007;    ;0057559;Andreza Distribuidor                              ;(74)99100-8110 ;010;104;NZM4666;     499,00;    0,69;17/02/2024;64;SEM VASILHAME                 ;   ;ediziene   ;16:20
217364                            ;17/02/2024;    ;269296;007;    ;0057559;Andreza Distribuidor                              ;(74)99100-8110 ;010;104;NZM4666;     249,50;    0,34;17/02/2024;64;SEM VASILHAME                 ;   ;ediziene   ;16:20
217365                            ;17/02/2024;    ;269351;007;    ;0053041;BAR MONTE SANT0                                   ;(74) 3612-6343 ;010;106;KJP3656;     131,90;    0,14;17/02/2024;71;SEM DINHEIRO/CHEQUE           ;   ;ediziene   ;15:33
217384                            ;19/02/2024;    ;269385;007;    ;0055255;MERC. RENAURY                                     ;(55)74998-4051 ;020;205;OUX3F90;      86,32;    0,19;19/02/2024;70;CLIENTE CANCELOU              ;DER;silva      ;21:39
217388                            ;19/02/2024;    ;269494;007;    ;0051964;BAR DO ZE                                         ;(74) 9956-3191 ;020;205;OUX8B81;      81,84;    0,24;20/02/2024;71;SEM DINHEIRO/CHEQUE           ;DER;aloisio    ;21:21
217389                            ;19/02/2024;    ;269537;007;    ;0064272;MERCADINHO HIJ                                    ;(74)99982-5448 ;020;203;RDC8F64;    1000,30;    2,72;20/02/2024;32;ENTREGA ATRASADA (BUFFER)     ;   ;aloisio    ;21:02
217389                            ;19/02/2024;    ;269551;007;    ;0050920;LANCHONETE JS                                     ;(74)99945-8131 ;020;205;RDC8F64;     280,28;    0,41;20/02/2024;71;SEM DINHEIRO/CHEQUE           ;   ;aloisio    ;21:01
217389                            ;19/02/2024;    ;269559;007;    ;0063417;BAR BAHIA                                         ;(74)99923-5101 ;020;203;RDC8F64;     183,71;    0,30;20/02/2024;72;PDV FECHADO (HORARIO COM.)    ;   ;aloisio    ;21:04
217389                            ;19/02/2024;    ;269560;007;    ;0063417;BAR BAHIA                                         ;(74)99923-5101 ;020;203;RDC8F64;     218,97;    0,33;20/02/2024;72;PDV FECHADO (HORARIO COM.)    ;   ;aloisio    ;21:03
217391                            ;19/02/2024;    ;269625;007;    ;0058632;RESTAURANTE  CHEILA                               ;(74)99981-1628 ;010;109;RPP6J11;       2,89;    0,00;20/02/2024;68;TROCA (SEM SELO / QTDE. ERRADA;   ;silva      ;04:33
217391                            ;19/02/2024;    ;269643;007;    ;0054020;BAR DO ANTONIO                                    ;(74)99956-5827 ;010;109;RPP6J11;       4,35;    0,00;20/02/2024;23;(C)Pedidos duplicados         ;   ;silva      ;04:33
217396                            ;19/02/2024;    ;269687;007;    ;0054311;BAR DA MARA                                       ;(74)98141-0666 ;020;202;OVB5042;     505,64;    0,73;20/02/2024;72;PDV FECHADO (HORARIO COM.)    ;   ;teles      ;11:34
217396                            ;19/02/2024;    ;269694;007;    ;0062989;MERCADINHO TEREZA RE                              ;(43)90000-0000 ;020;202;OVB5042;      23,44;    0,06;20/02/2024;42;Produto/Quantidade Errada     ;   ;teles      ;11:34
217397                            ;19/02/2024;    ;269702;007;    ;0052534;MERCEARIA CANT. CEU                               ;(74)98836-5987 ;020;200;SJQ9B60;     193,87;    0,25;20/02/2024;65;NAO FEZ PEDIDO                ;   ;silva      ;02:23
217397                            ;19/02/2024;    ;269703;007;    ;0052534;MERCEARIA CANT. CEU                               ;(74)98836-5987 ;020;200;SJQ9B60;     161,56;    0,21;20/02/2024;65;NAO FEZ PEDIDO                ;   ;silva      ;02:23
217399                            ;19/02/2024;    ;269841;007;    ;0053785;BAR E REST. ELCILUCE                              ;(74)99905-7308 ;020;204;RPP7B52;     359,70;    0,34;20/02/2024;42;Produto/Quantidade Errada     ;   ;aloisio    ;18:40
217399                            ;19/02/2024;    ;269882;007;    ;0050793;PARADA GONTIJO                                    ;(74) 9810-8924 ;020;200;RPP7B52;      54,24;    0,18;20/02/2024;42;Produto/Quantidade Errada     ;   ;aloisio    ;18:40
217400                            ;19/02/2024;    ;269929;007;    ;0064215;RESTAURANTE DO JOSA                               ;(87)99997-3323 ;010;108;OZE4956;     868,62;    1,22;19/02/2024;71;SEM DINHEIRO/CHEQUE           ;   ;ediziene   ;18:28
217400                            ;19/02/2024;    ;269930;007;    ;0064215;RESTAURANTE DO JOSA                               ;(87)99997-3323 ;010;108;OZE4956;       9,83;    0,01;19/02/2024;71;SEM DINHEIRO/CHEQUE           ;DER;ediziene   ;18:28
217401                            ;19/02/2024;    ;269951;007;    ;0063778;SOL NASCENTE                                      ;(74)98831-2589 ;010;108;OUG2987;     338,85;    0,59;19/02/2024;72;PDV FECHADO (HORARIO COM.)    ;   ;ediziene   ;16:31
217403                            ;19/02/2024;    ;270001;007;    ;0062863;BAR DO GILSON                                     ;(61)99623-2234 ;020;200;RPJ2H66;     199,60;    0,27;20/02/2024;72;PDV FECHADO (HORARIO COM.)    ;   ;teles      ;13:58
217403                            ;19/02/2024;    ;270002;007;    ;0062863;BAR DO GILSON                                     ;(61)99623-2234 ;020;200;RPJ2H66;     548,90;    0,75;20/02/2024;72;PDV FECHADO (HORARIO COM.)    ;   ;teles      ;13:58
217403                            ;19/02/2024;    ;270003;007;    ;0062863;BAR DO GILSON                                     ;(61)99623-2234 ;020;200;RPJ2H66;      64,80;    0,09;20/02/2024;72;PDV FECHADO (HORARIO COM.)    ;   ;teles      ;13:58
217404                            ;19/02/2024;    ;270051;007;    ;0055369;Rei Da Gelada                                     ;(74)98833-6983 ;020;201;NZM7723;     199,60;    0,27;20/02/2024;32;ENTREGA ATRASADA (BUFFER)     ;   ;teles      ;17:15
217404                            ;19/02/2024;    ;270052;007;    ;0055369;Rei Da Gelada                                     ;(74)98833-6983 ;020;201;NZM7723;     199,60;    0,27;20/02/2024;32;ENTREGA ATRASADA (BUFFER)     ;   ;teles      ;17:15
217404                            ;19/02/2024;    ;270053;007;    ;0055369;Rei Da Gelada                                     ;(74)98833-6983 ;020;201;NZM7723;     199,60;    0,27;20/02/2024;32;ENTREGA ATRASADA (BUFFER)     ;   ;teles      ;17:14
217404                            ;19/02/2024;    ;270083;007;    ;0055578;BAR ENCO. DOS AMIGOS                              ;(74)99915-3900 ;020;201;NZM7723;     231,13;    0,32;20/02/2024;32;ENTREGA ATRASADA (BUFFER)     ;   ;teles      ;17:14
217404                            ;19/02/2024;    ;270084;007;    ;0055578;BAR ENCO. DOS AMIGOS                              ;(74)99915-3900 ;020;201;NZM7723;     253,37;    0,34;20/02/2024;32;ENTREGA ATRASADA (BUFFER)     ;   ;teles      ;17:14
217404                            ;19/02/2024;    ;270085;007;    ;0055578;BAR ENCO. DOS AMIGOS                              ;(74)99915-3900 ;020;201;NZM7723;     278,90;    0,38;20/02/2024;32;ENTREGA ATRASADA (BUFFER)     ;   ;teles      ;17:14
217404                            ;19/02/2024;    ;270086;007;    ;0055578;BAR ENCO. DOS AMIGOS                              ;(74)99915-3900 ;020;201;NZM7723;      45,70;    0,15;20/02/2024;32;ENTREGA ATRASADA (BUFFER)     ;   ;teles      ;17:14
217407                            ;19/02/2024;    ;270159;007;    ;0057484;MERCEARIA GPM                                     ;(74)98843-5158 ;020;201;NKV3226;      12,20;    0,02;19/02/2024;42;Produto/Quantidade Errada     ;   ;ediziene   ;17:04
217407                            ;19/02/2024;    ;270160;007;    ;0057484;MERCEARIA GPM                                     ;(74)98843-5158 ;020;201;NKV3226;       3,40;    0,00;19/02/2024;42;Produto/Quantidade Errada     ;   ;ediziene   ;17:04
217416                            ;19/02/2024;    ;270309;007;    ;0056109;Cerv Distribuidora                                ;(74)98801-4507 ;010;111;LKI1H89;     698,60;    0,96;19/02/2024;72;PDV FECHADO (HORARIO COM.)    ;   ;ediziene   ;10:46
217416                            ;19/02/2024;    ;270310;007;    ;0056109;Cerv Distribuidora                                ;(74)98801-4507 ;010;111;LKI1H89;      57,60;    0,13;19/02/2024;72;PDV FECHADO (HORARIO COM.)    ;   ;ediziene   ;10:46
217416                            ;19/02/2024;    ;270311;007;    ;0056109;Cerv Distribuidora                                ;(74)98801-4507 ;010;111;LKI1H89;     127,60;    0,16;19/02/2024;72;PDV FECHADO (HORARIO COM.)    ;   ;ediziene   ;10:46
217418                            ;19/02/2024;    ;270330;007;    ;0055431;MERC AMORIM                                       ;(74)98817-6944 ;010;104;LKI1H89;    2336,46;    3,20;19/02/2024;64;SEM VASILHAME                 ;   ;ediziene   ;17:30
217418                            ;19/02/2024;    ;270331;007;    ;0055431;MERC AMORIM                                       ;(74)98817-6944 ;010;104;LKI1H89;    1211,04;    1,68;19/02/2024;64;SEM VASILHAME                 ;   ;ediziene   ;17:30
217418                            ;19/02/2024;    ;270335;007;    ;0058031;MERCADINHO SR ROMULO                              ;(55)74988-6159 ;010;100;LKI1H89;      47,61;    0,04;19/02/2024;72;PDV FECHADO (HORARIO COM.)    ;DER;ediziene   ;17:31
217418                            ;19/02/2024;    ;270339;007;    ;0056074;DIST BEB MERC SANTOS                              ;(74)98846-8606 ;010;100;LKI1H89;      12,08;    0,01;19/02/2024;72;PDV FECHADO (HORARIO COM.)    ;DER;ediziene   ;17:31
217418                            ;19/02/2024;    ;270341;007;    ;0064128;TO NA PRACA                                       ;(74)98841-3282 ;010;100;LKI1H89;      17,50;    0,02;19/02/2024;72;PDV FECHADO (HORARIO COM.)    ;DER;ediziene   ;17:32
217418                            ;19/02/2024;    ;270342;007;    ;0058104;GORDINHO                                          ;(87)98862-8569 ;010;100;LKI1H89;      12,96;    0,02;19/02/2024;72;PDV FECHADO (HORARIO COM.)    ;DER;ediziene   ;17:32
217419                            ;19/02/2024;    ;270360;007;    ;0063922;BUTECO DA LEIDEDAI                                ;(74)98835-7598 ;010;103;KJP3656;     149,70;    0,20;19/02/2024;85;DIFICIL ACESSO                ;   ;ediziene   ;16:42
217419                            ;19/02/2024;    ;270361;007;    ;0063620;ADEGA DISTRIBUIDORA                               ;(74)98857-2031 ;010;103;KJP3656;     249,50;    0,34;19/02/2024;85;DIFICIL ACESSO                ;   ;ediziene   ;16:41
217420                            ;19/02/2024;    ;270393;007;    ;0062031;MERCADINHO GN                                     ;(74)99808-0628 ;080;810;OFB8B68;     660,52;    0,89;19/02/2024;64;SEM VASILHAME                 ;   ;ediziene   ;18:25
217420                            ;19/02/2024;    ;270395;007;    ;0054142;EDU COMERCIAL                                     ;(74)98814-0409 ;010;111;OFB8B68;     544,91;    0,75;19/02/2024;89;PDV FECHADO APOS HORARIO      ;   ;ediziene   ;18:23
217420                            ;19/02/2024;    ;270396;007;    ;0055084;DISTR. NO PONTO                                   ;(74)98803-3909 ;010;111;OFB8B68;     201,14;    0,27;19/02/2024;72;PDV FECHADO (HORARIO COM.)    ;   ;ediziene   ;18:24
217420                            ;19/02/2024;    ;270397;007;    ;0055084;DISTR. NO PONTO                                   ;(74)98803-3909 ;010;111;OFB8B68;    1224,05;    1,72;19/02/2024;72;PDV FECHADO (HORARIO COM.)    ;   ;ediziene   ;18:24
217422                            ;19/02/2024;    ;270447;007;    ;0051604;FEIRAO CACHUEIRINHA                               ;(74)98816-9772 ;010;107;OZF1202;     117,76;    0,14;20/02/2024;71;SEM DINHEIRO/CHEQUE           ;   ;teles      ;10:14
217422                            ;19/02/2024;    ;270469;007;    ;0054540;BOTECO DO SEU Z                                   ;(74)98801-1932 ;010;110;OZF1202;    3478,64;    4,78;20/02/2024;71;SEM DINHEIRO/CHEQUE           ;   ;teles      ;10:14
217446                            ;20/02/2024;    ;270580;007;    ;0050301;MERCADINHO UNIAO                                  ;(74) 3534-2655 ;020;205;RCQ9D86;       7,83;    0,01;22/02/2024;68;TROCA (SEM SELO / QTDE. ERRADA;   ;aloisio    ;21:11
217446                            ;20/02/2024;    ;270581;007;    ;0050301;MERCADINHO UNIAO                                  ;(74) 3534-2655 ;020;205;RCQ9D86;       7,83;    0,01;22/02/2024;68;TROCA (SEM SELO / QTDE. ERRADA;   ;aloisio    ;21:12
217446                            ;20/02/2024;    ;270584;007;    ;0053659;PONTO DOS AMIGOS                                  ;(74)99915-9968 ;020;205;RCQ9D86;     784,67;    0,83;22/02/2024;70;CLIENTE CANCELOU              ;   ;aloisio    ;21:13
217447                            ;20/02/2024;    ;270630;007;    ;0052814;MINE MERC N.SRA. APA                              ;(74) 3535-0343 ;020;203;OUX3F90;     591,96;    0,99;21/02/2024;72;PDV FECHADO (HORARIO COM.)    ;   ;silva      ;21:58
217447                            ;20/02/2024;    ;270644;007;    ;0057512;Quetinho Distribuido                              ;(74)98836-7982 ;020;204;OUX3F90;     198,81;    0,27;21/02/2024;72;PDV FECHADO (HORARIO COM.)    ;   ;silva      ;21:58
217447                            ;20/02/2024;    ;270673;007;    ;0058472;MERCADINHO BR REPRES                              ;(74)99810-8879 ;090;999;OUX3F90;     879,70;    2,04;21/02/2024;70;CLIENTE CANCELOU              ;   ;silva      ;21:57
217448                            ;20/02/2024;    ;270696;007;    ;0055200;PONTO DO ACAI GOUMER                              ;(74)98116-4940 ;020;202;NZM4666;     173,53;    0,46;21/02/2024;71;SEM DINHEIRO/CHEQUE           ;   ;teles      ;11:24
217448                            ;20/02/2024;    ;270715;007;    ;0051844;MERCADINHO FELIX                                  ;(74) 9996-7685 ;020;202;NZM4666;     130,50;    0,43;21/02/2024;71;SEM DINHEIRO/CHEQUE           ;DER;teles      ;11:24
217450                            ;20/02/2024;    ;270740;007;    ;0062154;MERCEARIA SOUZA                                   ;(74)98834-6061 ;020;201;NZM5543;       5,47;    0,01;22/02/2024;42;Produto/Quantidade Errada     ;   ;teles      ;14:36
217451                            ;20/02/2024;    ;270805;007;    ;0053675;MERCADINHO DO DIEGO                               ;(74)98826-5085 ;020;200;RPP0E77;    1061,25;    1,44;21/02/2024;72;PDV FECHADO (HORARIO COM.)    ;   ;aloisio    ;03:05
217451                            ;20/02/2024;    ;270806;007;    ;0053675;MERCADINHO DO DIEGO                               ;(74)98826-5085 ;020;200;RPP0E77;      43,32;    0,01;21/02/2024;72;PDV FECHADO (HORARIO COM.)    ;   ;aloisio    ;03:06
217451                            ;20/02/2024;    ;270807;007;    ;0053675;MERCADINHO DO DIEGO                               ;(74)98826-5085 ;020;200;RPP0E77;      59,42;    0,07;21/02/2024;72;PDV FECHADO (HORARIO COM.)    ;   ;aloisio    ;03:05
217451                            ;20/02/2024;    ;270808;007;    ;0053675;MERCADINHO DO DIEGO                               ;(74)98826-5085 ;020;200;RPP0E77;      31,90;    0,04;21/02/2024;72;PDV FECHADO (HORARIO COM.)    ;   ;aloisio    ;03:06
217457                            ;20/02/2024;    ;271030;007;    ;0055759;A GARAGEM PETISCARIA                              ;(74)98808-8653 ;010;110;PKL6654;      76,28;    0,05;20/02/2024;68;TROCA (SEM SELO / QTDE. ERRADA;DER;aloisio    ;18:31
217457                            ;20/02/2024;    ;271047;007;    ;0063175;RD BEBIDAS                                        ;(87)98163-6835 ;010;105;PKL6654;      99,80;    0,13;20/02/2024;63;PRODUTO / QTDE. ERRADA        ;   ;aloisio    ;18:30
217457                            ;20/02/2024;    ;271053;007;    ;0053074;BOTECO DA RESENHA                                 ;(74)98831-7859 ;010;105;PKL6654;       8,68;    0,00;20/02/2024;68;TROCA (SEM SELO / QTDE. ERRADA;   ;aloisio    ;18:31
217457                            ;20/02/2024;    ;271054;007;    ;0053074;BOTECO DA RESENHA                                 ;(74)98831-7859 ;010;105;PKL6654;       8,68;    0,00;20/02/2024;68;TROCA (SEM SELO / QTDE. ERRADA;   ;aloisio    ;18:32
217457                            ;20/02/2024;    ;271055;007;    ;0053074;BOTECO DA RESENHA                                 ;(74)98831-7859 ;010;105;PKL6654;       5,79;    0,00;20/02/2024;68;TROCA (SEM SELO / QTDE. ERRADA;   ;aloisio    ;18:33
217458                            ;20/02/2024;    ;271101;007;    ;0000210;BAR DO CARLOS                                     ;(74)98818-8432 ;010;101;RDJ0G42;     504,14;    0,69;20/02/2024;65;NAO FEZ PEDIDO                ;DER;teles      ;18:07
217458                            ;20/02/2024;    ;271102;007;    ;0000210;BAR DO CARLOS                                     ;(74)98818-8432 ;010;101;RDJ0G42;     481,52;    0,62;20/02/2024;65;NAO FEZ PEDIDO                ;   ;teles      ;18:06
217458                            ;20/02/2024;    ;271103;007;    ;0000210;BAR DO CARLOS                                     ;(74)98818-8432 ;010;101;RDJ0G42;      15,20;    0,00;20/02/2024;65;NAO FEZ PEDIDO                ;DER;teles      ;18:06
217459                            ;20/02/2024;    ;271126;007;    ;0064154;RESTAURANTE DA LUCIA                              ;(74)98810-0723 ;010;105;KJP3656;      21,33;    0,04;20/02/2024;82;ENDERECO NAO ENCONTRADO       ;   ;teles      ;18:14
217459                            ;20/02/2024;    ;271127;007;    ;0064154;RESTAURANTE DA LUCIA                              ;(74)98810-0723 ;010;105;KJP3656;     199,60;    0,27;20/02/2024;82;ENDERECO NAO ENCONTRADO       ;DER;teles      ;18:15
217460                            ;20/02/2024;    ;271173;007;    ;0062576;DIST DO BRUTINHO                                  ;(74)99102-2772 ;010;111;RPR6D25;     231,27;    0,27;20/02/2024;72;PDV FECHADO (HORARIO COM.)    ;   ;teles      ;15:40
217463                            ;20/02/2024;    ;271282;007;    ;0054784;LANCHONETE ANE                                    ;(74)99101-7966 ;010;104;OZE4956;     245,99;    0,26;20/02/2024;72;PDV FECHADO (HORARIO COM.)    ;   ;teles      ;15:57
217464                            ;20/02/2024;    ;271295;007;    ;0056178;Geladinha Petiscaria                              ;(74)98818-6919 ;010;103;LKI1H89;      45,91;    0,06;20/02/2024;71;SEM DINHEIRO/CHEQUE           ;   ;teles      ;17:29
217465                            ;20/02/2024;    ;271342;007;    ;0064485;JB DISTRIBUIDORA                                  ;(74)98856-3916 ;010;100;KHL4414;     669,30;    1,06;20/02/2024;85;DIFICIL ACESSO                ;   ;teles      ;15:37
217468                            ;20/02/2024;    ;271454;007;    ;0056606;COMERCIO SANTANA                                  ;(74)98855-3122 ;010;100;PKK0690;    1691,42;    2,50;20/02/2024;85;DIFICIL ACESSO                ;   ;teles      ;17:19
217468                            ;20/02/2024;    ;271455;007;    ;0054209;COM. DE BEB. C e C                                ;(74)99975-8638 ;010;100;PKK0690;      39,11;    0,06;20/02/2024;85;DIFICIL ACESSO                ;   ;teles      ;17:19
217468                            ;20/02/2024;    ;271456;007;    ;0054209;COM. DE BEB. C e C                                ;(74)99975-8638 ;010;100;PKK0690;     238,54;    0,27;20/02/2024;85;DIFICIL ACESSO                ;   ;teles      ;17:18
217468                            ;20/02/2024;    ;271457;007;    ;0054209;COM. DE BEB. C e C                                ;(74)99975-8638 ;010;100;PKK0690;     234,45;    0,44;20/02/2024;85;DIFICIL ACESSO                ;   ;teles      ;17:18
217468                            ;20/02/2024;    ;271458;007;    ;0054209;COM. DE BEB. C e C                                ;(74)99975-8638 ;010;100;PKK0690;      22,03;    0,01;20/02/2024;85;DIFICIL ACESSO                ;DER;teles      ;17:18
217468                            ;20/02/2024;    ;271459;007;    ;0054209;COM. DE BEB. C e C                                ;(74)99975-8638 ;010;100;PKK0690;      11,24;    0,01;20/02/2024;85;DIFICIL ACESSO                ;   ;teles      ;17:18
217468                            ;20/02/2024;    ;271460;007;    ;0054209;COM. DE BEB. C e C                                ;(74)99975-8638 ;010;100;PKK0690;       3,25;    0,00;20/02/2024;85;DIFICIL ACESSO                ;   ;teles      ;17:18
217468                            ;20/02/2024;    ;271461;007;    ;0054209;COM. DE BEB. C e C                                ;(74)99975-8638 ;010;100;PKK0690;       7,99;    0,01;20/02/2024;85;DIFICIL ACESSO                ;   ;teles      ;17:17
217468                            ;20/02/2024;    ;271462;007;    ;0062713;DISTRIBUIDORA JJC                                 ;(12)99641-1251 ;010;100;PKK0690;     243,18;    0,45;20/02/2024;85;DIFICIL ACESSO                ;   ;teles      ;17:19
217468                            ;20/02/2024;    ;271463;007;    ;0062713;DISTRIBUIDORA JJC                                 ;(12)99641-1251 ;010;100;PKK0690;      13,87;    0,01;20/02/2024;85;DIFICIL ACESSO                ;DER;teles      ;17:19
217496                            ;21/02/2024;    ;271886;007;    ;0063589;DISTRIBUIDORA RR                                  ;(74)98838-0640 ;020;201;RPP7B52;     259,30;    0,34;23/02/2024;72;PDV FECHADO (HORARIO COM.)    ;   ;teles      ;13:50
217496                            ;21/02/2024;    ;271887;007;    ;0063589;DISTRIBUIDORA RR                                  ;(74)98838-0640 ;020;201;RPP7B52;     446,60;    0,58;23/02/2024;72;PDV FECHADO (HORARIO COM.)    ;   ;teles      ;13:49
217496                            ;21/02/2024;    ;271888;007;    ;0063589;DISTRIBUIDORA RR                                  ;(74)98838-0640 ;020;201;RPP7B52;     116,40;    0,21;23/02/2024;72;PDV FECHADO (HORARIO COM.)    ;   ;teles      ;13:49
217496                            ;21/02/2024;    ;271889;007;    ;0063589;DISTRIBUIDORA RR                                  ;(74)98838-0640 ;020;201;RPP7B52;      61,80;    0,08;23/02/2024;72;PDV FECHADO (HORARIO COM.)    ;   ;teles      ;13:49
217496                            ;21/02/2024;    ;271924;007;    ;0024154;MERC  DA NENA                                     ;(74)98834-2183 ;020;201;RPP7B52;     982,58;    1,65;23/02/2024;72;PDV FECHADO (HORARIO COM.)    ;   ;teles      ;13:49
217496                            ;21/02/2024;    ;271925;007;    ;0024154;MERC  DA NENA                                     ;(74)98834-2183 ;020;201;RPP7B52;      15,24;    0,02;23/02/2024;72;PDV FECHADO (HORARIO COM.)    ;   ;teles      ;13:49
217497                            ;21/02/2024;    ;271937;007;    ;0063118;SERGIO LUIZ                                       ;(74)98804-8147 ;010;101;RDN1D46;     215,28;    0,27;21/02/2024;72;PDV FECHADO (HORARIO COM.)    ;   ;teles      ;14:58
217497                            ;21/02/2024;    ;271949;007;    ;0025688;ARMAZEM OLHO D AGUA                               ;(74)98806-6015 ;010;101;RDN1D46;     555,43;    0,79;21/02/2024;72;PDV FECHADO (HORARIO COM.)    ;   ;teles      ;14:57
217497                            ;21/02/2024;    ;271950;007;    ;0025485;G DISTRIBUIDORA                                   ;(74)98813-4260 ;010;111;RDN1D46;     277,74;    0,25;21/02/2024;72;PDV FECHADO (HORARIO COM.)    ;   ;teles      ;14:57
217497                            ;21/02/2024;    ;271951;007;    ;0025485;G DISTRIBUIDORA                                   ;(74)98813-4260 ;010;111;RDN1D46;      33,29;    0,02;21/02/2024;72;PDV FECHADO (HORARIO COM.)    ;DER;teles      ;14:57
217497                            ;21/02/2024;    ;271952;007;    ;0055494;KANTINHO DO BOM                                   ;(74)99121-2802 ;010;101;RDN1D46;     390,76;    0,63;21/02/2024;72;PDV FECHADO (HORARIO COM.)    ;   ;teles      ;14:57
217499                            ;21/02/2024;    ;271983;007;    ;0056073;ARMAZEM PREMIUM                                   ;(74)98821-7773 ;010;110;RPR6D25;     659,50;    0,72;21/02/2024;72;PDV FECHADO (HORARIO COM.)    ;   ;teles      ;13:30
217499                            ;21/02/2024;    ;271984;007;    ;0056680;GERO DISTRIBUIDORA                                ;(74)98818-4133 ;010;105;RPR6D25;     280,73;    0,73;21/02/2024;72;PDV FECHADO (HORARIO COM.)    ;   ;teles      ;13:30
217502                            ;21/02/2024;    ;272018;007;    ;0057369;ACAI DO VALE 1                                    ;(74)98804-3842 ;010;107;LKI1H89;      49,90;    0,06;21/02/2024;82;ENDERECO NAO ENCONTRADO       ;DER;teles      ;17:46
217502                            ;21/02/2024;    ;272019;007;    ;0057369;ACAI DO VALE 1                                    ;(74)98804-3842 ;010;107;LKI1H89;      76,85;    0,24;21/02/2024;82;ENDERECO NAO ENCONTRADO       ;   ;teles      ;17:46
217502                            ;21/02/2024;    ;272020;007;    ;0057369;ACAI DO VALE 1                                    ;(74)98804-3842 ;010;107;LKI1H89;      29,36;    0,11;21/02/2024;82;ENDERECO NAO ENCONTRADO       ;   ;teles      ;17:46
217503                            ;21/02/2024;    ;272037;007;    ;0055394;MERC N SRA CONCEICAO                              ;(74)99109-1868 ;010;104;RDN7A69;     499,00;    0,69;21/02/2024;72;PDV FECHADO (HORARIO COM.)    ;   ;teles      ;18:52
217503                            ;21/02/2024;    ;272038;007;    ;0025800;MERC NOSSA SENHORA D                              ;(74) 9928-6427 ;010;104;RDN7A69;      99,80;    0,13;21/02/2024;72;PDV FECHADO (HORARIO COM.)    ;   ;teles      ;18:51
217503                            ;21/02/2024;    ;272039;007;    ;0025800;MERC NOSSA SENHORA D                              ;(74) 9928-6427 ;010;104;RDN7A69;      86,83;    0,07;21/02/2024;72;PDV FECHADO (HORARIO COM.)    ;   ;teles      ;18:52
217503                            ;21/02/2024;    ;272049;007;    ;0056081;MERC DA JOSI                                      ;(74)98855-8818 ;010;106;RDN7A69;     299,40;    0,41;21/02/2024;72;PDV FECHADO (HORARIO COM.)    ;   ;teles      ;18:52
217504                            ;21/02/2024;    ;272054;007;    ;0057931;EMPORIO DISTR                                     ;(74)98112-2927 ;010;111;RPR6D25;     656,11;    0,90;21/02/2024;71;SEM DINHEIRO/CHEQUE           ;   ;teles      ;17:04
217507                            ;21/02/2024;    ;272106;007;    ;0057708;Cremosinho Petiscari                              ;(74)98846-8943 ;010;101;RDJ0G42;    2249,80;    2,82;21/02/2024;73;FALTA DE ATIVOS DE GIRO       ;   ;teles      ;18:02
217509                            ;21/02/2024;    ;272156;007;    ;0050614;BAR O ESCONDIDINHO                                ;(74)98844-3422 ;010;101;PKK0690;    2139,14;    3,35;21/02/2024;70;CLIENTE CANCELOU              ;   ;silva      ;22:44
217511                            ;21/02/2024;    ;272167;007;    ;0050085;SUPER IMPERADOR                                   ;(74) 3612-8681 ;080;810;OUG2987;    2103,31;    4,06;21/02/2024;70;CLIENTE CANCELOU              ;   ;silva      ;19:39
217511                            ;21/02/2024;    ;272168;007;    ;0050085;SUPER IMPERADOR                                   ;(74) 3612-8681 ;080;810;OUG2987;       2,29;    0,00;21/02/2024;70;CLIENTE CANCELOU              ;DER;silva      ;19:39
217511                            ;21/02/2024;    ;272169;007;    ;0050085;SUPER IMPERADOR                                   ;(74) 3612-8681 ;080;810;OUG2987;      25,80;    0,04;21/02/2024;70;CLIENTE CANCELOU              ;   ;silva      ;19:40
217511                            ;21/02/2024;    ;272170;007;    ;0050085;SUPER IMPERADOR                                   ;(74) 3612-8681 ;080;810;OUG2987;      57,13;    0,13;21/02/2024;70;CLIENTE CANCELOU              ;DER;silva      ;19:40
217511                            ;21/02/2024;    ;272181;007;    ;0001131;RUGIS BAR                                         ;(74)99909-7338 ;010;110;OUG2987;      13,94;    0,06;21/02/2024;71;SEM DINHEIRO/CHEQUE           ;   ;silva      ;19:41
217514                            ;21/02/2024;    ;272253;007;    ;0051045;POINT DO PASTEL                                   ;(74)98828-0446 ;010;106;NZM7723;      86,16;    0,18;21/02/2024;72;PDV FECHADO (HORARIO COM.)    ;   ;teles      ;18:19
217514                            ;21/02/2024;    ;272254;007;    ;0051045;POINT DO PASTEL                                   ;(74)98828-0446 ;010;106;NZM7723;      16,20;    0,02;21/02/2024;72;PDV FECHADO (HORARIO COM.)    ;   ;teles      ;18:19
217517                            ;21/02/2024;    ;272384;007;    ;0003312;COMERCIAL VITORIA                                 ;(74)98816-2309 ;010;111;OFB8B68;     327,80;    0,28;21/02/2024;72;PDV FECHADO (HORARIO COM.)    ;   ;teles      ;18:09
217517                            ;21/02/2024;    ;272414;007;    ;0051311;RANCHO MANDACARU                                  ;(74) 3613-8701 ;010;107;OFB8B68;     766,84;    0,76;21/02/2024;72;PDV FECHADO (HORARIO COM.)    ;   ;teles      ;18:09
217518                            ;21/02/2024;    ;272431;007;    ;0052494;MERCADINHO AQUINO                                 ;(74)98861-0178 ;010;100;HXN3A97;     348,40;    0,64;21/02/2024;42;Produto/Quantidade Errada     ;DER;teles      ;16:28
217518                            ;21/02/2024;    ;272432;007;    ;0052494;MERCADINHO AQUINO                                 ;(74)98861-0178 ;010;100;HXN3A97;     348,40;    0,64;21/02/2024;42;Produto/Quantidade Errada     ;DER;teles      ;16:28
217518                            ;21/02/2024;    ;272433;007;    ;0052494;MERCADINHO AQUINO                                 ;(74)98861-0178 ;010;100;HXN3A97;     348,40;    0,64;21/02/2024;42;Produto/Quantidade Errada     ;DER;teles      ;16:28
217518                            ;21/02/2024;    ;272442;007;    ;0055478;DISTRI DA LEIZIANA                                ;(74)99147-9198 ;010;100;HXN3A97;     300,93;    0,41;21/02/2024;42;Produto/Quantidade Errada     ;DER;teles      ;16:27
217518                            ;21/02/2024;    ;272443;007;    ;0055478;DISTRI DA LEIZIANA                                ;(74)99147-9198 ;010;100;HXN3A97;     300,93;    0,41;21/02/2024;42;Produto/Quantidade Errada     ;DER;teles      ;16:27
217518                            ;21/02/2024;    ;272444;007;    ;0055478;DISTRI DA LEIZIANA                                ;(74)99147-9198 ;010;100;HXN3A97;      26,88;    0,04;21/02/2024;42;Produto/Quantidade Errada     ;DER;teles      ;16:27
217518                            ;21/02/2024;    ;272445;007;    ;0055478;DISTRI DA LEIZIANA                                ;(74)99147-9198 ;010;100;HXN3A97;      26,88;    0,04;21/02/2024;42;Produto/Quantidade Errada     ;DER;teles      ;16:27
217520                            ;21/02/2024;    ;271837;007;    ;0060677;CONVENIENCIA PENEDO                               ;(87)99138-9082 ;010;109;NZM8419;     169,74;    0,05;22/02/2024;68;TROCA (SEM SELO / QTDE. ERRADA;   ;aloisio    ;21:47
217541                            ;22/02/2024;    ;272690;007;    ;0054257;GELAD. TOCA DOS GATO                              ;(74)99962-3125 ;010;109;RPP6J11;       3,19;    0,00;22/02/2024;68;TROCA (SEM SELO / QTDE. ERRADA;   ;aloisio    ;03:01
217542                            ;22/02/2024;    ;272732;007;    ;0055030;BAR DA LINDACI                                    ;(74)98827-2027 ;020;200;RPP0E77;       5,33;    0,00;23/02/2024;42;Produto/Quantidade Errada     ;   ;teles      ;13:23
217547                            ;22/02/2024;    ;272910;007;    ;0052101;BAR PRIMAVERA                                     ;(74)99995-1377 ;020;201;RDJ0G42;    1329,80;    1,60;22/02/2024;47;Dificil Acesso                ;   ;aloisio    ;18:52
217547                            ;22/02/2024;    ;272911;007;    ;0052101;BAR PRIMAVERA                                     ;(74)99995-1377 ;020;201;RDJ0G42;      33,80;    0,03;22/02/2024;47;Dificil Acesso                ;DER;aloisio    ;18:53
217547                            ;22/02/2024;    ;272914;007;    ;0058546;MERCADINHO HORTO                                  ;(74)99816-8528 ;020;201;RDJ0G42;     371,51;    0,94;22/02/2024;47;Dificil Acesso                ;   ;aloisio    ;18:52
217547                            ;22/02/2024;    ;272915;007;    ;0058440;MT DISTRIBUIDORA                                  ;(74)99800-2470 ;020;201;RDJ0G42;      86,83;    0,07;22/02/2024;47;Dificil Acesso                ;   ;aloisio    ;18:50
217547                            ;22/02/2024;    ;272916;007;    ;0058440;MT DISTRIBUIDORA                                  ;(74)99800-2470 ;020;201;RDJ0G42;      99,24;    0,36;22/02/2024;47;Dificil Acesso                ;   ;aloisio    ;18:51
217547                            ;22/02/2024;    ;272917;007;    ;0058440;MT DISTRIBUIDORA                                  ;(74)99800-2470 ;020;201;RDJ0G42;      21,07;    0,00;22/02/2024;47;Dificil Acesso                ;DER;aloisio    ;18:51
217547                            ;22/02/2024;    ;272918;007;    ;0055212;MERCADINHO BEZERRA                                ;(74)99913-4792 ;020;201;RDJ0G42;     249,50;    0,34;22/02/2024;47;Dificil Acesso                ;   ;aloisio    ;18:53
217547                            ;22/02/2024;    ;272919;007;    ;0055212;MERCADINHO BEZERRA                                ;(74)99913-4792 ;020;201;RDJ0G42;     349,30;    0,48;22/02/2024;47;Dificil Acesso                ;DER;aloisio    ;18:53
217547                            ;22/02/2024;    ;272920;007;    ;0058035;ESQUINA CHOPP                                     ;(74)99973-0445 ;020;201;RDJ0G42;     349,30;    0,48;22/02/2024;47;Dificil Acesso                ;   ;aloisio    ;18:54
217548                            ;22/02/2024;    ;272958;007;    ;0058255;CANTINHO CERTO                                    ;(74)98138-1195 ;010;107;NZM7723;     808,19;    1,09;22/02/2024;71;SEM DINHEIRO/CHEQUE           ;   ;teles      ;16:27
217548                            ;22/02/2024;    ;272987;007;    ;0051066;BAR DO GINALDO                                    ;(74)98826-0380 ;010;100;NZM7723;     129,12;    0,14;22/02/2024;85;DIFICIL ACESSO                ;   ;teles      ;16:26
217548                            ;22/02/2024;    ;272988;007;    ;0051066;BAR DO GINALDO                                    ;(74)98826-0380 ;010;100;NZM7723;     756,81;    0,97;22/02/2024;85;DIFICIL ACESSO                ;   ;teles      ;16:27
217549                            ;22/02/2024;    ;273001;007;    ;0058360;ROTA BAR                                          ;(74)98834-1475 ;010;100;RDN1D46;      54,50;    0,06;22/02/2024;42;Produto/Quantidade Errada     ;DER;teles      ;16:53
217549                            ;22/02/2024;    ;273002;007;    ;0058360;ROTA BAR                                          ;(74)98834-1475 ;010;100;RDN1D46;     272,50;    0,34;22/02/2024;42;Produto/Quantidade Errada     ;DER;teles      ;16:54
217549                            ;22/02/2024;    ;273003;007;    ;0063821;PADARIA OLIVEIRA                                  ;(74)98872-4902 ;010;100;RDN1D46;     199,60;    0,27;22/02/2024;72;PDV FECHADO (HORARIO COM.)    ;DER;teles      ;16:52
217549                            ;22/02/2024;    ;273004;007;    ;0063821;PADARIA OLIVEIRA                                  ;(74)98872-4902 ;010;100;RDN1D46;     199,60;    0,27;22/02/2024;72;PDV FECHADO (HORARIO COM.)    ;DER;teles      ;16:52
217549                            ;22/02/2024;    ;273026;007;    ;0055844;MERCEARIA JC                                      ;(74)99918-2866 ;010;100;RDN1D46;      33,89;    0,03;22/02/2024;42;Produto/Quantidade Errada     ;DER;teles      ;16:52
217549                            ;22/02/2024;    ;273027;007;    ;0055844;MERCEARIA JC                                      ;(74)99918-2866 ;010;100;RDN1D46;      33,89;    0,03;22/02/2024;42;Produto/Quantidade Errada     ;DER;teles      ;16:51
217549                            ;22/02/2024;    ;273028;007;    ;0055844;MERCEARIA JC                                      ;(74)99918-2866 ;010;100;RDN1D46;      33,89;    0,03;22/02/2024;42;Produto/Quantidade Errada     ;DER;teles      ;16:51
217550                            ;22/02/2024;    ;273055;007;    ;0064128;TO NA PRACA                                       ;(74)98841-3282 ;010;100;OZF1202;      18,41;    0,03;22/02/2024;42;Produto/Quantidade Errada     ;DER;aloisio    ;19:25
217550                            ;22/02/2024;    ;273061;007;    ;0058104;GORDINHO                                          ;(87)98862-8569 ;010;100;OZF1202;      12,96;    0,02;22/02/2024;42;Produto/Quantidade Errada     ;DER;aloisio    ;19:25
217550                            ;22/02/2024;    ;273063;007;    ;0062599;LANE SOUZA BOLOS CAS                              ;(87)98814-9329 ;010;100;OZF1202;      14,63;    0,03;22/02/2024;42;Produto/Quantidade Errada     ;DER;aloisio    ;19:23
217550                            ;22/02/2024;    ;273066;007;    ;0063106;MERCADINHO GONCALVES                              ;(74)98838-5142 ;010;100;OZF1202;      16,63;    0,05;22/02/2024;42;Produto/Quantidade Errada     ;DER;aloisio    ;19:25
217550                            ;22/02/2024;    ;273069;007;    ;0059312;DISTRIBUIDORA SENA2                               ;(74)98851-2380 ;010;100;OZF1202;     149,70;    0,20;22/02/2024;72;PDV FECHADO (HORARIO COM.)    ;   ;aloisio    ;19:22
217550                            ;22/02/2024;    ;273070;007;    ;0063669;DIST MOURA                                        ;(74)98819-1139 ;010;100;OZF1202;     499,00;    0,69;22/02/2024;72;PDV FECHADO (HORARIO COM.)    ;   ;aloisio    ;19:21
217550                            ;22/02/2024;    ;273071;007;    ;0063669;DIST MOURA                                        ;(74)98819-1139 ;010;100;OZF1202;      99,80;    0,13;22/02/2024;72;PDV FECHADO (HORARIO COM.)    ;   ;aloisio    ;19:21
217550                            ;22/02/2024;    ;273072;007;    ;0063669;DIST MOURA                                        ;(74)98819-1139 ;010;100;OZF1202;      31,90;    0,04;22/02/2024;72;PDV FECHADO (HORARIO COM.)    ;   ;aloisio    ;19:22
217550                            ;22/02/2024;    ;273074;007;    ;0056074;DIST BEB MERC SANTOS                              ;(74)98846-8606 ;010;100;OZF1202;      12,08;    0,01;22/02/2024;42;Produto/Quantidade Errada     ;DER;aloisio    ;19:26
217550                            ;22/02/2024;    ;273075;007;    ;0056074;DIST BEB MERC SANTOS                              ;(74)98846-8606 ;010;100;OZF1202;      12,08;    0,01;22/02/2024;42;Produto/Quantidade Errada     ;DER;aloisio    ;19:27
217550                            ;22/02/2024;    ;273080;007;    ;0058031;MERCADINHO SR ROMULO                              ;(55)74988-6159 ;010;100;OZF1202;      47,61;    0,04;22/02/2024;42;Produto/Quantidade Errada     ;DER;aloisio    ;19:29
217550                            ;22/02/2024;    ;273081;007;    ;0058031;MERCADINHO SR ROMULO                              ;(55)74988-6159 ;010;100;OZF1202;      47,61;    0,04;22/02/2024;42;Produto/Quantidade Errada     ;DER;aloisio    ;19:28
217550                            ;22/02/2024;    ;273085;007;    ;0063956;BAR DA GRACA                                      ;(74)98115-4595 ;010;100;OZF1202;      22,77;    0,04;22/02/2024;42;Produto/Quantidade Errada     ;DER;aloisio    ;19:24
217550                            ;22/02/2024;    ;273090;007;    ;0058112;MERCEARIA LUKETE                                  ;(74)98848-2653 ;010;100;OZF1202;      34,74;    0,03;22/02/2024;42;Produto/Quantidade Errada     ;DER;aloisio    ;19:26
217550                            ;22/02/2024;    ;273102;007;    ;0063936;MERC AVENIDA                                      ;(74)98833-0508 ;010;100;OZF1202;       2,89;    0,00;22/02/2024;42;Produto/Quantidade Errada     ;DER;aloisio    ;19:28
217550                            ;22/02/2024;    ;273103;007;    ;0063936;MERC AVENIDA                                      ;(74)98833-0508 ;010;100;OZF1202;       2,89;    0,00;22/02/2024;42;Produto/Quantidade Errada     ;DER;aloisio    ;19:27
217550                            ;22/02/2024;    ;273108;007;    ;0054701;MERCEA. LIMA                                      ;(74)99114-6894 ;010;100;OZF1202;      32,35;    0,06;22/02/2024;42;Produto/Quantidade Errada     ;DER;aloisio    ;19:24
217551                            ;22/02/2024;    ;273115;007;    ;0058411;M PARADA OBRIGATORIA                              ;(74)98808-7414 ;010;100;KJP3656;      52,10;    0,05;22/02/2024;85;DIFICIL ACESSO                ;DER;teles      ;17:22
217551                            ;22/02/2024;    ;273116;007;    ;0058411;M PARADA OBRIGATORIA                              ;(74)98808-7414 ;010;100;KJP3656;      52,10;    0,05;22/02/2024;85;DIFICIL ACESSO                ;DER;teles      ;17:22
217551                            ;22/02/2024;    ;273136;007;    ;0062149;DISTRIBUIDORA DA ANG                              ;(74)98841-1807 ;010;100;KJP3656;     339,76;    0,53;22/02/2024;85;DIFICIL ACESSO                ;   ;teles      ;17:19
217551                            ;22/02/2024;    ;273137;007;    ;0062149;DISTRIBUIDORA DA ANG                              ;(74)98841-1807 ;010;100;KJP3656;     808,50;    1,27;22/02/2024;85;DIFICIL ACESSO                ;   ;teles      ;17:20
217551                            ;22/02/2024;    ;273138;007;    ;0062149;DISTRIBUIDORA DA ANG                              ;(74)98841-1807 ;010;100;KJP3656;      15,90;    0,02;22/02/2024;85;DIFICIL ACESSO                ;DER;teles      ;17:20
217551                            ;22/02/2024;    ;273139;007;    ;0062149;DISTRIBUIDORA DA ANG                              ;(74)98841-1807 ;010;100;KJP3656;      15,90;    0,02;22/02/2024;85;DIFICIL ACESSO                ;DER;teles      ;17:21
217551                            ;22/02/2024;    ;273140;007;    ;0062149;DISTRIBUIDORA DA ANG                              ;(74)98841-1807 ;010;100;KJP3656;      31,44;    0,04;22/02/2024;85;DIFICIL ACESSO                ;   ;teles      ;17:21
217551                            ;22/02/2024;    ;273141;007;    ;0062149;DISTRIBUIDORA DA ANG                              ;(74)98841-1807 ;010;100;KJP3656;      15,90;    0,02;22/02/2024;85;DIFICIL ACESSO                ;DER;teles      ;17:21
217551                            ;22/02/2024;    ;273142;007;    ;0063652;CHACARA DO BONE                                   ;(74)98818-9522 ;010;100;KJP3656;    1047,90;    1,44;22/02/2024;85;DIFICIL ACESSO                ;   ;teles      ;17:20
217551                            ;22/02/2024;    ;273143;007;    ;0063652;CHACARA DO BONE                                   ;(74)98818-9522 ;010;100;KJP3656;      99,80;    0,13;22/02/2024;85;DIFICIL ACESSO                ;   ;teles      ;17:20
217551                            ;22/02/2024;    ;273144;007;    ;0063652;CHACARA DO BONE                                   ;(74)98818-9522 ;010;100;KJP3656;     149,70;    0,20;22/02/2024;85;DIFICIL ACESSO                ;   ;teles      ;17:20
217551                            ;22/02/2024;    ;273145;007;    ;0063652;CHACARA DO BONE                                   ;(74)98818-9522 ;010;100;KJP3656;       8,09;    0,01;22/02/2024;85;DIFICIL ACESSO                ;DER;teles      ;17:22
217551                            ;22/02/2024;    ;273146;007;    ;0063652;CHACARA DO BONE                                   ;(74)98818-9522 ;010;100;KJP3656;       8,09;    0,01;22/02/2024;85;DIFICIL ACESSO                ;DER;teles      ;17:21
217551                            ;22/02/2024;    ;273147;007;    ;0063652;CHACARA DO BONE                                   ;(74)98818-9522 ;010;100;KJP3656;       8,09;    0,01;22/02/2024;85;DIFICIL ACESSO                ;DER;teles      ;17:21
217551                            ;22/02/2024;    ;273148;007;    ;0061999;LIGIA DISTRIBUIDORA                               ;(74)99141-3467 ;010;111;KJP3656;     867,50;    1,17;22/02/2024;85;DIFICIL ACESSO                ;   ;teles      ;17:19
217551                            ;22/02/2024;    ;273149;007;    ;0061999;LIGIA DISTRIBUIDORA                               ;(74)99141-3467 ;010;111;KJP3656;     337,35;    0,37;22/02/2024;85;DIFICIL ACESSO                ;   ;teles      ;17:19
217551                            ;22/02/2024;    ;273150;007;    ;0063836;BAR DO NENEZAO                                    ;(71)98680-2553 ;010;100;KJP3656;     686,43;    0,88;22/02/2024;85;DIFICIL ACESSO                ;   ;teles      ;17:19
217551                            ;22/02/2024;    ;273151;007;    ;0063836;BAR DO NENEZAO                                    ;(71)98680-2553 ;010;100;KJP3656;     402,20;    0,55;22/02/2024;85;DIFICIL ACESSO                ;   ;teles      ;17:18
217551                            ;22/02/2024;    ;273152;007;    ;0063836;BAR DO NENEZAO                                    ;(71)98680-2553 ;010;100;KJP3656;      33,10;    0,04;22/02/2024;85;DIFICIL ACESSO                ;DER;teles      ;17:21
217551                            ;22/02/2024;    ;273153;007;    ;0056195;BAR DO SEU ZE                                     ;(74)98831-4919 ;010;100;KJP3656;     249,50;    0,34;22/02/2024;85;DIFICIL ACESSO                ;   ;teles      ;17:19
217551                            ;22/02/2024;    ;273154;007;    ;0056195;BAR DO SEU ZE                                     ;(74)98831-4919 ;010;100;KJP3656;     263,80;    0,28;22/02/2024;85;DIFICIL ACESSO                ;   ;teles      ;17:19
217552                            ;22/02/2024;    ;273176;007;    ;0063794;DISTRIBUIDORA ARAUJO                              ;(74)98815-2431 ;010;102;RDN7A69;      29,16;    0,04;22/02/2024;71;SEM DINHEIRO/CHEQUE           ;   ;teles      ;17:11
217552                            ;22/02/2024;    ;273179;007;    ;0051413;BODE MAR                                          ;(74)98837-3107 ;010;105;RDN7A69;     337,36;    0,47;22/02/2024;72;PDV FECHADO (HORARIO COM.)    ;   ;teles      ;17:10
217552                            ;22/02/2024;    ;273205;007;    ;0064496;CHURRASCARIA E DISTR                              ;(74)98843-8912 ;010;108;RDN7A69;      65,46;    0,24;22/02/2024;82;ENDERECO NAO ENCONTRADO       ;   ;teles      ;17:10
217555                            ;22/02/2024;    ;273295;007;    ;0054688;DISTRIBUIDORA UPA                                 ;(74)99932-5506 ;010;102;RPM8D89;    1130,00;    1,38;22/02/2024;64;SEM VASILHAME                 ;   ;teles      ;16:32
217556                            ;22/02/2024;    ;273328;007;    ;0057848;DISTRIBUIDORA LJ                                  ;(74)98838-8268 ;010;106;JII1442;      23,65;    0,04;23/02/2024;71;SEM DINHEIRO/CHEQUE           ;   ;teles      ;11:15
217556                            ;22/02/2024;    ;273329;007;    ;0057848;DISTRIBUIDORA LJ                                  ;(74)98838-8268 ;010;106;JII1442;      16,10;    0,06;23/02/2024;71;SEM DINHEIRO/CHEQUE           ;   ;teles      ;11:15
217557                            ;22/02/2024;    ;273339;007;    ;0063371;ARENA POR DO SOL                                  ;(43)90000-0000 ;010;110;RPR6D25;     453,15;    0,49;22/02/2024;46;Endereco Nao Encontrado       ;   ;teles      ;15:43
217558                            ;22/02/2024;    ;273370;007;    ;0063520;DEPOSITO CORRENTAO                                ;(74)98121-3445 ;010;108;LKI1H89;      22,93;    0,02;22/02/2024;72;PDV FECHADO (HORARIO COM.)    ;DER;teles      ;14:24
217559                            ;22/02/2024;    ;273413;007;    ;0056872;Depósito Do Odair                                 ;(74)98828-6697 ;010;102;OZE4956;    2227,80;    2,89;22/02/2024;32;ENTREGA ATRASADA (BUFFER)     ;   ;teles      ;17:39
217559                            ;22/02/2024;    ;273414;007;    ;0056872;Depósito Do Odair                                 ;(74)98828-6697 ;010;102;OZE4956;     149,70;    0,20;22/02/2024;32;ENTREGA ATRASADA (BUFFER)     ;   ;teles      ;17:39
217559                            ;22/02/2024;    ;273415;007;    ;0056872;Depósito Do Odair                                 ;(74)98828-6697 ;010;102;OZE4956;      17,37;    0,01;22/02/2024;32;ENTREGA ATRASADA (BUFFER)     ;   ;teles      ;17:39
217560                            ;22/02/2024;    ;273469;007;    ;0051076;SUPER J BEZERRA                                   ;(74)98880-4045 ;080;810;PKK8518;    2730,97;    4,74;22/02/2024;71;SEM DINHEIRO/CHEQUE           ;   ;aloisio    ;18:45
217560                            ;22/02/2024;    ;273470;007;    ;0051076;SUPER J BEZERRA                                   ;(74)98880-4045 ;080;810;PKK8518;     219,28;    0,37;22/02/2024;71;SEM DINHEIRO/CHEQUE           ;   ;aloisio    ;18:46
217561                            ;22/02/2024;    ;273499;007;    ;0051869;DEPOSITO DA DANIELLA                              ;(74)98856-4731 ;010;111;PKL6654;     199,60;    0,27;22/02/2024;72;PDV FECHADO (HORARIO COM.)    ;   ;teles      ;17:14
217561                            ;22/02/2024;    ;273500;007;    ;0051869;DEPOSITO DA DANIELLA                              ;(74)98856-4731 ;010;111;PKL6654;      99,80;    0,13;22/02/2024;72;PDV FECHADO (HORARIO COM.)    ;   ;teles      ;17:14
217561                            ;22/02/2024;    ;273501;007;    ;0051869;DEPOSITO DA DANIELLA                              ;(74)98856-4731 ;010;111;PKL6654;     179,50;    0,60;22/02/2024;72;PDV FECHADO (HORARIO COM.)    ;   ;teles      ;17:14
217561                            ;22/02/2024;    ;273502;007;    ;0051869;DEPOSITO DA DANIELLA                              ;(74)98856-4731 ;010;111;PKL6654;      74,64;    0,12;22/02/2024;72;PDV FECHADO (HORARIO COM.)    ;   ;teles      ;17:13
217561                            ;22/02/2024;    ;273503;007;    ;0051869;DEPOSITO DA DANIELLA                              ;(74)98856-4731 ;010;111;PKL6654;     150,46;    0,20;22/02/2024;72;PDV FECHADO (HORARIO COM.)    ;   ;teles      ;17:13
217561                            ;22/02/2024;    ;273511;007;    ;0062132;BAR DA IRACEMA                                    ;(74)98816-3689 ;010;100;PKL6654;     149,70;    0,20;22/02/2024;85;DIFICIL ACESSO                ;   ;teles      ;17:14
217561                            ;22/02/2024;    ;273512;007;    ;0057569;Mercadinho Andrade                                ;(74)99195-3856 ;010;100;PKL6654;       5,24;    0,00;22/02/2024;85;DIFICIL ACESSO                ;DER;teles      ;17:15
217563                            ;22/02/2024;    ;273585;007;    ;0059321;MINHA CASA                                        ;(74)98874-3447 ;010;108;OFB8B68;      99,80;    0,13;22/02/2024;85;DIFICIL ACESSO                ;   ;teles      ;16:58
217563                            ;22/02/2024;    ;273586;007;    ;0059321;MINHA CASA                                        ;(74)98874-3447 ;010;108;OFB8B68;     998,00;    1,38;22/02/2024;85;DIFICIL ACESSO                ;   ;teles      ;16:57
217563                            ;22/02/2024;    ;273587;007;    ;0059321;MINHA CASA                                        ;(74)98874-3447 ;010;108;OFB8B68;     149,70;    0,20;22/02/2024;85;DIFICIL ACESSO                ;   ;teles      ;16:57
217586                            ;23/02/2024;    ;273821;007;    ;0055722;MG Mercadinho                                     ;(74)99964-8858 ;020;205;OUX8B81;     109,81;    0,23;24/02/2024;71;SEM DINHEIRO/CHEQUE           ;   ;teles      ;16:52
217588                            ;23/02/2024;    ;273883;007;    ;0058487;REST DA LEIDIANE                                  ;(74)99912-5674 ;010;109;RPP6J11;     141,28;    0,22;24/02/2024;71;SEM DINHEIRO/CHEQUE           ;   ;aloisio    ;18:58
217589                            ;23/02/2024;    ;273922;007;    ;0057975;ART REY                                           ;(74) 9912-5212 ;020;202;OVB5042;    2044,30;    3,16;26/02/2024;64;SEM VASILHAME                 ;   ;teles      ;11:29
217589                            ;23/02/2024;    ;273923;007;    ;0057975;ART REY                                           ;(74) 9912-5212 ;020;202;OVB5042;     238,00;    0,42;26/02/2024;64;SEM VASILHAME                 ;   ;teles      ;11:29
217589                            ;23/02/2024;    ;273924;007;    ;0062115;MASTER SUPERMERCADO                               ;(87)98140-5926 ;020;202;OVB5042;     144,72;    0,28;26/02/2024;71;SEM DINHEIRO/CHEQUE           ;DER;teles      ;11:29
217589                            ;23/02/2024;    ;273939;007;    ;0059284;MERCADINHO TL                                     ;(74)98818-8776 ;020;202;OVB5042;       6,37;    0,00;26/02/2024;42;Produto/Quantidade Errada     ;   ;teles      ;11:28
217590                            ;23/02/2024;    ;273973;007;    ;0063966;BAR DE FRENTE PARA O                              ;(74)99198-7943 ;020;200;RPP0E77;     499,00;    0,69;27/02/2024;72;PDV FECHADO (HORARIO COM.)    ;   ;aloisio    ;02:39
217590                            ;23/02/2024;    ;273974;007;    ;0063966;BAR DE FRENTE PARA O                              ;(74)99198-7943 ;020;200;RPP0E77;     135,12;    0,04;27/02/2024;72;PDV FECHADO (HORARIO COM.)    ;   ;aloisio    ;02:41
217590                            ;23/02/2024;    ;273975;007;    ;0063966;BAR DE FRENTE PARA O                              ;(74)99198-7943 ;020;200;RPP0E77;     217,06;    0,22;27/02/2024;72;PDV FECHADO (HORARIO COM.)    ;   ;aloisio    ;02:40
217590                            ;23/02/2024;    ;273976;007;    ;0063966;BAR DE FRENTE PARA O                              ;(74)99198-7943 ;020;200;RPP0E77;      36,10;    0,04;27/02/2024;72;PDV FECHADO (HORARIO COM.)    ;   ;aloisio    ;02:41
217595                            ;23/02/2024;    ;274099;007;    ;0024293;BAR DA IZETE                                      ;(74)98805-0812 ;010;108;OFB8B98;     149,70;    0,20;23/02/2024;71;SEM DINHEIRO/CHEQUE           ;   ;teles      ;17:10
217595                            ;23/02/2024;    ;274100;007;    ;0024293;BAR DA IZETE                                      ;(74)98805-0812 ;010;108;OFB8B98;      36,01;    0,12;23/02/2024;71;SEM DINHEIRO/CHEQUE           ;   ;teles      ;17:10
217595                            ;23/02/2024;    ;274101;007;    ;0024293;BAR DA IZETE                                      ;(74)98805-0812 ;010;108;OFB8B98;      29,72;    0,01;23/02/2024;71;SEM DINHEIRO/CHEQUE           ;   ;teles      ;17:10
217595                            ;23/02/2024;    ;274102;007;    ;0024293;BAR DA IZETE                                      ;(74)98805-0812 ;010;108;OFB8B98;      13,94;    0,06;23/02/2024;71;SEM DINHEIRO/CHEQUE           ;   ;teles      ;17:10
217595                            ;23/02/2024;    ;274125;007;    ;0063369;DISTRIBUIDORA SOUZA                               ;(43)90000-0000 ;010;101;OFB8B98;     499,00;    0,69;23/02/2024;71;SEM DINHEIRO/CHEQUE           ;   ;teles      ;17:11
217597                            ;23/02/2024;    ;274221;007;    ;0064347;PONTO DO LANCHE                                   ;(74)98831-1035 ;010;105;RPR6D25;      95,88;    0,14;23/02/2024;72;PDV FECHADO (HORARIO COM.)    ;   ;teles      ;18:08
217597                            ;23/02/2024;    ;274222;007;    ;0053812;TERMINAL LANCHES                                  ;(74)98835-0859 ;010;105;RPR6D25;      70,08;    0,16;23/02/2024;71;SEM DINHEIRO/CHEQUE           ;   ;teles      ;18:07
217598                            ;23/02/2024;    ;274234;007;    ;0063930;BAR E RESTAURANTE CA                              ;(74)98804-6117 ;010;101;PKK0690;     125,30;    0,18;23/02/2024;87;TEMPO INSUFICIENTE            ;DER;silva      ;18:34
217599                            ;23/02/2024;    ;274289;007;    ;0052604;MERCADINHO KELLY                                  ;(74)98824-8146 ;010;111;OUG2987;     483,30;    0,70;23/02/2024;72;PDV FECHADO (HORARIO COM.)    ;   ;teles      ;17:59
217599                            ;23/02/2024;    ;274290;007;    ;0052604;MERCADINHO KELLY                                  ;(74)98824-8146 ;010;111;OUG2987;      56,50;    0,06;23/02/2024;72;PDV FECHADO (HORARIO COM.)    ;   ;teles      ;17:58
217599                            ;23/02/2024;    ;274291;007;    ;0054851;DISTR.  RAY ALVES                                 ;(74)98842-9612 ;010;111;OUG2987;     910,38;    0,86;23/02/2024;72;PDV FECHADO (HORARIO COM.)    ;   ;teles      ;18:
217599                            ;23/02/2024;    ;274292;007;    ;0054851;DISTR.  RAY ALVES                                 ;(74)98842-9612 ;010;111;OUG2987;      13,94;    0,06;23/02/2024;72;PDV FECHADO (HORARIO COM.)    ;   ;teles      ;18:
217599                            ;23/02/2024;    ;274293;007;    ;0054851;DISTR.  RAY ALVES                                 ;(74)98842-9612 ;010;111;OUG2987;      23,16;    0,02;23/02/2024;72;PDV FECHADO (HORARIO COM.)    ;   ;teles      ;18:
217599                            ;23/02/2024;    ;274303;007;    ;0057448;DIST CAMAROTE                                     ;(74)99100-7878 ;010;111;OUG2987;     719,64;    0,84;23/02/2024;72;PDV FECHADO (HORARIO COM.)    ;   ;teles      ;17:59
217599                            ;23/02/2024;    ;274304;007;    ;0057448;DIST CAMAROTE                                     ;(74)99100-7878 ;010;111;OUG2987;     250,77;    0,34;23/02/2024;72;PDV FECHADO (HORARIO COM.)    ;   ;teles      ;17:59
217600                            ;23/02/2024;    ;274322;007;    ;0063513;BAR ENCONTRO DE FAMI                              ;(74)98872-9099 ;010;100;RDJ0G42;     994,01;    1,38;23/02/2024;42;Produto/Quantidade Errada     ;   ;teles      ;17:22
217600                            ;23/02/2024;    ;274324;007;    ;0063513;BAR ENCONTRO DE FAMI                              ;(74)98872-9099 ;010;100;RDJ0G42;      66,13;    0,16;23/02/2024;42;Produto/Quantidade Errada     ;   ;teles      ;17:22
217600                            ;23/02/2024;    ;274389;007;    ;0056751;MERCADINHO REIS                                   ;(74)99909-7890 ;010;100;RDJ0G42;     149,70;    0,20;23/02/2024;64;SEM VASILHAME                 ;   ;teles      ;17:23
217600                            ;23/02/2024;    ;274390;007;    ;0056751;MERCADINHO REIS                                   ;(74)99909-7890 ;010;100;RDJ0G42;      49,90;    0,06;23/02/2024;64;SEM VASILHAME                 ;   ;teles      ;17:23
217601                            ;23/02/2024;    ;274456;007;    ;0063758;ESPETINHO DO ENZO                                 ;(74)98103-5586 ;010;100;PKK8518;     126,22;    0,19;23/02/2024;50;CARGA ERRADA ARMAZEM          ;   ;silva      ;19:07
217601                            ;23/02/2024;    ;274457;007;    ;0063758;ESPETINHO DO ENZO                                 ;(74)98103-5586 ;010;100;PKK8518;      99,80;    0,13;23/02/2024;50;CARGA ERRADA ARMAZEM          ;   ;silva      ;19:08
217601                            ;23/02/2024;    ;274458;007;    ;0063758;ESPETINHO DO ENZO                                 ;(74)98103-5586 ;010;100;PKK8518;     305,18;    0,34;23/02/2024;50;CARGA ERRADA ARMAZEM          ;   ;silva      ;19:07
217601                            ;23/02/2024;    ;274459;007;    ;0063758;ESPETINHO DO ENZO                                 ;(74)98103-5586 ;010;100;PKK8518;     282,10;    0,37;23/02/2024;50;CARGA ERRADA ARMAZEM          ;   ;silva      ;19:08
217601                            ;23/02/2024;    ;274460;007;    ;0063758;ESPETINHO DO ENZO                                 ;(74)98103-5586 ;010;100;PKK8518;     149,70;    0,20;23/02/2024;50;CARGA ERRADA ARMAZEM          ;   ;silva      ;19:07
217601                            ;23/02/2024;    ;274461;007;    ;0063758;ESPETINHO DO ENZO                                 ;(74)98103-5586 ;010;100;PKK8518;      47,74;    0,00;23/02/2024;50;CARGA ERRADA ARMAZEM          ;   ;silva      ;19:08
217602                            ;23/02/2024;    ;274482;007;    ;0063282;DEPOSITO DO LEANDRO                               ;(74)98806-6355 ;010;107;PKL6654;      47,34;    0,01;23/02/2024;71;SEM DINHEIRO/CHEQUE           ;   ;teles      ;16:55
217603                            ;23/02/2024;    ;274534;007;    ;0062252;ESPETARIA BUGUILA                                 ;(74)98837-1508 ;010;103;RDN7A69;     175,38;    0,21;23/02/2024;42;Produto/Quantidade Errada     ;   ;teles      ;17:49
217604                            ;23/02/2024;    ;274574;007;    ;0062239;MERCADINHO LIMA                                   ;(74)98849-5950 ;010;104;OZF1202;      41,92;    0,06;23/02/2024;85;DIFICIL ACESSO                ;   ;teles      ;17:20
217604                            ;23/02/2024;    ;274575;007;    ;0062239;MERCADINHO LIMA                                   ;(74)98849-5950 ;010;104;OZF1202;      16,10;    0,06;23/02/2024;85;DIFICIL ACESSO                ;   ;teles      ;17:19
217604                            ;23/02/2024;    ;274576;007;    ;0062239;MERCADINHO LIMA                                   ;(74)98849-5950 ;010;104;OZF1202;      99,80;    0,13;23/02/2024;85;DIFICIL ACESSO                ;   ;teles      ;17:19
217604                            ;23/02/2024;    ;274577;007;    ;0062239;MERCADINHO LIMA                                   ;(74)98849-5950 ;010;104;OZF1202;     247,40;    0,33;23/02/2024;85;DIFICIL ACESSO                ;   ;teles      ;17:18
217604                            ;23/02/2024;    ;274590;007;    ;0063765;DIST RIBEIRO                                      ;(74)98827-6506 ;010;100;OZF1202;     568,30;    0,93;23/02/2024;85;DIFICIL ACESSO                ;   ;teles      ;17:20
217604                            ;23/02/2024;    ;274591;007;    ;0063765;DIST RIBEIRO                                      ;(74)98827-6506 ;010;100;OZF1202;     149,70;    0,20;23/02/2024;85;DIFICIL ACESSO                ;   ;teles      ;17:20
217604                            ;23/02/2024;    ;274592;007;    ;0063765;DIST RIBEIRO                                      ;(74)98827-6506 ;010;100;OZF1202;      49,90;    0,06;23/02/2024;85;DIFICIL ACESSO                ;   ;teles      ;17:20
217604                            ;23/02/2024;    ;274593;007;    ;0063765;DIST RIBEIRO                                      ;(74)98827-6506 ;010;100;OZF1202;     465,28;    0,69;23/02/2024;85;DIFICIL ACESSO                ;   ;teles      ;17:20
217607                            ;23/02/2024;    ;274667;007;    ;0058646;MERCEARIA SOARES                                  ;(74)98835-4220 ;010;103;NZM5543;     974,40;    1,24;23/02/2024;71;SEM DINHEIRO/CHEQUE           ;   ;teles      ;15:47
217607                            ;23/02/2024;    ;274700;007;    ;0062957;MERCEARIA                                         ;(74)99930-1431 ;010;103;NZM5543;     499,00;    0,69;23/02/2024;71;SEM DINHEIRO/CHEQUE           ;   ;teles      ;15:47
217607                            ;23/02/2024;    ;274708;007;    ;0056455;DISTRIBUIDORA W E N                               ;(74)98838-9387 ;010;111;NZM5543;     662,10;    0,88;23/02/2024;71;SEM DINHEIRO/CHEQUE           ;   ;teles      ;15:46
217607                            ;23/02/2024;    ;274709;007;    ;0056455;DISTRIBUIDORA W E N                               ;(74)98838-9387 ;010;111;NZM5543;      37,90;    0,04;23/02/2024;71;SEM DINHEIRO/CHEQUE           ;   ;teles      ;15:46
217607                            ;23/02/2024;    ;274710;007;    ;0056455;DISTRIBUIDORA W E N                               ;(74)98838-9387 ;010;111;NZM5543;     499,00;    0,69;23/02/2024;71;SEM DINHEIRO/CHEQUE           ;   ;teles      ;15:46
217607                            ;23/02/2024;    ;274711;007;    ;0056455;DISTRIBUIDORA W E N                               ;(74)98838-9387 ;010;111;NZM5543;    1059,08;    1,84;23/02/2024;71;SEM DINHEIRO/CHEQUE           ;   ;teles      ;15:46
217607                            ;23/02/2024;    ;274723;007;    ;0055699;DISTRIBUIDORA LILIAN                              ;(74)99132-1954 ;010;103;NZM5543;     499,00;    0,69;23/02/2024;71;SEM DINHEIRO/CHEQUE           ;   ;teles      ;15:47
217626                            ;24/02/2024;    ;274825;007;    ;0052994;BAR E MER DO LUCIANO                              ;(74)98110-8004 ;020;204;RDC5J22;     798,40;    1,10;26/02/2024;64;SEM VASILHAME                 ;   ;silva      ;21:40
217626                            ;24/02/2024;    ;274826;007;    ;0052994;BAR E MER DO LUCIANO                              ;(74)98110-8004 ;020;204;RDC5J22;     199,60;    0,27;26/02/2024;64;SEM VASILHAME                 ;   ;silva      ;21:40
217627                            ;24/02/2024;    ;274840;007;    ;0058663;MERCADINHO LEITE                                  ;(74)98104-9454 ;010;105;RPR6D25;     149,70;    0,20;24/02/2024;72;PDV FECHADO (HORARIO COM.)    ;   ;teles      ;15:30
217628                            ;24/02/2024;    ;274874;007;    ;0054908;MERC. LUZINETE                                    ;(74)99123-8602 ;010;107;RDN7A69;      99,80;    0,13;24/02/2024;71;SEM DINHEIRO/CHEQUE           ;DER;teles      ;14:16
217629                            ;24/02/2024;    ;274913;007;    ;0055622;MERC DEUS E FIEL                                  ;(74)98855-3279 ;010;104;RDN1D46;      75,40;    0,12;24/02/2024;72;PDV FECHADO (HORARIO COM.)    ;   ;teles      ;14:47
217629                            ;24/02/2024;    ;274923;007;    ;0063033;JL DISTRIBUIDORA                                  ;(74)98853-2138 ;010;106;RDN1D46;     150,85;    0,20;24/02/2024;23;(C)Pedidos duplicados         ;   ;teles      ;14:47
217629                            ;24/02/2024;    ;274924;007;    ;0063033;JL DISTRIBUIDORA                                  ;(74)98853-2138 ;010;106;RDN1D46;     252,38;    0,34;24/02/2024;23;(C)Pedidos duplicados         ;   ;teles      ;14:47
217634                            ;24/02/2024;    ;275038;007;    ;0057410;DISTRID. PAPAI PEDRO                              ;(74)98873-6785 ;010;111;OZF1202;     998,00;    1,38;24/02/2024;64;SEM VASILHAME                 ;   ;teles      ;13:17
217635                            ;24/02/2024;    ;275071;007;    ;0061492;DK DISTRIBUIDOR                                   ;(74)98825-0886 ;010;111;NZM8419;      99,80;    0,13;24/02/2024;72;PDV FECHADO (HORARIO COM.)    ;   ;teles      ;13:24
217635                            ;24/02/2024;    ;275102;007;    ;0053092;MERCADINHO JUAZEIRO                               ;(74)98836-7475 ;080;810;NZM8419;     810,82;    1,47;24/02/2024;71;SEM DINHEIRO/CHEQUE           ;   ;teles      ;13:25
217635                            ;24/02/2024;    ;275103;007;    ;0053092;MERCADINHO JUAZEIRO                               ;(74)98836-7475 ;080;810;NZM8419;      75,37;    0,03;24/02/2024;71;SEM DINHEIRO/CHEQUE           ;   ;teles      ;13:24
217635                            ;24/02/2024;    ;275104;007;    ;0053092;MERCADINHO JUAZEIRO                               ;(74)98836-7475 ;080;810;NZM8419;       5,32;    0,00;24/02/2024;71;SEM DINHEIRO/CHEQUE           ;DER;teles      ;13:24
217635                            ;24/02/2024;    ;275105;007;    ;0053092;MERCADINHO JUAZEIRO                               ;(74)98836-7475 ;080;810;NZM8419;      25,80;    0,04;24/02/2024;71;SEM DINHEIRO/CHEQUE           ;   ;teles      ;13:24
217636                            ;24/02/2024;    ;275112;007;    ;0061999;LIGIA DISTRIBUIDORA                               ;(74)99141-3467 ;010;111;NZM7723;     226,46;    0,33;24/02/2024;85;DIFICIL ACESSO                ;   ;teles      ;13:36
217636                            ;24/02/2024;    ;275113;007;    ;0061999;LIGIA DISTRIBUIDORA                               ;(74)99141-3467 ;010;111;NZM7723;     698,60;    0,96;24/02/2024;85;DIFICIL ACESSO                ;   ;teles      ;13:35
217636                            ;24/02/2024;    ;275114;007;    ;0061999;LIGIA DISTRIBUIDORA                               ;(74)99141-3467 ;010;111;NZM7723;     272,10;    0,32;24/02/2024;85;DIFICIL ACESSO                ;   ;teles      ;13:35
217636                            ;24/02/2024;    ;275115;007;    ;0061999;LIGIA DISTRIBUIDORA                               ;(74)99141-3467 ;010;111;NZM7723;      65,40;    0,07;24/02/2024;85;DIFICIL ACESSO                ;   ;teles      ;13:34
217636                            ;24/02/2024;    ;275116;007;    ;0063652;CHACARA DO BONE                                   ;(74)98818-9522 ;010;100;NZM7723;     149,70;    0,20;24/02/2024;85;DIFICIL ACESSO                ;   ;teles      ;13:32
217636                            ;24/02/2024;    ;275117;007;    ;0063652;CHACARA DO BONE                                   ;(74)98818-9522 ;010;100;NZM7723;     998,00;    1,38;24/02/2024;85;DIFICIL ACESSO                ;   ;teles      ;13:33
217636                            ;24/02/2024;    ;275118;007;    ;0062149;DISTRIBUIDORA DA ANG                              ;(74)98841-1807 ;010;100;NZM7723;    1204,50;    1,77;24/02/2024;85;DIFICIL ACESSO                ;   ;teles      ;13:36
217636                            ;24/02/2024;    ;275119;007;    ;0051270;O AVISTaO NORDESTINO                              ;(74)99111-0443 ;010;104;NZM7723;      66,58;    0,06;24/02/2024;50;CARGA ERRADA ARMAZEM          ;   ;teles      ;13:37
217636                            ;24/02/2024;    ;275122;007;    ;0052401;GPS BAR                                           ;(74) 3611-3919 ;010;110;NZM7723;     917,68;    1,12;24/02/2024;71;SEM DINHEIRO/CHEQUE           ;   ;teles      ;13:38
217636                            ;24/02/2024;    ;275125;007;    ;0052401;GPS BAR                                           ;(74) 3611-3919 ;010;110;NZM7723;     499,95;    0,80;24/02/2024;71;SEM DINHEIRO/CHEQUE           ;   ;teles      ;13:37
217638                            ;24/02/2024;    ;275191;007;    ;0024130;BAR ESTRELA                                       ;(74)99144-0808 ;010;103;OZE4956;     249,50;    0,34;24/02/2024;70;CLIENTE CANCELOU              ;DER;teles      ;13:55
217638                            ;24/02/2024;    ;275192;007;    ;0024130;BAR ESTRELA                                       ;(74)99144-0808 ;010;103;OZE4956;      20,62;    0,04;24/02/2024;70;CLIENTE CANCELOU              ;   ;teles      ;13:54
217638                            ;24/02/2024;    ;275193;007;    ;0024130;BAR ESTRELA                                       ;(74)99144-0808 ;010;103;OZE4956;      37,06;    0,02;24/02/2024;70;CLIENTE CANCELOU              ;   ;teles      ;13:54
217639                            ;24/02/2024;    ;275210;007;    ;0063428;REINO DO DOG LOJA 3                               ;(43)90000-0000 ;010;103;PKK8518;     122,16;    0,24;24/02/2024;72;PDV FECHADO (HORARIO COM.)    ;   ;teles      ;17:34
217639                            ;24/02/2024;    ;275211;007;    ;0063428;REINO DO DOG LOJA 3                               ;(43)90000-0000 ;010;103;PKK8518;      33,10;    0,04;24/02/2024;72;PDV FECHADO (HORARIO COM.)    ;   ;teles      ;17:34
217647                            ;24/02/2024;    ;275153;007;    ;0058611;MERCADO NOVA OPCaO                                ;(74)99155-0486 ;010;107;PKL6654;    1497,00;    2,07;24/02/2024;71;SEM DINHEIRO/CHEQUE           ;   ;teles      ;14:03
217664                            ;26/02/2024;    ;275317;007;    ;0058648;MERCEARIA MARQUES                                 ;(74)99974-8095 ;020;203;OUX8B81;     113,85;    0,14;27/02/2024;41;Sem Vasilhame.                ;   ;idute      ;13:54
217666                            ;26/02/2024;    ;275402;007;    ;0057840;MERCADINHO PEREIRA                                ;(74)99965-6073 ;020;203;RDC5J22;     117,88;    0,24;27/02/2024;41;Sem Vasilhame.                ;   ;idute      ;15:01
217671                            ;26/02/2024;    ;275576;007;    ;0053516;GELADAO ALENCAR                                   ;(74)99967-3743 ;010;109;RPP6J11;       5,79;    0,00;26/02/2024;42;Produto/Quantidade Errada     ;   ;aloisio    ;18:37
217672                            ;26/02/2024;    ;275600;007;    ;0063303;SOL NASCENTE                                      ;(74)99964-9273 ;010;108;NZM7723;     128,70;    0,15;26/02/2024;71;SEM DINHEIRO/CHEQUE           ;   ;teles      ;17:10
217674                            ;26/02/2024;    ;275703;007;    ;0025329;BAR DO JOSE CARLOS                                ;(74)98863-9428 ;020;200;NZM5543;      58,58;    0,18;26/02/2024;72;PDV FECHADO (HORARIO COM.)    ;   ;aloisio    ;18:51
217679                            ;26/02/2024;    ;275835;007;    ;0051197;BAR DO LAGATIXA                                   ;(87)98827-1057 ;020;201;RPM8D89;     249,50;    0,34;27/02/2024;37;PDV Fechado                   ;DER;idute      ;18:04
217679                            ;26/02/2024;    ;275868;007;    ;0050449;BAR BEIRA RIO                                     ;(74) 3523-6044 ;020;202;RPM8D89;      50,41;    0,06;27/02/2024;37;PDV Fechado                   ;   ;idute      ;18:05
217679                            ;26/02/2024;    ;275869;007;    ;0050449;BAR BEIRA RIO                                     ;(74) 3523-6044 ;020;202;RPM8D89;     159,00;    0,18;27/02/2024;37;PDV Fechado                   ;   ;idute      ;18:05
217680                            ;26/02/2024;    ;275889;007;    ;0063930;BAR E RESTAURANTE CA                              ;(74)98804-6117 ;010;107;RPR6D25;     130,46;    0,21;26/02/2024;87;TEMPO INSUFICIENTE            ;   ;teles      ;18:22
217680                            ;26/02/2024;    ;275892;007;    ;0064083;RESTAURANTE JRR                                   ;(74)98825-2054 ;010;101;RPR6D25;      80,90;    0,11;26/02/2024;87;TEMPO INSUFICIENTE            ;DER;teles      ;18:21
217682                            ;26/02/2024;    ;275924;007;    ;0054686;DEP. DO LUCIANO                                   ;(74)98804-5159 ;010;101;RDN7A69;     672,18;    1,02;26/02/2024;71;SEM DINHEIRO/CHEQUE           ;   ;teles      ;13:45
217683                            ;26/02/2024;    ;275930;007;    ;0064066;MERCADINHO NUNES                                  ;(74)99122-2084 ;010;107;RDN7A69;     476,90;    0,65;27/02/2024;64;SEM VASILHAME                 ;   ;idute      ;13:46
217683                            ;26/02/2024;    ;275933;007;    ;0063409;SIRLEIDE SOUZA                                    ;(87)99164-8538 ;010;107;RDN7A69;     358,09;    0,52;27/02/2024;72;PDV FECHADO (HORARIO COM.)    ;   ;idute      ;13:46
217684                            ;26/02/2024;    ;275959;007;    ;0058559;MERCADINHO PARAISO                                ;(74)98128-0076 ;010;103;RDN7A69;     863,20;    1,19;26/02/2024;72;PDV FECHADO (HORARIO COM.)    ;   ;teles      ;17:19
217686                            ;26/02/2024;    ;275968;007;    ;0056109;Cerv Distribuidora                                ;(74)98801-4507 ;010;111;NZM9993;    1247,50;    1,72;26/02/2024;72;PDV FECHADO (HORARIO COM.)    ;   ;teles      ;17:18
217686                            ;26/02/2024;    ;275977;007;    ;0051899;DEPOSITO DO VADU                                  ;(74)98813-5120 ;010;101;NZM9993;     282,70;    0,38;26/02/2024;73;FALTA DE ATIVOS DE GIRO       ;   ;teles      ;17:18
217686                            ;26/02/2024;    ;275983;007;    ;0063448;MINI MERCADINHO IARA                              ;(74)98805-9037 ;010;106;NZM9993;    1245,02;    1,89;26/02/2024;42;Produto/Quantidade Errada     ;   ;teles      ;17:18
217688                            ;26/02/2024;    ;276031;007;    ;0057883;DISTRIBUIDORA BODEGA                              ;(74)98804-4350 ;010;103;OZF1202;      19,40;    0,04;26/02/2024;72;PDV FECHADO (HORARIO COM.)    ;   ;teles      ;16:40
217715                            ;27/02/2024;    ;276489;007;    ;0062386;BAR DA VOLTA                                      ;(74)99907-6113 ;010;107;JII1442;     807,58;    1,10;27/02/2024;85;DIFICIL ACESSO                ;   ;idute      ;16:07
217715                            ;27/02/2024;    ;276490;007;    ;0062386;BAR DA VOLTA                                      ;(74)99907-6113 ;010;107;JII1442;     869,81;    1,01;27/02/2024;85;DIFICIL ACESSO                ;   ;idute      ;16:07
217715                            ;27/02/2024;    ;276491;007;    ;0062386;BAR DA VOLTA                                      ;(74)99907-6113 ;010;107;JII1442;      74,63;    0,12;27/02/2024;85;DIFICIL ACESSO                ;   ;idute      ;16:09
217715                            ;27/02/2024;    ;276492;007;    ;0062386;BAR DA VOLTA                                      ;(74)99907-6113 ;010;107;JII1442;     352,90;    0,48;27/02/2024;85;DIFICIL ACESSO                ;DER;idute      ;16:10
217715                            ;27/02/2024;    ;276493;007;    ;0062386;BAR DA VOLTA                                      ;(74)99907-6113 ;010;107;JII1442;      49,90;    0,06;27/02/2024;85;DIFICIL ACESSO                ;   ;idute      ;16:11
217717                            ;27/02/2024;    ;276561;007;    ;0024148;BAR DO DITINHO                                    ;(74)98805-6028 ;010;100;RCQ9D86;     144,95;    0,13;27/02/2024;42;Produto/Quantidade Errada     ;DER;idute      ;15:25
217718                            ;27/02/2024;    ;276572;007;    ;0055752;DA VILA DENDE RESTAU                              ;(81)99896-0605 ;010;110;RDJ0G42;      13,94;    0,06;27/02/2024;72;PDV FECHADO (HORARIO COM.)    ;   ;silva      ;19:01
217718                            ;27/02/2024;    ;276573;007;    ;0055752;DA VILA DENDE RESTAU                              ;(81)99896-0605 ;010;110;RDJ0G42;     160,68;    0,24;27/02/2024;72;PDV FECHADO (HORARIO COM.)    ;   ;silva      ;19:01
217718                            ;27/02/2024;    ;276579;007;    ;0051049;NICE LANCHES                                      ;(74)98817-3231 ;010;105;RDJ0G42;     564,92;    1,11;27/02/2024;72;PDV FECHADO (HORARIO COM.)    ;   ;silva      ;19:01
217721                            ;27/02/2024;    ;276671;007;    ;0063213;MG BEBIDAS                                        ;(74)98851-8379 ;010;105;PKL6654;      99,80;    0,13;27/02/2024;64;SEM VASILHAME                 ;   ;idute      ;15:52
217721                            ;27/02/2024;    ;276673;007;    ;0063213;MG BEBIDAS                                        ;(74)98851-8379 ;010;105;PKL6654;     249,50;    0,34;27/02/2024;64;SEM VASILHAME                 ;   ;idute      ;15:51
217722                            ;27/02/2024;    ;276683;007;    ;0064196;J S TRANSPORTES                                   ;(74)99818-1047 ;010;102;PKK8518;     199,60;    0,27;27/02/2024;64;SEM VASILHAME                 ;   ;silva      ;19:27
217722                            ;27/02/2024;    ;276705;007;    ;0000210;BAR DO CARLOS                                     ;(74)98818-8432 ;010;101;PKK8518;     819,60;    1,24;27/02/2024;23;(C)Pedidos duplicados         ;   ;silva      ;18:45
217722                            ;27/02/2024;    ;276706;007;    ;0000210;BAR DO CARLOS                                     ;(74)98818-8432 ;010;101;PKK8518;    1032,42;    1,45;27/02/2024;23;(C)Pedidos duplicados         ;   ;silva      ;18:45
217722                            ;27/02/2024;    ;276707;007;    ;0064474;COMERCIAL GOMES                                   ;(74)98839-3369 ;010;107;PKK8518;      34,02;    0,12;27/02/2024;72;PDV FECHADO (HORARIO COM.)    ;   ;silva      ;18:46
217722                            ;27/02/2024;    ;276708;007;    ;0064474;COMERCIAL GOMES                                   ;(74)98839-3369 ;010;107;PKK8518;     130,70;    0,27;27/02/2024;72;PDV FECHADO (HORARIO COM.)    ;   ;silva      ;18:46
217722                            ;27/02/2024;    ;276709;007;    ;0064474;COMERCIAL GOMES                                   ;(74)98839-3369 ;010;107;PKK8518;     324,90;    0,46;27/02/2024;72;PDV FECHADO (HORARIO COM.)    ;   ;silva      ;18:46
217723                            ;27/02/2024;    ;276758;007;    ;0063620;ADEGA DISTRIBUIDORA                               ;(74)98857-2031 ;010;103;PKK0690;       2,89;    0,00;27/02/2024;85;DIFICIL ACESSO                ;   ;idute      ;17:15
217723                            ;27/02/2024;    ;276759;007;    ;0063620;ADEGA DISTRIBUIDORA                               ;(74)98857-2031 ;010;103;PKK0690;       2,89;    0,00;27/02/2024;85;DIFICIL ACESSO                ;   ;idute      ;17:16
217725                            ;27/02/2024;    ;276819;007;    ;0024778;BAR E MERCEARIA SILV                              ;(74)98805-8391 ;010;106;OZF1202;     748,50;    1,03;27/02/2024;82;ENDERECO NAO ENCONTRADO       ;   ;idute      ;17:51
217725                            ;27/02/2024;    ;276820;007;    ;0024778;BAR E MERCEARIA SILV                              ;(74)98805-8391 ;010;106;OZF1202;     499,00;    0,69;27/02/2024;82;ENDERECO NAO ENCONTRADO       ;   ;idute      ;17:51
217727                            ;27/02/2024;    ;276920;007;    ;0052904;THIAGO BEBIDAS                                    ;(74) 8809-6994 ;010;111;OZE4956;    2279,48;    3,86;27/02/2024;72;PDV FECHADO (HORARIO COM.)    ;   ;idute      ;17:56
217758                            ;28/02/2024;    ;277237;007;    ;0057290;POITE DOS AMIGOS                                  ;(74)98106-2893 ;020;202;OVB5042;      96,98;    0,18;29/02/2024;72;PDV FECHADO (HORARIO COM.)    ;   ;ediziene   ;11:17
217758                            ;28/02/2024;    ;277238;007;    ;0057290;POITE DOS AMIGOS                                  ;(74)98106-2893 ;020;202;OVB5042;     122,94;    0,19;29/02/2024;72;PDV FECHADO (HORARIO COM.)    ;   ;ediziene   ;11:16
217765                            ;28/02/2024;    ;277520;007;    ;0063707;LANCHONETE SaO FRANC                              ;(74)98807-0385 ;010;105;RDN7A69;     299,40;    0,41;28/02/2024;72;PDV FECHADO (HORARIO COM.)    ;   ;aloisio    ;18:55
217767                            ;28/02/2024;    ;277582;007;    ;0057385;GR DISTRIBUIDORA                                  ;(74)99930-0343 ;010;105;RDJ0G42;     249,50;    0,34;28/02/2024;71;SEM DINHEIRO/CHEQUE           ;   ;aloisio    ;19:10
217772                            ;28/02/2024;    ;277653;007;    ;0055949;AUTO POSTO UNIVERSID                              ;(74) 3612-8576 ;010;110;OZF1202;     131,60;    0,90;28/02/2024;87;TEMPO INSUFICIENTE            ;   ;aloisio    ;19:02
217772                            ;28/02/2024;    ;277657;007;    ;0050085;SUPER IMPERADOR                                   ;(74) 3612-8681 ;080;810;OZF1202;    4063,08;    7,61;28/02/2024;40;Horario de Entrega            ;   ;aloisio    ;19:01
217772                            ;28/02/2024;    ;277658;007;    ;0050085;SUPER IMPERADOR                                   ;(74) 3612-8681 ;080;810;OZF1202;     144,76;    0,99;28/02/2024;40;Horario de Entrega            ;   ;aloisio    ;19:03
217772                            ;28/02/2024;    ;277659;007;    ;0050085;SUPER IMPERADOR                                   ;(74) 3612-8681 ;080;810;OZF1202;      45,95;    0,10;28/02/2024;40;Horario de Entrega            ;DER;aloisio    ;19:03
217775                            ;28/02/2024;    ;277748;007;    ;0064509;MERC DIST LOOK                                    ;(74)98827-5539 ;010;111;RPR6D25;      26,16;    0,12;28/02/2024;72;PDV FECHADO (HORARIO COM.)    ;DER;teles      ;15:13
217777                            ;28/02/2024;    ;277774;007;    ;0063609;ESPETINHO LUMASE                                  ;(74)98832-5327 ;010;110;OZE4956;      99,80;    0,13;28/02/2024;71;SEM DINHEIRO/CHEQUE           ;   ;teles      ;17:35
217777                            ;28/02/2024;    ;277776;007;    ;0063609;ESPETINHO LUMASE                                  ;(74)98832-5327 ;010;110;OZE4956;     998,00;    1,38;28/02/2024;71;SEM DINHEIRO/CHEQUE           ;   ;teles      ;17:35
217777                            ;28/02/2024;    ;277777;007;    ;0063609;ESPETINHO LUMASE                                  ;(74)98832-5327 ;010;110;OZE4956;     998,00;    1,38;28/02/2024;71;SEM DINHEIRO/CHEQUE           ;   ;teles      ;17:35
217777                            ;28/02/2024;    ;277795;007;    ;0051361;BAR SOLDADO DO VELHO                              ;(74)98818-2572 ;010;108;OZE4956;      99,80;    0,13;28/02/2024;71;SEM DINHEIRO/CHEQUE           ;   ;teles      ;17:34
217780                            ;28/02/2024;    ;277910;007;    ;0063437;TUPINA BAR 2                                      ;(74)98824-3511 ;010;100;OFB8B68;     332,00;    0,44;28/02/2024;72;PDV FECHADO (HORARIO COM.)    ;   ;aloisio    ;18:30
217780                            ;28/02/2024;    ;277911;007;    ;0063437;TUPINA BAR 2                                      ;(74)98824-3511 ;010;100;OFB8B68;     399,20;    0,55;28/02/2024;72;PDV FECHADO (HORARIO COM.)    ;   ;aloisio    ;18:30
217782                            ;28/02/2024;    ;277973;007;    ;0062578;DEPOSITO ANDRESSA                                 ;(74)98872-7958 ;010;104;JII1442;     499,00;    0,69;28/02/2024;71;SEM DINHEIRO/CHEQUE           ;   ;teles      ;15:56
217782                            ;28/02/2024;    ;277974;007;    ;0062578;DEPOSITO ANDRESSA                                 ;(74)98872-7958 ;010;104;JII1442;      52,32;    0,24;28/02/2024;71;SEM DINHEIRO/CHEQUE           ;   ;teles      ;15:56
217784                            ;28/02/2024;    ;278022;007;    ;0023004;CHUR FREI DAMIAO                                  ;(74) 3612-0199 ;010;107;LKI1H89;     409,32;    0,53;28/02/2024;71;SEM DINHEIRO/CHEQUE           ;   ;aloisio    ;19:21
217784                            ;28/02/2024;    ;278035;007;    ;0057148;DIST NOVA FE                                      ;(74)98836-9306 ;010;100;LKI1H89;     525,88;    0,73;28/02/2024;82;ENDERECO NAO ENCONTRADO       ;   ;aloisio    ;19:19
217786                            ;28/02/2024;    ;278080;007;    ;0062712;SATURNO BEBIDAS                                   ;(43)90000-0000 ;070;701;HXN3A97;      93,80;    0,07;28/02/2024;50;CARGA ERRADA ARMAZEM          ;   ;teles      ;16:23
217788                            ;28/02/2024;    ;278133;007;    ;0001886;BAR DA NALVA                                      ;(74)98801-8666 ;010;104;NKV3226;      76,26;    0,12;28/02/2024;71;SEM DINHEIRO/CHEQUE           ;   ;teles      ;15:44
217805                            ;29/02/2024;    ;278351;007;    ;0059284;MERCADINHO TL                                     ;(74)98818-8776 ;020;202;NZM4666;       3,19;    0,00;29/02/2024;50;CARGA ERRADA ARMAZEM          ;   ;silva      ;19:24
217805                            ;29/02/2024;    ;278352;007;    ;0059284;MERCADINHO TL                                     ;(74)98818-8776 ;020;202;NZM4666;       2,89;    0,00;29/02/2024;50;CARGA ERRADA ARMAZEM          ;   ;silva      ;19:24
217809                            ;29/02/2024;    ;278527;007;    ;0056864;Comercial Correia                                 ;(74)99147-4499 ;020;200;SJQ9B60;     535,94;    1,98;29/02/2024;86;HORARIO DE ENTREGA            ;   ;ediziene   ;15:27
217809                            ;29/02/2024;    ;278528;007;    ;0056864;Comercial Correia                                 ;(74)99147-4499 ;020;200;SJQ9B60;      13,16;    0,09;29/02/2024;86;HORARIO DE ENTREGA            ;   ;ediziene   ;15:28
217811                            ;29/02/2024;    ;278605;007;    ;0050513;CLAY LANCHES                                      ;(74)98812-9730 ;010;108;HXN3A97;     960,60;    1,32;29/02/2024;64;SEM VASILHAME                 ;   ;ediziene   ;16:56
217814                            ;29/02/2024;    ;278695;007;    ;0063626;DISTRIBUIDORA VILA N                              ;(74)98155-8720 ;010;101;EFV3713;    2495,00;    3,45;29/02/2024;23;(C)Pedidos duplicados         ;   ;ediziene   ;13:28
217816                            ;29/02/2024;    ;278735;007;    ;0055937;MERCADINHO SABIA                                  ;(74)99101-1407 ;020;201;NZM7723;     283,18;    0,93;29/02/2024;72;PDV FECHADO (HORARIO COM.)    ;   ;ediziene   ;17:02
217822                            ;29/02/2024;    ;278883;007;    ;0001398;DEPOSITO DO RONY                                  ;(74)98823-8377 ;010;111;RDN1D46;     114,66;    0,36;29/02/2024;72;PDV FECHADO (HORARIO COM.)    ;DER;ediziene   ;11:26
217823                            ;29/02/2024;    ;278890;007;    ;0057832;DISTRIBUIDORA LIANE                               ;(74)98813-0336 ;010;106;RDN1D46;      90,82;    0,18;29/02/2024;72;PDV FECHADO (HORARIO COM.)    ;   ;ediziene   ;15:55
217823                            ;29/02/2024;    ;278891;007;    ;0057832;DISTRIBUIDORA LIANE                               ;(74)98813-0336 ;010;106;RDN1D46;      31,90;    0,04;29/02/2024;72;PDV FECHADO (HORARIO COM.)    ;   ;ediziene   ;15:57
217824                            ;29/02/2024;    ;278901;007;    ;0055794;REST O TRADICIONAL                                ;(74) 8832-8834 ;010;105;OUG2987;     399,20;    0,55;29/02/2024;72;PDV FECHADO (HORARIO COM.)    ;   ;silva      ;18:53
217824                            ;29/02/2024;    ;278902;007;    ;0055794;REST O TRADICIONAL                                ;(74) 8832-8834 ;010;105;OUG2987;     502,84;    0,69;29/02/2024;72;PDV FECHADO (HORARIO COM.)    ;   ;silva      ;18:53
217824                            ;29/02/2024;    ;278903;007;    ;0055794;REST O TRADICIONAL                                ;(74) 8832-8834 ;010;105;OUG2987;     603,41;    0,82;29/02/2024;72;PDV FECHADO (HORARIO COM.)    ;   ;silva      ;18:53
217824                            ;29/02/2024;    ;278907;007;    ;0062242;BAR DEMOCRATA                                     ;(74)98847-7225 ;010;105;OUG2987;     113,90;    0,14;29/02/2024;72;PDV FECHADO (HORARIO COM.)    ;   ;silva      ;18:54
217824                            ;29/02/2024;    ;278908;007;    ;0062242;BAR DEMOCRATA                                     ;(74)98847-7225 ;010;105;OUG2987;     263,80;    0,28;29/02/2024;72;PDV FECHADO (HORARIO COM.)    ;   ;silva      ;18:54
217824                            ;29/02/2024;    ;278909;007;    ;0064327;ASSIM ASSADO                                      ;(74)98857-7625 ;010;105;OUG2987;      56,88;    0,08;29/02/2024;72;PDV FECHADO (HORARIO COM.)    ;   ;silva      ;18:54
217825                            ;29/02/2024;    ;278923;007;    ;0064178;CASA DE CARNES GALDI                              ;(74)98836-2047 ;010;105;PKK0690;      99,80;    0,13;29/02/2024;64;SEM VASILHAME                 ;   ;ediziene   ;17:20
217826                            ;29/02/2024;    ;278961;007;    ;0056932;DISTRIB. SENINHA                                  ;(74)98836-4593 ;010;111;RPR6D25;      70,19;    0,08;29/02/2024;63;PRODUTO / QTDE. ERRADA        ;DER;ediziene   ;15:16
217826                            ;29/02/2024;    ;278962;007;    ;0056932;DISTRIB. SENINHA                                  ;(74)98836-4593 ;010;111;RPR6D25;       3,19;    0,00;29/02/2024;63;PRODUTO / QTDE. ERRADA        ;   ;ediziene   ;15:17
217827                            ;29/02/2024;    ;279005;007;    ;0056109;Cerv Distribuidora                                ;(74)98801-4507 ;010;111;RDN7A69;     851,28;    1,14;29/02/2024;72;PDV FECHADO (HORARIO COM.)    ;   ;ediziene   ;14:15
217827                            ;29/02/2024;    ;279006;007;    ;0056109;Cerv Distribuidora                                ;(74)98801-4507 ;010;111;RDN7A69;     127,60;    0,16;29/02/2024;72;PDV FECHADO (HORARIO COM.)    ;   ;ediziene   ;14:16
217828                            ;29/02/2024;    ;279015;007;    ;0063117;BML QUEIROZ                                       ;(11)98057-0032 ;010;103;RDN7A69;      66,58;    0,06;29/02/2024;89;PDV FECHADO APOS HORARIO      ;   ;silva      ;18:58
217829                            ;29/02/2024;    ;279046;007;    ;0025731;BEBIDAeCIADISTREMERC                              ;(74)98824-0730 ;010;111;PKL6654;    1695,00;    2,07;29/02/2024;64;SEM VASILHAME                 ;   ;ediziene   ;15:07
217833                            ;29/02/2024;    ;279190;007;    ;0025662;MERCEARIA DO JOAO                                 ;(74)98824-3222 ;010;104;OFB8B68;       4,03;    0,00;29/02/2024;58;Carga Errada                  ;   ;ediziene   ;15:53
217834                            ;29/02/2024;    ;279200;007;    ;0051430;SINUCA BAR                                        ;(74)99152-5324 ;010;102;KJP3656;     749,04;    0,85;29/02/2024;42;Produto/Quantidade Errada     ;   ;silva      ;18:22
217834                            ;29/02/2024;    ;279201;007;    ;0051430;SINUCA BAR                                        ;(74)99152-5324 ;010;102;KJP3656;      99,80;    0,13;29/02/2024;42;Produto/Quantidade Errada     ;   ;silva      ;18:21
217834                            ;29/02/2024;    ;279220;007;    ;0063448;MINI MERCADINHO IARA                              ;(74)98805-9037 ;010;106;KJP3656;     659,63;    0,81;29/02/2024;42;Produto/Quantidade Errada     ;   ;silva      ;18:21
