Mapa                     ;Data;Unb Nota;Nota;Serie;Unb Cliente;Cod. Cliente;Nome Cliente;Telefone;Area;Setor;Placa;Valor;Volume;Data Devol.;Cod. Motivo;Desc. Motivo;Orig. Pedido;Usuario;Hora 
230633                            ;02/01/2025;    ;533068;007;    ;0063822;BAR DO ELIUDE                                     ;(74)99122-8212 ;020;205;OUX8B81;     269,50;    0,34;03/01/2025;72;PDV FECHADO (HORARIO COM.)    ;   ;silva      ;13:43
230633                            ;02/01/2025;    ;533069;007;    ;0063822;BAR DO ELIUDE                                     ;(74)99122-8212 ;020;205;OUX8B81;     107,80;    0,13;03/01/2025;72;PDV FECHADO (HORARIO COM.)    ;   ;silva      ;13:41
230633                            ;02/01/2025;    ;533070;007;    ;0063822;BAR DO ELIUDE                                     ;(74)99122-8212 ;020;205;OUX8B81;      44,04;    0,12;03/01/2025;72;PDV FECHADO (HORARIO COM.)    ;   ;silva      ;13:43
230633                            ;02/01/2025;    ;533071;007;    ;0063822;BAR DO ELIUDE                                     ;(74)99122-8212 ;020;205;OUX8B81;     485,10;    0,62;03/01/2025;72;PDV FECHADO (HORARIO COM.)    ;   ;silva      ;13:44
230633                            ;02/01/2025;    ;533088;007;    ;0050219;BAR SENSACAO                                      ;(74)99941-9987 ;020;205;OUX8B81;    5996,00;    2,88;03/01/2025;73;FALTA DE ATIVOS DE GIRO       ;   ;silva      ;13:42
230634                            ;02/01/2025;    ;533117;007;    ;0057536;Papa s DISTRIBUIDORA                              ;(74)98103-2161 ;020;205;NZN0E75;       4,37;    0,00;02/01/2025;42;Produto/Quantidade Errada     ;   ;teles      ;21:44
230636                            ;02/01/2025;    ;533168;007;    ;0056768;imporio das carnes                                ;(74)98805-1610 ;020;200;RCP2C35;     865,76;    1,05;03/01/2025;73;FALTA DE ATIVOS DE GIRO       ;   ;silva      ;13:35
230636                            ;02/01/2025;    ;533188;007;    ;0053979;DISTB. MERC. BATISTA                              ;(74)98814-4778 ;020;200;RCP2C35;    5190,00;    6,90;03/01/2025;32;ENTREGA ATRASADA (BUFFER)     ;   ;silva      ;13:34
230636                            ;02/01/2025;    ;533189;007;    ;0053979;DISTB. MERC. BATISTA                              ;(74)98814-4778 ;020;200;RCP2C35;    2695,00;    3,45;03/01/2025;32;ENTREGA ATRASADA (BUFFER)     ;   ;silva      ;13:34
230636                            ;02/01/2025;    ;533190;007;    ;0053979;DISTB. MERC. BATISTA                              ;(74)98814-4778 ;020;200;RCP2C35;     547,60;    0,57;03/01/2025;32;ENTREGA ATRASADA (BUFFER)     ;   ;silva      ;13:35
230636                            ;02/01/2025;    ;533191;007;    ;0053979;DISTB. MERC. BATISTA                              ;(74)98814-4778 ;020;200;RCP2C35;    1915,38;    2,45;03/01/2025;32;ENTREGA ATRASADA (BUFFER)     ;   ;silva      ;13:34
230636                            ;02/01/2025;    ;533199;007;    ;0055408;MERCADINHO MIRANDA                                ;(74) 3536-1356 ;020;200;RCP2C35;     159,80;    0,24;03/01/2025;32;ENTREGA ATRASADA (BUFFER)     ;   ;silva      ;13:32
230636                            ;02/01/2025;    ;533200;007;    ;0055408;MERCADINHO MIRANDA                                ;(74) 3536-1356 ;020;200;RCP2C35;      79,90;    0,12;03/01/2025;32;ENTREGA ATRASADA (BUFFER)     ;   ;silva      ;13:32
230636                            ;02/01/2025;    ;533201;007;    ;0055408;MERCADINHO MIRANDA                                ;(74) 3536-1356 ;020;200;RCP2C35;     159,80;    0,24;03/01/2025;32;ENTREGA ATRASADA (BUFFER)     ;   ;silva      ;13:32
230636                            ;02/01/2025;    ;533202;007;    ;0055408;MERCADINHO MIRANDA                                ;(74) 3536-1356 ;020;200;RCP2C35;     107,80;    0,13;03/01/2025;32;ENTREGA ATRASADA (BUFFER)     ;   ;silva      ;13:33
230636                            ;02/01/2025;    ;533203;007;    ;0055408;MERCADINHO MIRANDA                                ;(74) 3536-1356 ;020;200;RCP2C35;     149,70;    0,17;03/01/2025;32;ENTREGA ATRASADA (BUFFER)     ;   ;silva      ;13:33
230636                            ;02/01/2025;    ;533204;007;    ;0055408;MERCADINHO MIRANDA                                ;(74) 3536-1356 ;020;200;RCP2C35;     174,60;    0,33;03/01/2025;32;ENTREGA ATRASADA (BUFFER)     ;   ;silva      ;13:33
230636                            ;02/01/2025;    ;533205;007;    ;0055408;MERCADINHO MIRANDA                                ;(74) 3536-1356 ;020;200;RCP2C35;     269,50;    0,34;03/01/2025;32;ENTREGA ATRASADA (BUFFER)     ;   ;silva      ;13:33
230636                            ;02/01/2025;    ;533206;007;    ;0055408;MERCADINHO MIRANDA                                ;(74) 3536-1356 ;020;200;RCP2C35;     105,80;    0,07;03/01/2025;32;ENTREGA ATRASADA (BUFFER)     ;   ;silva      ;13:33
230637                            ;02/01/2025;    ;533212;007;    ;0053306;MERC DIST DO SAVIO                                ;(74)98811-7381 ;020;200;SJQ9B60;     563,16;    0,64;02/01/2025;73;FALTA DE ATIVOS DE GIRO       ;   ;ediziene   ;15:45
230637                            ;02/01/2025;    ;533216;007;    ;0058622;CHAPA QUENTE                                      ;(74)98829-3028 ;020;200;SJQ9B60;     108,91;    0,13;02/01/2025;72;PDV FECHADO (HORARIO COM.)    ;   ;ediziene   ;15:46
230637                            ;02/01/2025;    ;533217;007;    ;0058622;CHAPA QUENTE                                      ;(74)98829-3028 ;020;200;SJQ9B60;    1479,62;    1,31;02/01/2025;72;PDV FECHADO (HORARIO COM.)    ;   ;ediziene   ;16:15
230637                            ;02/01/2025;    ;533218;007;    ;0058622;CHAPA QUENTE                                      ;(74)98829-3028 ;020;200;SJQ9B60;     272,58;    0,28;02/01/2025;72;PDV FECHADO (HORARIO COM.)    ;   ;ediziene   ;16:17
230637                            ;02/01/2025;    ;533219;007;    ;0058622;CHAPA QUENTE                                      ;(74)98829-3028 ;020;200;SJQ9B60;      30,07;    0,04;02/01/2025;72;PDV FECHADO (HORARIO COM.)    ;   ;ediziene   ;16:19
230637                            ;02/01/2025;    ;533220;007;    ;0058622;CHAPA QUENTE                                      ;(74)98829-3028 ;020;200;SJQ9B60;      46,37;    0,01;02/01/2025;72;PDV FECHADO (HORARIO COM.)    ;   ;ediziene   ;16:18
230637                            ;02/01/2025;    ;533221;007;    ;0058622;CHAPA QUENTE                                      ;(74)98829-3028 ;020;200;SJQ9B60;      86,72;    0,04;02/01/2025;72;PDV FECHADO (HORARIO COM.)    ;   ;ediziene   ;16:18
230638                            ;02/01/2025;    ;533254;007;    ;0065086;CHACARA POCO CATINGU                              ;(74)99973-3531 ;010;109;RCQ9D86;    1145,52;    1,92;04/01/2025;32;ENTREGA ATRASADA (BUFFER)     ;   ;ediziene   ;11:27
230638                            ;02/01/2025;    ;533292;007;    ;0065285;VALDIRA OLIVEIRA DOS                              ;(74)98100-7338 ;010;109;RCQ9D86;     215,60;    0,27;04/01/2025;32;ENTREGA ATRASADA (BUFFER)     ;   ;ediziene   ;11:28
230638                            ;02/01/2025;    ;533293;007;    ;0065285;VALDIRA OLIVEIRA DOS                              ;(74)98100-7338 ;010;109;RCQ9D86;     211,60;    0,15;04/01/2025;32;ENTREGA ATRASADA (BUFFER)     ;   ;ediziene   ;11:29
230638                            ;02/01/2025;    ;533294;007;    ;0065285;VALDIRA OLIVEIRA DOS                              ;(74)98100-7338 ;010;109;RCQ9D86;     215,60;    0,27;04/01/2025;32;ENTREGA ATRASADA (BUFFER)     ;   ;ediziene   ;11:28
230640                            ;02/01/2025;    ;533346;007;    ;0055200;PONTO DO ACAI GOUMER                              ;(74)98116-4940 ;020;202;NZM9993;     202,84;    0,54;03/01/2025;72;PDV FECHADO (HORARIO COM.)    ;   ;silva      ;15:39
230641                            ;02/01/2025;    ;533376;007;    ;0063216;MERCADINHO SaO JOSE                               ;(87)99607-7826 ;010;109;NZM5543;     143,00;    0,14;03/01/2025;50;CARGA ERRADA ARMAZEM          ;   ;silva      ;17:58
230642                            ;02/01/2025;    ;533430;007;    ;0065138;TEMPERO DE MAINHA                                 ;(74)99930-0340 ;020;201;RPM8D89;     587,40;    0,68;03/01/2025;72;PDV FECHADO (HORARIO COM.)    ;   ;aloisio    ;18:35
230644                            ;02/01/2025;    ;533572;007;    ;0050180;MEC BETO                                          ;(74)99951-3593 ;010;110;KJP3656;    1113,47;    1,74;02/01/2025;72;PDV FECHADO (HORARIO COM.)    ;   ;teles      ;19:04
230644                            ;02/01/2025;    ;533575;007;    ;0056763;B. FRITA EMANUELLY                                ;(74)98845-1656 ;010;101;KJP3656;    2233,18;    3,18;02/01/2025;65;NAO FEZ PEDIDO                ;   ;teles      ;19:04
230644                            ;02/01/2025;    ;533580;007;    ;0064927;PEBA                                              ;(74)99916-7140 ;010;110;KJP3656;    2103,17;    2,16;02/01/2025;72;PDV FECHADO (HORARIO COM.)    ;DER;teles      ;19:04
230645                            ;02/01/2025;    ;533593;007;    ;0056784;JOSINA ROSA DA CONCE                              ;(74)98104-7940 ;010;102;PKK8518;    1030,68;    1,36;02/01/2025;72;PDV FECHADO (HORARIO COM.)    ;   ;teles      ;18:42
230645                            ;02/01/2025;    ;533599;007;    ;0053063;MERCADINHO CORUJAO                                ;(74)98822-4981 ;010;101;PKK8518;       8,69;    0,01;02/01/2025;72;PDV FECHADO (HORARIO COM.)    ;   ;teles      ;18:42
230646                            ;02/01/2025;    ;533680;007;    ;0058068;IBM DISTRIBUIDORA                                 ;(74)98817-2619 ;010;105;OUG2987;     758,40;    0,86;02/01/2025;71;SEM DINHEIRO/CHEQUE           ;   ;teles      ;19:23
230646                            ;02/01/2025;    ;533683;007;    ;0055494;KANTINHO DO BOM                                   ;(74)99121-2802 ;010;101;OUG2987;    1388,54;    1,50;02/01/2025;72;PDV FECHADO (HORARIO COM.)    ;   ;teles      ;19:23
230646                            ;02/01/2025;    ;533684;007;    ;0055494;KANTINHO DO BOM                                   ;(74)99121-2802 ;010;101;OUG2987;     180,50;    0,21;02/01/2025;72;PDV FECHADO (HORARIO COM.)    ;   ;teles      ;19:22
230646                            ;02/01/2025;    ;533685;007;    ;0055494;KANTINHO DO BOM                                   ;(74)99121-2802 ;010;101;OUG2987;      57,72;    0,05;02/01/2025;72;PDV FECHADO (HORARIO COM.)    ;   ;teles      ;19:22
230647                            ;02/01/2025;    ;533697;007;    ;0064522;FOOD TIME                                         ;(74)98802-6752 ;010;101;PKL6654;     132,85;    0,14;02/01/2025;72;PDV FECHADO (HORARIO COM.)    ;   ;teles      ;19:50
230648                            ;02/01/2025;    ;533724;007;    ;0061391;BORA BORA BAR RESTAU                              ;(87)98152-5780 ;010;110;PKK0690;    2373,47;    2,74;02/01/2025;73;FALTA DE ATIVOS DE GIRO       ;   ;teles      ;20:01
230649                            ;02/01/2025;    ;533733;007;    ;0056124;DISTR TAINA DIAS                                  ;(74)98824-8146 ;010;102;OZE4956;    5686,00;    4,84;03/01/2025;32;ENTREGA ATRASADA (BUFFER)     ;   ;aloisio    ;19:05
230650                            ;02/01/2025;    ;533755;007;    ;0056799;FABRICIO IVANILDO DA                              ;(74)98826-6308 ;020;201;RPE4C71;     197,20;    0,12;03/01/2025;42;Produto/Quantidade Errada     ;   ;silva      ;16:53
230650                            ;02/01/2025;    ;533784;007;    ;0052092;BAR VELHO CHICO                                   ;(74)98853-7502 ;020;201;RPE4C71;     625,64;    1,08;03/01/2025;42;Produto/Quantidade Errada     ;   ;silva      ;16:53
230652                            ;02/01/2025;    ;533857;007;    ;0053494;BAR DA ROSANGELA                                  ;(74)98825-8085 ;010;102;RPR6D25;     545,80;    0,39;02/01/2025;42;Produto/Quantidade Errada     ;   ;teles      ;19:55
230652                            ;02/01/2025;    ;533861;007;    ;0051459;ESPETINHO PALADAR                                 ;(74)99154-8610 ;010;103;RPR6D25;      48,00;    0,12;02/01/2025;72;PDV FECHADO (HORARIO COM.)    ;   ;teles      ;19:54
230652                            ;02/01/2025;    ;533888;007;    ;0062054;MERCEARIA DO LUNGA                                ;(74)98819-5922 ;010;108;RPR6D25;      20,29;    0,06;02/01/2025;32;ENTREGA ATRASADA (BUFFER)     ;   ;teles      ;19:56
230652                            ;02/01/2025;    ;533889;007;    ;0062054;MERCEARIA DO LUNGA                                ;(74)98819-5922 ;010;108;RPR6D25;      79,94;    0,10;02/01/2025;32;ENTREGA ATRASADA (BUFFER)     ;   ;teles      ;19:56
230652                            ;02/01/2025;    ;533892;007;    ;0064459;DISTRIBUIDORA CITI                                ;(74)98844-0304 ;010;108;RPR6D25;     215,60;    0,27;02/01/2025;32;ENTREGA ATRASADA (BUFFER)     ;   ;teles      ;19:55
230653                            ;02/01/2025;    ;533896;007;    ;0024828;REVALLE JUAZEIRO                                  ;(74) 3611-5066 ;085;998;RDN7A69;     122,60;    0,24;02/01/2025;51;NF ERRADA                     ;   ;ediziene   ;18:19
230653                            ;02/01/2025;    ;533897;007;    ;0024828;REVALLE JUAZEIRO                                  ;(74) 3611-5066 ;085;998;RDN7A69;     103,69;    0,14;02/01/2025;51;NF ERRADA                     ;   ;ediziene   ;18:19
230653                            ;02/01/2025;    ;533902;007;    ;0062132;BAR DA IRACEMA                                    ;(74)98816-3689 ;010;100;RDN7A69;     107,80;    0,13;02/01/2025;71;SEM DINHEIRO/CHEQUE           ;   ;ediziene   ;18:14
230653                            ;02/01/2025;    ;533907;007;    ;0063409;SIRLEIDE SOUZA                                    ;(87)99164-8538 ;010;101;RDN7A69;     294,50;    0,39;02/01/2025;82;ENDERECO NAO ENCONTRADO       ;DER;ediziene   ;18:13
230653                            ;02/01/2025;    ;533908;007;    ;0053126;REST FLOR DO CAMPO                                ;(74)98816-8896 ;010;103;RDN7A69;     211,30;    0,22;02/01/2025;72;PDV FECHADO (HORARIO COM.)    ;   ;ediziene   ;18:15
230653                            ;02/01/2025;    ;533912;007;    ;0062579;PANIFICADORA LANCHON                              ;(74)98802-6904 ;010;104;RDN7A69;     222,34;    0,45;02/01/2025;71;SEM DINHEIRO/CHEQUE           ;   ;ediziene   ;18:16
230653                            ;02/01/2025;    ;533946;007;    ;0055414;GM DIST. DE BEBIDAS                               ;(74)98106-4196 ;010;103;RDN7A69;     225,20;    0,23;02/01/2025;23;(C)Pedidos duplicados         ;   ;ediziene   ;18:17
230654                            ;02/01/2025;    ;533951;007;    ;0060274;SAMUEL VARIEDADES                                 ;(74)99975-1318 ;010;106;LKI1H89;     273,20;    0,52;02/01/2025;32;ENTREGA ATRASADA (BUFFER)     ;   ;ediziene   ;16:22
230654                            ;02/01/2025;    ;533967;007;    ;0057130;JOAO BOSCO                                        ;(74)98813-3752 ;010;106;LKI1H89;     215,82;    0,30;02/01/2025;32;ENTREGA ATRASADA (BUFFER)     ;   ;ediziene   ;16:21
230655                            ;02/01/2025;    ;533976;007;    ;0025846;COMERCIAL AUZENILDE                               ;(74)98855-0016 ;010;102;LKI1H89;     295,50;    0,39;03/01/2025;72;PDV FECHADO (HORARIO COM.)    ;   ;silva      ;13:38
230655                            ;02/01/2025;    ;533979;007;    ;0064771;NILTON DEPÓSITO                                   ;(74)98855-2865 ;010;111;LKI1H89;      66,44;    0,01;03/01/2025;72;PDV FECHADO (HORARIO COM.)    ;   ;silva      ;13:37
230655                            ;02/01/2025;    ;533980;007;    ;0064771;NILTON DEPÓSITO                                   ;(74)98855-2865 ;010;111;LKI1H89;     323,40;    0,41;03/01/2025;72;PDV FECHADO (HORARIO COM.)    ;   ;silva      ;13:37
230655                            ;02/01/2025;    ;533981;007;    ;0064771;NILTON DEPÓSITO                                   ;(74)98855-2865 ;010;111;LKI1H89;      24,90;    0,04;03/01/2025;72;PDV FECHADO (HORARIO COM.)    ;   ;silva      ;13:37
230655                            ;02/01/2025;    ;533986;007;    ;0064508;JACARE BAR                                        ;(74)98829-9244 ;010;110;LKI1H89;      40,80;    0,12;03/01/2025;72;PDV FECHADO (HORARIO COM.)    ;   ;silva      ;13:39
230655                            ;02/01/2025;    ;533987;007;    ;0064508;JACARE BAR                                        ;(74)98829-9244 ;010;110;LKI1H89;      37,10;    0,04;03/01/2025;72;PDV FECHADO (HORARIO COM.)    ;   ;silva      ;13:39
230655                            ;02/01/2025;    ;533993;007;    ;0062316;VAPOR242                                          ;(74)98802-8806 ;010;110;LKI1H89;     288,78;    0,31;03/01/2025;72;PDV FECHADO (HORARIO COM.)    ;   ;silva      ;13:38
230655                            ;02/01/2025;    ;534001;007;    ;0064103;LISLEY DISTRIBUIDORA                              ;(74)98828-3708 ;010;102;LKI1H89;     159,63;    0,21;03/01/2025;32;ENTREGA ATRASADA (BUFFER)     ;   ;silva      ;13:39
230655                            ;02/01/2025;    ;534002;007;    ;0057234;JR DISTRIBUIDORA                                  ;(74)98144-6485 ;010;102;LKI1H89;     579,20;    0,77;03/01/2025;72;PDV FECHADO (HORARIO COM.)    ;   ;silva      ;13:38
230656                            ;02/01/2025;    ;534044;007;    ;0057437;BAR E LAN. DA CORRIN                              ;(74)98836-6991 ;020;201;NZM4666;     108,63;    0,13;03/01/2025;87;TEMPO INSUFICIENTE            ;   ;silva      ;16:35
230656                            ;02/01/2025;    ;534045;007;    ;0057437;BAR E LAN. DA CORRIN                              ;(74)98836-6991 ;020;201;NZM4666;     326,38;    0,35;03/01/2025;87;TEMPO INSUFICIENTE            ;   ;silva      ;16:36
230660                            ;02/01/2025;    ;534108;007;    ;0052959;MAISA DISTRIBUIDORA                               ;(74)98155-6447 ;010;111;RPP0E77;     597,92;    0,77;03/01/2025;32;ENTREGA ATRASADA (BUFFER)     ;   ;silva      ;13:28
230660                            ;02/01/2025;    ;534109;007;    ;0052959;MAISA DISTRIBUIDORA                               ;(74)98155-6447 ;010;111;RPP0E77;     109,47;    0,13;03/01/2025;32;ENTREGA ATRASADA (BUFFER)     ;   ;silva      ;13:28
230660                            ;02/01/2025;    ;534112;007;    ;0065174;BAR DONA CALMA                                    ;(74)98823-3914 ;010;102;RPP0E77;     701,00;    0,84;03/01/2025;71;SEM DINHEIRO/CHEQUE           ;DER;silva      ;13:28
230660                            ;02/01/2025;    ;534123;007;    ;0050837;MERCADINHO DINOSSAUR                              ;(74)99984-1254 ;080;810;RPP0E77;     539,00;    0,69;03/01/2025;32;ENTREGA ATRASADA (BUFFER)     ;DER;silva      ;13:27
230660                            ;02/01/2025;    ;534124;007;    ;0050837;MERCADINHO DINOSSAUR                              ;(74)99984-1254 ;080;810;RPP0E77;    1222,10;    1,57;03/01/2025;32;ENTREGA ATRASADA (BUFFER)     ;   ;silva      ;13:27
230660                            ;02/01/2025;    ;534139;007;    ;0000805;BAR DO GALEGO                                     ;(74) 3611-5372 ;010;103;RPP0E77;     742,80;    1,06;03/01/2025;72;PDV FECHADO (HORARIO COM.)    ;   ;silva      ;13:29
230660                            ;02/01/2025;    ;534140;007;    ;0000805;BAR DO GALEGO                                     ;(74) 3611-5372 ;010;103;RPP0E77;     431,20;    0,55;03/01/2025;72;PDV FECHADO (HORARIO COM.)    ;   ;silva      ;13:30
230660                            ;02/01/2025;    ;534141;007;    ;0000805;BAR DO GALEGO                                     ;(74) 3611-5372 ;010;103;RPP0E77;      67,86;    0,08;03/01/2025;72;PDV FECHADO (HORARIO COM.)    ;   ;silva      ;13:30
230660                            ;02/01/2025;    ;534145;007;    ;0053108;MERCEARIA ALMEIDA                                 ;(74)98825-2174 ;010;103;RPP0E77;    2059,34;    2,82;03/01/2025;32;ENTREGA ATRASADA (BUFFER)     ;   ;silva      ;13:26
230660                            ;02/01/2025;    ;534146;007;    ;0053108;MERCEARIA ALMEIDA                                 ;(74)98825-2174 ;010;103;RPP0E77;      44,04;    0,12;03/01/2025;32;ENTREGA ATRASADA (BUFFER)     ;   ;silva      ;13:26
230661                            ;02/01/2025;    ;534148;007;    ;0057959;EMPORIO BEE                                       ;(74)98814-9798 ;010;106;SKK0A55;     269,50;    0,34;03/01/2025;32;ENTREGA ATRASADA (BUFFER)     ;   ;silva      ;17:50
230661                            ;02/01/2025;    ;534149;007;    ;0057959;EMPORIO BEE                                       ;(74)98814-9798 ;010;106;SKK0A55;     174,45;    0,21;03/01/2025;32;ENTREGA ATRASADA (BUFFER)     ;   ;silva      ;17:51
230661                            ;02/01/2025;    ;534155;007;    ;0024778;BAR E MERCEARIA SILV                              ;(74)98805-8391 ;010;106;SKK0A55;     224,70;    0,36;03/01/2025;32;ENTREGA ATRASADA (BUFFER)     ;   ;silva      ;17:49
230661                            ;02/01/2025;    ;534156;007;    ;0024778;BAR E MERCEARIA SILV                              ;(74)98805-8391 ;010;106;SKK0A55;    1078,00;    1,38;03/01/2025;32;ENTREGA ATRASADA (BUFFER)     ;   ;silva      ;17:50
230662                            ;02/01/2025;    ;534188;007;    ;0050964;distribuidora da bet                              ;(74)98802-3080 ;010;103;OZF1202;     539,00;    0,69;03/01/2025;73;FALTA DE ATIVOS DE GIRO       ;DER;silva      ;11:11
230663                            ;02/01/2025;    ;534262;007;    ;0065068;BAR DA DIANA                                      ;(74)98125-3953 ;010;104;HXN3A97;     539,00;    0,69;03/01/2025;71;SEM DINHEIRO/CHEQUE           ;   ;silva      ;15:04
230666                            ;02/01/2025;    ;534309;007;    ;0065334;MERCEARIA SERAFIM                                 ;(74)99936-4379 ;010;107;OFB8B68;     323,40;    0,41;03/01/2025;72;PDV FECHADO (HORARIO COM.)    ;DER;silva      ;17:08
230666                            ;02/01/2025;    ;534310;007;    ;0065334;MERCEARIA SERAFIM                                 ;(74)99936-4379 ;010;107;OFB8B68;     107,80;    0,13;03/01/2025;72;PDV FECHADO (HORARIO COM.)    ;   ;silva      ;17:08
230666                            ;02/01/2025;    ;534311;007;    ;0065334;MERCEARIA SERAFIM                                 ;(74)99936-4379 ;010;107;OFB8B68;      48,00;    0,12;03/01/2025;72;PDV FECHADO (HORARIO COM.)    ;   ;silva      ;17:08
230666                            ;02/01/2025;    ;534312;007;    ;0065334;MERCEARIA SERAFIM                                 ;(74)99936-4379 ;010;107;OFB8B68;      38,84;    0,12;03/01/2025;72;PDV FECHADO (HORARIO COM.)    ;   ;silva      ;17:09
230666                            ;02/01/2025;    ;534333;007;    ;0055845;GELADAO ANTUNES                                   ;(71)98838-8828 ;010;107;OFB8B68;     215,60;    0,27;03/01/2025;82;ENDERECO NAO ENCONTRADO       ;   ;silva      ;17:09
230666                            ;02/01/2025;    ;534334;007;    ;0055845;GELADAO ANTUNES                                   ;(71)98838-8828 ;010;107;OFB8B68;     107,80;    0,13;03/01/2025;82;ENDERECO NAO ENCONTRADO       ;   ;silva      ;17:10
230667                            ;02/01/2025;    ;534351;007;    ;0062405;SUPERMERCADO GADELHA                              ;(74)98819-2044 ;010;100;JII1442;     603,74;    1,41;02/01/2025;87;TEMPO INSUFICIENTE            ;   ;teles      ;19:47
230667                            ;02/01/2025;    ;534387;007;    ;0052328;MERCEARIA DAVILA                                  ;(74) 3617-5014 ;010;107;JII1442;       4,35;    0,00;02/01/2025;42;Produto/Quantidade Errada     ;   ;teles      ;19:48
230668                            ;02/01/2025;    ;534388;007;    ;0064855;CHURRASCARIA PAI E F                              ;(74)98817-6934 ;010;100;OVB5042;     406,70;    0,43;03/01/2025;32;ENTREGA ATRASADA (BUFFER)     ;DER;silva      ;13:48
230668                            ;02/01/2025;    ;534399;007;    ;0063695;BAR DE ELIANA                                     ;(75)99870-8073 ;010;100;OVB5042;      53,90;    0,06;03/01/2025;73;FALTA DE ATIVOS DE GIRO       ;   ;silva      ;13:47
230668                            ;02/01/2025;    ;534404;007;    ;0063695;BAR DE ELIANA                                     ;(75)99870-8073 ;010;100;OVB5042;     107,80;    0,13;03/01/2025;73;FALTA DE ATIVOS DE GIRO       ;   ;silva      ;13:47
230670                            ;02/01/2025;    ;534478;007;    ;0050513;CLAY LANCHES                                      ;(74)98812-9730 ;010;108;OFB8B98;     123,16;    0,07;02/01/2025;72;PDV FECHADO (HORARIO COM.)    ;   ;teles      ;20:30
230670                            ;02/01/2025;    ;534479;007;    ;0050513;CLAY LANCHES                                      ;(74)98812-9730 ;010;108;OFB8B98;     260,10;    0,08;02/01/2025;72;PDV FECHADO (HORARIO COM.)    ;   ;teles      ;20:30
230670                            ;02/01/2025;    ;534480;007;    ;0050513;CLAY LANCHES                                      ;(74)98812-9730 ;010;108;OFB8B98;     137,28;    0,24;02/01/2025;72;PDV FECHADO (HORARIO COM.)    ;   ;teles      ;20:31
230670                            ;02/01/2025;    ;534481;007;    ;0050513;CLAY LANCHES                                      ;(74)98812-9730 ;010;108;OFB8B98;      59,52;    0,08;02/01/2025;72;PDV FECHADO (HORARIO COM.)    ;   ;teles      ;20:30
230693                            ;03/01/2025;    ;534549;007;    ;0064807;DISTRI VELHO CHICO                                ;(74)99998-0239 ;020;205;RDC5J22;      41,24;    0,12;04/01/2025;71;SEM DINHEIRO/CHEQUE           ;   ;ediziene   ;18:37
230693                            ;03/01/2025;    ;534550;007;    ;0064807;DISTRI VELHO CHICO                                ;(74)99998-0239 ;020;205;RDC5J22;     592,30;    0,44;04/01/2025;71;SEM DINHEIRO/CHEQUE           ;   ;ediziene   ;18:35
230693                            ;03/01/2025;    ;534582;007;    ;0065492;HC DISTRIBUIDORA                                  ;(74)98824-5693 ;020;205;RDC5J22;       6,79;    0,00;04/01/2025;81;PRODUTO DANIFICADO / FALTA    ;   ;ediziene   ;18:38
230694                            ;03/01/2025;    ;534621;007;    ;0054421;LANCHONETE DONA ROSY                              ;(74)98818-5953 ;020;203;RPJ2H66;     480,40;    0,56;04/01/2025;73;FALTA DE ATIVOS DE GIRO       ;   ;ediziene   ;17:47
230694                            ;03/01/2025;    ;534627;007;    ;0053657;RESTAURANTE JORDAO                                ;(74)98855-8369 ;020;203;RPJ2H66;     169,36;    0,19;04/01/2025;72;PDV FECHADO (HORARIO COM.)    ;   ;ediziene   ;17:46
230694                            ;03/01/2025;    ;534628;007;    ;0053657;RESTAURANTE JORDAO                                ;(74)98855-8369 ;020;203;RPJ2H66;     162,52;    0,20;04/01/2025;72;PDV FECHADO (HORARIO COM.)    ;   ;ediziene   ;17:45
230694                            ;03/01/2025;    ;534677;007;    ;0062933;MERC JN                                           ;(74)98841-6013 ;020;204;RPJ2H66;     449,70;    0,43;04/01/2025;42;Produto/Quantidade Errada     ;   ;ediziene   ;17:46
230696                            ;03/01/2025;    ;534744;007;    ;0055180;BAR E GELADAO RENNER                              ;(74)99919-4869 ;010;109;RPP6J11;     877,50;    1,03;04/01/2025;42;Produto/Quantidade Errada     ;DER;ediziene   ;13:31
230696                            ;03/01/2025;    ;534754;007;    ;0064704;DRINKS BAR                                        ;(87)99927-8009 ;010;109;RPP6J11;      59,90;    0,06;04/01/2025;71;SEM DINHEIRO/CHEQUE           ;   ;ediziene   ;13:31
230701                            ;03/01/2025;    ;534951;007;    ;0054118;JORRINHO                                          ;(74)99919-1470 ;010;107;KJP6186;     436,76;    0,55;03/01/2025;87;TEMPO INSUFICIENTE            ;DER;aloisio    ;20:06
230701                            ;03/01/2025;    ;534952;007;    ;0054118;JORRINHO                                          ;(74)99919-1470 ;010;107;KJP6186;     346,63;    0,78;03/01/2025;87;TEMPO INSUFICIENTE            ;   ;aloisio    ;20:06
230705                            ;03/01/2025;    ;535128;007;    ;0063957;DISTRIBUIDORA NO PON                              ;(74)98842-8433 ;010;102;KJP3656;      71,80;    0,08;03/01/2025;42;Produto/Quantidade Errada     ;   ;aloisio    ;19:48
230705                            ;03/01/2025;    ;535129;007;    ;0063957;DISTRIBUIDORA NO PON                              ;(74)98842-8433 ;010;102;KJP3656;     359,00;    0,42;03/01/2025;42;Produto/Quantidade Errada     ;   ;aloisio    ;19:47
230705                            ;03/01/2025;    ;535147;007;    ;0057333;WASHINGTON CARLOS DA                              ;(74)98848-3239 ;010;106;KJP3656;    1078,00;    1,38;03/01/2025;72;PDV FECHADO (HORARIO COM.)    ;   ;aloisio    ;19:48
230707                            ;03/01/2025;    ;535177;007;    ;0064297;distribuidora morais                              ;(74)98835-7112 ;010;101;JII1442;     269,50;    0,34;03/01/2025;71;SEM DINHEIRO/CHEQUE           ;   ;silva      ;16:18
230723                            ;03/01/2025;    ;535232;007;    ;0024988;REVALLE - BONFIM                                  ;(74) 3541-6678 ;000;000;       ;   29250,00;    0,00;07/01/2025;08;Mapa nao carregado / nao canc.;   ;aloisio    ;20:55
230731                            ;04/01/2025;    ;535239;007;    ;0055875;DISTRIBUIDORA DRINKS                              ;(87)99134-1444 ;010;111;MSG0C01;      75,87;    0,12;06/01/2025;70;CLIENTE CANCELOU              ;   ;ediziene   ;17:57
230737                            ;04/01/2025;    ;535340;007;    ;0058666;DIVINA GULA                                       ;(74)98147-7901 ;020;202;NZM5543;     216,41;    0,50;05/01/2025;71;SEM DINHEIRO/CHEQUE           ;   ;silva      ;08:29
230738                            ;04/01/2025;    ;535351;007;    ;0065489;FABRICA DE SALGADOS                               ;(87)99656-9323 ;020;202;NZM9993;     675,60;    1,53;05/01/2025;72;PDV FECHADO (HORARIO COM.)    ;   ;silva      ;07:10
230738                            ;04/01/2025;    ;535352;007;    ;0065489;FABRICA DE SALGADOS                               ;(87)99656-9323 ;020;202;NZM9993;     129,60;    0,36;05/01/2025;72;PDV FECHADO (HORARIO COM.)    ;   ;silva      ;07:11
230738                            ;04/01/2025;    ;535358;007;    ;0025302;MERC. PRECO BOM                                   ;(74) 3537-2896 ;020;202;NZM9993;     780,97;    2,20;05/01/2025;72;PDV FECHADO (HORARIO COM.)    ;   ;silva      ;07:11
230738                            ;04/01/2025;    ;535359;007;    ;0025302;MERC. PRECO BOM                                   ;(74) 3537-2896 ;020;202;NZM9993;     368,81;    0,36;05/01/2025;72;PDV FECHADO (HORARIO COM.)    ;   ;silva      ;07:12
230738                            ;04/01/2025;    ;535366;007;    ;0025751;COMERCIAL MUNIZ                                   ;(74)98105-2549 ;020;202;NZM9993;     566,42;    1,05;05/01/2025;72;PDV FECHADO (HORARIO COM.)    ;   ;silva      ;07:12
230738                            ;04/01/2025;    ;535371;007;    ;0053803;MERCADINHO BARBOSA                                ;(74)98119-9694 ;020;202;NZM9993;     262,02;    0,66;05/01/2025;72;PDV FECHADO (HORARIO COM.)    ;   ;silva      ;07:13
230740                            ;04/01/2025;    ;535393;007;    ;0057004;Distribuidora BR                                  ;(74)98809-9825 ;020;200;RPM8D89;    1047,61;    1,06;04/01/2025;32;ENTREGA ATRASADA (BUFFER)     ;   ;ediziene   ;15:54
230740                            ;04/01/2025;    ;535394;007;    ;0057004;Distribuidora BR                                  ;(74)98809-9825 ;020;200;RPM8D89;     472,86;    0,71;04/01/2025;32;ENTREGA ATRASADA (BUFFER)     ;   ;ediziene   ;15:54
230740                            ;04/01/2025;    ;535395;007;    ;0057004;Distribuidora BR                                  ;(74)98809-9825 ;020;200;RPM8D89;     406,81;    0,43;04/01/2025;32;ENTREGA ATRASADA (BUFFER)     ;   ;ediziene   ;15:55
230741                            ;04/01/2025;    ;535423;007;    ;0024955;MERCADINHO GOMES                                  ;(74)98817-8548 ;010;108;OZE4956;     545,20;    0,80;04/01/2025;73;FALTA DE ATIVOS DE GIRO       ;   ;ediziene   ;16:06
230741                            ;04/01/2025;    ;535438;007;    ;0063939;MERCADINHO MILAGRE                                ;(74)98857-4004 ;010;108;OZE4956;     215,60;    0,27;04/01/2025;71;SEM DINHEIRO/CHEQUE           ;DER;ediziene   ;16:05
230742                            ;04/01/2025;    ;535457;007;    ;0064799;DISTRIB DE BEB DO LU                              ;(74)98839-4131 ;010;111;OUG2987;    1629,45;    2,07;04/01/2025;72;PDV FECHADO (HORARIO COM.)    ;DER;ediziene   ;18:03
230746                            ;04/01/2025;    ;535536;007;    ;0065104;RESTAURANT DA GALEGA                              ;(11)99395-7569 ;010;104;LKI1H89;     135,24;    0,36;04/01/2025;32;ENTREGA ATRASADA (BUFFER)     ;   ;ediziene   ;15:35
230746                            ;04/01/2025;    ;535554;007;    ;0063371;ARENA POR DO SOL                                  ;(43)90000-0000 ;010;110;LKI1H89;     289,70;    0,22;04/01/2025;50;CARGA ERRADA ARMAZEM          ;   ;ediziene   ;15:34
230747                            ;04/01/2025;    ;535584;007;    ;0063996;POWER SOM EQUIPADORA                              ;(74)98149-4146 ;010;106;RPR6D25;     258,80;    0,39;04/01/2025;72;PDV FECHADO (HORARIO COM.)    ;   ;ediziene   ;17:17
230747                            ;04/01/2025;    ;535585;007;    ;0063996;POWER SOM EQUIPADORA                              ;(74)98149-4146 ;010;106;RPR6D25;     107,80;    0,13;04/01/2025;72;PDV FECHADO (HORARIO COM.)    ;   ;ediziene   ;17:17
230748                            ;04/01/2025;    ;535616;007;    ;0050065;CALDINHO AVENIDA                                  ;(87)98849-7442 ;010;104;KJP3656;    1520,82;    1,93;04/01/2025;32;ENTREGA ATRASADA (BUFFER)     ;DER;ediziene   ;17:06
230748                            ;04/01/2025;    ;535640;007;    ;0063170;KARRANCAS BEER                                    ;(74)98801-1101 ;010;104;KJP3656;     539,00;    0,69;04/01/2025;65;NAO FEZ PEDIDO                ;   ;ediziene   ;17:06
230751                            ;04/01/2025;    ;535712;007;    ;0003312;COMERCIAL VITORIA                                 ;(74)98816-2309 ;010;111;SJQ6G42;     266,80;    1,80;04/01/2025;42;Produto/Quantidade Errada     ;   ;teles      ;19:  
230752                            ;04/01/2025;    ;535760;007;    ;0058646;MERCEARIA SOARES                                  ;(74)98835-4220 ;010;103;OFB8B68;     179,60;    0,22;04/01/2025;42;Produto/Quantidade Errada     ;   ;ediziene   ;16:52
230752                            ;04/01/2025;    ;535762;007;    ;0058646;MERCEARIA SOARES                                  ;(74)98835-4220 ;010;103;OFB8B68;    1077,00;    1,26;04/01/2025;42;Produto/Quantidade Errada     ;   ;ediziene   ;16:52
230756                            ;04/01/2025;    ;535864;007;    ;0057784;MERCADINHO TODO DIA                               ;(74)98807-0991 ;080;810;JII1442;      31,96;    0,04;04/01/2025;42;Produto/Quantidade Errada     ;DER;ediziene   ;15:05
230756                            ;04/01/2025;    ;535870;007;    ;0051369;BAR DA KASSIA                                     ;(74) 8834-0990 ;010;104;JII1442;      70,00;    0,06;04/01/2025;42;Produto/Quantidade Errada     ;   ;ediziene   ;15:05
230756                            ;04/01/2025;    ;535872;007;    ;0057141;MERCADINHO DESTAK                                 ;(74)98816-6579 ;010;104;JII1442;    3036,62;    3,39;04/01/2025;72;PDV FECHADO (HORARIO COM.)    ;   ;ediziene   ;15:06
230756                            ;04/01/2025;    ;535873;007;    ;0057141;MERCADINHO DESTAK                                 ;(74)98816-6579 ;010;104;JII1442;     739,15;    1,14;04/01/2025;72;PDV FECHADO (HORARIO COM.)    ;   ;ediziene   ;15:07
230757                            ;04/01/2025;    ;535901;007;    ;0056748;ROMARIO SILVA DE SAL                              ;(74)98834-3272 ;010;104;OFB8B98;     850,66;    1,31;04/01/2025;72;PDV FECHADO (HORARIO COM.)    ;   ;ediziene   ;18:13
230757                            ;04/01/2025;    ;535902;007;    ;0056748;ROMARIO SILVA DE SAL                              ;(74)98834-3272 ;010;104;OFB8B98;    3238,64;    4,34;04/01/2025;72;PDV FECHADO (HORARIO COM.)    ;   ;ediziene   ;18:13
230759                            ;04/01/2025;    ;535945;007;    ;0055830;IMPERIO DISTRI                                    ;(74)99962-5152 ;010;100;NZM4666;      13,04;    0,01;04/01/2025;42;Produto/Quantidade Errada     ;   ;ediziene   ;14:01
230759                            ;04/01/2025;    ;535946;007;    ;0055830;IMPERIO DISTRI                                    ;(74)99962-5152 ;010;100;NZM4666;       5,22;    0,00;04/01/2025;42;Produto/Quantidade Errada     ;   ;ediziene   ;14:01
230761                            ;04/01/2025;    ;535996;007;    ;0000632;BAR DO VADINHO                                    ;(74)98834-4783 ;010;110;EFV3713;    1163,53;    1,33;04/01/2025;73;FALTA DE ATIVOS DE GIRO       ;   ;ediziene   ;16:46
230761                            ;04/01/2025;    ;535997;007;    ;0000632;BAR DO VADINHO                                    ;(74)98834-4783 ;010;110;EFV3713;    1217,99;    1,40;04/01/2025;73;FALTA DE ATIVOS DE GIRO       ;   ;ediziene   ;16:47
230761                            ;04/01/2025;    ;535998;007;    ;0000632;BAR DO VADINHO                                    ;(74)98834-4783 ;010;110;EFV3713;     381,19;    0,48;04/01/2025;73;FALTA DE ATIVOS DE GIRO       ;DER;ediziene   ;16:47
230762                            ;04/01/2025;    ;536008;007;    ;0056365;MERCEARIA AVENIDA                                 ;(74)98838-8275 ;010;104;KGU0H03;     539,00;    0,69;04/01/2025;73;FALTA DE ATIVOS DE GIRO       ;   ;ediziene   ;17:58
230778                            ;05/01/2025;    ;536054;007;    ;0056420;DISTR. KADU                                       ;(74)99924-1368 ;020;205;SJQ6G42;       9,57;    0,02;06/01/2025;42;Produto/Quantidade Errada     ;   ;aloisio    ;01:25
230779                            ;05/01/2025;    ;536082;007;    ;0064928;ZECAIO                                            ;(74)98829-7573 ;020;204;RCP2C35;     107,80;    0,13;06/01/2025;72;PDV FECHADO (HORARIO COM.)    ;   ;ediziene   ;14:10
230779                            ;05/01/2025;    ;536083;007;    ;0064928;ZECAIO                                            ;(74)98829-7573 ;020;204;RCP2C35;     269,50;    0,34;06/01/2025;72;PDV FECHADO (HORARIO COM.)    ;   ;aloisio    ;01:32
230779                            ;05/01/2025;    ;536084;007;    ;0064928;ZECAIO                                            ;(74)98829-7573 ;020;204;RCP2C35;      79,98;    0,24;06/01/2025;72;PDV FECHADO (HORARIO COM.)    ;   ;aloisio    ;01:32
230780                            ;05/01/2025;    ;536118;007;    ;0053310;DIST. SUP COMPRE BEM                              ;(74)99192-0244 ;020;203;RPM8D89;      54,78;    0,06;06/01/2025;50;CARGA ERRADA ARMAZEM          ;   ;aloisio    ;01:38
230780                            ;05/01/2025;    ;536119;007;    ;0057393;Mercadinho Da Mariza                              ;(74)99927-5523 ;020;204;RPM8D89;     107,80;    0,13;06/01/2025;72;PDV FECHADO (HORARIO COM.)    ;   ;aloisio    ;01:40
230780                            ;05/01/2025;    ;536120;007;    ;0057393;Mercadinho Da Mariza                              ;(74)99927-5523 ;020;204;RPM8D89;     223,88;    0,68;06/01/2025;72;PDV FECHADO (HORARIO COM.)    ;   ;aloisio    ;01:39
230780                            ;05/01/2025;    ;536121;007;    ;0057393;Mercadinho Da Mariza                              ;(74)99927-5523 ;020;204;RPM8D89;     125,17;    0,16;06/01/2025;72;PDV FECHADO (HORARIO COM.)    ;   ;aloisio    ;01:41
230784                            ;06/01/2025;    ;536150;007;    ;0063558;BAR DA ELIVANIA                                   ;(74)99815-6222 ;020;202;NZM5543;     307,64;    0,51;07/01/2025;73;FALTA DE ATIVOS DE GIRO       ;DER;silva      ;15:58
230784                            ;06/01/2025;    ;536154;007;    ;0052384;COMERCIAL SANTOS                                  ;(87)99935-5351 ;020;202;NZM5543;     219,85;    0,29;07/01/2025;73;FALTA DE ATIVOS DE GIRO       ;   ;silva      ;15:56
230784                            ;06/01/2025;    ;536155;007;    ;0052384;COMERCIAL SANTOS                                  ;(87)99935-5351 ;020;202;NZM5543;      52,78;    0,12;07/01/2025;73;FALTA DE ATIVOS DE GIRO       ;   ;silva      ;15:57
230785                            ;06/01/2025;    ;536215;007;    ;0053929;GELADaO CACIQUE                                   ;(74)99975-8643 ;010;109;RCQ9D86;     928,50;    1,03;06/01/2025;73;FALTA DE ATIVOS DE GIRO       ;   ;teles      ;20:20
230786                            ;06/01/2025;    ;536231;007;    ;0065460;GELADAO PAI E FILHO                               ;(74)99148-6581 ;010;109;RPP6J11;      83,52;    0,12;07/01/2025;71;SEM DINHEIRO/CHEQUE           ;   ;silva      ;17:16
230786                            ;06/01/2025;    ;536232;007;    ;0065460;GELADAO PAI E FILHO                               ;(74)99148-6581 ;010;109;RPP6J11;     164,91;    0,48;07/01/2025;71;SEM DINHEIRO/CHEQUE           ;   ;silva      ;17:16
230786                            ;06/01/2025;    ;536233;007;    ;0065460;GELADAO PAI E FILHO                               ;(74)99148-6581 ;010;109;RPP6J11;      85,92;    0,12;07/01/2025;71;SEM DINHEIRO/CHEQUE           ;   ;silva      ;17:17
230786                            ;06/01/2025;    ;536234;007;    ;0065460;GELADAO PAI E FILHO                               ;(74)99148-6581 ;010;109;RPP6J11;      50,02;    0,06;07/01/2025;71;SEM DINHEIRO/CHEQUE           ;   ;silva      ;17:15
230786                            ;06/01/2025;    ;536235;007;    ;0065460;GELADAO PAI E FILHO                               ;(74)99148-6581 ;010;109;RPP6J11;    2748,90;    3,51;07/01/2025;71;SEM DINHEIRO/CHEQUE           ;   ;silva      ;17:15
230787                            ;06/01/2025;    ;536306;007;    ;0054885;BAR TOCA DAS ONCAS                                ;(74)99804-1541 ;020;204;RPJ2H66;     504,90;    0,80;07/01/2025;72;PDV FECHADO (HORARIO COM.)    ;DER;silva      ;16:39
230787                            ;06/01/2025;    ;536326;007;    ;0057177;Bar Maria Do Bina                                 ;(74)99901-2013 ;020;204;RPJ2H66;      28,65;    0,12;07/01/2025;72;PDV FECHADO (HORARIO COM.)    ;   ;silva      ;16:38
230788                            ;06/01/2025;    ;536388;007;    ;0064865;BAR DO ORIM                                       ;(74)98858-5742 ;020;200;SJQ9B60;      52,78;    0,12;06/01/2025;42;Produto/Quantidade Errada     ;   ;ediziene   ;17:17
230789                            ;06/01/2025;    ;536459;007;    ;0052986;BAR DO RONA                                       ;(74) 9907-3751 ;020;203;RPM8F89;     121,68;    0,14;09/01/2025;73;FALTA DE ATIVOS DE GIRO       ;   ;silva      ;15:41
230789                            ;06/01/2025;    ;536460;007;    ;0052986;BAR DO RONA                                       ;(74) 9907-3751 ;020;203;RPM8F89;     116,37;    0,14;09/01/2025;73;FALTA DE ATIVOS DE GIRO       ;   ;silva      ;15:41
230789                            ;06/01/2025;    ;536469;007;    ;0055734;Bar Vereda Do Morro                               ;(74)99932-1273 ;020;203;RPM8F89;      17,28;    0,02;09/01/2025;71;SEM DINHEIRO/CHEQUE           ;   ;silva      ;15:39
230790                            ;06/01/2025;    ;536513;007;    ;0055593;PIZZARIA PAULISTA                                 ;(74)99996-1531 ;020;205;RDC5J22;     571,61;    0,97;08/01/2025;72;PDV FECHADO (HORARIO COM.)    ;DER;teles      ;19:51
230790                            ;06/01/2025;    ;536514;007;    ;0055593;PIZZARIA PAULISTA                                 ;(74)99996-1531 ;020;205;RDC5J22;       3,75;    0,00;08/01/2025;72;PDV FECHADO (HORARIO COM.)    ;   ;teles      ;19:50
230794                            ;06/01/2025;    ;536636;007;    ;0051699;COMERCIAL ILDEMARIO                               ;(74)99138-3275 ;020;203;RPP7B52;      56,25;    0,02;06/01/2025;42;Produto/Quantidade Errada     ;   ;teles      ;18:31
230795                            ;06/01/2025;    ;536711;007;    ;0064766;ADOLFO JOSE SANTANA                               ;(74)98816-0348 ;020;201;SKK0A55;     346,40;    0,35;07/01/2025;42;Produto/Quantidade Errada     ;   ;silva      ;16:52
230797                            ;06/01/2025;    ;536780;007;    ;0050432;MERC. CARVALHO                                    ;(74) 3523-6007 ;020;202;RPP0E77;     340,80;    0,96;07/01/2025;42;Produto/Quantidade Errada     ;   ;silva      ;14:48
230802                            ;06/01/2025;    ;536951;007;    ;0064191;VERDURAO HORTIFRUTI                               ;(74)98813-5497 ;020;200;SKK2A65;     105,56;    0,24;07/01/2025;42;Produto/Quantidade Errada     ;   ;silva      ;14:52
230802                            ;06/01/2025;    ;536960;007;    ;0064302;ENCONTRO DOS AMIGOS                               ;(74)99940-2988 ;020;200;SKK2A65;     539,00;    0,69;07/01/2025;42;Produto/Quantidade Errada     ;DER;silva      ;14:51
230807                            ;06/01/2025;    ;537060;007;    ;0052595;MERCADINHO OLIVEIRA                               ;(87)99992-1088 ;010;108;NZM4666;     808,50;    1,03;07/01/2025;50;CARGA ERRADA ARMAZEM          ;DER;aloisio    ;18:39
230807                            ;06/01/2025;    ;537061;007;    ;0052595;MERCADINHO OLIVEIRA                               ;(87)99992-1088 ;010;108;NZM4666;     808,50;    1,03;07/01/2025;50;CARGA ERRADA ARMAZEM          ;DER;aloisio    ;18:39
230807                            ;06/01/2025;    ;537062;007;    ;0052595;MERCADINHO OLIVEIRA                               ;(87)99992-1088 ;010;108;NZM4666;     808,50;    1,03;07/01/2025;50;CARGA ERRADA ARMAZEM          ;DER;aloisio    ;18:40
230807                            ;06/01/2025;    ;537063;007;    ;0052595;MERCADINHO OLIVEIRA                               ;(87)99992-1088 ;010;108;NZM4666;      77,42;    0,12;07/01/2025;50;CARGA ERRADA ARMAZEM          ;DER;aloisio    ;18:38
230807                            ;06/01/2025;    ;537064;007;    ;0052595;MERCADINHO OLIVEIRA                               ;(87)99992-1088 ;010;108;NZM4666;     933,38;    2,00;07/01/2025;50;CARGA ERRADA ARMAZEM          ;   ;aloisio    ;18:40
230807                            ;06/01/2025;    ;537065;007;    ;0052595;MERCADINHO OLIVEIRA                               ;(87)99992-1088 ;010;108;NZM4666;     359,00;    0,42;07/01/2025;50;CARGA ERRADA ARMAZEM          ;   ;aloisio    ;18:38
230807                            ;06/01/2025;    ;537066;007;    ;0052595;MERCADINHO OLIVEIRA                               ;(87)99992-1088 ;010;108;NZM4666;      23,78;    0,02;07/01/2025;50;CARGA ERRADA ARMAZEM          ;   ;aloisio    ;18:42
230809                            ;06/01/2025;    ;537130;007;    ;0057559;Andreza Distribuidor                              ;(74)98145-8727 ;010;104;LKI1H89;     431,20;    0,55;06/01/2025;32;ENTREGA ATRASADA (BUFFER)     ;   ;ediziene   ;13:24
230809                            ;06/01/2025;    ;537131;007;    ;0057559;Andreza Distribuidor                              ;(74)98145-8727 ;010;104;LKI1H89;     185,60;    0,22;06/01/2025;32;ENTREGA ATRASADA (BUFFER)     ;   ;ediziene   ;13:28
230809                            ;06/01/2025;    ;537135;007;    ;0056579;TOP DISTRIBUIDORA                                 ;(74)98842-7151 ;010;104;LKI1H89;     142,60;    0,16;06/01/2025;72;PDV FECHADO (HORARIO COM.)    ;   ;ediziene   ;13:29
230809                            ;06/01/2025;    ;537136;007;    ;0056579;TOP DISTRIBUIDORA                                 ;(74)98842-7151 ;010;104;LKI1H89;      24,90;    0,04;06/01/2025;72;PDV FECHADO (HORARIO COM.)    ;   ;ediziene   ;13:29
230809                            ;06/01/2025;    ;537142;007;    ;0025628;SABOR DA CASA                                     ;(74)99960-8328 ;010;110;LKI1H89;     592,30;    0,63;06/01/2025;72;PDV FECHADO (HORARIO COM.)    ;DER;ediziene   ;13:29
230810                            ;06/01/2025;    ;537147;007;    ;0024045;MERC. E GELADAO TITA                              ;(74)98857-1811 ;010;100;LKI1H89;     542,90;    0,68;06/01/2025;72;PDV FECHADO (HORARIO COM.)    ;   ;teles      ;18:37
230810                            ;06/01/2025;    ;537156;007;    ;0055884;DISTRIB DO BAIXINHO                               ;(74)98843-3416 ;010;107;LKI1H89;     112,43;    0,14;06/01/2025;73;FALTA DE ATIVOS DE GIRO       ;   ;teles      ;18:36
230810                            ;06/01/2025;    ;537162;007;    ;0054908;MERC. LUZINETE                                    ;(74)99123-8602 ;010;107;LKI1H89;      91,30;    0,10;06/01/2025;42;Produto/Quantidade Errada     ;DER;teles      ;18:37
230811                            ;06/01/2025;    ;537175;007;    ;0065197;DISTRIBUIDORA DOIS I                              ;(74)99978-8153 ;010;105;KJP3656;    1514,90;    1,86;07/01/2025;32;ENTREGA ATRASADA (BUFFER)     ;DER;silva      ;11:02
230811                            ;06/01/2025;    ;537189;007;    ;0000622;MERCEARIA TRIUNFO                                 ;(74)98842-1160 ;010;101;KJP3656;     492,24;    0,91;07/01/2025;71;SEM DINHEIRO/CHEQUE           ;   ;silva      ;11:03
230811                            ;06/01/2025;    ;537200;007;    ;0051939;DEPOSITO 2 IRMAS                                  ;(74) 3611-6379 ;010;110;KJP3656;      35,44;    0,06;07/01/2025;42;Produto/Quantidade Errada     ;   ;silva      ;11:01
230811                            ;06/01/2025;    ;537201;007;    ;0051939;DEPOSITO 2 IRMAS                                  ;(74) 3611-6379 ;010;110;KJP3656;     291,05;    0,84;07/01/2025;42;Produto/Quantidade Errada     ;   ;silva      ;11:01
230811                            ;06/01/2025;    ;537202;007;    ;0051939;DEPOSITO 2 IRMAS                                  ;(74) 3611-6379 ;010;110;KJP3656;      10,43;    0,01;07/01/2025;42;Produto/Quantidade Errada     ;   ;silva      ;11:  
230815                            ;06/01/2025;    ;537260;007;    ;0001131;RUGIS BAR                                         ;(74)99909-7338 ;010;110;PKK0690;    1621,98;    2,28;06/01/2025;72;PDV FECHADO (HORARIO COM.)    ;   ;ediziene   ;17:37
230815                            ;06/01/2025;    ;537261;007;    ;0052761;MERCADINHO CAJUEIRO                               ;(74)98807-4724 ;010;105;PKK0690;    1174,76;    1,44;06/01/2025;72;PDV FECHADO (HORARIO COM.)    ;   ;ediziene   ;17:36
230817                            ;06/01/2025;    ;537306;007;    ;0057538;MERCADINHO LI                                     ;(74)98845-3052 ;010;101;OVB5042;     217,12;    0,34;06/01/2025;42;Produto/Quantidade Errada     ;   ;teles      ;18:42
230817                            ;06/01/2025;    ;537331;007;    ;0064947;LUCAS MATHEUS DA SIL                              ;(74)99920-3720 ;010;110;OVB5042;     124,18;    0,19;06/01/2025;72;PDV FECHADO (HORARIO COM.)    ;   ;teles      ;18:43
230817                            ;06/01/2025;    ;537339;007;    ;0060869;BAR DA DIDI                                       ;(74)97400-7240 ;010;100;OVB5042;     269,50;    0,34;06/01/2025;71;SEM DINHEIRO/CHEQUE           ;DER;teles      ;18:42
230817                            ;06/01/2025;    ;537345;007;    ;0063431;Donna do espeto                                   ;(74)99802-8928 ;010;110;OVB5042;     161,70;    0,20;06/01/2025;85;DIFICIL ACESSO                ;   ;teles      ;18:44
230817                            ;06/01/2025;    ;537346;007;    ;0063431;Donna do espeto                                   ;(74)99802-8928 ;010;110;OVB5042;     185,50;    0,21;06/01/2025;85;DIFICIL ACESSO                ;   ;teles      ;18:44
230817                            ;06/01/2025;    ;537347;007;    ;0063431;Donna do espeto                                   ;(74)99802-8928 ;010;110;OVB5042;      36,64;    0,01;06/01/2025;85;DIFICIL ACESSO                ;   ;teles      ;18:43
230817                            ;06/01/2025;    ;537348;007;    ;0063431;Donna do espeto                                   ;(74)99802-8928 ;010;110;OVB5042;      47,04;    0,06;06/01/2025;85;DIFICIL ACESSO                ;   ;teles      ;18:43
230817                            ;06/01/2025;    ;537349;007;    ;0062578;DEPOSITO ANDRESSA                                 ;(74)98872-7958 ;010;104;OVB5042;     187,43;    0,29;06/01/2025;72;PDV FECHADO (HORARIO COM.)    ;   ;teles      ;18:42
230818                            ;06/01/2025;    ;537356;007;    ;0054773;KIPAO                                             ;(74) 3611-7422 ;010;106;KJP6186;     607,44;    1,11;06/01/2025;86;HORARIO DE ENTREGA            ;   ;teles      ;20:18
230818                            ;06/01/2025;    ;537363;007;    ;0052137;BAR ENCONTRO DOS IRM                              ;(74)98857-1359 ;010;106;KJP6186;     856,60;    1,30;06/01/2025;87;TEMPO INSUFICIENTE            ;DER;teles      ;20:17
230818                            ;06/01/2025;    ;537364;007;    ;0063259;LR DISTRIBUIDORA                                  ;(74)99934-2215 ;010;106;KJP6186;    1022,30;    1,44;06/01/2025;87;TEMPO INSUFICIENTE            ;   ;teles      ;20:16
230818                            ;06/01/2025;    ;537365;007;    ;0063259;LR DISTRIBUIDORA                                  ;(74)99934-2215 ;010;106;KJP6186;      35,90;    0,04;06/01/2025;87;TEMPO INSUFICIENTE            ;   ;teles      ;20:15
230818                            ;06/01/2025;    ;537366;007;    ;0052687;MERCADINHO MATOS                                  ;(74)98839-3907 ;010;104;KJP6186;     367,10;    0,38;06/01/2025;87;TEMPO INSUFICIENTE            ;   ;teles      ;20:15
230818                            ;06/01/2025;    ;537367;007;    ;0052687;MERCADINHO MATOS                                  ;(74)98839-3907 ;010;104;KJP6186;     700,70;    0,89;06/01/2025;87;TEMPO INSUFICIENTE            ;   ;teles      ;20:15
230818                            ;06/01/2025;    ;537391;007;    ;0056726;BAR E REST 7 PORTAS                               ;(74)98817-3734 ;010;110;KJP6186;      92,04;    0,24;06/01/2025;72;PDV FECHADO (HORARIO COM.)    ;DER;teles      ;20:17
230818                            ;06/01/2025;    ;537392;007;    ;0056726;BAR E REST 7 PORTAS                               ;(74)98817-3734 ;010;110;KJP6186;     256,91;    0,59;06/01/2025;72;PDV FECHADO (HORARIO COM.)    ;   ;teles      ;20:16
230819                            ;06/01/2025;    ;537425;007;    ;0052651;MERCEARIA DA CLEIDE                               ;(74)98872-9284 ;010;101;JII1442;    1000,00;    1,35;06/01/2025;50;CARGA ERRADA ARMAZEM          ;DER;teles      ;20:12
230824                            ;06/01/2025;    ;537100;007;    ;0063620;ADEGA DISTRIBUIDORA                               ;(74)98857-2031 ;010;103;MSG0C01;     246,68;    0,34;10/01/2025;87;TEMPO INSUFICIENTE            ;   ;silva      ;17:08
230824                            ;06/01/2025;    ;537101;007;    ;0063620;ADEGA DISTRIBUIDORA                               ;(74)98857-2031 ;010;103;MSG0C01;     107,80;    0,13;10/01/2025;87;TEMPO INSUFICIENTE            ;DER;silva      ;17:07
230857                            ;07/01/2025;    ;537639;007;    ;0050305;CASA LOPES                                        ;(74)99193-4158 ;020;205;RPP7B52;      15,00;    0,01;08/01/2025;50;CARGA ERRADA ARMAZEM          ;   ;ediziene   ;17:17
230858                            ;07/01/2025;    ;537690;007;    ;0065634;PASTEL E ESPETINHO                                ;(74)99119-8094 ;020;203;OUX8B81;      28,50;    0,12;08/01/2025;82;ENDERECO NAO ENCONTRADO       ;   ;ediziene   ;17:53
230858                            ;07/01/2025;    ;537691;007;    ;0065634;PASTEL E ESPETINHO                                ;(74)99119-8094 ;020;203;OUX8B81;     160,51;    0,40;08/01/2025;82;ENDERECO NAO ENCONTRADO       ;   ;ediziene   ;17:52
230859                            ;07/01/2025;    ;537725;007;    ;0064725;merc ponto certo                                  ;(74)98806-9148 ;020;200;SJQ9B60;     703,08;    1,87;07/01/2025;42;Produto/Quantidade Errada     ;   ;silva      ;16:43
230859                            ;07/01/2025;    ;537760;007;    ;0064786;ESPETINHO DO LAMPIAO                              ;(74)98815-6408 ;020;200;SJQ9B60;      26,39;    0,06;07/01/2025;42;Produto/Quantidade Errada     ;   ;silva      ;16:43
230860                            ;07/01/2025;    ;537826;007;    ;0050695;COMERCIAL SA                                      ;(74) 8805-5367 ;020;201;RCP2C35;      84,54;    0,11;08/01/2025;50;CARGA ERRADA ARMAZEM          ;   ;ediziene   ;17:29
230862                            ;07/01/2025;    ;537902;007;    ;0056228;SUPERM. DO VALLE                                  ;(74)98817-4945 ;020;200;RDC8F64;       5,47;    0,01;08/01/2025;42;Produto/Quantidade Errada     ;   ;teles      ;19:48
230862                            ;07/01/2025;    ;537903;007;    ;0056228;SUPERM. DO VALLE                                  ;(74)98817-4945 ;020;200;RDC8F64;      33,48;    0,12;08/01/2025;42;Produto/Quantidade Errada     ;   ;teles      ;19:47
230866                            ;07/01/2025;    ;538030;007;    ;0058521;CHURRASCARIA ESTANCI                              ;(49)99119-3623 ;010;110;HXN3A97;     820,14;    0,87;07/01/2025;71;SEM DINHEIRO/CHEQUE           ;   ;silva      ;17:13
230867                            ;07/01/2025;    ;538055;007;    ;0062834;HULK BAR                                          ;(71)98163-9107 ;010;101;RPR6D25;      91,62;    0,13;07/01/2025;71;SEM DINHEIRO/CHEQUE           ;   ;silva      ;17:41
230867                            ;07/01/2025;    ;538066;007;    ;0062719;NO GRAU                                           ;(43)90000-0000 ;010;103;RPR6D25;     496,84;    0,58;07/01/2025;72;PDV FECHADO (HORARIO COM.)    ;   ;silva      ;17:40
230876                            ;07/01/2025;    ;538333;007;    ;0056041;Gelo e Sal                                        ;(87)98141-0010 ;010;110;LKI1H89;    1499,00;    1,44;07/01/2025;73;FALTA DE ATIVOS DE GIRO       ;   ;silva      ;15:17
230876                            ;07/01/2025;    ;538334;007;    ;0005747;BAR E LANC NOVO HORI                              ;(74)98801-6470 ;010;101;LKI1H89;     284,60;    0,35;07/01/2025;72;PDV FECHADO (HORARIO COM.)    ;   ;silva      ;15:16
230876                            ;07/01/2025;    ;538335;007;    ;0005747;BAR E LANC NOVO HORI                              ;(74)98801-6470 ;010;101;LKI1H89;     471,47;    0,69;07/01/2025;72;PDV FECHADO (HORARIO COM.)    ;   ;silva      ;15:17
230876                            ;07/01/2025;    ;538338;007;    ;0054686;DEP. DO LUCIANO                                   ;(74)98804-5159 ;010;101;LKI1H89;     483,72;    0,63;07/01/2025;73;FALTA DE ATIVOS DE GIRO       ;   ;silva      ;15:18
230877                            ;07/01/2025;    ;538357;007;    ;0057500;ANANIAS FELIX                                     ;(74)98863-4969 ;010;104;LKI1H89;       5,22;    0,00;07/01/2025;42;Produto/Quantidade Errada     ;DER;aloisio    ;18:51
230879                            ;07/01/2025;    ;538375;007;    ;0058106;merc. dst levante                                 ;(74)98839-0979 ;010;111;NZM4666;   11065,19;   13,01;08/01/2025;72;PDV FECHADO (HORARIO COM.)    ;   ;ediziene   ;13:24
230879                            ;07/01/2025;    ;538376;007;    ;0058106;merc. dst levante                                 ;(74)98839-0979 ;010;111;NZM4666;    8878,42;   11,38;08/01/2025;72;PDV FECHADO (HORARIO COM.)    ;   ;ediziene   ;13:25
230881                            ;07/01/2025;    ;538399;007;    ;0065576;DH BEBIDAS                                        ;(74)98845-9006 ;010;100;OVB5042;       3,19;    0,00;07/01/2025;42;Produto/Quantidade Errada     ;   ;aloisio    ;19:21
230893                            ;07/01/2025;    ;538450;007;    ;0029043;CDR CAMACARI                                      ;(19) 3313-7039 ;085;998;       ;  126420,00;    0,00;08/01/2025;03;Devolucao NFe                 ;   ;ediziene   ;15:11
230898                            ;08/01/2025;    ;538555;007;    ;0056868;OSTENTA BAR                                       ;(74)98849-2904 ;020;200;SJQ9B60;      62,22;    0,06;08/01/2025;42;Produto/Quantidade Errada     ;   ;teles      ;18:45
230907                            ;08/01/2025;    ;538971;007;    ;0052680;PANIF. MORAES E MERC                              ;(74)98817-6290 ;020;201;RPM8D89;     449,42;    0,81;10/01/2025;71;SEM DINHEIRO/CHEQUE           ;   ;silva      ;13:57
230909                            ;08/01/2025;    ;539006;007;    ;0057018;OSTENTA BAR                                       ;(74)98150-3897 ;020;202;SKK0A55;     136,08;    0,36;10/01/2025;71;SEM DINHEIRO/CHEQUE           ;DER;silva      ;13:21
230909                            ;08/01/2025;    ;539026;007;    ;0051932;BAR DO LEGAL                                      ;(74)98115-3779 ;020;202;SKK0A55;      53,90;    0,06;10/01/2025;71;SEM DINHEIRO/CHEQUE           ;DER;silva      ;13:21
230909                            ;08/01/2025;    ;539027;007;    ;0051932;BAR DO LEGAL                                      ;(74)98115-3779 ;020;202;SKK0A55;     182,08;    0,46;10/01/2025;71;SEM DINHEIRO/CHEQUE           ;   ;silva      ;13:21
230909                            ;08/01/2025;    ;539034;007;    ;0055200;PONTO DO ACAI GOUMER                              ;(74)98116-4940 ;020;202;SKK0A55;     188,09;    0,40;10/01/2025;72;PDV FECHADO (HORARIO COM.)    ;   ;silva      ;13:20
230915                            ;08/01/2025;    ;539192;007;    ;0053126;REST FLOR DO CAMPO                                ;(74)98816-8896 ;010;103;LKI1H89;       5,22;    0,00;08/01/2025;42;Produto/Quantidade Errada     ;DER;ediziene   ;13:43
230917                            ;08/01/2025;    ;539217;007;    ;0058610;DM DISTRIBUIDORA                                  ;(74)98150-4004 ;010;111;HXN3A97;    1000,77;    1,28;08/01/2025;72;PDV FECHADO (HORARIO COM.)    ;   ;teles      ;19:10
230917                            ;08/01/2025;    ;539218;007;    ;0058610;DM DISTRIBUIDORA                                  ;(74)98150-4004 ;010;111;HXN3A97;     467,00;    0,58;08/01/2025;72;PDV FECHADO (HORARIO COM.)    ;   ;teles      ;19:10
230917                            ;08/01/2025;    ;539234;007;    ;0058358;casa de carnes Levy                               ;(74)98839-6791 ;080;810;HXN3A97;       8,83;    0,00;08/01/2025;50;CARGA ERRADA ARMAZEM          ;   ;teles      ;19:10
230917                            ;08/01/2025;    ;539247;007;    ;0057126;JD DISTR DELIVERY                                 ;(74)99955-1016 ;010;105;HXN3A97;    1778,00;    2,08;08/01/2025;72;PDV FECHADO (HORARIO COM.)    ;   ;teles      ;19:10
230917                            ;08/01/2025;    ;539248;007;    ;0057126;JD DISTR DELIVERY                                 ;(74)99955-1016 ;010;105;HXN3A97;     490,00;    0,64;08/01/2025;72;PDV FECHADO (HORARIO COM.)    ;   ;teles      ;19:09
230918                            ;08/01/2025;    ;539252;007;    ;0054458;DEPOSITO JAILSON                                  ;(74)99106-4257 ;010;107;KJP6186;     808,50;    1,03;08/01/2025;87;TEMPO INSUFICIENTE            ;DER;teles      ;19:37
230918                            ;08/01/2025;    ;539253;007;    ;0054458;DEPOSITO JAILSON                                  ;(74)99106-4257 ;010;107;KJP6186;      48,00;    0,12;08/01/2025;87;TEMPO INSUFICIENTE            ;   ;teles      ;19:37
230920                            ;08/01/2025;    ;539375;007;    ;0057052;BAR DE LEDA                                       ;(74)98809-9863 ;010;106;OVB5042;       2,61;    0,00;08/01/2025;42;Produto/Quantidade Errada     ;   ;ediziene   ;17:30
230922                            ;08/01/2025;    ;539453;007;    ;0025027;DEP. ULTRAGAS                                     ;(74)99147-0726 ;010;104;NZM5543;      46,96;    0,05;10/01/2025;42;Produto/Quantidade Errada     ;   ;silva      ;13:23
230943                            ;09/01/2025;    ;539811;007;    ;0056490;BAR BOSQUE DOS AMIGO                              ;(74)99923-0395 ;020;203;RDC5J22;     235,83;    0,48;10/01/2025;81;PRODUTO DANIFICADO / FALTA    ;   ;teles      ;19:51
230951                            ;09/01/2025;    ;540089;007;    ;0064153;JJ DISTRIBUIDORA                                  ;(74)98873-4169 ;010;108;JII1442;    4633,30;    5,64;10/01/2025;32;ENTREGA ATRASADA (BUFFER)     ;   ;silva      ;14:31
230951                            ;09/01/2025;    ;540090;007;    ;0064153;JJ DISTRIBUIDORA                                  ;(74)98873-4169 ;010;108;JII1442;     270,87;    0,34;10/01/2025;32;ENTREGA ATRASADA (BUFFER)     ;   ;silva      ;14:33
230952                            ;09/01/2025;    ;540133;007;    ;0064945;ACAI DOS ANJOS                                    ;(74)98822-2474 ;010;101;RPE4C71;      32,00;    0,12;09/01/2025;42;Produto/Quantidade Errada     ;   ;aloisio    ;19:47
230954                            ;09/01/2025;    ;540223;007;    ;0024705;DEPOSITO GILSON                                   ;(74) 3617-7098 ;080;810;OFB8B98;     179,50;    0,21;09/01/2025;42;Produto/Quantidade Errada     ;   ;silva      ;16:06
230958                            ;09/01/2025;    ;540302;007;    ;0056979;Distr Do Robson                                   ;(74)98139-7438 ;010;111;LKI1H89;      27,21;    0,03;09/01/2025;42;Produto/Quantidade Errada     ;DER;silva      ;14:39
230958                            ;09/01/2025;    ;540321;007;    ;0054619;HERLANE RODRIGUES                                 ;(74)98808-0818 ;010;102;LKI1H89;       4,37;    0,00;09/01/2025;42;Produto/Quantidade Errada     ;DER;silva      ;14:39
230968                            ;09/01/2025;    ;540725;007;    ;0064027;NEIDE MARMITEX                                    ;(74)98833-2925 ;010;100;OVB5042;     269,50;    0,34;09/01/2025;72;PDV FECHADO (HORARIO COM.)    ;DER;silva      ;16:35
230968                            ;09/01/2025;    ;540726;007;    ;0064027;NEIDE MARMITEX                                    ;(74)98833-2925 ;010;100;OVB5042;     490,24;    0,73;09/01/2025;72;PDV FECHADO (HORARIO COM.)    ;   ;silva      ;16:36
230971                            ;09/01/2025;    ;540804;007;    ;0056154;TURMA DO COPO                                     ;(74)98873-1836 ;010;110;NZM9993;     977,83;    1,24;09/01/2025;72;PDV FECHADO (HORARIO COM.)    ;   ;silva      ;16:56
230993                            ;10/01/2025;    ;540887;007;    ;0062670;MERCADINHO E DISTRIB                              ;(74)99926-6208 ;010;109;RCQ9D86;     829,28;    0,97;10/01/2025;72;PDV FECHADO (HORARIO COM.)    ;   ;teles      ;19:32
230993                            ;10/01/2025;    ;540888;007;    ;0062670;MERCADINHO E DISTRIB                              ;(74)99926-6208 ;010;109;RCQ9D86;      19,12;    0,02;10/01/2025;72;PDV FECHADO (HORARIO COM.)    ;   ;teles      ;19:32
230995                            ;10/01/2025;    ;540953;007;    ;0064757;BAR CURVA                                         ;(74)98856-9495 ;020;200;SJQ9B60;     203,26;    0,30;10/01/2025;72;PDV FECHADO (HORARIO COM.)    ;   ;silva      ;15:01
230995                            ;10/01/2025;    ;540983;007;    ;0064548;DISK BREJA                                        ;(74)98848-1128 ;020;200;SJQ9B60;       3,04;    0,00;10/01/2025;42;Produto/Quantidade Errada     ;   ;silva      ;15:02
230996                            ;10/01/2025;    ;541005;007;    ;0025751;COMERCIAL MUNIZ                                   ;(74)98105-2549 ;020;202;NZM7723;       7,61;    0,00;10/01/2025;42;Produto/Quantidade Errada     ;DER;teles      ;20:19
230997                            ;10/01/2025;    ;541049;007;    ;0064431;JOTANATAS RAFAEL DOS                              ;(74)98825-1430 ;020;201;NZM9993;    1469,84;    2,08;10/01/2025;73;FALTA DE ATIVOS DE GIRO       ;   ;silva      ;17:46
230999                            ;10/01/2025;    ;541128;007;    ;0063994;DIST BELA VISTA                                   ;(74)99971-6258 ;010;107;RDJ0G42;     289,28;    0,63;10/01/2025;85;DIFICIL ACESSO                ;   ;silva      ;15:45
230999                            ;10/01/2025;    ;541129;007;    ;0059287;DISTRIBUIDORA E MERC                              ;(74)99971-6258 ;010;107;RDJ0G42;     808,50;    1,03;10/01/2025;85;DIFICIL ACESSO                ;   ;silva      ;15:44
231002                            ;10/01/2025;    ;541198;007;    ;0063282;DEPOSITO DO LEANDRO                               ;(74)98806-6355 ;010;107;PKL6654;     122,02;    0,19;10/01/2025;71;SEM DINHEIRO/CHEQUE           ;   ;silva      ;18:  
231003                            ;10/01/2025;    ;541247;007;    ;0058646;MERCEARIA SOARES                                  ;(74)98835-4220 ;010;103;RPE4C71;    2076,00;    2,76;10/01/2025;32;ENTREGA ATRASADA (BUFFER)     ;   ;silva      ;16:38
231003                            ;10/01/2025;    ;541248;007;    ;0058646;MERCEARIA SOARES                                  ;(74)98835-4220 ;010;103;RPE4C71;    1007,50;    1,19;10/01/2025;32;ENTREGA ATRASADA (BUFFER)     ;   ;silva      ;16:38
231003                            ;10/01/2025;    ;541249;007;    ;0058646;MERCEARIA SOARES                                  ;(74)98835-4220 ;010;103;RPE4C71;    1411,50;    1,69;10/01/2025;32;ENTREGA ATRASADA (BUFFER)     ;   ;silva      ;16:39
231003                            ;10/01/2025;    ;541250;007;    ;0058646;MERCEARIA SOARES                                  ;(74)98835-4220 ;010;103;RPE4C71;     211,60;    0,15;10/01/2025;32;ENTREGA ATRASADA (BUFFER)     ;   ;silva      ;16:40
231004                            ;10/01/2025;    ;541268;007;    ;0065009;MAX BURGERS HAMBURGU                              ;(87)98803-9017 ;010;101;RPR6D25;      71,69;    0,16;10/01/2025;72;PDV FECHADO (HORARIO COM.)    ;   ;teles      ;19:18
231004                            ;10/01/2025;    ;541279;007;    ;0063327;BÁRBARA LANCHES                                   ;(74)98809-6449 ;010;105;RPR6D25;      20,87;    0,02;10/01/2025;32;ENTREGA ATRASADA (BUFFER)     ;   ;teles      ;19:18
231005                            ;10/01/2025;    ;541322;007;    ;0051049;NICE LANCHES                                      ;(74)98817-3231 ;010;105;PKK8518;     269,50;    0,34;10/01/2025;71;SEM DINHEIRO/CHEQUE           ;   ;silva      ;16:14
231005                            ;10/01/2025;    ;541323;007;    ;0051049;NICE LANCHES                                      ;(74)98817-3231 ;010;105;PKK8518;     431,20;    0,55;10/01/2025;71;SEM DINHEIRO/CHEQUE           ;   ;silva      ;16:14
231005                            ;10/01/2025;    ;541324;007;    ;0051049;NICE LANCHES                                      ;(74)98817-3231 ;010;105;PKK8518;     109,94;    0,17;10/01/2025;71;SEM DINHEIRO/CHEQUE           ;   ;silva      ;16:13
231006                            ;10/01/2025;    ;541343;007;    ;0052324;DEPOSITO EUDILIO                                  ;(74)98822-8433 ;010;101;PKK0690;      16,37;    0,01;10/01/2025;68;TROCA (SEM SELO / QTDE. ERRADA;DER;teles      ;18:39
231006                            ;10/01/2025;    ;541344;007;    ;0062406;EMBAIXADOR BEBIDAS E                              ;(87)99127-0250 ;010;101;PKK0690;     200,88;    0,45;10/01/2025;72;PDV FECHADO (HORARIO COM.)    ;   ;teles      ;18:38
231006                            ;10/01/2025;    ;541345;007;    ;0062406;EMBAIXADOR BEBIDAS E                              ;(87)99127-0250 ;010;101;PKK0690;     161,70;    0,20;10/01/2025;72;PDV FECHADO (HORARIO COM.)    ;   ;teles      ;18:38
231008                            ;10/01/2025;    ;541375;007;    ;0055945;SUPERMERCADO UNIPREC                              ;(74) 3611-1177 ;080;810;RPJ2H66;     539,00;    0,69;10/01/2025;50;CARGA ERRADA ARMAZEM          ;DER;teles      ;19:42
231008                            ;10/01/2025;    ;541376;007;    ;0055945;SUPERMERCADO UNIPREC                              ;(74) 3611-1177 ;080;810;RPJ2H66;    6065,27;   10,69;10/01/2025;50;CARGA ERRADA ARMAZEM          ;   ;teles      ;19:42
231010                            ;10/01/2025;    ;541452;007;    ;0055469;MERCADINHO SILVA                                  ;(74) 9835-8597 ;010;108;OZF1202;    1297,50;    1,72;10/01/2025;42;Produto/Quantidade Errada     ;   ;silva      ;15:36
231016                            ;10/01/2025;    ;541673;007;    ;0051897;DISTR. REAL                                       ;(74)98821-3831 ;010;110;NZM4666;     719,30;    0,71;10/01/2025;87;TEMPO INSUFICIENTE            ;   ;teles      ;20:27
231016                            ;10/01/2025;    ;541674;007;    ;0051897;DISTR. REAL                                       ;(74)98821-3831 ;010;110;NZM4666;     450,94;    0,50;10/01/2025;87;TEMPO INSUFICIENTE            ;   ;teles      ;20:27
231016                            ;10/01/2025;    ;541675;007;    ;0051897;DISTR. REAL                                       ;(74)98821-3831 ;010;110;NZM4666;     545,95;    0,69;10/01/2025;87;TEMPO INSUFICIENTE            ;   ;teles      ;20:26
231016                            ;10/01/2025;    ;541676;007;    ;0051897;DISTR. REAL                                       ;(74)98821-3831 ;010;110;NZM4666;     499,18;    0,12;10/01/2025;87;TEMPO INSUFICIENTE            ;   ;teles      ;20:25
231016                            ;10/01/2025;    ;541677;007;    ;0051897;DISTR. REAL                                       ;(74)98821-3831 ;010;110;NZM4666;     216,70;    0,27;10/01/2025;87;TEMPO INSUFICIENTE            ;   ;teles      ;20:25
231016                            ;10/01/2025;    ;541678;007;    ;0051897;DISTR. REAL                                       ;(74)98821-3831 ;010;110;NZM4666;     486,73;    1,00;10/01/2025;87;TEMPO INSUFICIENTE            ;   ;teles      ;20:26
231016                            ;10/01/2025;    ;541694;007;    ;0055962;DISTR ANDRADE                                     ;(74)98859-4512 ;010;111;NZM4666;    2076,00;    2,76;10/01/2025;87;TEMPO INSUFICIENTE            ;   ;teles      ;20:27
231016                            ;10/01/2025;    ;541697;007;    ;0064150;GORDIM BEBIDAS                                    ;(74)98843-9195 ;010;106;NZM4666;     421,91;    0,68;10/01/2025;87;TEMPO INSUFICIENTE            ;   ;teles      ;20:24
231016                            ;10/01/2025;    ;541698;007;    ;0064150;GORDIM BEBIDAS                                    ;(74)98843-9195 ;010;106;NZM4666;     651,41;    0,89;10/01/2025;87;TEMPO INSUFICIENTE            ;   ;teles      ;20:27
231016                            ;10/01/2025;    ;541699;007;    ;0064150;GORDIM BEBIDAS                                    ;(74)98843-9195 ;010;106;NZM4666;     225,09;    0,28;10/01/2025;87;TEMPO INSUFICIENTE            ;   ;teles      ;20:27
231016                            ;10/01/2025;    ;541700;007;    ;0064150;GORDIM BEBIDAS                                    ;(74)98843-9195 ;010;106;NZM4666;     299,26;    0,38;10/01/2025;87;TEMPO INSUFICIENTE            ;   ;teles      ;20:27
231016                            ;10/01/2025;    ;541701;007;    ;0064150;GORDIM BEBIDAS                                    ;(74)98843-9195 ;010;106;NZM4666;     133,48;    0,09;10/01/2025;87;TEMPO INSUFICIENTE            ;   ;teles      ;20:27
231016                            ;10/01/2025;    ;541702;007;    ;0064150;GORDIM BEBIDAS                                    ;(74)98843-9195 ;010;106;NZM4666;       4,37;    0,00;10/01/2025;87;TEMPO INSUFICIENTE            ;   ;teles      ;20:27
231040                            ;13/01/2025;    ;541746;007;    ;0051771;DISTRIBUIDORA KARIRI                              ;(74)99945-9958 ;020;205;OUX8B81;      37,50;    0,01;14/01/2025;42;Produto/Quantidade Errada     ;   ;silva      ;16:04
231040                            ;13/01/2025;    ;541758;007;    ;0065266;QUIOSQUE 02                                       ;(74)99953-6109 ;020;203;OUX8B81;     860,40;    0,86;14/01/2025;42;Produto/Quantidade Errada     ;   ;silva      ;16:04
231041                            ;13/01/2025;    ;541856;007;    ;0064433;SUPERMERCADO LOURENC                              ;(43)90000-0000 ;085;997;RPP7B52;     956,88;    1,28;14/01/2025;72;PDV FECHADO (HORARIO COM.)    ;   ;silva      ;17:31
231042                            ;13/01/2025;    ;541870;007;    ;0065502;CEARA BEBIDAS                                     ;(74)99959-6132 ;020;203;SJQ6G42;      25,20;    0,02;13/01/2025;42;Produto/Quantidade Errada     ;   ;aloisio    ;19:21
231042                            ;13/01/2025;    ;541871;007;    ;0065502;CEARA BEBIDAS                                     ;(74)99959-6132 ;020;203;SJQ6G42;     210,00;    0,20;13/01/2025;42;Produto/Quantidade Errada     ;   ;aloisio    ;19:19
231042                            ;13/01/2025;    ;541872;007;    ;0065502;CEARA BEBIDAS                                     ;(74)99959-6132 ;020;203;SJQ6G42;      22,50;    0,01;13/01/2025;42;Produto/Quantidade Errada     ;   ;aloisio    ;19:20
231045                            ;13/01/2025;    ;541918;007;    ;0052842;BAR DA LEDA                                       ;(74) 3527-2137 ;020;204;RPJ2H66;     574,22;    0,79;15/01/2025;71;SEM DINHEIRO/CHEQUE           ;   ;aloisio    ;18:21
231047                            ;13/01/2025;    ;542041;007;    ;0060340;PADARIA LISBOA                                    ;(74)99903-0879 ;010;109;RPP6J11;       8,83;    0,00;13/01/2025;42;Produto/Quantidade Errada     ;   ;aloisio    ;20:12
231049                            ;13/01/2025;    ;542096;007;    ;0052994;BAR E MER DO LUCIANO                              ;(74)98110-8004 ;020;204;SKK9J61;    5290,00;    6,90;14/01/2025;32;ENTREGA ATRASADA (BUFFER)     ;   ;teles      ;19:12
231049                            ;13/01/2025;    ;542101;007;    ;0052994;BAR E MER DO LUCIANO                              ;(74)98110-8004 ;020;204;SKK9J61;       2,61;    0,00;14/01/2025;32;ENTREGA ATRASADA (BUFFER)     ;   ;teles      ;19:11
231050                            ;13/01/2025;    ;542192;007;    ;0057393;Mercadinho Da Mariza                              ;(74)99927-5523 ;020;204;RDC5J22;      44,93;    0,06;17/01/2025;71;SEM DINHEIRO/CHEQUE           ;   ;silva      ;11:14
231050                            ;13/01/2025;    ;542210;007;    ;0053896;BAR DA MONICA                                     ;(74)98141-7723 ;020;204;RDC5J22;     295,50;    0,39;17/01/2025;71;SEM DINHEIRO/CHEQUE           ;   ;silva      ;11:15
231051                            ;13/01/2025;    ;542216;007;    ;0064766;ADOLFO JOSE SANTANA                               ;(74)98816-0348 ;020;201;RDC8F64;     237,75;    0,31;14/01/2025;73;FALTA DE ATIVOS DE GIRO       ;   ;silva      ;18:08
231051                            ;13/01/2025;    ;542282;007;    ;0054040;BAR DO GENESIO.                                   ;(74)98833-4043 ;020;201;RDC8F64;     108,34;    0,13;14/01/2025;72;PDV FECHADO (HORARIO COM.)    ;DER;silva      ;18:08
231052                            ;13/01/2025;    ;542308;007;    ;0053972;BAR DA IVALDA                                     ;(74)99936-5058 ;020;201;RPE4C71;    1001,50;    1,32;14/01/2025;71;SEM DINHEIRO/CHEQUE           ;   ;silva      ;15:40
231052                            ;13/01/2025;    ;542309;007;    ;0053972;BAR DA IVALDA                                     ;(74)99936-5058 ;020;201;RPE4C71;       3,40;    0,00;14/01/2025;71;SEM DINHEIRO/CHEQUE           ;   ;silva      ;15:40
231053                            ;13/01/2025;    ;542339;007;    ;0056159;DIST.TROPICAL                                     ;(74)98118-8839 ;020;202;SKK2A65;    1029,44;    1,31;15/01/2025;85;DIFICIL ACESSO                ;   ;idute      ;09:09
231053                            ;13/01/2025;    ;542340;007;    ;0053164;MERCADINHO BERENICE                               ;(74) 3523-7028 ;020;202;SKK2A65;     458,49;    0,81;15/01/2025;85;DIFICIL ACESSO                ;   ;idute      ;09:08
231053                            ;13/01/2025;    ;542343;007;    ;0057446;BUTECO DO VAL                                     ;(74)98804-1557 ;020;202;SKK2A65;    1168,98;    1,37;15/01/2025;72;PDV FECHADO (HORARIO COM.)    ;   ;idute      ;09:07
231054                            ;13/01/2025;    ;542374;007;    ;0057681;ESPETINHO DA ZANI                                 ;(74)99102-8316 ;020;202;SKK0A55;      65,23;    0,22;16/01/2025;42;Produto/Quantidade Errada     ;   ;silva      ;09:07
231054                            ;13/01/2025;    ;542394;007;    ;0055919;DEP. LARISA                                       ;(74)98143-2775 ;020;202;SKK0A55;     492,04;    0,78;16/01/2025;42;Produto/Quantidade Errada     ;   ;silva      ;09:07
231054                            ;13/01/2025;    ;542403;007;    ;0055607;RIO CENTER                                        ;(74)98116-9411 ;020;202;SKK0A55;       5,22;    0,00;16/01/2025;42;Produto/Quantidade Errada     ;   ;silva      ;09:07
231054                            ;13/01/2025;    ;542414;007;    ;0053859;MERC. FAMILIA                                     ;(74)98108-6870 ;020;202;SKK0A55;     171,33;    0,30;16/01/2025;72;PDV FECHADO (HORARIO COM.)    ;   ;silva      ;09:08
231056                            ;13/01/2025;    ;542486;007;    ;0056063;DEPOSITO VARANDaO                                 ;(74) 8839-7577 ;020;204;RCP2C35;    4990,10;    5,83;15/01/2025;71;SEM DINHEIRO/CHEQUE           ;   ;idute      ;13:35
231059                            ;13/01/2025;    ;542578;007;    ;0055754;BIEL DISTRIBUIDORA                                ;(87)99932-3128 ;010;108;NZM5543;    2156,00;    2,76;13/01/2025;73;FALTA DE ATIVOS DE GIRO       ;DER;aloisio    ;19:15
231062                            ;13/01/2025;    ;542649;007;    ;0064127;arena e restaur top                               ;(74)98821-0131 ;010;110;RPR6D25;       7,83;    0,00;13/01/2025;42;Produto/Quantidade Errada     ;   ;silva      ;14:55
231063                            ;13/01/2025;    ;542679;007;    ;0056186;DAURI DIST BEBIDAS                                ;(74)99964-5843 ;010;111;PKL6654;    1129,87;    1,37;13/01/2025;72;PDV FECHADO (HORARIO COM.)    ;   ;aloisio    ;18:31
231063                            ;13/01/2025;    ;542684;007;    ;0065637;DISTRIBUIDO OLIVEIRA                              ;(74)99814-0406 ;010;101;PKL6654;     327,28;    0,35;13/01/2025;71;SEM DINHEIRO/CHEQUE           ;   ;aloisio    ;18:30
231063                            ;13/01/2025;    ;542686;007;    ;0060423;ABRILL BY BETO DAVID                              ;(87)98841-1145 ;010;101;PKL6654;     143,80;    0,07;13/01/2025;72;PDV FECHADO (HORARIO COM.)    ;   ;aloisio    ;18:31
231063                            ;13/01/2025;    ;542687;007;    ;0060423;ABRILL BY BETO DAVID                              ;(87)98841-1145 ;010;101;PKL6654;     258,70;    0,30;13/01/2025;72;PDV FECHADO (HORARIO COM.)    ;   ;aloisio    ;18:32
231063                            ;13/01/2025;    ;542688;007;    ;0060423;ABRILL BY BETO DAVID                              ;(87)98841-1145 ;010;101;PKL6654;     114,46;    0,07;13/01/2025;72;PDV FECHADO (HORARIO COM.)    ;   ;aloisio    ;18:32
231063                            ;13/01/2025;    ;542689;007;    ;0060423;ABRILL BY BETO DAVID                              ;(87)98841-1145 ;010;101;PKL6654;      37,00;    0,04;13/01/2025;72;PDV FECHADO (HORARIO COM.)    ;   ;aloisio    ;18:33
231063                            ;13/01/2025;    ;542690;007;    ;0060423;ABRILL BY BETO DAVID                              ;(87)98841-1145 ;010;101;PKL6654;     126,69;    0,16;13/01/2025;72;PDV FECHADO (HORARIO COM.)    ;   ;aloisio    ;18:33
231063                            ;13/01/2025;    ;542714;007;    ;0063366;ALEMAO DIST DE BEBID                              ;(74)98817-4470 ;010;101;PKL6654;    1080,26;    1,49;13/01/2025;42;Produto/Quantidade Errada     ;   ;aloisio    ;18:29
231064                            ;13/01/2025;    ;542716;007;    ;0024450;BAR DO JACARE                                     ;(74)98829-9244 ;010;110;PKK0690;     696,30;    0,88;13/01/2025;72;PDV FECHADO (HORARIO COM.)    ;   ;silva      ;17:32
231067                            ;13/01/2025;    ;542847;007;    ;0056962;EDUARDO FERREIRA DA                               ;(74)98815-6874 ;010;103;OZF1202;     394,02;    0,29;13/01/2025;42;Produto/Quantidade Errada     ;   ;silva      ;16:48
231067                            ;13/01/2025;    ;542849;007;    ;0062096;MERCADINHO DISTRIBUI                              ;(74)98133-2393 ;010;103;OZF1202;      84,22;    0,07;13/01/2025;85;DIFICIL ACESSO                ;   ;silva      ;16:49
231067                            ;13/01/2025;    ;542850;007;    ;0062096;MERCADINHO DISTRIBUI                              ;(74)98133-2393 ;010;103;OZF1202;     361,39;    0,77;13/01/2025;85;DIFICIL ACESSO                ;   ;silva      ;16:48
231067                            ;13/01/2025;    ;542851;007;    ;0062096;MERCADINHO DISTRIBUI                              ;(74)98133-2393 ;010;103;OZF1202;       2,61;    0,00;13/01/2025;85;DIFICIL ACESSO                ;   ;silva      ;16:49
231068                            ;13/01/2025;    ;542913;007;    ;0055127;DISTRIBUIDORA LIMA                                ;(74)99814-7352 ;010;100;OVB5042;     539,00;    0,69;13/01/2025;85;DIFICIL ACESSO                ;DER;aloisio    ;18:38
231068                            ;13/01/2025;    ;542914;007;    ;0064365;DIS DE BEBIDAS ADEGA                              ;(74)98822-1803 ;010;100;OVB5042;     539,00;    0,69;13/01/2025;85;DIFICIL ACESSO                ;   ;aloisio    ;18:39
231068                            ;13/01/2025;    ;542915;007;    ;0058411;M PARADA OBRIGATORIA                              ;(74)98808-7414 ;010;100;OVB5042;    3314,65;    4,33;13/01/2025;85;DIFICIL ACESSO                ;   ;aloisio    ;18:39
231071                            ;13/01/2025;    ;543000;007;    ;0064491;PX                                                ;(74)98822-3884 ;010;110;JII1442;     151,33;    0,18;13/01/2025;72;PDV FECHADO (HORARIO COM.)    ;   ;silva      ;17:25
231071                            ;13/01/2025;    ;543001;007;    ;0064947;LUCAS MATHEUS DA SIL                              ;(74)99920-3720 ;010;110;JII1442;     357,95;    0,32;13/01/2025;72;PDV FECHADO (HORARIO COM.)    ;   ;silva      ;17:26
231104                            ;14/01/2025;    ;543260;007;    ;0065052;BOTECO BATE PAPO K E                              ;(87)99117-8571 ;010;109;NZM7723;     775,50;    0,75;14/01/2025;72;PDV FECHADO (HORARIO COM.)    ;DER;teles      ;19:35
231107                            ;14/01/2025;    ;543402;007;    ;0051617;PASTELARIA BOM SABOR                              ;(74)98844-8031 ;020;201;NZM9993;    2108,78;    2,06;16/01/2025;71;SEM DINHEIRO/CHEQUE           ;   ;silva      ;15:32
231108                            ;14/01/2025;    ;543453;007;    ;0065576;DH BEBIDAS                                        ;(74)98845-9006 ;010;100;PKL6654;     758,98;    1,02;14/01/2025;85;DIFICIL ACESSO                ;DER;silva      ;17:25
231108                            ;14/01/2025;    ;543454;007;    ;0056606;COMERCIO SANTANA                                  ;(74)98855-3122 ;010;100;PKL6654;     668,40;    0,78;14/01/2025;85;DIFICIL ACESSO                ;   ;silva      ;17:25
231109                            ;14/01/2025;    ;543469;007;    ;0052949;DEPOSITO GELAR                                    ;(74)98819-7061 ;010;101;RPR6D25;      70,00;    0,06;14/01/2025;42;Produto/Quantidade Errada     ;   ;teles      ;20:58
231109                            ;14/01/2025;    ;543482;007;    ;0054417;COMERCIAL LOPES                                   ;(74)99123-2824 ;010;111;RPR6D25;     380,70;    0,47;14/01/2025;72;PDV FECHADO (HORARIO COM.)    ;   ;teles      ;20:57
231109                            ;14/01/2025;    ;543483;007;    ;0054417;COMERCIAL LOPES                                   ;(74)99123-2824 ;010;111;RPR6D25;     153,49;    0,17;14/01/2025;72;PDV FECHADO (HORARIO COM.)    ;   ;teles      ;20:58
231110                            ;14/01/2025;    ;543527;007;    ;0000015;LUA MAR BAR E LANCH.                              ;(74)98808-2385 ;010;110;OUG2987;       8,54;    0,00;14/01/2025;50;CARGA ERRADA ARMAZEM          ;   ;teles      ;18:34
231112                            ;14/01/2025;    ;543596;007;    ;0056893;SIMONE IANE FERREIRA                              ;(74)99924-7963 ;010;105;OZF1202;     177,70;    0,20;14/01/2025;42;Produto/Quantidade Errada     ;   ;silva      ;17:09
231113                            ;14/01/2025;    ;543620;007;    ;0050577;BOMBONIERE BOM DOCE                               ;(74) 8808-0644 ;010;103;RDJ0G42;     193,20;    0,20;15/01/2025;72;PDV FECHADO (HORARIO COM.)    ;   ;idute      ;14:29
231113                            ;14/01/2025;    ;543623;007;    ;0055250;MERC E FRIG SOUZA                                 ;(74)98804-7233 ;010;103;RDJ0G42;     404,86;    0,58;15/01/2025;72;PDV FECHADO (HORARIO COM.)    ;   ;idute      ;14:30
231113                            ;14/01/2025;    ;543633;007;    ;0063655;MERC DONA ALICE                                   ;(74)98833-2905 ;010;103;RDJ0G42;     227,22;    0,54;15/01/2025;72;PDV FECHADO (HORARIO COM.)    ;   ;idute      ;14:31
231113                            ;14/01/2025;    ;543636;007;    ;0060330;NF DISTRIBUIDORA                                  ;(74)99111-6684 ;010;103;RDJ0G42;      23,69;    0,04;15/01/2025;71;SEM DINHEIRO/CHEQUE           ;   ;idute      ;14:31
231113                            ;14/01/2025;    ;543637;007;    ;0060330;NF DISTRIBUIDORA                                  ;(74)99111-6684 ;010;103;RDJ0G42;     634,80;    0,82;15/01/2025;71;SEM DINHEIRO/CHEQUE           ;   ;idute      ;14:32
231113                            ;14/01/2025;    ;543638;007;    ;0060330;NF DISTRIBUIDORA                                  ;(74)99111-6684 ;010;103;RDJ0G42;      44,04;    0,12;15/01/2025;71;SEM DINHEIRO/CHEQUE           ;   ;idute      ;14:32
231114                            ;14/01/2025;    ;543678;007;    ;0063644;NINO GAS                                          ;(74)98103-9187 ;010;106;PKK0690;     539,00;    0,69;14/01/2025;87;TEMPO INSUFICIENTE            ;DER;teles      ;19:33
231114                            ;14/01/2025;    ;543685;007;    ;0063913;BAR DA CLEIDE                                     ;(74)99113-4298 ;010;104;PKK0690;     966,30;    1,27;14/01/2025;87;TEMPO INSUFICIENTE            ;   ;teles      ;19:33
231114                            ;14/01/2025;    ;543686;007;    ;0056282;Mercearia da Aline                                ;(74)98813-6519 ;010;104;PKK0690;     309,40;    0,38;14/01/2025;87;TEMPO INSUFICIENTE            ;   ;teles      ;19:32
231114                            ;14/01/2025;    ;543687;007;    ;0056282;Mercearia da Aline                                ;(74)98813-6519 ;010;104;PKK0690;     108,36;    0,26;14/01/2025;87;TEMPO INSUFICIENTE            ;   ;teles      ;19:32
231114                            ;14/01/2025;    ;543688;007;    ;0063170;KARRANCAS BEER                                    ;(74)98801-1101 ;010;104;PKK0690;     726,60;    0,96;14/01/2025;87;TEMPO INSUFICIENTE            ;   ;teles      ;19:33
231115                            ;14/01/2025;    ;543744;007;    ;0025821;MERC DEUS E FIEL                                  ;(74)98104-9845 ;080;810;NZM4666;     174,20;    0,08;15/01/2025;50;CARGA ERRADA ARMAZEM          ;   ;idute      ;17:03
231115                            ;14/01/2025;    ;543745;007;    ;0025821;MERC DEUS E FIEL                                  ;(74)98104-9845 ;080;810;NZM4666;    1804,91;    6,90;15/01/2025;50;CARGA ERRADA ARMAZEM          ;   ;idute      ;17:02
231115                            ;14/01/2025;    ;543746;007;    ;0025821;MERC DEUS E FIEL                                  ;(74)98104-9845 ;080;810;NZM4666;      61,86;    0,18;15/01/2025;50;CARGA ERRADA ARMAZEM          ;   ;idute      ;17:02
231115                            ;14/01/2025;    ;543751;007;    ;0053108;MERCEARIA ALMEIDA                                 ;(74)98825-2174 ;010;103;NZM4666;    2208,49;    2,74;15/01/2025;70;CLIENTE CANCELOU              ;   ;idute      ;17:  
231115                            ;14/01/2025;    ;543752;007;    ;0053108;MERCEARIA ALMEIDA                                 ;(74)98825-2174 ;010;103;NZM4666;      39,62;    0,02;15/01/2025;70;CLIENTE CANCELOU              ;   ;idute      ;17:01
231115                            ;14/01/2025;    ;543753;007;    ;0053108;MERCEARIA ALMEIDA                                 ;(74)98825-2174 ;010;103;NZM4666;       6,79;    0,00;15/01/2025;70;CLIENTE CANCELOU              ;   ;idute      ;17:01
231121                            ;14/01/2025;    ;543862;007;    ;0050870;BAR DO ERASMO                                     ;(74) 8806-4862 ;010;100;OFB8B68;      13,04;    0,01;15/01/2025;50;CARGA ERRADA ARMAZEM          ;DER;idute      ;11:38
231121                            ;14/01/2025;    ;543880;007;    ;0051144;MERC GELADAO JUREMAL                              ;(74)99987-1437 ;010;107;OFB8B68;      36,52;    0,04;15/01/2025;50;CARGA ERRADA ARMAZEM          ;DER;idute      ;11:38
231121                            ;14/01/2025;    ;543886;007;    ;0052328;MERCEARIA DAVILA                                  ;(74) 3617-5014 ;010;107;OFB8B68;      76,90;    0,04;15/01/2025;50;CARGA ERRADA ARMAZEM          ;DER;idute      ;11:39
231143                            ;15/01/2025;    ;543942;007;    ;0062479;TINHO DA PITU                                     ;(74)99996-6250 ;020;202;SKK2A65;     117,17;    0,14;16/01/2025;64;SEM VASILHAME                 ;   ;teles      ;19:41
231143                            ;15/01/2025;    ;543943;007;    ;0062479;TINHO DA PITU                                     ;(74)99996-6250 ;020;202;SKK2A65;    3394,00;    6,22;16/01/2025;64;SEM VASILHAME                 ;   ;teles      ;19:41
231143                            ;15/01/2025;    ;543944;007;    ;0062479;TINHO DA PITU                                     ;(74)99996-6250 ;020;202;SKK2A65;      32,46;    0,01;16/01/2025;64;SEM VASILHAME                 ;   ;teles      ;19:41
231143                            ;15/01/2025;    ;543956;007;    ;0056042;BOTECO DAS IRMaS                                  ;(74)98104-4425 ;020;202;SKK2A65;    2143,89;    1,82;16/01/2025;42;Produto/Quantidade Errada     ;   ;teles      ;19:41
231143                            ;15/01/2025;    ;543957;007;    ;0056042;BOTECO DAS IRMaS                                  ;(74)98104-4425 ;020;202;SKK2A65;    2604,31;    2,24;16/01/2025;42;Produto/Quantidade Errada     ;   ;teles      ;19:41
231144                            ;15/01/2025;    ;544017;007;    ;0053218;BAR PADRE CICERO                                  ;(74)99987-6930 ;020;205;NZN0E75;    1239,92;    1,88;17/01/2025;72;PDV FECHADO (HORARIO COM.)    ;   ;silva      ;17:54
231145                            ;15/01/2025;    ;544124;007;    ;0050546;PADARIA BOM PAO                                   ;(74)98803-0824 ;020;203;SJQ6G42;     289,66;    0,61;17/01/2025;72;PDV FECHADO (HORARIO COM.)    ;   ;aloisio    ;18:37
231148                            ;15/01/2025;    ;544161;007;    ;0064004;SITTIO DO VAQUEIRO                                ;(87)99109-3098 ;010;109;RPP6J11;     399,60;    0,49;15/01/2025;85;DIFICIL ACESSO                ;   ;aloisio    ;20:36
231148                            ;15/01/2025;    ;544162;007;    ;0064004;SITTIO DO VAQUEIRO                                ;(87)99109-3098 ;010;109;RPP6J11;      15,56;    0,00;15/01/2025;85;DIFICIL ACESSO                ;   ;aloisio    ;20:36
231148                            ;15/01/2025;    ;544186;007;    ;0064238;DELICATESSEN PENEDO                               ;(74)98872-2586 ;010;109;RPP6J11;     916,07;    1,10;15/01/2025;64;SEM VASILHAME                 ;   ;aloisio    ;20:34
231148                            ;15/01/2025;    ;544187;007;    ;0064238;DELICATESSEN PENEDO                               ;(74)98872-2586 ;010;109;RPP6J11;     107,80;    0,13;15/01/2025;64;SEM VASILHAME                 ;   ;aloisio    ;20:34
231149                            ;15/01/2025;    ;544204;007;    ;0061151;MERCADINHO MV                                     ;(87)99189-4664 ;010;109;NZM7723;     218,20;    0,72;15/01/2025;50;CARGA ERRADA ARMAZEM          ;   ;aloisio    ;20:01
231153                            ;15/01/2025;    ;544325;007;    ;0024154;MERC  DA NENA                                     ;(74)98834-2183 ;020;201;RPP0E77;       8,54;    0,00;15/01/2025;42;Produto/Quantidade Errada     ;   ;aloisio    ;18:34
231153                            ;15/01/2025;    ;544326;007;    ;0024154;MERC  DA NENA                                     ;(74)98834-2183 ;020;201;RPP0E77;       8,54;    0,00;15/01/2025;42;Produto/Quantidade Errada     ;   ;aloisio    ;18:33
231154                            ;15/01/2025;    ;544355;007;    ;0051384;MERC AVENIDA                                      ;(74)99119-3106 ;010;100;RPR6D25;     301,03;    0,62;15/01/2025;42;Produto/Quantidade Errada     ;DER;idute      ;16:52
231154                            ;15/01/2025;    ;544365;007;    ;0062548;MERCADINHO MARQUES                                ;(74)98805-5473 ;010;100;RPR6D25;     215,60;    0,27;15/01/2025;85;DIFICIL ACESSO                ;   ;idute      ;16:55
231154                            ;15/01/2025;    ;544366;007;    ;0056375;PONTO DO DJALMA                                   ;(74)98859-2097 ;010;107;RPR6D25;     323,40;    0,41;15/01/2025;85;DIFICIL ACESSO                ;   ;idute      ;16:54
231154                            ;15/01/2025;    ;544367;007;    ;0056375;PONTO DO DJALMA                                   ;(74)98859-2097 ;010;107;RPR6D25;      24,90;    0,04;15/01/2025;85;DIFICIL ACESSO                ;   ;idute      ;16:54
231154                            ;15/01/2025;    ;544368;007;    ;0062132;BAR DA IRACEMA                                    ;(74)98816-3689 ;010;100;RPR6D25;     269,50;    0,34;15/01/2025;85;DIFICIL ACESSO                ;DER;idute      ;16:56
231154                            ;15/01/2025;    ;544370;007;    ;0065306;MERCADINHO NOVA ALIA                              ;(74)98807-8708 ;010;104;RPR6D25;      31,16;    0,00;15/01/2025;42;Produto/Quantidade Errada     ;   ;idute      ;16:55
231154                            ;15/01/2025;    ;544387;007;    ;0064103;LISLEY DISTRIBUIDORA                              ;(74)98828-3708 ;010;102;RPR6D25;     269,50;    0,34;15/01/2025;72;PDV FECHADO (HORARIO COM.)    ;   ;idute      ;16:53
231154                            ;15/01/2025;    ;544388;007;    ;0064103;LISLEY DISTRIBUIDORA                              ;(74)98828-3708 ;010;102;RPR6D25;      53,90;    0,06;15/01/2025;72;PDV FECHADO (HORARIO COM.)    ;   ;idute      ;16:53
231154                            ;15/01/2025;    ;544391;007;    ;0052283;BAR DO BIGODE                                     ;(74) 3611-5819 ;010;102;RPR6D25;     107,80;    0,13;15/01/2025;71;SEM DINHEIRO/CHEQUE           ;   ;idute      ;16:52
231157                            ;15/01/2025;    ;544474;007;    ;0057054;POINT DO PEIXE                                    ;(74)98839-3256 ;010;105;PKK0690;     161,70;    0,20;15/01/2025;64;SEM VASILHAME                 ;   ;idute      ;16:30
231159                            ;15/01/2025;    ;544506;007;    ;0054861;MERCAD E FRIGORIF MS                              ;(74)98843-8246 ;010;110;LKI1H89;     492,56;    0,57;15/01/2025;71;SEM DINHEIRO/CHEQUE           ;   ;idute      ;13:27
231159                            ;15/01/2025;    ;544514;007;    ;0059333;BAR DA NEGA                                       ;(74)98104-2118 ;010;108;LKI1H89;       5,22;    0,00;15/01/2025;42;Produto/Quantidade Errada     ;   ;idute      ;13:27
231160                            ;15/01/2025;    ;544523;007;    ;0065250;REST AGUA VIVA                                    ;(74)98125-9570 ;010;103;LKI1H89;      68,82;    0,27;15/01/2025;72;PDV FECHADO (HORARIO COM.)    ;   ;aloisio    ;18:24
231160                            ;15/01/2025;    ;544526;007;    ;0052603;BAR ALVORADA                                      ;(74)98813-4339 ;010;103;LKI1H89;      10,43;    0,01;15/01/2025;42;Produto/Quantidade Errada     ;DER;aloisio    ;18:25
231160                            ;15/01/2025;    ;544527;007;    ;0058529;BOM SABOR                                         ;(74)98855-7375 ;010;103;LKI1H89;     663,12;    0,85;15/01/2025;73;FALTA DE ATIVOS DE GIRO       ;   ;aloisio    ;18:25
231161                            ;15/01/2025;    ;544566;007;    ;0063140;OLIVEIRA DELICATESSE                              ;(74)98803-5398 ;080;810;OZF1202;    1464,74;    3,34;15/01/2025;85;DIFICIL ACESSO                ;   ;idute      ;18:02
231169                            ;15/01/2025;    ;544737;007;    ;0065683;PARQUE JW                                         ;(87)98878-1545 ;010;103;EFV3713;   29769,00;   35,70;27/01/2025;91;CONSIGNACAO                   ;   ;marcelio   ;16:18
231187                            ;16/01/2025;    ;544972;007;    ;0064317;DIST BEBO E DANCO                                 ;(74)99968-4202 ;010;109;NZM5543;     161,70;    0,20;16/01/2025;65;NAO FEZ PEDIDO                ;   ;teles      ;20:18
231187                            ;16/01/2025;    ;544973;007;    ;0064317;DIST BEBO E DANCO                                 ;(74)99968-4202 ;010;109;NZM5543;     161,70;    0,20;16/01/2025;65;NAO FEZ PEDIDO                ;   ;teles      ;20:19
231188                            ;16/01/2025;    ;545007;007;    ;0024707;MERCADINHO LUANA                                  ;(74)98845-7298 ;080;810;OZE4956;     548,72;    0,93;16/01/2025;72;PDV FECHADO (HORARIO COM.)    ;   ;teles      ;18:17
231188                            ;16/01/2025;    ;545008;007;    ;0024707;MERCADINHO LUANA                                  ;(74)98845-7298 ;080;810;OZE4956;      35,90;    0,04;16/01/2025;72;PDV FECHADO (HORARIO COM.)    ;   ;teles      ;18:16
231189                            ;16/01/2025;    ;545031;007;    ;0056393;DEPOSITO ROCHELE                                  ;(74)99122-9886 ;010;111;RPP6J11;     158,32;    0,21;16/01/2025;87;TEMPO INSUFICIENTE            ;   ;teles      ;20:09
231189                            ;16/01/2025;    ;545048;007;    ;0053739;MERCADINHO O GELADaO                              ;(87)99662-7600 ;010;108;RPP6J11;    1141,80;    1,51;16/01/2025;50;CARGA ERRADA ARMAZEM          ;   ;teles      ;20:09
231189                            ;16/01/2025;    ;545049;007;    ;0053739;MERCADINHO O GELADaO                              ;(87)99662-7600 ;010;108;RPP6J11;     644,36;    0,73;16/01/2025;50;CARGA ERRADA ARMAZEM          ;   ;teles      ;20:09
231189                            ;16/01/2025;    ;545050;007;    ;0053739;MERCADINHO O GELADaO                              ;(87)99662-7600 ;010;108;RPP6J11;       5,33;    0,00;16/01/2025;50;CARGA ERRADA ARMAZEM          ;   ;teles      ;20:09
231190                            ;16/01/2025;    ;545068;007;    ;0051198;BAR DO ELINAILTON                                 ;(74)99930-0278 ;020;201;OUG2987;      34,76;    0,01;16/01/2025;71;SEM DINHEIRO/CHEQUE           ;   ;teles      ;18:54
231190                            ;16/01/2025;    ;545069;007;    ;0051198;BAR DO ELINAILTON                                 ;(74)99930-0278 ;020;201;OUG2987;     107,80;    0,13;16/01/2025;71;SEM DINHEIRO/CHEQUE           ;   ;teles      ;18:55
231192                            ;16/01/2025;    ;545139;007;    ;0051066;BAR DO GINALDO                                    ;(74)98826-0380 ;010;110;OZF1202;      90,20;    0,24;16/01/2025;85;DIFICIL ACESSO                ;   ;silva      ;16:06
231192                            ;16/01/2025;    ;545140;007;    ;0051066;BAR DO GINALDO                                    ;(74)98826-0380 ;010;110;OZF1202;     435,83;    0,61;16/01/2025;85;DIFICIL ACESSO                ;   ;silva      ;16:06
231194                            ;16/01/2025;    ;545207;007;    ;0063391;SOUZA                                             ;(74)98874-2146 ;010;102;RPR6D25;     418,67;    0,78;16/01/2025;72;PDV FECHADO (HORARIO COM.)    ;   ;silva      ;14:31
231194                            ;16/01/2025;    ;545208;007;    ;0063391;SOUZA                                             ;(74)98874-2146 ;010;102;RPR6D25;      23,90;    0,04;16/01/2025;72;PDV FECHADO (HORARIO COM.)    ;   ;silva      ;14:31
231199                            ;16/01/2025;    ;545353;007;    ;0062402;DIST AQUINO                                       ;(74)99994-0752 ;010;103;LKI1H89;     202,19;    0,22;16/01/2025;72;PDV FECHADO (HORARIO COM.)    ;   ;silva      ;14:25
231201                            ;16/01/2025;    ;545410;007;    ;0063794;DISTRIBUIDORA ARAUJO                              ;(74)98838-2148 ;010;102;KJP3656;      53,90;    0,06;16/01/2025;72;PDV FECHADO (HORARIO COM.)    ;   ;silva      ;17:37
231201                            ;16/01/2025;    ;545411;007;    ;0063794;DISTRIBUIDORA ARAUJO                              ;(74)98838-2148 ;010;102;KJP3656;     539,00;    0,69;16/01/2025;72;PDV FECHADO (HORARIO COM.)    ;DER;silva      ;17:37
231201                            ;16/01/2025;    ;545419;007;    ;0051033;MERCADINHO REI                                    ;(74) 8808-6411 ;010;103;KJP3656;    1617,00;    2,07;16/01/2025;71;SEM DINHEIRO/CHEQUE           ;DER;silva      ;17:36
231202                            ;16/01/2025;    ;545424;007;    ;0054048;PIZZARIA BOM SABOR                                ;(74)98862-8741 ;010;110;KJP6186;    1092,36;    1,13;16/01/2025;42;Produto/Quantidade Errada     ;   ;teles      ;18:18
231203                            ;16/01/2025;    ;545474;007;    ;0057068;MERC ZE MAGO                                      ;(74)98855-7706 ;010;106;JII1442;    2076,00;    2,76;16/01/2025;71;SEM DINHEIRO/CHEQUE           ;   ;teles      ;18:49
231203                            ;16/01/2025;    ;545475;007;    ;0057068;MERC ZE MAGO                                      ;(74)98855-7706 ;010;106;JII1442;      40,20;    0,00;16/01/2025;71;SEM DINHEIRO/CHEQUE           ;   ;teles      ;18:49
231203                            ;16/01/2025;    ;545476;007;    ;0057068;MERC ZE MAGO                                      ;(74)98855-7706 ;010;106;JII1442;      58,20;    0,01;16/01/2025;71;SEM DINHEIRO/CHEQUE           ;   ;teles      ;18:49
231203                            ;16/01/2025;    ;545489;007;    ;0065681;BAR E REST TR                                     ;(74)99938-0511 ;010;101;JII1442;     292,50;    0,34;16/01/2025;72;PDV FECHADO (HORARIO COM.)    ;DER;teles      ;18:50
231221                            ;17/01/2025;    ;545585;007;    ;0053825;BAR DA CICERA                                     ;(74)98131-5863 ;020;201;SJQ9B60;     269,50;    0,34;17/01/2025;73;FALTA DE ATIVOS DE GIRO       ;   ;silva      ;17:40
231224                            ;17/01/2025;    ;545742;007;    ;0053896;BAR DA MONICA                                     ;(74)98141-7723 ;020;204;RPP7B52;     323,40;    0,41;18/01/2025;65;NAO FEZ PEDIDO                ;   ;teles      ;18:31
231225                            ;17/01/2025;    ;545768;007;    ;0056605;BAR DA AGIMIRA                                    ;(74)98109-6703 ;020;202;SKK9J61;      72,62;    0,03;18/01/2025;42;Produto/Quantidade Errada     ;DER;silva      ;17:32
231226                            ;17/01/2025;    ;545832;007;    ;0055738;BAR DO ENOCK                                      ;(74)98128-6585 ;010;108;RDJ0G42;     167,14;    0,21;17/01/2025;65;NAO FEZ PEDIDO                ;   ;silva      ;17:01
231227                            ;17/01/2025;    ;545857;007;    ;0065197;DISTRIBUIDORA DOIS I                              ;(74)99978-8153 ;010;105;OUG2987;     960,54;    1,08;17/01/2025;71;SEM DINHEIRO/CHEQUE           ;   ;silva      ;16:25
231227                            ;17/01/2025;    ;545858;007;    ;0065197;DISTRIBUIDORA DOIS I                              ;(74)99978-8153 ;010;105;OUG2987;     336,74;    0,50;17/01/2025;71;SEM DINHEIRO/CHEQUE           ;   ;silva      ;16:25
231228                            ;17/01/2025;    ;545906;007;    ;0051049;NICE LANCHES                                      ;(74)98817-3231 ;010;105;PKK8518;     431,20;    0,55;17/01/2025;42;Produto/Quantidade Errada     ;   ;silva      ;16:31
231228                            ;17/01/2025;    ;545909;007;    ;0051049;NICE LANCHES                                      ;(74)98817-3231 ;010;105;PKK8518;     539,00;    0,69;17/01/2025;42;Produto/Quantidade Errada     ;   ;silva      ;16:32
231230                            ;17/01/2025;    ;545958;007;    ;0056678;AMAURI JOSE DE SOUZA                              ;(74)99959-1994 ;010;107;NZM4666;     110,70;    0,12;17/01/2025;50;CARGA ERRADA ARMAZEM          ;   ;aloisio    ;18:26
231230                            ;17/01/2025;    ;545965;007;    ;0054632;BAR E RESTAURANTE UA                              ;(74)99918-6274 ;010;107;NZM4666;     272,43;    0,38;17/01/2025;64;SEM VASILHAME                 ;   ;aloisio    ;18:27
231230                            ;17/01/2025;    ;545966;007;    ;0054632;BAR E RESTAURANTE UA                              ;(74)99918-6274 ;010;107;NZM4666;     270,87;    0,34;17/01/2025;64;SEM VASILHAME                 ;DER;aloisio    ;18:27
231232                            ;17/01/2025;    ;546070;007;    ;0053265;MERCADINHO LORENA                                 ;(74)99918-0147 ;080;810;OZF1202;    3700,71;    4,66;17/01/2025;71;SEM DINHEIRO/CHEQUE           ;   ;silva      ;17:05
231235                            ;17/01/2025;    ;546189;007;    ;0054142;EDU COMERCIAL                                     ;(74)98814-0409 ;010;111;OZE4956;     419,30;    0,52;17/01/2025;42;Produto/Quantidade Errada     ;   ;silva      ;17:16
231235                            ;17/01/2025;    ;546197;007;    ;0057774;CHACARA DONA ROSA                                 ;(74)98106-0802 ;010;104;OZE4956;      38,10;    0,04;17/01/2025;42;Produto/Quantidade Errada     ;   ;silva      ;17:16
231237                            ;17/01/2025;    ;546285;007;    ;0064150;GORDIM BEBIDAS                                    ;(74)98843-9195 ;010;106;RPE4C71;     539,00;    0,69;17/01/2025;42;Produto/Quantidade Errada     ;   ;aloisio    ;19:45
231238                            ;17/01/2025;    ;546303;007;    ;0052280;MERCEARIA SOUZA                                   ;(74) 8807-0951 ;010;106;OUX3F90;     541,10;    0,62;17/01/2025;72;PDV FECHADO (HORARIO COM.)    ;DER;aloisio    ;18:14
231238                            ;17/01/2025;    ;546309;007;    ;0055486;MULTI FRIOS PREMIUM                               ;(74) 3614-2386 ;080;810;OUX3F90;     904,92;    3,43;17/01/2025;85;DIFICIL ACESSO                ;   ;aloisio    ;18:13
231239                            ;17/01/2025;    ;546321;007;    ;0024828;REVALLE JUAZEIRO                                  ;(74) 3611-5066 ;085;998;SKK2A65;      22,95;    0,05;17/01/2025;51;NF ERRADA                     ;   ;silva      ;17:52
231239                            ;17/01/2025;    ;546322;007;    ;0024828;REVALLE JUAZEIRO                                  ;(74) 3611-5066 ;085;998;SKK2A65;      70,80;    0,14;17/01/2025;51;NF ERRADA                     ;   ;silva      ;17:52
231239                            ;17/01/2025;    ;546323;007;    ;0024828;REVALLE JUAZEIRO                                  ;(74) 3611-5066 ;085;998;SKK2A65;      57,72;    0,07;17/01/2025;51;NF ERRADA                     ;   ;silva      ;17:53
231239                            ;17/01/2025;    ;546324;007;    ;0024828;REVALLE JUAZEIRO                                  ;(74) 3611-5066 ;085;998;SKK2A65;      69,98;    0,08;17/01/2025;51;NF ERRADA                     ;   ;silva      ;17:53
231255                            ;18/01/2025;    ;546367;007;    ;0065132;HORTIFRUT ANDRADE                                 ;(74)98105-7945 ;010;107;RPR6D25;     269,50;    0,34;18/01/2025;72;PDV FECHADO (HORARIO COM.)    ;DER;teles      ;19:28
231255                            ;18/01/2025;    ;546368;007;    ;0065132;HORTIFRUT ANDRADE                                 ;(74)98105-7945 ;010;107;RPR6D25;     114,26;    0,14;18/01/2025;72;PDV FECHADO (HORARIO COM.)    ;   ;teles      ;19:28
231258                            ;18/01/2025;    ;546473;007;    ;0064280;CAMINHO ROCA                                      ;(74)98130-4377 ;010;100;PKL6654;    1218,04;    1,71;20/01/2025;87;TEMPO INSUFICIENTE            ;   ;ediziene   ;08:49
231258                            ;18/01/2025;    ;546474;007;    ;0063415;D E L BEBIDAS                                     ;(74)98847-6913 ;010;100;PKL6654;     131,18;    0,29;20/01/2025;87;TEMPO INSUFICIENTE            ;   ;ediziene   ;08:47
231258                            ;18/01/2025;    ;546475;007;    ;0063415;D E L BEBIDAS                                     ;(74)98847-6913 ;010;100;PKL6654;      56,65;    0,02;20/01/2025;87;TEMPO INSUFICIENTE            ;   ;ediziene   ;08:48
231258                            ;18/01/2025;    ;546476;007;    ;0063415;D E L BEBIDAS                                     ;(74)98847-6913 ;010;100;PKL6654;      66,70;    0,45;20/01/2025;87;TEMPO INSUFICIENTE            ;   ;ediziene   ;08:48
231258                            ;18/01/2025;    ;546477;007;    ;0063415;D E L BEBIDAS                                     ;(74)98847-6913 ;010;100;PKL6654;      29,17;    0,04;20/01/2025;87;TEMPO INSUFICIENTE            ;DER;ediziene   ;08:48
231258                            ;18/01/2025;    ;546478;007;    ;0063415;D E L BEBIDAS                                     ;(74)98847-6913 ;010;100;PKL6654;      35,00;    0,06;20/01/2025;87;TEMPO INSUFICIENTE            ;   ;ediziene   ;08:49
231258                            ;18/01/2025;    ;546479;007;    ;0061999;LIGIA DISTRIBUIDORA                               ;(74)99141-3467 ;010;111;PKL6654;     140,88;    0,25;20/01/2025;87;TEMPO INSUFICIENTE            ;   ;ediziene   ;08:45
231258                            ;18/01/2025;    ;546480;007;    ;0061999;LIGIA DISTRIBUIDORA                               ;(74)99141-3467 ;010;111;PKL6654;     153,64;    0,16;20/01/2025;87;TEMPO INSUFICIENTE            ;   ;ediziene   ;08:45
231258                            ;18/01/2025;    ;546481;007;    ;0061999;LIGIA DISTRIBUIDORA                               ;(74)99141-3467 ;010;111;PKL6654;     336,74;    0,50;20/01/2025;87;TEMPO INSUFICIENTE            ;   ;ediziene   ;08:46
231258                            ;18/01/2025;    ;546486;007;    ;0063652;CHACARA DO BONE                                   ;(74)98818-9522 ;010;100;PKL6654;     323,40;    0,41;20/01/2025;87;TEMPO INSUFICIENTE            ;   ;ediziene   ;08:47
231258                            ;18/01/2025;    ;546487;007;    ;0063765;DIST RIBEIRO                                      ;(74)98827-6506 ;010;100;PKL6654;     166,03;    0,26;20/01/2025;87;TEMPO INSUFICIENTE            ;   ;ediziene   ;08:46
231258                            ;18/01/2025;    ;546492;007;    ;0052992;VERDURAO AVENIDA                                  ;(74)99101-9511 ;010;100;PKL6654;     728,40;    0,95;20/01/2025;87;TEMPO INSUFICIENTE            ;   ;ediziene   ;08:52
231258                            ;18/01/2025;    ;546498;007;    ;0056595;R E MERC E DISTRIBUI                              ;(74)98815-1227 ;010;107;PKL6654;     252,54;    0,30;20/01/2025;87;TEMPO INSUFICIENTE            ;   ;ediziene   ;08:50
231258                            ;18/01/2025;    ;546499;007;    ;0056595;R E MERC E DISTRIBUI                              ;(74)98815-1227 ;010;107;PKL6654;     215,60;    0,27;20/01/2025;87;TEMPO INSUFICIENTE            ;   ;ediziene   ;08:50
231258                            ;18/01/2025;    ;546500;007;    ;0056595;R E MERC E DISTRIBUI                              ;(74)98815-1227 ;010;107;PKL6654;     539,00;    0,69;20/01/2025;87;TEMPO INSUFICIENTE            ;DER;ediziene   ;08:50
231258                            ;18/01/2025;    ;546501;007;    ;0056595;R E MERC E DISTRIBUI                              ;(74)98815-1227 ;010;107;PKL6654;      38,51;    0,06;20/01/2025;87;TEMPO INSUFICIENTE            ;   ;ediziene   ;08:51
231258                            ;18/01/2025;    ;546502;007;    ;0056595;R E MERC E DISTRIBUI                              ;(74)98815-1227 ;010;107;PKL6654;      40,76;    0,04;20/01/2025;87;TEMPO INSUFICIENTE            ;DER;ediziene   ;08:51
231258                            ;18/01/2025;    ;546523;007;    ;0057203;BAR BRILHO DO SOL                                 ;(74)99818-9465 ;010;100;PKL6654;     346,64;    0,48;20/01/2025;87;TEMPO INSUFICIENTE            ;   ;ediziene   ;08:52
231259                            ;18/01/2025;    ;546564;007;    ;0056232;CITY MERC E DISTRIBU                              ;(74)99140-0715 ;010;104;PKK8518;    1316,59;    2,13;18/01/2025;71;SEM DINHEIRO/CHEQUE           ;   ;silva      ;16:34
231259                            ;18/01/2025;    ;546565;007;    ;0056232;CITY MERC E DISTRIBU                              ;(74)99140-0715 ;010;104;PKK8518;     248,31;    0,34;18/01/2025;71;SEM DINHEIRO/CHEQUE           ;   ;silva      ;16:35
231262                            ;18/01/2025;    ;546670;007;    ;0059822;Tambor Bahia                                      ;(74)99920-9292 ;010;111;OUX3F90;     408,32;    0,74;18/01/2025;42;Produto/Quantidade Errada     ;   ;teles      ;19:13
231264                            ;18/01/2025;    ;546710;007;    ;0065128;ELAS DIST DE BEB                                  ;(74)98848-7066 ;010;110;SKK2A65;      32,85;    0,04;18/01/2025;50;CARGA ERRADA ARMAZEM          ;   ;silva      ;16:22
231265                            ;18/01/2025;    ;546737;007;    ;0056419;DISTRIBUIDORA RUBaO                               ;(74)99909-3050 ;010;111;SKK0A55;      60,00;    0,02;18/01/2025;42;Produto/Quantidade Errada     ;   ;silva      ;15:02
231266                            ;18/01/2025;    ;546432;007;    ;0065611;CONVENIÊNCIA VITORIA                              ;(74)98156-0550 ;010;105;OZF1202;      44,04;    0,12;18/01/2025;72;PDV FECHADO (HORARIO COM.)    ;   ;silva      ;14:54
231283                            ;20/01/2025;    ;546912;007;    ;0055224;ABRIGO ZE LELE                                    ;(74)99120-0849 ;020;203;NZN0E75;     223,48;    0,38;21/01/2025;72;PDV FECHADO (HORARIO COM.)    ;   ;silva      ;17:39
231287                            ;20/01/2025;    ;547035;007;    ;0062144;JACIRA LANCHES                                    ;(74)99988-3362 ;020;204;RPM8D89;     145,26;    0,27;22/01/2025;71;SEM DINHEIRO/CHEQUE           ;   ;ediziene   ;17:14
231287                            ;20/01/2025;    ;547036;007;    ;0062144;JACIRA LANCHES                                    ;(74)99988-3362 ;020;204;RPM8D89;      34,56;    0,04;22/01/2025;71;SEM DINHEIRO/CHEQUE           ;   ;ediziene   ;17:13
231287                            ;20/01/2025;    ;547074;007;    ;0053688;pizzaria do borracha                              ;(74)98847-1048 ;020;200;RPM8D89;     613,84;    0,70;22/01/2025;73;FALTA DE ATIVOS DE GIRO       ;   ;ediziene   ;17:14
231288                            ;20/01/2025;    ;547128;007;    ;0064983;FRIG EMPORIO CARNES                               ;(74)99954-0689 ;020;200;RPP0E77;     346,21;    0,27;20/01/2025;71;SEM DINHEIRO/CHEQUE           ;   ;teles      ;19:38
231288                            ;20/01/2025;    ;547139;007;    ;0063488;BAR DO BEM BEM                                    ;(74)98833-0546 ;020;200;RPP0E77;     431,20;    0,55;20/01/2025;72;PDV FECHADO (HORARIO COM.)    ;   ;teles      ;19:44
231288                            ;20/01/2025;    ;547141;007;    ;0058233;MERCADINHO CARVALHO                               ;(74)98862-3627 ;020;200;RPP0E77;     105,56;    0,24;20/01/2025;42;Produto/Quantidade Errada     ;   ;teles      ;19:40
231292                            ;20/01/2025;    ;547275;007;    ;0056532;DISTRIBUIDORA GARCIA                              ;(74)98816-7725 ;020;201;RPP7B52;     300,00;    0,34;21/01/2025;42;Produto/Quantidade Errada     ;DER;aloisio    ;19:13
231292                            ;20/01/2025;    ;547276;007;    ;0063726;DEPOSITO DO BOLA                                  ;(74)98817-4793 ;020;201;RPP7B52;     253,07;    0,28;21/01/2025;73;FALTA DE ATIVOS DE GIRO       ;   ;aloisio    ;19:12
231292                            ;20/01/2025;    ;547301;007;    ;0064766;ADOLFO JOSE SANTANA                               ;(74)98816-0348 ;020;201;RPP7B52;     264,49;    0,36;21/01/2025;72;PDV FECHADO (HORARIO COM.)    ;   ;aloisio    ;19:14
231294                            ;20/01/2025;    ;547413;007;    ;0064228;MERCADINHO POINT                                  ;(74)98151-6166 ;020;200;SKK9J61;      14,22;    0,00;21/01/2025;42;Produto/Quantidade Errada     ;   ;silva      ;16:18
231294                            ;20/01/2025;    ;547414;007;    ;0064228;MERCADINHO POINT                                  ;(74)98151-6166 ;020;200;SKK9J61;       2,66;    0,00;21/01/2025;42;Produto/Quantidade Errada     ;   ;silva      ;16:17
231294                            ;20/01/2025;    ;547427;007;    ;0052534;MERCEARIA CANT. CEU                               ;(74)98834-5787 ;020;200;SKK9J61;     321,49;    0,41;21/01/2025;72;PDV FECHADO (HORARIO COM.)    ;   ;silva      ;16:19
231298                            ;20/01/2025;    ;547528;007;    ;0057757;PONTO CERTO                                       ;(74)99110-2501 ;010;110;RPR6D25;      77,64;    0,12;20/01/2025;65;NAO FEZ PEDIDO                ;DER;teles      ;19:25
231303                            ;20/01/2025;    ;547669;007;    ;0055127;DISTRIBUIDORA LIMA                                ;(74)99814-7352 ;010;100;OVB5042;     539,00;    0,69;20/01/2025;72;PDV FECHADO (HORARIO COM.)    ;DER;ediziene   ;16:53
231370                            ;21/01/2025;    ;547826;007;    ;0025710;SUPERMERCADO DO NETO                              ;(74)98126-7071 ;020;203;SJQ6G42;     537,92;    0,69;24/01/2025;73;FALTA DE ATIVOS DE GIRO       ;   ;teles      ;21:35
231371                            ;21/01/2025;    ;547945;007;    ;0057026;Mercadinho Passos BR                              ;(74)98855-2198 ;020;200;RPP0E77;    2737,74;    5,10;21/01/2025;42;Produto/Quantidade Errada     ;   ;silva      ;16:32
231375                            ;21/01/2025;    ;548073;007;    ;0024186;CHUR FOLHA SECA                                   ;(87)98181-0265 ;010;107;NZM9993;      97,32;    0,38;21/01/2025;42;Produto/Quantidade Errada     ;DER;aloisio    ;19:05
231377                            ;21/01/2025;    ;548147;007;    ;0056606;COMERCIO SANTANA                                  ;(74)98855-3122 ;010;100;OVB5042;    2287,76;    3,19;21/01/2025;85;DIFICIL ACESSO                ;   ;silva      ;17:30
231377                            ;21/01/2025;    ;548148;007;    ;0054209;COM. DE BEB. C e C                                ;(74)99975-8638 ;010;100;OVB5042;     999,70;    1,37;21/01/2025;85;DIFICIL ACESSO                ;   ;silva      ;17:27
231377                            ;21/01/2025;    ;548149;007;    ;0065544;DISTRIBUIDORA PAIXaO                              ;(74)99817-9878 ;010;100;OVB5042;     808,50;    1,03;21/01/2025;85;DIFICIL ACESSO                ;   ;silva      ;17:27
231377                            ;21/01/2025;    ;548150;007;    ;0065544;DISTRIBUIDORA PAIXaO                              ;(74)99817-9878 ;010;100;OVB5042;     175,92;    0,60;21/01/2025;85;DIFICIL ACESSO                ;   ;silva      ;17:28
231377                            ;21/01/2025;    ;548151;007;    ;0065544;DISTRIBUIDORA PAIXaO                              ;(74)99817-9878 ;010;100;OVB5042;     539,00;    0,69;21/01/2025;85;DIFICIL ACESSO                ;   ;silva      ;17:28
231377                            ;21/01/2025;    ;548152;007;    ;0065544;DISTRIBUIDORA PAIXaO                              ;(74)99817-9878 ;010;100;OVB5042;     118,92;    0,36;21/01/2025;85;DIFICIL ACESSO                ;   ;silva      ;17:28
231377                            ;21/01/2025;    ;548153;007;    ;0065544;DISTRIBUIDORA PAIXaO                              ;(74)99817-9878 ;010;100;OVB5042;     269,50;    0,34;21/01/2025;85;DIFICIL ACESSO                ;   ;silva      ;17:29
231377                            ;21/01/2025;    ;548154;007;    ;0065544;DISTRIBUIDORA PAIXaO                              ;(74)99817-9878 ;010;100;OVB5042;      28,50;    0,12;21/01/2025;85;DIFICIL ACESSO                ;   ;silva      ;17:29
231378                            ;21/01/2025;    ;548203;007;    ;0064508;JACARE BAR                                        ;(74)98829-9244 ;010;110;RPR6D25;      80,86;    0,13;21/01/2025;72;PDV FECHADO (HORARIO COM.)    ;   ;silva      ;17:33
231378                            ;21/01/2025;    ;548207;007;    ;0062719;NO GRAU                                           ;(43)90000-0000 ;010;103;RPR6D25;     323,40;    0,41;21/01/2025;72;PDV FECHADO (HORARIO COM.)    ;   ;silva      ;17:33
231381                            ;21/01/2025;    ;548295;007;    ;0056893;SIMONE IANE FERREIRA                              ;(74)99924-7963 ;010;105;PKK8518;      70,80;    0,08;21/01/2025;50;CARGA ERRADA ARMAZEM          ;   ;silva      ;16:36
231383                            ;21/01/2025;    ;548362;007;    ;0057155;Mercadinho Pague Lev                              ;(87)99634-3605 ;010;104;OZF1202;      71,80;    0,08;21/01/2025;72;PDV FECHADO (HORARIO COM.)    ;   ;silva      ;16:20
231383                            ;21/01/2025;    ;548363;007;    ;0057155;Mercadinho Pague Lev                              ;(87)99634-3605 ;010;104;OZF1202;      53,90;    0,06;21/01/2025;72;PDV FECHADO (HORARIO COM.)    ;   ;silva      ;16:21
231389                            ;21/01/2025;    ;548525;007;    ;0057784;MERCADINHO TODO DIA                               ;(74)98807-0991 ;080;810;JII1442;    1761,15;    3,22;21/01/2025;71;SEM DINHEIRO/CHEQUE           ;   ;silva      ;17:23
231409                            ;21/01/2025;    ;548569;007;    ;0025800;MERC NOSSA SENHORA D                              ;(74) 9928-6427 ;010;104;MSG0C01;     714,28;    0,00;24/01/2025;08;Mapa nao carregado / nao canc.;   ;ediziene   ;16:10
231417                            ;22/01/2025;    ;548840;007;    ;0063384;MERCADINHO NERY S                                 ;(87)99602-7798 ;010;109;SKK0A55;     522,54;    0,71;24/01/2025;64;SEM VASILHAME                 ;   ;ediziene   ;09:33
231421                            ;22/01/2025;    ;549042;007;    ;0064832;BAR DA SIMONE                                     ;(74)98104-2548 ;010;100;RPR6D25;     107,80;    0,13;22/01/2025;50;CARGA ERRADA ARMAZEM          ;   ;teles      ;19:16
231421                            ;22/01/2025;    ;549043;007;    ;0064832;BAR DA SIMONE                                     ;(74)98104-2548 ;010;100;RPR6D25;     170,00;    0,05;22/01/2025;50;CARGA ERRADA ARMAZEM          ;   ;teles      ;19:16
231421                            ;22/01/2025;    ;549044;007;    ;0065643;NA MADRUGADA                                      ;(74)99801-3690 ;010;105;RPR6D25;     161,70;    0,20;22/01/2025;73;FALTA DE ATIVOS DE GIRO       ;   ;teles      ;19:16
231425                            ;22/01/2025;    ;549159;007;    ;0055820;SACOLA CHEIA                                      ;(74) 3611-1242 ;080;810;PKK0690;      14,65;    0,02;22/01/2025;42;Produto/Quantidade Errada     ;   ;ediziene   ;16:35
231426                            ;22/01/2025;    ;549188;007;    ;0065072;BAR DO GORDO                                      ;(74)98803-7351 ;010;110;PKK8518;      37,50;    0,01;22/01/2025;42;Produto/Quantidade Errada     ;   ;teles      ;19:42
231428                            ;22/01/2025;    ;549224;007;    ;0056275;Mercado Frios e Cong                              ;(87)98816-1403 ;080;810;RCP2C35;       1,33;    0,00;22/01/2025;50;CARGA ERRADA ARMAZEM          ;DER;teles      ;19:07
231428                            ;22/01/2025;    ;549233;007;    ;0063140;OLIVEIRA DELICATESSE                              ;(74)98803-5398 ;080;810;RCP2C35;      10,19;    0,01;22/01/2025;50;CARGA ERRADA ARMAZEM          ;   ;teles      ;19:08
231431                            ;22/01/2025;    ;549299;007;    ;0051510;MERC ASA BRANCA                                   ;(74)98809-8355 ;080;810;HXN3A97;    9163,00;   11,73;22/01/2025;73;FALTA DE ATIVOS DE GIRO       ;   ;ediziene   ;13:41
231434                            ;22/01/2025;    ;549361;007;    ;0053652;MERCADINHO CRUZ                                   ;(74)98811-5979 ;010;104;JII1442;     617,67;    1,24;22/01/2025;42;Produto/Quantidade Errada     ;   ;teles      ;18:51
231434                            ;22/01/2025;    ;549376;007;    ;0024652;RES SEU SASA                                      ;(87)98844-5857 ;010;103;JII1442;     486,87;    0,72;22/01/2025;50;CARGA ERRADA ARMAZEM          ;   ;teles      ;18:52
231434                            ;22/01/2025;    ;549377;007;    ;0024652;RES SEU SASA                                      ;(87)98844-5857 ;010;103;JII1442;      29,76;    0,04;22/01/2025;50;CARGA ERRADA ARMAZEM          ;   ;teles      ;18:52
231434                            ;22/01/2025;    ;549378;007;    ;0065211;BAR DO EDISON                                     ;(74)98140-8963 ;010;103;JII1442;    1185,80;    1,51;22/01/2025;85;DIFICIL ACESSO                ;   ;teles      ;18:54
231434                            ;22/01/2025;    ;549394;007;    ;0065250;REST AGUA VIVA                                    ;(74)98125-9570 ;010;103;JII1442;     204,92;    0,89;22/01/2025;72;PDV FECHADO (HORARIO COM.)    ;   ;teles      ;18:53
231434                            ;22/01/2025;    ;549395;007;    ;0065250;REST AGUA VIVA                                    ;(74)98125-9570 ;010;103;JII1442;      43,67;    0,12;22/01/2025;72;PDV FECHADO (HORARIO COM.)    ;   ;teles      ;18:53
231436                            ;22/01/2025;    ;549478;007;    ;0065073;CHURRASCARIA                                      ;(74)99195-0661 ;010;107;OFB8B68;    3522,04;    4,67;22/01/2025;73;FALTA DE ATIVOS DE GIRO       ;   ;ediziene   ;17:37
231460                            ;23/01/2025;    ;549577;007;    ;0063703;BARRACA DO PADRE                                  ;(74)99161-7737 ;020;203;RDC5J22;     560,66;    0,57;24/01/2025;72;PDV FECHADO (HORARIO COM.)    ;   ;ediziene   ;16:28
231465                            ;23/01/2025;    ;549776;007;    ;0065156;GELADAO POLAR                                     ;(74)99801-4350 ;010;109;NZM5543;    1747,74;    2,17;23/01/2025;42;Produto/Quantidade Errada     ;   ;aloisio    ;18:12
231466                            ;23/01/2025;    ;549820;007;    ;0065549;DISTRIBUIDORA EDSON                               ;(74)98831-5956 ;010;101;SJQ9B60;     215,60;    0,27;23/01/2025;71;SEM DINHEIRO/CHEQUE           ;   ;silva      ;16:22
231468                            ;23/01/2025;    ;549902;007;    ;0053671;MERCADINHO FRAGA                                  ;(74)99974-4706 ;020;201;NZM4666;      54,48;    0,05;23/01/2025;42;Produto/Quantidade Errada     ;   ;silva      ;16:42
231470                            ;23/01/2025;    ;549962;007;    ;0051589;BAR E REST RODEADOUR                              ;(74)98801-6752 ;010;107;RDJ0G42;      16,00;    0,06;23/01/2025;42;Produto/Quantidade Errada     ;   ;silva      ;16:09
231471                            ;23/01/2025;    ;550005;007;    ;0052869;MERCADINHO VIEIRA                                 ;(74)98819-5612 ;080;810;RPE4C71;     105,56;    0,24;23/01/2025;42;Produto/Quantidade Errada     ;   ;aloisio    ;19:43
231471                            ;23/01/2025;    ;550006;007;    ;0052869;MERCADINHO VIEIRA                                 ;(74)98819-5612 ;080;810;RPE4C71;       8,80;    0,01;23/01/2025;42;Produto/Quantidade Errada     ;   ;aloisio    ;19:42
231471                            ;23/01/2025;    ;550007;007;    ;0052869;MERCADINHO VIEIRA                                 ;(74)98819-5612 ;080;810;RPE4C71;      47,00;    0,12;23/01/2025;42;Produto/Quantidade Errada     ;   ;aloisio    ;19:42
231471                            ;23/01/2025;    ;550008;007;    ;0052869;MERCADINHO VIEIRA                                 ;(74)98819-5612 ;080;810;RPE4C71;      33,48;    0,12;23/01/2025;42;Produto/Quantidade Errada     ;   ;aloisio    ;19:41
231471                            ;23/01/2025;    ;550014;007;    ;0065667;DISTRIBUIDORA SANTA                               ;(74)98854-0183 ;010;108;RPE4C71;      42,48;    0,12;23/01/2025;82;ENDERECO NAO ENCONTRADO       ;   ;aloisio    ;19:41
231472                            ;23/01/2025;    ;550040;007;    ;0065107;MERC ALMEIDA                                      ;(74)98141-2956 ;020;203;RPR6D25;     354,60;    0,92;23/01/2025;82;ENDERECO NAO ENCONTRADO       ;   ;silva      ;16:29
231473                            ;23/01/2025;    ;550095;007;    ;0057708;Cremosinho Petiscari                              ;(74)98846-8943 ;010;101;PKL6654;    2695,76;    3,32;23/01/2025;72;PDV FECHADO (HORARIO COM.)    ;DER;aloisio    ;18:30
231474                            ;23/01/2025;    ;550099;007;    ;0063197;DISTRIBUIDORA DOS AM                              ;(74)98847-5696 ;010;106;PKK0690;     269,50;    0,34;23/01/2025;42;Produto/Quantidade Errada     ;   ;aloisio    ;18:55
231476                            ;23/01/2025;    ;550191;007;    ;0025628;SABOR DA CASA                                     ;(74)99960-8328 ;010;110;PKK8518;    1165,47;    1,25;23/01/2025;73;FALTA DE ATIVOS DE GIRO       ;   ;aloisio    ;18:52
231476                            ;23/01/2025;    ;550204;007;    ;0064313;MERCADINHO CORAÇÃO                                ;(74)99110-4048 ;010;105;PKK8518;     273,68;    0,69;23/01/2025;42;Produto/Quantidade Errada     ;   ;aloisio    ;18:52
231481                            ;23/01/2025;    ;550344;007;    ;0055979;MERC EDUARDA                                      ;(74)98825-3776 ;010;104;JII1442;    1042,86;    1,55;23/01/2025;72;PDV FECHADO (HORARIO COM.)    ;   ;silva      ;18:  
231481                            ;23/01/2025;    ;550345;007;    ;0055979;MERC EDUARDA                                      ;(74)98825-3776 ;010;104;JII1442;     816,28;    1,00;23/01/2025;72;PDV FECHADO (HORARIO COM.)    ;   ;silva      ;18:01
231496                            ;24/01/2025;    ;550614;007;    ;0060698;MERCEARIA LIMA                                    ;(74)98138-1545 ;020;201;SJQ9B60;      41,28;    0,12;25/01/2025;71;SEM DINHEIRO/CHEQUE           ;   ;ediziene   ;11:40
231496                            ;24/01/2025;    ;550615;007;    ;0060698;MERCEARIA LIMA                                    ;(74)98138-1545 ;020;201;SJQ9B60;      38,98;    0,04;25/01/2025;71;SEM DINHEIRO/CHEQUE           ;DER;ediziene   ;11:39
231497                            ;24/01/2025;    ;550689;007;    ;0062891;CAFOFO S BAR                                      ;(74)98811-5314 ;020;200;RPP0E77;     347,42;    0,53;25/01/2025;72;PDV FECHADO (HORARIO COM.)    ;   ;ediziene   ;11:31
231498                            ;24/01/2025;    ;550712;007;    ;0052589;MERCADINHO BARBOSA                                ;(74)99928-8201 ;010;109;RPP6J11;      60,00;    0,06;24/01/2025;50;CARGA ERRADA ARMAZEM          ;   ;teles      ;18:58
231499                            ;24/01/2025;    ;550745;007;    ;0052484;BAR DA NALVA                                      ;(74) 8843-3751 ;010;108;SKK2A65;      18,38;    0,02;25/01/2025;71;SEM DINHEIRO/CHEQUE           ;DER;ediziene   ;13:26
231499                            ;24/01/2025;    ;550747;007;    ;0053855;SUPER. VERDIM                                     ;(74) 3531-1452 ;010;109;SKK2A65;       5,47;    0,01;25/01/2025;42;Produto/Quantidade Errada     ;   ;ediziene   ;13:27
231499                            ;24/01/2025;    ;550754;007;    ;0051084;CAMINHO DE CASA                                   ;(74) 3531-1432 ;010;109;SKK2A65;      30,36;    0,01;25/01/2025;42;Produto/Quantidade Errada     ;   ;ediziene   ;13:27
231499                            ;24/01/2025;    ;550762;007;    ;0062662;RESTAURANTE NORDESTI                              ;(43)90000-0000 ;010;108;SKK2A65;      18,38;    0,02;25/01/2025;71;SEM DINHEIRO/CHEQUE           ;DER;ediziene   ;13:26
231500                            ;24/01/2025;    ;550777;007;    ;0064018;MERCADINHO MIGUEL                                 ;(74)98822-3525 ;020;201;NZM7723;     161,70;    0,20;25/01/2025;73;FALTA DE ATIVOS DE GIRO       ;   ;ediziene   ;13:53
231500                            ;24/01/2025;    ;550778;007;    ;0064018;MERCADINHO MIGUEL                                 ;(74)98822-3525 ;020;201;NZM7723;      53,90;    0,06;25/01/2025;73;FALTA DE ATIVOS DE GIRO       ;   ;ediziene   ;13:53
231500                            ;24/01/2025;    ;550780;007;    ;0062517;DISTRIBUIDORA THE BR                              ;(74)98134-7006 ;020;202;NZM7723;     206,70;    0,90;25/01/2025;50;CARGA ERRADA ARMAZEM          ;   ;ediziene   ;13:52
231501                            ;24/01/2025;    ;550822;007;    ;0054831;MEGA LANCHE                                       ;(74)98109-7333 ;020;202;NZM9993;     101,36;    0,28;25/01/2025;50;CARGA ERRADA ARMAZEM          ;   ;ediziene   ;17:45
231504                            ;24/01/2025;    ;550938;007;    ;0063206;boteco da pitu                                    ;(74)98804-7587 ;010;100;PKK0690;      74,20;    0,08;24/01/2025;71;SEM DINHEIRO/CHEQUE           ;DER;ediziene   ;16:18
231504                            ;24/01/2025;    ;550952;007;    ;0055055;BAR PALOMA                                        ;(74)99948-9243 ;010;100;PKK0690;      37,10;    0,04;24/01/2025;42;Produto/Quantidade Errada     ;   ;ediziene   ;16:17
231505                            ;24/01/2025;    ;550997;007;    ;0063327;BÁRBARA LANCHES                                   ;(74)98809-6449 ;010;105;RPR6D25;     107,80;    0,13;24/01/2025;72;PDV FECHADO (HORARIO COM.)    ;   ;teles      ;19:18
231509                            ;24/01/2025;    ;551101;007;    ;0053776;DISTRIB.E MERC. DIAS                              ;(74)98818-2624 ;010;102;OVB5042;     600,43;    0,71;24/01/2025;73;FALTA DE ATIVOS DE GIRO       ;   ;ediziene   ;17:  
231509                            ;24/01/2025;    ;551111;007;    ;0056307;CATIA CRISTINA DE OL                              ;(74)98861-4787 ;010;102;OVB5042;     370,56;    0,48;24/01/2025;72;PDV FECHADO (HORARIO COM.)    ;   ;ediziene   ;16:59
231509                            ;24/01/2025;    ;551112;007;    ;0056307;CATIA CRISTINA DE OL                              ;(74)98861-4787 ;010;102;OVB5042;      53,90;    0,06;24/01/2025;72;PDV FECHADO (HORARIO COM.)    ;   ;ediziene   ;17:  
231510                            ;24/01/2025;    ;551169;007;    ;0064362;TJ Distribuidora                                  ;(87)99932-4223 ;010;104;OZF1202;    2164,50;    2,49;24/01/2025;72;PDV FECHADO (HORARIO COM.)    ;   ;ediziene   ;16:03
231511                            ;24/01/2025;    ;551178;007;    ;0056903;DISTRIBUIDORA MA                                  ;(74)98819-8564 ;010;106;NZM5543;     976,24;    1,31;25/01/2025;87;TEMPO INSUFICIENTE            ;   ;ediziene   ;08:18
231511                            ;24/01/2025;    ;551185;007;    ;0056077;MEC E DIST NOV OPCAO                              ;(74)98854-2047 ;010;106;NZM5543;       6,79;    0,00;25/01/2025;42;Produto/Quantidade Errada     ;   ;ediziene   ;08:19
231511                            ;24/01/2025;    ;551187;007;    ;0064288;MERCADINHO BRILHANTE                              ;(74)98828-1575 ;080;810;NZM5543;     901,54;    0,98;25/01/2025;87;TEMPO INSUFICIENTE            ;   ;ediziene   ;08:18
231513                            ;24/01/2025;    ;551280;007;    ;0063931;DISTRIBUIDORA OLIVEI                              ;(74)98846-9342 ;010;104;JII1442;     387,16;    0,60;24/01/2025;87;TEMPO INSUFICIENTE            ;   ;teles      ;19:29
231514                            ;24/01/2025;    ;551302;007;    ;0057784;MERCADINHO TODO DIA                               ;(74)98807-0991 ;080;810;KHL4414;    1349,55;    2,17;24/01/2025;87;TEMPO INSUFICIENTE            ;   ;teles      ;21:38
231514                            ;24/01/2025;    ;551303;007;    ;0003995;FRANCISCO DAS CHAGAS                              ;(74) 3611-5873 ;010;106;KHL4414;     792,55;    1,59;24/01/2025;87;TEMPO INSUFICIENTE            ;   ;teles      ;21:38
231515                            ;24/01/2025;    ;551310;007;    ;0056275;Mercado Frios e Cong                              ;(87)98816-1403 ;080;810;HXN3A97;     188,72;    0,61;24/01/2025;50;CARGA ERRADA ARMAZEM          ;   ;ediziene   ;16:47
231515                            ;24/01/2025;    ;551311;007;    ;0056275;Mercado Frios e Cong                              ;(87)98816-1403 ;080;810;HXN3A97;     200,72;    0,24;24/01/2025;50;CARGA ERRADA ARMAZEM          ;   ;ediziene   ;16:50
231516                            ;24/01/2025;    ;551355;007;    ;0065685;MARIA CLECIANA NOGUE                              ;(87)99201-7115 ;010;107;OFB8B68;      41,28;    0,12;24/01/2025;82;ENDERECO NAO ENCONTRADO       ;DER;teles      ;19:25
231550                            ;25/01/2025;    ;551429;007;    ;0062306;PANIFICADORA ROTA                                 ;(74)99147-6858 ;010;107;RPR6D25;     198,59;    0,49;25/01/2025;72;PDV FECHADO (HORARIO COM.)    ;   ;ediziene   ;17:31
231550                            ;25/01/2025;    ;551430;007;    ;0062306;PANIFICADORA ROTA                                 ;(74)99147-6858 ;010;107;RPR6D25;      40,76;    0,04;25/01/2025;72;PDV FECHADO (HORARIO COM.)    ;DER;ediziene   ;17:33
231550                            ;25/01/2025;    ;551432;007;    ;0058611;MERCADO NOVA OPCaO                                ;(74)99155-0486 ;010;107;RPR6D25;     269,50;    0,34;25/01/2025;72;PDV FECHADO (HORARIO COM.)    ;DER;ediziene   ;17:30
231550                            ;25/01/2025;    ;551436;007;    ;0063856;CHOPERIA DOS AMIGOS                               ;(74)98847-7110 ;010;107;RPR6D25;      59,64;    0,08;25/01/2025;72;PDV FECHADO (HORARIO COM.)    ;   ;ediziene   ;17:31
231550                            ;25/01/2025;    ;551437;007;    ;0063856;CHOPERIA DOS AMIGOS                               ;(74)98847-7110 ;010;107;RPR6D25;      17,28;    0,02;25/01/2025;72;PDV FECHADO (HORARIO COM.)    ;   ;ediziene   ;17:31
231550                            ;25/01/2025;    ;551447;007;    ;0055297;BAR DA BRENA                                      ;(74)98804-5023 ;010;103;RPR6D25;     263,26;    0,34;25/01/2025;71;SEM DINHEIRO/CHEQUE           ;   ;ediziene   ;17:32
231554                            ;25/01/2025;    ;551556;007;    ;0024828;REVALLE JUAZEIRO                                  ;(74) 3611-5066 ;085;998;PKK0690;       2,22;    0,00;25/01/2025;50;CARGA ERRADA ARMAZEM          ;   ;ediziene   ;16:49
231554                            ;25/01/2025;    ;551557;007;    ;0024828;REVALLE JUAZEIRO                                  ;(74) 3611-5066 ;085;998;PKK0690;     271,62;    0,14;25/01/2025;50;CARGA ERRADA ARMAZEM          ;   ;ediziene   ;16:50
231554                            ;25/01/2025;    ;551558;007;    ;0024828;REVALLE JUAZEIRO                                  ;(74) 3611-5066 ;085;998;PKK0690;     352,80;    0,69;25/01/2025;50;CARGA ERRADA ARMAZEM          ;   ;ediziene   ;16:50
231557                            ;25/01/2025;    ;551709;007;    ;0052990;SUPERMERCADO VITORIA                              ;(74) 3613-6160 ;080;810;OZE4956;     868,40;    0,83;25/01/2025;86;HORARIO DE ENTREGA            ;   ;ediziene   ;17:37
231557                            ;25/01/2025;    ;551710;007;    ;0052990;SUPERMERCADO VITORIA                              ;(74) 3613-6160 ;080;810;OZE4956;    1525,61;    4,35;25/01/2025;86;HORARIO DE ENTREGA            ;   ;ediziene   ;17:37
231557                            ;25/01/2025;    ;551711;007;    ;0052990;SUPERMERCADO VITORIA                              ;(74) 3613-6160 ;080;810;OZE4956;     577,92;    1,68;25/01/2025;86;HORARIO DE ENTREGA            ;   ;ediziene   ;17:38
231581                            ;27/01/2025;    ;551938;007;    ;0065126;LOCAL                                             ;(74)99911-2465 ;020;205;RDC5J22;      12,50;    0,00;28/01/2025;42;Produto/Quantidade Errada     ;   ;ediziene   ;14:56
231582                            ;27/01/2025;    ;552021;007;    ;0065349;REST DA VANUZA                                    ;(74)99808-1411 ;020;203;NZN0E75;     102,54;    0,18;28/01/2025;72;PDV FECHADO (HORARIO COM.)    ;   ;ediziene   ;18:13
231588                            ;27/01/2025;    ;552254;007;    ;0063121;DISTRIBUIDORA MB                                  ;(87)98179-7186 ;010;109;RPP6J11;    1185,80;    1,51;27/01/2025;73;FALTA DE ATIVOS DE GIRO       ;   ;aloisio    ;18:57
231590                            ;27/01/2025;    ;552332;007;    ;0064925;DISTRIBUIDORA QX                                  ;(74)98822-9152 ;020;200;RPM8F89;    1617,00;    2,07;29/01/2025;71;SEM DINHEIRO/CHEQUE           ;   ;silva      ;13:25
231590                            ;27/01/2025;    ;552350;007;    ;0064228;MERCADINHO POINT                                  ;(74)98151-6166 ;020;200;RPM8F89;     333,50;    2,25;29/01/2025;72;PDV FECHADO (HORARIO COM.)    ;   ;silva      ;13:26
231590                            ;27/01/2025;    ;552366;007;    ;0065385;BAR DO GILSON                                     ;(74)99902-1864 ;020;200;RPM8F89;     119,28;    0,00;29/01/2025;72;PDV FECHADO (HORARIO COM.)    ;   ;silva      ;13:25
231590                            ;27/01/2025;    ;552367;007;    ;0065385;BAR DO GILSON                                     ;(74)99902-1864 ;020;200;RPM8F89;     149,90;    0,14;29/01/2025;72;PDV FECHADO (HORARIO COM.)    ;   ;silva      ;13:26
231591                            ;27/01/2025;    ;552431;007;    ;0065114;CLARICE DOS SANTOS S                              ;(74)98150-3588 ;020;201;RPM8D89;      75,96;    0,24;28/01/2025;50;CARGA ERRADA ARMAZEM          ;   ;ediziene   ;15:32
231591                            ;27/01/2025;    ;552441;007;    ;0055730;MERC. SaO GABRIEL                                 ;(74)98823-9075 ;020;201;RPM8D89;    3988,60;    5,10;28/01/2025;72;PDV FECHADO (HORARIO COM.)    ;DER;ediziene   ;15:32
231593                            ;27/01/2025;    ;552507;007;    ;0056135;PARADA OBRIGATORIA                                ;(74)98132-6486 ;020;202;OUX3F90;    2557,83;    3,07;28/01/2025;72;PDV FECHADO (HORARIO COM.)    ;   ;ediziene   ;16:24
231593                            ;27/01/2025;    ;552508;007;    ;0056135;PARADA OBRIGATORIA                                ;(74)98132-6486 ;020;202;OUX3F90;     676,08;    0,94;28/01/2025;72;PDV FECHADO (HORARIO COM.)    ;   ;ediziene   ;16:25
231594                            ;27/01/2025;    ;552552;007;    ;0065699;RESTAURANTE COMIDA C                              ;(74)99809-7207 ;010;108;RDJ0G42;     146,76;    0,18;27/01/2025;82;ENDERECO NAO ENCONTRADO       ;   ;silva      ;17:17
231594                            ;27/01/2025;    ;552564;007;    ;0064838;CLUBE ASSOCIACaO                                  ;(87)98144-4561 ;010;108;RDJ0G42;      38,98;    0,04;27/01/2025;42;Produto/Quantidade Errada     ;   ;silva      ;17:18
231595                            ;27/01/2025;    ;552574;007;    ;0058152;DISTRIBUIDORA PRIME                               ;(74)98831-0744 ;010;108;NZM7723;    1124,04;    1,16;27/01/2025;72;PDV FECHADO (HORARIO COM.)    ;   ;silva      ;17:35
231596                            ;27/01/2025;    ;552615;007;    ;0053929;GELADaO CACIQUE                                   ;(74)99975-8643 ;010;109;SKK0A55;    3395,70;    4,34;28/01/2025;73;FALTA DE ATIVOS DE GIRO       ;   ;ediziene   ;14:03
231596                            ;27/01/2025;    ;552617;007;    ;0053929;GELADaO CACIQUE                                   ;(74)99975-8643 ;010;109;SKK0A55;     619,00;    0,69;28/01/2025;73;FALTA DE ATIVOS DE GIRO       ;   ;ediziene   ;14:04
231596                            ;27/01/2025;    ;552619;007;    ;0053929;GELADaO CACIQUE                                   ;(74)99975-8643 ;010;109;SKK0A55;    1648,90;    2,13;28/01/2025;73;FALTA DE ATIVOS DE GIRO       ;   ;ediziene   ;14:03
231599                            ;27/01/2025;    ;552674;007;    ;0051311;RANCHO MANDACARU                                  ;(74) 3613-8701 ;010;110;RPR6D25;     613,18;    0,59;27/01/2025;72;PDV FECHADO (HORARIO COM.)    ;   ;silva      ;15:51
231599                            ;27/01/2025;    ;552675;007;    ;0051311;RANCHO MANDACARU                                  ;(74) 3613-8701 ;010;110;RPR6D25;      38,98;    0,04;27/01/2025;72;PDV FECHADO (HORARIO COM.)    ;   ;silva      ;15:51
231599                            ;27/01/2025;    ;552687;007;    ;0064553;MINI MERCEARIA SOLEV                              ;(74)98154-6465 ;010;105;RPR6D25;     227,50;    0,29;27/01/2025;71;SEM DINHEIRO/CHEQUE           ;   ;silva      ;15:50
231599                            ;27/01/2025;    ;552688;007;    ;0063620;ADEGA DISTRIBUIDORA                               ;(74)98857-2031 ;010;103;RPR6D25;     138,70;    0,18;27/01/2025;71;SEM DINHEIRO/CHEQUE           ;   ;silva      ;15:50
231600                            ;27/01/2025;    ;552712;007;    ;0063597;DISTRIBUIDORA                                     ;(74)99953-1152 ;010;101;PKK0690;       8,80;    0,01;27/01/2025;42;Produto/Quantidade Errada     ;   ;silva      ;16:27
231602                            ;27/01/2025;    ;552763;007;    ;0056903;DISTRIBUIDORA MA                                  ;(74)98819-8564 ;010;106;PKK8518;     976,24;    1,31;27/01/2025;65;NAO FEZ PEDIDO                ;DER;aloisio    ;18:16
231625                            ;28/01/2025;    ;552954;007;    ;0060730;MERCADINHO AVENIDA                                ;(74)99113-0421 ;020;203;RPJ2H66;     285,61;    0,50;29/01/2025;42;Produto/Quantidade Errada     ;   ;aloisio    ;19:19
231625                            ;28/01/2025;    ;552955;007;    ;0060730;MERCADINHO AVENIDA                                ;(74)99113-0421 ;020;203;RPJ2H66;      48,31;    0,00;29/01/2025;42;Produto/Quantidade Errada     ;   ;aloisio    ;19:31
231625                            ;28/01/2025;    ;552962;007;    ;0025710;SUPERMERCADO DO NETO                              ;(74)98126-7071 ;020;203;RPJ2H66;     467,10;    0,62;29/01/2025;73;FALTA DE ATIVOS DE GIRO       ;   ;aloisio    ;19:34
231625                            ;28/01/2025;    ;552963;007;    ;0025710;SUPERMERCADO DO NETO                              ;(74)98126-7071 ;020;203;RPJ2H66;     467,10;    0,62;29/01/2025;73;FALTA DE ATIVOS DE GIRO       ;   ;aloisio    ;19:18
231628                            ;28/01/2025;    ;553068;007;    ;0056478;LA BODEGA DISTRIBUID                              ;(74)98812-6668 ;020;200;RPP0E77;       5,22;    0,00;28/01/2025;42;Produto/Quantidade Errada     ;   ;ediziene   ;16:57
231628                            ;28/01/2025;    ;553069;007;    ;0056478;LA BODEGA DISTRIBUID                              ;(74)98812-6668 ;020;200;RPP0E77;     107,72;    0,08;28/01/2025;42;Produto/Quantidade Errada     ;   ;ediziene   ;16:57
231628                            ;28/01/2025;    ;553084;007;    ;0004612;BAR DA HERLITA                                    ;(74)98817-0488 ;020;200;RPP0E77;     313,40;    0,41;28/01/2025;72;PDV FECHADO (HORARIO COM.)    ;   ;ediziene   ;16:54
231628                            ;28/01/2025;    ;553085;007;    ;0004612;BAR DA HERLITA                                    ;(74)98817-0488 ;020;200;RPP0E77;      48,42;    0,12;28/01/2025;72;PDV FECHADO (HORARIO COM.)    ;   ;ediziene   ;16:54
231628                            ;28/01/2025;    ;553086;007;    ;0004612;BAR DA HERLITA                                    ;(74)98817-0488 ;020;200;RPP0E77;      31,30;    0,03;28/01/2025;72;PDV FECHADO (HORARIO COM.)    ;DER;ediziene   ;16:55
231628                            ;28/01/2025;    ;553098;007;    ;0064786;ESPETINHO DO LAMPIAO                              ;(74)98815-6408 ;020;200;RPP0E77;    1438,84;    1,78;28/01/2025;72;PDV FECHADO (HORARIO COM.)    ;   ;ediziene   ;16:55
231629                            ;28/01/2025;    ;553125;007;    ;0064874;MERCEARIA DA VILLA                                ;(74)98856-1028 ;020;201;RCP2C35;      16,00;    0,06;29/01/2025;42;Produto/Quantidade Errada     ;   ;silva      ;14:59
231635                            ;28/01/2025;    ;553314;007;    ;0064728;RM DISTRIBUIDORA                                  ;(74)99800-2527 ;010;100;NZM4666;     640,16;    0,82;28/01/2025;85;DIFICIL ACESSO                ;   ;ediziene   ;16:51
231635                            ;28/01/2025;    ;553315;007;    ;0065576;DH BEBIDAS                                        ;(74)98845-9006 ;010;100;NZM4666;    1474,96;    1,92;28/01/2025;85;DIFICIL ACESSO                ;DER;ediziene   ;16:51
231635                            ;28/01/2025;    ;553316;007;    ;0065544;DISTRIBUIDORA PAIXaO                              ;(74)99817-9878 ;010;100;NZM4666;    1261,38;    2,10;28/01/2025;85;DIFICIL ACESSO                ;   ;ediziene   ;16:51
231635                            ;28/01/2025;    ;553317;007;    ;0062713;DISTRIBUIDORA JJC                                 ;(12)99641-1251 ;010;100;NZM4666;     317,50;    0,46;28/01/2025;85;DIFICIL ACESSO                ;   ;ediziene   ;16:50
231635                            ;28/01/2025;    ;553318;007;    ;0054209;COM. DE BEB. C e C                                ;(74)99975-8638 ;010;100;NZM4666;     977,67;    1,24;28/01/2025;85;DIFICIL ACESSO                ;   ;ediziene   ;16:49
231635                            ;28/01/2025;    ;553319;007;    ;0056606;COMERCIO SANTANA                                  ;(74)98855-3122 ;010;100;NZM4666;    1089,78;    1,71;28/01/2025;85;DIFICIL ACESSO                ;   ;ediziene   ;16:50
231635                            ;28/01/2025;    ;553321;007;    ;0024828;REVALLE JUAZEIRO                                  ;(74) 3611-5066 ;085;998;NZM4666;     265,68;    0,18;28/01/2025;42;Produto/Quantidade Errada     ;   ;ediziene   ;17:13
231637                            ;28/01/2025;    ;553364;007;    ;0063118;SERGIO LUIZ                                       ;(74)98804-8147 ;010;101;OUG2987;       3,40;    0,00;28/01/2025;72;PDV FECHADO (HORARIO COM.)    ;DER;ediziene   ;17:23
231641                            ;28/01/2025;    ;553448;007;    ;0064196;J S TRANSPORTES                                   ;(74)99818-1047 ;010;102;NZM9993;     431,20;    0,55;28/01/2025;71;SEM DINHEIRO/CHEQUE           ;DER;ediziene   ;17:  
231641                            ;28/01/2025;    ;553449;007;    ;0064196;J S TRANSPORTES                                   ;(74)99818-1047 ;010;102;NZM9993;     431,20;    0,55;28/01/2025;71;SEM DINHEIRO/CHEQUE           ;DER;ediziene   ;17:  
231641                            ;28/01/2025;    ;553458;007;    ;0056124;DISTR TAINA DIAS                                  ;(74)98824-8146 ;010;102;NZM9993;    7992,80;    9,14;28/01/2025;71;SEM DINHEIRO/CHEQUE           ;   ;ediziene   ;17:01
231643                            ;28/01/2025;    ;553516;007;    ;0060298;Bar Da Claudia                                    ;(75)98193-3750 ;010;104;LKI1H89;      26,09;    0,02;28/01/2025;42;Produto/Quantidade Errada     ;   ;ediziene   ;18:05
231643                            ;28/01/2025;    ;553526;007;    ;0024069;BAR E LANC.CONCEICAO                              ;(74)98831-7806 ;010;104;LKI1H89;      10,43;    0,01;28/01/2025;42;Produto/Quantidade Errada     ;DER;ediziene   ;18:06
231644                            ;28/01/2025;    ;553544;007;    ;0000319;BAR  RODRIGUES                                    ;(74) 3611-5546 ;010;106;LKI1H89;       2,61;    0,00;28/01/2025;42;Produto/Quantidade Errada     ;DER;ediziene   ;14:11
231645                            ;28/01/2025;    ;553572;007;    ;0057700;MACEDO DISTRIBUIDORA                              ;(74)98872-7176 ;010;111;KGU0H03;     646,80;    0,82;28/01/2025;71;SEM DINHEIRO/CHEQUE           ;   ;ediziene   ;18:17
231645                            ;28/01/2025;    ;553575;007;    ;0051780;SOMBRA DO UMBUZEIRO                               ;(74) 8807-9648 ;010;103;KGU0H03;      44,29;    0,03;28/01/2025;71;SEM DINHEIRO/CHEQUE           ;   ;ediziene   ;18:16
231647                            ;28/01/2025;    ;553649;007;    ;0055432;DISTRIB PIT STOP                                  ;(74)98837-4258 ;010;111;HXN3A97;      13,76;    0,01;28/01/2025;50;CARGA ERRADA ARMAZEM          ;DER;teles      ;18:45
231667                            ;29/01/2025;    ;553767;007;    ;0053805;BUTECO DO ZI                                      ;(74)99803-7084 ;020;205;NZN0E75;     704,38;    0,92;31/01/2025;71;SEM DINHEIRO/CHEQUE           ;   ;silva      ;15:19
231667                            ;29/01/2025;    ;553825;007;    ;0065255;JOELMA  EVANGELISTA                               ;(74)98806-5878 ;020;205;NZN0E75;     484,76;    1,45;31/01/2025;42;Produto/Quantidade Errada     ;   ;silva      ;15:18
231668                            ;29/01/2025;    ;553840;007;    ;0050028;SKALA SHOW                                        ;(74) 3535-1660 ;020;203;RDC5J22;     579,60;    0,57;30/01/2025;72;PDV FECHADO (HORARIO COM.)    ;   ;teles      ;19:30
231668                            ;29/01/2025;    ;553893;007;    ;0050546;PADARIA BOM PAO                                   ;(74)98803-0824 ;020;203;RDC5J22;     332,14;    0,71;30/01/2025;72;PDV FECHADO (HORARIO COM.)    ;   ;teles      ;19:31
231673                            ;29/01/2025;    ;554076;007;    ;0062710;DISTRIBUIDORA ALVES                               ;(87)99183-9304 ;010;109;RPE4C71;    1171,88;    1,33;29/01/2025;71;SEM DINHEIRO/CHEQUE           ;   ;aloisio    ;22:01
231674                            ;29/01/2025;    ;554087;007;    ;0054882;PADARIA DA FAMILIA                                ;(74)98111-8104 ;020;202;SKK0A55;      31,96;    0,04;31/01/2025;50;CARGA ERRADA ARMAZEM          ;   ;silva      ;13:22
231674                            ;29/01/2025;    ;554098;007;    ;0054021;BAR DA ZITA                                       ;(74)98132-4958 ;020;202;SKK0A55;     198,98;    0,37;31/01/2025;72;PDV FECHADO (HORARIO COM.)    ;   ;silva      ;13:21
231683                            ;29/01/2025;    ;554389;007;    ;0057715;IMPERIO BEE                                       ;(74)98818-8543 ;010;111;NZM5543;     808,50;    1,03;31/01/2025;42;Produto/Quantidade Errada     ;DER;silva      ;13:27
231683                            ;29/01/2025;    ;554395;007;    ;0023863;MERCEARIA PORFIRIO                                ;(74) 3611-0821 ;010;106;NZM5543;     123,84;    0,18;31/01/2025;42;Produto/Quantidade Errada     ;DER;silva      ;13:26
231683                            ;29/01/2025;    ;554396;007;    ;0023863;MERCEARIA PORFIRIO                                ;(74) 3611-0821 ;010;106;NZM5543;     441,92;    0,52;31/01/2025;42;Produto/Quantidade Errada     ;   ;silva      ;13:26
231683                            ;29/01/2025;    ;554397;007;    ;0023863;MERCEARIA PORFIRIO                                ;(74) 3611-0821 ;010;106;NZM5543;      95,18;    0,18;31/01/2025;42;Produto/Quantidade Errada     ;   ;silva      ;13:27
231683                            ;29/01/2025;    ;554410;007;    ;0051706;BAR AVENIDA                                       ;(74)98804-5641 ;010;106;NZM5543;     847,56;    1,10;31/01/2025;72;PDV FECHADO (HORARIO COM.)    ;   ;silva      ;13:28
231683                            ;29/01/2025;    ;554421;007;    ;0063250;HOTEL E RESTAURANTE                               ;(74)99950-4245 ;010;102;NZM5543;     805,40;    0,84;31/01/2025;42;Produto/Quantidade Errada     ;   ;silva      ;13:27
231684                            ;29/01/2025;    ;554445;007;    ;0053652;MERCADINHO CRUZ                                   ;(74)98811-5979 ;010;104;NZM7723;     519,93;    0,69;29/01/2025;42;Produto/Quantidade Errada     ;   ;silva      ;17:37
231685                            ;29/01/2025;    ;554479;007;    ;0055271;UNIANDRE                                          ;(74)98853-4734 ;010;108;NZM9993;       2,66;    0,00;29/01/2025;73;FALTA DE ATIVOS DE GIRO       ;   ;aloisio    ;19:  
231685                            ;29/01/2025;    ;554498;007;    ;0056390;DISTRIBUIDORA ROSA                                ;(74)98141-5176 ;010;103;NZM9993;     240,56;    0,38;29/01/2025;71;SEM DINHEIRO/CHEQUE           ;   ;aloisio    ;19:01
231711                            ;30/01/2025;    ;554922;007;    ;0063773;MERCADINHO SILVA                                  ;(74)99814-8752 ;010;109;RPE4C71;      10,00;    0,01;31/01/2025;42;Produto/Quantidade Errada     ;   ;silva      ;17:16
231714                            ;30/01/2025;    ;555055;007;    ;0056022;JANAINA AMANDA                                    ;(74)98838-2854 ;010;108;SJQ9B60;      89,50;    0,16;30/01/2025;72;PDV FECHADO (HORARIO COM.)    ;   ;ediziene   ;17:59
231716                            ;30/01/2025;    ;555109;007;    ;0053671;MERCADINHO FRAGA                                  ;(74)99974-4706 ;020;201;NZM9993;     401,20;    0,49;30/01/2025;85;DIFICIL ACESSO                ;   ;ediziene   ;17:27
231716                            ;30/01/2025;    ;555110;007;    ;0053671;MERCADINHO FRAGA                                  ;(74)99974-4706 ;020;201;NZM9993;    1106,01;    1,71;30/01/2025;85;DIFICIL ACESSO                ;   ;ediziene   ;17:27
231716                            ;30/01/2025;    ;555111;007;    ;0053671;MERCADINHO FRAGA                                  ;(74)99974-4706 ;020;201;NZM9993;     869,04;    1,10;30/01/2025;85;DIFICIL ACESSO                ;   ;ediziene   ;17:27
231716                            ;30/01/2025;    ;555128;007;    ;0052101;BOTECO DA CLAUDINHA                               ;(74)99995-1377 ;020;201;NZM9993;       2,61;    0,00;30/01/2025;42;Produto/Quantidade Errada     ;   ;ediziene   ;17:52
231716                            ;30/01/2025;    ;555129;007;    ;0052101;BOTECO DA CLAUDINHA                               ;(74)99995-1377 ;020;201;NZM9993;       3,40;    0,00;30/01/2025;42;Produto/Quantidade Errada     ;   ;ediziene   ;17:31
231716                            ;30/01/2025;    ;555134;007;    ;0065645;BAR E LANCHONETE DA                               ;(74)98868-2506 ;020;201;NZM9993;     159,80;    0,24;30/01/2025;85;DIFICIL ACESSO                ;   ;ediziene   ;17:30
231716                            ;30/01/2025;    ;555135;007;    ;0058526;MA DISTRIBUIDORA                                  ;(74)98141-5892 ;020;201;NZM9993;     869,04;    1,10;30/01/2025;85;DIFICIL ACESSO                ;   ;ediziene   ;17:28
231716                            ;30/01/2025;    ;555136;007;    ;0058526;MA DISTRIBUIDORA                                  ;(74)98141-5892 ;020;201;NZM9993;     543,15;    0,69;30/01/2025;85;DIFICIL ACESSO                ;   ;ediziene   ;17:28
231716                            ;30/01/2025;    ;555137;007;    ;0058526;MA DISTRIBUIDORA                                  ;(74)98141-5892 ;020;201;NZM9993;    1122,17;    1,38;30/01/2025;85;DIFICIL ACESSO                ;   ;ediziene   ;17:29
231716                            ;30/01/2025;    ;555138;007;    ;0058526;MA DISTRIBUIDORA                                  ;(74)98141-5892 ;020;201;NZM9993;     219,92;    0,53;30/01/2025;85;DIFICIL ACESSO                ;   ;ediziene   ;17:29
231716                            ;30/01/2025;    ;555139;007;    ;0058526;MA DISTRIBUIDORA                                  ;(74)98141-5892 ;020;201;NZM9993;      27,84;    0,04;30/01/2025;85;DIFICIL ACESSO                ;   ;ediziene   ;17:29
231716                            ;30/01/2025;    ;555140;007;    ;0065682;DISTRIB DO AGNALDO                                ;(74)99810-1292 ;020;201;NZM9993;     862,40;    1,10;30/01/2025;85;DIFICIL ACESSO                ;   ;ediziene   ;17:30
231716                            ;30/01/2025;    ;555141;007;    ;0065682;DISTRIB DO AGNALDO                                ;(74)99810-1292 ;020;201;NZM9993;     539,00;    0,69;30/01/2025;85;DIFICIL ACESSO                ;   ;ediziene   ;17:31
231716                            ;30/01/2025;    ;555142;007;    ;0065682;DISTRIB DO AGNALDO                                ;(74)99810-1292 ;020;201;NZM9993;    1389,28;    1,99;30/01/2025;85;DIFICIL ACESSO                ;   ;ediziene   ;17:31
231717                            ;30/01/2025;    ;555148;007;    ;0064446;Bar e rest da Speron                              ;(74)99197-2072 ;010;107;PKK0690;     150,02;    0,25;30/01/2025;71;SEM DINHEIRO/CHEQUE           ;   ;ediziene   ;17:08
231718                            ;30/01/2025;    ;555190;007;    ;0063888;DISTRIBUIDORA PONTO                               ;(74)98812-6658 ;020;201;PKK8518;     530,53;    0,68;31/01/2025;85;DIFICIL ACESSO                ;   ;silva      ;08:11
231718                            ;30/01/2025;    ;555211;007;    ;0051066;BAR DO GINALDO                                    ;(74)98826-0380 ;010;110;PKK8518;     794,63;    1,26;31/01/2025;87;TEMPO INSUFICIENTE            ;   ;silva      ;08:10
231718                            ;30/01/2025;    ;555212;007;    ;0051066;BAR DO GINALDO                                    ;(74)98826-0380 ;010;110;PKK8518;      97,41;    0,24;31/01/2025;87;TEMPO INSUFICIENTE            ;   ;silva      ;08:10
231718                            ;30/01/2025;    ;555213;007;    ;0051066;BAR DO GINALDO                                    ;(74)98826-0380 ;010;110;PKK8518;     262,48;    0,28;31/01/2025;87;TEMPO INSUFICIENTE            ;   ;silva      ;08:10
231718                            ;30/01/2025;    ;555214;007;    ;0051066;BAR DO GINALDO                                    ;(74)98826-0380 ;010;110;PKK8518;      93,04;    0,13;31/01/2025;87;TEMPO INSUFICIENTE            ;   ;silva      ;08:10
231722                            ;30/01/2025;    ;555344;007;    ;0063794;DISTRIBUIDORA ARAUJO                              ;(74)98838-2148 ;010;102;OVB5042;     107,80;    0,13;30/01/2025;71;SEM DINHEIRO/CHEQUE           ;   ;ediziene   ;17:47
231722                            ;30/01/2025;    ;555346;007;    ;0056075;MERC JOTA GOMES                                   ;(74)98802-5255 ;010;102;OVB5042;    2544,04;    3,55;30/01/2025;32;ENTREGA ATRASADA (BUFFER)     ;   ;ediziene   ;17:46
231722                            ;30/01/2025;    ;555358;007;    ;0054154;MERCADINHO BAHAMAS                                ;(74)98852-5557 ;010;103;OVB5042;    3233,50;    4,08;30/01/2025;85;DIFICIL ACESSO                ;DER;ediziene   ;17:47
231722                            ;30/01/2025;    ;555359;007;    ;0054154;MERCADINHO BAHAMAS                                ;(74)98852-5557 ;010;103;OVB5042;      45,32;    0,02;30/01/2025;85;DIFICIL ACESSO                ;   ;ediziene   ;17:48
231727                            ;30/01/2025;    ;555482;007;    ;0065343;BAR DO WS                                         ;(74)98824-9294 ;010;103;KJP3656;     348,73;    0,47;30/01/2025;85;DIFICIL ACESSO                ;   ;ediziene   ;17:55
231727                            ;30/01/2025;    ;555483;007;    ;0065343;BAR DO WS                                         ;(74)98824-9294 ;010;103;KJP3656;      29,76;    0,04;30/01/2025;85;DIFICIL ACESSO                ;   ;ediziene   ;17:54
231728                            ;30/01/2025;    ;555535;007;    ;0057733;O Rancho                                          ;(74)99127-9806 ;010;110;KJP6186;    2244,02;    2,36;30/01/2025;64;SEM VASILHAME                 ;   ;teles      ;19:28
231729                            ;30/01/2025;    ;555556;007;    ;0065526;ARENA SÃO JOSÉ                                    ;(74)98818-6163 ;010;101;OFB8B68;     431,20;    0,55;30/01/2025;42;Produto/Quantidade Errada     ;   ;ediziene   ;16:31
231743                            ;31/01/2025;    ;555596;007;    ;0055722;MG Mercadinho                                     ;(74)99964-8858 ;020;205;RDC5J22;     101,64;    0,15;01/02/2025;71;SEM DINHEIRO/CHEQUE           ;   ;teles      ;13:55
231743                            ;31/01/2025;    ;555627;007;    ;0063468;COMERCIAL AVENIDA                                 ;(43)90000-0000 ;020;205;RDC5J22;     690,92;    2,19;01/02/2025;72;PDV FECHADO (HORARIO COM.)    ;   ;teles      ;13:56
231744                            ;31/01/2025;    ;555644;007;    ;0052994;BAR E MER DO LUCIANO                              ;(74)98110-8004 ;020;204;RPM8D89;       2,61;    0,00;01/02/2025;42;Produto/Quantidade Errada     ;   ;teles      ;18:04
231745                            ;31/01/2025;    ;555695;007;    ;0065558;TORRES PIZZA                                      ;(74)98805-7655 ;010;109;OUX3F90;     240,00;    0,60;01/02/2025;72;PDV FECHADO (HORARIO COM.)    ;   ;teles      ;13:53
231748                            ;31/01/2025;    ;555867;007;    ;0055723;VAREJAO PAGUE MENOS                               ;(74)99104-0161 ;020;202;OVB5042;      53,27;    0,06;01/02/2025;50;CARGA ERRADA ARMAZEM          ;DER;teles      ;15:05
231753                            ;31/01/2025;    ;555976;007;    ;0057689;BAR DE IVONILDE                                   ;(74)99811-5487 ;010;107;PKK0690;     856,88;    1,15;31/01/2025;85;DIFICIL ACESSO                ;   ;silva      ;17:38
231753                            ;31/01/2025;    ;555989;007;    ;0057672;SOUZA BEBIDAS                                     ;(74)99909-8560 ;010;107;PKK0690;    1078,98;    1,75;31/01/2025;72;PDV FECHADO (HORARIO COM.)    ;   ;silva      ;17:36
231753                            ;31/01/2025;    ;556001;007;    ;0056616;Mercadinho Lima                                   ;(74)99984-7261 ;010;107;PKK0690;    1198,01;    1,51;31/01/2025;85;DIFICIL ACESSO                ;   ;silva      ;17:37
231753                            ;31/01/2025;    ;556002;007;    ;0056616;Mercadinho Lima                                   ;(74)99984-7261 ;010;107;PKK0690;     605,17;    0,69;31/01/2025;85;DIFICIL ACESSO                ;   ;silva      ;17:37
231753                            ;31/01/2025;    ;556003;007;    ;0056616;Mercadinho Lima                                   ;(74)99984-7261 ;010;107;PKK0690;    3165,82;    4,89;31/01/2025;85;DIFICIL ACESSO                ;   ;silva      ;17:38
231754                            ;31/01/2025;    ;556007;007;    ;0065044;DISTRIBUID RODRIGUES                              ;(74)98144-8641 ;010;100;OZE4956;     539,00;    0,69;31/01/2025;73;FALTA DE ATIVOS DE GIRO       ;DER;silva      ;18:02
231755                            ;31/01/2025;    ;556048;007;    ;0050964;distribuidora da bet                              ;(74)98802-3080 ;010;103;SJQ9B60;     144,36;    0,48;31/01/2025;72;PDV FECHADO (HORARIO COM.)    ;   ;silva      ;17:54
231755                            ;31/01/2025;    ;556049;007;    ;0050964;distribuidora da bet                              ;(74)98802-3080 ;010;103;SJQ9B60;     826,20;    1,02;31/01/2025;72;PDV FECHADO (HORARIO COM.)    ;   ;silva      ;17:53
231755                            ;31/01/2025;    ;556050;007;    ;0050964;distribuidora da bet                              ;(74)98802-3080 ;010;103;SJQ9B60;     269,50;    0,34;31/01/2025;72;PDV FECHADO (HORARIO COM.)    ;   ;silva      ;17:53
231755                            ;31/01/2025;    ;556051;007;    ;0050964;distribuidora da bet                              ;(74)98802-3080 ;010;103;SJQ9B60;      18,32;    0,09;31/01/2025;72;PDV FECHADO (HORARIO COM.)    ;   ;silva      ;17:52
231761                            ;31/01/2025;    ;556196;007;    ;0064695;DONA DENDE                                        ;(71)99682-1648 ;010;110;KJP6186;      28,43;    0,01;31/01/2025;42;Produto/Quantidade Errada     ;   ;aloisio    ;19:53
231761                            ;31/01/2025;    ;556197;007;    ;0064288;MERCADINHO BRILHANTE                              ;(74)98828-1575 ;080;810;KJP6186;      75,46;    0,13;31/01/2025;87;TEMPO INSUFICIENTE            ;   ;aloisio    ;19:58
231761                            ;31/01/2025;    ;556198;007;    ;0064288;MERCADINHO BRILHANTE                              ;(74)98828-1575 ;080;810;KJP6186;    1889,44;    2,96;31/01/2025;87;TEMPO INSUFICIENTE            ;   ;aloisio    ;19:59
231761                            ;31/01/2025;    ;556199;007;    ;0064288;MERCADINHO BRILHANTE                              ;(74)98828-1575 ;080;810;KJP6186;      71,80;    0,08;31/01/2025;87;TEMPO INSUFICIENTE            ;   ;aloisio    ;19:59
231761                            ;31/01/2025;    ;556200;007;    ;0051351;MERC BOM BARATO                                   ;(74)98804-1830 ;010;106;KJP6186;    1015,32;    1,67;31/01/2025;87;TEMPO INSUFICIENTE            ;   ;aloisio    ;19:54
231761                            ;31/01/2025;    ;556201;007;    ;0051351;MERC BOM BARATO                                   ;(74)98804-1830 ;010;106;KJP6186;     160,90;    0,18;31/01/2025;87;TEMPO INSUFICIENTE            ;   ;aloisio    ;19:55
231761                            ;31/01/2025;    ;556202;007;    ;0051351;MERC BOM BARATO                                   ;(74)98804-1830 ;010;106;KJP6186;      93,80;    0,11;31/01/2025;87;TEMPO INSUFICIENTE            ;   ;aloisio    ;19:56
231761                            ;31/01/2025;    ;556203;007;    ;0057399;MERCADINHO FERNANDES                              ;(74)98831-0878 ;080;810;KJP6186;    1207,77;    1,83;31/01/2025;72;PDV FECHADO (HORARIO COM.)    ;   ;aloisio    ;19:53
231761                            ;31/01/2025;    ;556213;007;    ;0063805;KF COMERCIO DE CARNE                              ;(41)99187-8575 ;080;810;KJP6186;     111,55;    0,12;31/01/2025;87;TEMPO INSUFICIENTE            ;   ;aloisio    ;19:57
231761                            ;31/01/2025;    ;556214;007;    ;0063805;KF COMERCIO DE CARNE                              ;(41)99187-8575 ;080;810;KJP6186;     196,00;    0,21;31/01/2025;87;TEMPO INSUFICIENTE            ;   ;aloisio    ;19:58
231762                            ;31/01/2025;    ;556257;007;    ;0055502;BAR MARINGAR                                      ;(74)98847-0642 ;010;110;OFB8B68;    1241,60;    1,55;31/01/2025;42;Produto/Quantidade Errada     ;   ;aloisio    ;19:16
231762                            ;31/01/2025;    ;556258;007;    ;0055502;BAR MARINGAR                                      ;(74)98847-0642 ;010;110;OFB8B68;    1249,64;    1,55;31/01/2025;42;Produto/Quantidade Errada     ;   ;aloisio    ;19:16
231763                            ;31/01/2025;    ;556290;007;    ;0056715;RAIMUNDO NONATO                                   ;(74)98805-0448 ;010;105;JII1442;     160,62;    0,24;01/02/2025;85;DIFICIL ACESSO                ;DER;teles      ;11:38
231764                            ;31/01/2025;    ;556309;007;    ;0065197;DISTRIBUIDORA DOIS I                              ;(74)99978-8153 ;010;105;KJP3656;    1883,72;    2,68;31/01/2025;72;PDV FECHADO (HORARIO COM.)    ;   ;silva      ;15:57
231764                            ;31/01/2025;    ;556343;007;    ;0051049;NICE LANCHES                                      ;(74)98817-3231 ;010;105;KJP3656;     622,80;    0,82;31/01/2025;42;Produto/Quantidade Errada     ;   ;silva      ;15:55
231765                            ;31/01/2025;    ;556357;007;    ;0057175;Deposito do Chueira                               ;(74)99809-1508 ;010;111;HXN3A97;     210,00;    0,20;31/01/2025;50;CARGA ERRADA ARMAZEM          ;   ;silva      ;15:24
231766                            ;31/01/2025;    ;556364;007;    ;0056996;AYRLANE OLIVEIRA COS                              ;(74)99809-5749 ;010;104;OFB8B98;       3,40;    0,00;31/01/2025;72;PDV FECHADO (HORARIO COM.)    ;DER;aloisio    ;18:15
231766                            ;31/01/2025;    ;556373;007;    ;0053087;MERC MARCELO                                      ;(74)98828-3645 ;010;104;OFB8B98;    1182,86;    1,57;31/01/2025;50;CARGA ERRADA ARMAZEM          ;   ;aloisio    ;18:14
231766                            ;31/01/2025;    ;556378;007;    ;0003995;FRANCISCO DAS CHAGAS                              ;(74) 3611-5873 ;010;106;OFB8B98;    1024,54;    1,74;31/01/2025;42;Produto/Quantidade Errada     ;   ;aloisio    ;18:13
231766                            ;31/01/2025;    ;556383;007;    ;0062050;MERCEARIA VITORIA                                 ;(74)98863-1510 ;010;104;OFB8B98;       3,40;    0,00;31/01/2025;72;PDV FECHADO (HORARIO COM.)    ;DER;aloisio    ;18:15
231767                            ;31/01/2025;    ;556402;007;    ;0055945;SUPERMERCADO UNIPREC                              ;(74) 3611-1177 ;080;810;KGU0H03;      77,16;    0,08;31/01/2025;42;Produto/Quantidade Errada     ;   ;aloisio    ;18:58
231771                            ;31/01/2025;    ;556440;007;    ;0058646;MERCEARIA SOARES                                  ;(74)98835-4220 ;010;103;LKI1H89;    1380,20;    1,60;31/01/2025;71;SEM DINHEIRO/CHEQUE           ;   ;silva      ;17:56
