Mapa                     ;Data;Unb Nota;Nota;Serie;Unb Cliente;Cod. Cliente;Nome Cliente;Telefone;Area;Setor;Placa;Valor;Volume;Data Devol.;Cod. Motivo;Desc. Motivo;Orig. Pedido;Usuario;Hora 
006289                            ;02/01/2025;    ;082813;003;    ;0019123;RESTAURANTE SILVA                                 ;(75)99896-7335 ;010;107;SJQ8D11;     269,80;    0,28;02/01/2025;71;SEM DINHEIRO/CHEQUE           ;   ;jose.al    ;16:16
006299                            ;02/01/2025;    ;083110;003;    ;0035476;MERCADO DO GESSY                                  ;(75)98326-2754 ;010;106;SKB4I83;     375,26;    0,23;02/01/2025;71;SEM DINHEIRO/CHEQUE           ;   ;jose.al    ;17:29
006300                            ;02/01/2025;    ;083133;003;    ;0035961;BAR DE DIVALDO                                    ;(75) 8106-8969 ;010;102;JSM4818;      51,45;    0,05;02/01/2025;72;PDV FECHADO (HORARIO COM.)    ;   ;emerson.al ;20:21
006301                            ;02/01/2025;    ;083148;003;    ;0019184;MERCADINHO CAJUEIRO                               ;(75)98167-9375 ;010;106;PLN3B26;     301,94;    0,67;02/01/2025;52;FALTA PRODUTO ESTOQUE         ;   ;jose.al    ;14:03
006303                            ;02/01/2025;    ;083187;003;    ;0030353;MERCEARIA DA EVINHA                               ;(07)59910-9460 ;020;207;TCW8F43;       6,91;    0,02;02/01/2025;65;NAO FEZ PEDIDO                ;   ;jose.al    ;14:32
006303                            ;02/01/2025;    ;083188;003;    ;0030353;MERCEARIA DA EVINHA                               ;(07)59910-9460 ;020;207;TCW8F43;      44,04;    0,06;02/01/2025;65;NAO FEZ PEDIDO                ;   ;jose.al    ;14:31
006303                            ;02/01/2025;    ;083195;003;    ;0018750;FENIX BAR                                         ;(75)99977-0852 ;020;206;TCW8F43;     234,14;    0,38;02/01/2025;72;PDV FECHADO (HORARIO COM.)    ;   ;jose.al    ;14:32
006306                            ;02/01/2025;    ;083231;003;    ;0046374;CASA DA DJA                                       ;(75)99847-1840 ;010;107;SKJ9C75;     279,02;    0,49;02/01/2025;72;PDV FECHADO (HORARIO COM.)    ;   ;jose.al    ;13:40
006306                            ;02/01/2025;    ;083232;003;    ;0046374;CASA DA DJA                                       ;(75)99847-1840 ;010;107;SKJ9C75;      39,93;    0,02;02/01/2025;72;PDV FECHADO (HORARIO COM.)    ;   ;jose.al    ;13:40
006306                            ;02/01/2025;    ;083236;003;    ;0054581;ROSENELIA                                         ;(71)99670-3669 ;010;101;SKJ9C75;     145,94;    0,30;02/01/2025;72;PDV FECHADO (HORARIO COM.)    ;   ;jose.al    ;13:40
006306                            ;02/01/2025;    ;083238;003;    ;0082794;LANCH. BELA FLOR                                  ;(71)99907-7473 ;010;109;SKJ9C75;     230,97;    0,32;02/01/2025;72;PDV FECHADO (HORARIO COM.)    ;   ;jose.al    ;13:39
006307                            ;02/01/2025;    ;083262;003;    ;0031444;FRANCISCO CUSTODIO D                              ;(75) 8164-2677 ;010;106;PXX2E06;     161,70;    0,20;02/01/2025;72;PDV FECHADO (HORARIO COM.)    ;   ;emerson.al ;20:04
006308                            ;02/01/2025;    ;083270;003;    ;0018921;BAR DA GLEIDE MARA                                ;(75)98155-8641 ;010;105;PLL7H92;      53,90;    0,06;02/01/2025;72;PDV FECHADO (HORARIO COM.)    ;   ;jose.al    ;14:42
006308                            ;02/01/2025;    ;083290;003;    ;0028868;EMPORIO MIX                                       ;(71)99198-4604 ;010;105;PLL7H92;      97,16;    0,11;02/01/2025;72;PDV FECHADO (HORARIO COM.)    ;   ;jose.al    ;14:42
006310                            ;02/01/2025;    ;083307;003;    ;0018973;BAR DE LUCAS                                      ;(75)99273-2018 ;010;102;OUP9E04;     119,80;    0,13;02/01/2025;72;PDV FECHADO (HORARIO COM.)    ;   ;jose.al    ;18:37
006310                            ;02/01/2025;    ;083308;003;    ;0041468;BAR DO ORLANDO                                    ;(75)99973-3572 ;010;102;OUP9E04;     372,09;    0,61;02/01/2025;70;CLIENTE CANCELOU              ;   ;jose.al    ;18:37
006310                            ;02/01/2025;    ;083311;003;    ;0046964; BAR BOA VISTA                                    ;               ;010;102;OUP9E04;     469,60;    0,94;02/01/2025;71;SEM DINHEIRO/CHEQUE           ;   ;jose.al    ;18:37
006310                            ;02/01/2025;    ;083312;003;    ;0036561;CARECA VARIEDADES                                 ;(71)98218-7195 ;010;102;OUP9E04;     680,86;    0,72;02/01/2025;72;PDV FECHADO (HORARIO COM.)    ;   ;jose.al    ;18:37
006313                            ;02/01/2025;    ;083327;003;    ;0056671;SOL PANIFICA√á√ÉO E                               ;               ;010;107;JOX4424;     207,96;    0,46;02/01/2025;72;PDV FECHADO (HORARIO COM.)    ;   ;jose.al    ;15:53
006313                            ;02/01/2025;    ;083333;003;    ;0030462;BAR JOSE                                          ;(75)98316-8362 ;010;103;JOX4424;     122,06;    0,22;02/01/2025;71;SEM DINHEIRO/CHEQUE           ;   ;jose.al    ;15:53
006314                            ;01/01/2025;    ;083343;003;    ;0018296;CDR CAMACARI                                      ;(19) 3313-7039 ;090;998;RPK5A52;  131110,00;    0,00;02/01/2025;51;NF ERRADA                     ;   ;alyson10   ;08:13
006329                            ;03/01/2025;    ;083413;003;    ;0019187;BAR TR S IRM√OS                                   ;(75)99922-7873 ;020;205;SJQ1F85;     141,22;    0,26;03/01/2025;71;SEM DINHEIRO/CHEQUE           ;   ;tailan.al  ;20:10
006337                            ;03/01/2025;    ;083573;003;    ;0018539;SUPERMERCADO VITORIA                              ;(75)98249-9296 ;010;106;SJQ6F87;     733,94;    1,68;03/01/2025;57;Produto Danificado            ;   ;tailan.al  ;19:34
006340                            ;03/01/2025;    ;083664;003;    ;0018853;BR GRILL                                          ;(75)99945-2496 ;010;107;SJQ4A23;     830,19;    1,25;03/01/2025;64;SEM VASILHAME                 ;   ;tailan.al  ;20:28
006342                            ;03/01/2025;    ;083699;003;    ;0030206;BAR DO PIA                                        ;(75)99876-8102 ;020;202;SKB4I83;     269,18;    0,28;03/01/2025;48;PDV Fechado Apos              ;   ;cesar.al   ;18:27
006345                            ;03/01/2025;    ;083760;003;    ;0040456;BAR DOIS RIACHOS                                  ;(07)59990-5377 ;010;111;PJX0435;     345,48;    0,24;03/01/2025;71;SEM DINHEIRO/CHEQUE           ;   ;cesar.al   ;14:02
006358                            ;03/01/2025;    ;083945;003;    ;0036519;O MERCADO                                         ;(75)99955-5746 ;010;105;RUF2C69;      53,26;    0,04;03/01/2025;72;PDV FECHADO (HORARIO COM.)    ;   ;tailan.al  ;19:19
006358                            ;03/01/2025;    ;083946;003;    ;0028575;SANTOS FRANGO E CIA                               ;(75)99913-6747 ;010;105;RUF2C69;     129,20;    0,22;03/01/2025;82;ENDERECO NAO ENCONTRADO       ;   ;tailan.al  ;19:19
006358                            ;03/01/2025;    ;083947;003;    ;0044838;TK MERCADINHO                                     ;(75)99821-3723 ;010;105;RUF2C69;     172,76;    0,13;03/01/2025;72;PDV FECHADO (HORARIO COM.)    ;   ;tailan.al  ;19:20
006359                            ;03/01/2025;    ;083956;003;    ;0089134;BAR FRANGO ASADO                                  ;(75)99968-2367 ;010;105;SKJ9C75;     340,04;    0,54;03/01/2025;72;PDV FECHADO (HORARIO COM.)    ;   ;tailan.al  ;19:16
006369                            ;04/01/2025;    ;083989;003;    ;0018877;BAR DO MARCELO                                    ;(71)98355-7471 ;020;204;SJQ1F85;     138,00;    0,23;04/01/2025;74;LOCAL ARMAZENAGEM INADEQUADO  ;   ;emerson.al ;20:22
006369                            ;04/01/2025;    ;083993;003;    ;0050292;MERCEARIA DO CRINA                                ;(75)99847-3318 ;020;204;SJQ1F85;     518,20;    0,54;04/01/2025;74;LOCAL ARMAZENAGEM INADEQUADO  ;   ;emerson.al ;20:22
006369                            ;04/01/2025;    ;083994;003;    ;0050292;MERCEARIA DO CRINA                                ;(75)99847-3318 ;020;204;SJQ1F85;    1027,71;    1,15;04/01/2025;74;LOCAL ARMAZENAGEM INADEQUADO  ;   ;emerson.al ;20:22
006369                            ;04/01/2025;    ;083999;003;    ;0050692;ADEGA                                             ;(01)19698-8052 ;020;209;SJQ1F85;    1573,31;    2,37;04/01/2025;74;LOCAL ARMAZENAGEM INADEQUADO  ;   ;emerson.al ;20:21
006369                            ;04/01/2025;    ;084000;003;    ;0050692;ADEGA                                             ;(01)19698-8052 ;020;209;SJQ1F85;     427,70;    0,47;04/01/2025;74;LOCAL ARMAZENAGEM INADEQUADO  ;   ;emerson.al ;20:21
006369                            ;04/01/2025;    ;084004;003;    ;0050469;PASTELARIA AFRO BAR                               ;(75)99816-9451 ;020;209;SJQ1F85;     254,10;    0,28;04/01/2025;74;LOCAL ARMAZENAGEM INADEQUADO  ;   ;emerson.al ;20:21
006369                            ;04/01/2025;    ;084007;003;    ;0050447;DISTR. DO JAIR LAVA                               ;(75)99834-6582 ;030;304;SJQ1F85;    1696,51;    2,33;04/01/2025;74;LOCAL ARMAZENAGEM INADEQUADO  ;   ;emerson.al ;20:45
006371                            ;04/01/2025;    ;084033;003;    ;0019137;BAR DO TICA                                       ;(75)98240-4439 ;010;104;SJQ3B12;      44,04;    0,12;04/01/2025;82;ENDERECO NAO ENCONTRADO       ;   ;emerson.al ;19:20
006388                            ;04/01/2025;    ;084440;003;    ;0047028;L B VARIEDADES                                    ;(75)98242-1012 ;010;105;JQP3F55;      40,22;    0,06;04/01/2025;72;PDV FECHADO (HORARIO COM.)    ;   ;jose.al    ;11:52
006389                            ;04/01/2025;    ;084455;003;    ;0032401;BARRACA NOVO TEMPO                                ;(75) 8308-7414 ;010;111;JQP3F55;     317,50;    0,26;04/01/2025;72;PDV FECHADO (HORARIO COM.)    ;   ;jose.al    ;17:08
006390                            ;04/01/2025;    ;084460;003;    ;0019275;CANTINHO DO PEDRO                                 ;(75)99878-6639 ;010;107;PLL7H92;      37,10;    0,04;04/01/2025;71;SEM DINHEIRO/CHEQUE           ;   ;jose.al    ;11:09
006391                            ;04/01/2025;    ;084478;003;    ;0031019;BAR DO PAPUDA                                     ;(75)98160-2832 ;010;110;PLL7H92;     361,93;    0,43;04/01/2025;72;PDV FECHADO (HORARIO COM.)    ;   ;jose.al    ;16:14
006392                            ;04/01/2025;    ;084484;003;    ;0019431;ESPA«O  AQUA                                      ;(75)99995-4650 ;010;105;PMV0A05;     171,86;    0,38;04/01/2025;71;SEM DINHEIRO/CHEQUE           ;   ;jose.al    ;13:33
006393                            ;04/01/2025;    ;084505;003;    ;0084706;Bar da vani                                       ;(99) 9666-6666 ;010;110;PMV0A05;     478,84;    0,47;04/01/2025;70;CLIENTE CANCELOU              ;   ;jose.al    ;17:32
006394                            ;04/01/2025;    ;084511;003;    ;0018535;CANTINHO DA ARVORE                                ;(75)98656-2663 ;010;102;TCW8F43;     118,68;    0,36;04/01/2025;82;ENDERECO NAO ENCONTRADO       ;   ;jose.al    ;11:51
006407                            ;06/01/2025;    ;084546;003;    ;0047601;AR Distribuidora                                  ;(71)99620-4635 ;030;306;NLX5G05;     254,01;    0,25;07/01/2025;72;PDV FECHADO (HORARIO COM.)    ;   ;tailan.al  ;13:46
006407                            ;06/01/2025;    ;084547;003;    ;0047601;AR Distribuidora                                  ;(71)99620-4635 ;030;306;NLX5G05;     276,60;    0,62;07/01/2025;72;PDV FECHADO (HORARIO COM.)    ;   ;tailan.al  ;13:47
006407                            ;06/01/2025;    ;084548;003;    ;0047601;AR Distribuidora                                  ;(71)99620-4635 ;030;306;NLX5G05;    1982,16;    2,72;07/01/2025;72;PDV FECHADO (HORARIO COM.)    ;   ;tailan.al  ;13:48
006407                            ;06/01/2025;    ;084549;003;    ;0047601;AR Distribuidora                                  ;(71)99620-4635 ;030;306;NLX5G05;    3612,20;    5,37;07/01/2025;72;PDV FECHADO (HORARIO COM.)    ;   ;tailan.al  ;13:48
006407                            ;06/01/2025;    ;084550;003;    ;0047601;AR Distribuidora                                  ;(71)99620-4635 ;030;306;NLX5G05;     862,80;    0,47;07/01/2025;72;PDV FECHADO (HORARIO COM.)    ;   ;tailan.al  ;13:47
006407                            ;06/01/2025;    ;084551;003;    ;0047601;AR Distribuidora                                  ;(71)99620-4635 ;030;306;NLX5G05;     109,44;    0,48;07/01/2025;72;PDV FECHADO (HORARIO COM.)    ;   ;tailan.al  ;13:47
006409                            ;06/01/2025;    ;084589;003;    ;0050210;DISTRIBUIDORA PALMEI                              ;(07)59846-2576 ;020;209;SJQ1F85;     210,57;    0,25;06/01/2025;82;ENDERECO NAO ENCONTRADO       ;   ;jose.al    ;19:48
006409                            ;06/01/2025;    ;084592;003;    ;0050724;BAR DA CILENE                                     ;(71)99921-3420 ;020;209;SJQ1F85;      53,58;    0,06;06/01/2025;82;ENDERECO NAO ENCONTRADO       ;   ;jose.al    ;19:48
006409                            ;06/01/2025;    ;084613;003;    ;0050636;BAR DA CARINA                                     ;(07)59951-8356 ;020;209;SJQ1F85;     224,70;    0,78;06/01/2025;82;ENDERECO NAO ENCONTRADO       ;   ;jose.al    ;19:48
006410                            ;06/01/2025;    ;084647;003;    ;0019140;GILMARIO SANTANA DA                               ;(75)99881-4890 ;020;202;SJQ7E10;     201,34;    0,72;06/01/2025;72;PDV FECHADO (HORARIO COM.)    ;   ;jose.al    ;20:53
006412                            ;06/01/2025;    ;084681;003;    ;0018808;DEPOSITO CONDE                                    ;(75)99915-5265 ;020;202;NTK8G36;     583,50;    0,63;07/01/2025;72;PDV FECHADO (HORARIO COM.)    ;   ;tailan.al  ;13:35
006412                            ;06/01/2025;    ;084699;003;    ;0030067;SORVETERIA DOCE GOST                              ;(07)58887-1479 ;020;207;NTK8G36;      29,76;    0,04;07/01/2025;65;NAO FEZ PEDIDO                ;   ;tailan.al  ;13:35
006413                            ;06/01/2025;    ;084723;003;    ;0019345;DISTRIBUIDORA HENRIQ                              ;(75)99992-3815 ;020;205;SJQ5B35;    1323,50;    1,37;07/01/2025;71;SEM DINHEIRO/CHEQUE           ;   ;tailan.al  ;13:33
006420                            ;06/01/2025;    ;084925;003;    ;0050748;BAR DO VAQUEIRO                                   ;(71)99697-3549 ;010;101;SJQ3B12;    1994,30;    2,55;06/01/2025;64;SEM VASILHAME                 ;   ;jose.al    ;19:20
006424                            ;06/01/2025;    ;085033;003;    ;0060666;BARRACA CURISCO                                   ;(75)99843-2585 ;020;201;SJQ5E98;    4996,17;    6,87;06/01/2025;64;SEM VASILHAME                 ;   ;jose.al    ;19:18
006424                            ;06/01/2025;    ;085045;003;    ;0060717;NASCENTE BEBIDAS                                  ;(07)19654-3165 ;020;201;SJQ5E98;    1374,12;    2,04;06/01/2025;72;PDV FECHADO (HORARIO COM.)    ;   ;jose.al    ;19:18
006428                            ;06/01/2025;    ;085135;003;    ;0040045;TEMPERO VERDE                                     ;(07)59714-7395 ;020;206;NYM9I27;     200,46;    0,32;06/01/2025;70;CLIENTE CANCELOU              ;   ;jose.al    ;19:21
006428                            ;06/01/2025;    ;085138;003;    ;0019034;CANTINHO DO MANOEL                                ;(75)99225-2786 ;020;206;NYM9I27;     327,59;    0,45;06/01/2025;72;PDV FECHADO (HORARIO COM.)    ;   ;jose.al    ;19:21
006429                            ;06/01/2025;    ;085153;003;    ;0051701;MERCEARIA RA                                      ;(75)98106-9868 ;010;106;PJX0435;     222,60;    0,25;06/01/2025;71;SEM DINHEIRO/CHEQUE           ;   ;emerson.al ;14:57
006431                            ;06/01/2025;    ;085165;003;    ;0052223;QUIOSQUE IRMAOS                                   ;(75)99910-9489 ;010;104;TCW8F43;      53,90;    0,06;06/01/2025;71;SEM DINHEIRO/CHEQUE           ;   ;emerson.al ;15:24
006431                            ;06/01/2025;    ;085166;003;    ;0052223;QUIOSQUE IRMAOS                                   ;(75)99910-9489 ;010;104;TCW8F43;      53,90;    0,06;06/01/2025;71;SEM DINHEIRO/CHEQUE           ;   ;emerson.al ;15:24
006434                            ;06/01/2025;    ;085228;003;    ;0045776;BAR DA BARBARA                                    ;               ;010;109;SKJ9C75;      40,00;    0,12;06/01/2025;72;PDV FECHADO (HORARIO COM.)    ;   ;emerson.al ;14:07
006434                            ;06/01/2025;    ;085229;003;    ;0033182;BAR DA VALDA                                      ;(71) 9677-2472 ;010;109;SKJ9C75;     205,74;    0,32;06/01/2025;71;SEM DINHEIRO/CHEQUE           ;   ;emerson.al ;14:06
006435                            ;06/01/2025;    ;085239;003;    ;0034989;MERCEARIA DO ELIZEU                               ;(75) 3423-5236 ;010;102;JOC8228;     179,50;    0,21;06/01/2025;71;SEM DINHEIRO/CHEQUE           ;   ;emerson.al ;13:40
006435                            ;06/01/2025;    ;085244;003;    ;0051258;BIROSCA                                           ;(75)99897-3609 ;010;102;JOC8228;     107,80;    0,13;06/01/2025;73;FALTA DE ATIVOS DE GIRO       ;   ;emerson.al ;13:40
006443                            ;06/01/2025;    ;085327;003;    ;0039967;BAR DO GUERRA                                     ;(75)98126-1280 ;010;103;SKJ7D60;     353,83;    0,49;06/01/2025;72;PDV FECHADO (HORARIO COM.)    ;   ;emerson.al ;14:02
006461                            ;07/01/2025;    ;085389;003;    ;0030362;RESTAURANTE TUBARAO                               ;(07)59969-2483 ;020;202;SJQ7E10;     351,44;    0,61;07/01/2025;71;SEM DINHEIRO/CHEQUE           ;   ;cesar.al   ;20:24
006465                            ;07/01/2025;    ;085508;003;    ;0031844;DEPOSITO MEU CANTINH                              ;(75)98114-4556 ;010;103;SJQ0A82;    1886,50;    2,41;07/01/2025;72;PDV FECHADO (HORARIO COM.)    ;   ;tailan.al  ;15:16
006465                            ;07/01/2025;    ;085509;003;    ;0031844;DEPOSITO MEU CANTINH                              ;(75)98114-4556 ;010;103;SJQ0A82;     177,60;    0,22;07/01/2025;72;PDV FECHADO (HORARIO COM.)    ;   ;tailan.al  ;15:16
006474                            ;07/01/2025;    ;085688;003;    ;0050484;MERCADO SANTOS                                    ;(07)59969-5836 ;020;209;JSM4818;     530,92;    0,69;07/01/2025;71;SEM DINHEIRO/CHEQUE           ;   ;tailan.al  ;14:19
006478                            ;07/01/2025;    ;085737;003;    ;0018750;FENIX BAR                                         ;(75)99977-0852 ;020;206;PLL7H92;     207,87;    0,37;07/01/2025;72;PDV FECHADO (HORARIO COM.)    ;   ;tailan.al  ;15:06
006481                            ;07/01/2025;    ;085806;003;    ;0083693;CLEDSON BAR                                       ;(75)98153-3817 ;010;111;JOC8228;     289,57;    0,46;07/01/2025;72;PDV FECHADO (HORARIO COM.)    ;   ;tailan.al  ;10:58
006481                            ;07/01/2025;    ;085807;003;    ;0035590;BUTECO DA RAFA                                    ;(75)99116-4119 ;010;111;JOC8228;     120,38;    0,25;07/01/2025;72;PDV FECHADO (HORARIO COM.)    ;   ;tailan.al  ;10:58
006482                            ;07/01/2025;    ;085830;003;    ;0019394;CANTINHO DA ANGELA                                ;(75)99916-1195 ;010;107;JQP3F55;      37,10;    0,04;07/01/2025;71;SEM DINHEIRO/CHEQUE           ;   ;tailan.al  ;18:16
006489                            ;07/01/2025;    ;085834;003;    ;0084784;BAR DO EDGARD                                     ;(75)99994-7741 ;010;104;MSG0C01;   16950,00;    0,00;07/01/2025;51;NF ERRADA                     ;   ;alyson10   ;09:41
006489                            ;07/01/2025;    ;085835;003;    ;0084784;BAR DO EDGARD                                     ;(75)99994-7741 ;010;104;MSG0C01;    3115,67;    0,00;07/01/2025;51;NF ERRADA                     ;   ;alyson10   ;09:42
006515                            ;07/01/2025;    ;085842;003;    ;0028602;POINT DA CONCE                                    ;(75)98142-4300 ;010;111;MSG0C01;      98,00;    0,00;15/01/2025;39;Cliente Cancelou.             ;   ;darlan.al  ;16:49
006522                            ;08/01/2025;    ;085919;003;    ;0050237;MANSAO DO CHALE                                   ;(07)59992-3480 ;020;205;SJQ1F85;     166,73;    0,20;08/01/2025;64;SEM VASILHAME                 ;   ;jose.al    ;20:13
006522                            ;08/01/2025;    ;085922;003;    ;0050575;MERCEARIA MC                                      ;               ;020;205;SJQ1F85;       6,25;    0,00;08/01/2025;87;TEMPO INSUFICIENTE            ;   ;jose.al    ;20:13
006522                            ;08/01/2025;    ;085930;003;    ;0050199;PONTO DO MOREIRA                                  ;(07)59872-7602 ;020;205;SJQ1F85;     809,04;    0,86;08/01/2025;83;PROPRIETARIO AUSENTE          ;   ;jose.al    ;20:12
006522                            ;08/01/2025;    ;085931;003;    ;0050199;PONTO DO MOREIRA                                  ;(07)59872-7602 ;020;205;SJQ1F85;     358,09;    0,40;08/01/2025;83;PROPRIETARIO AUSENTE          ;   ;jose.al    ;20:12
006522                            ;08/01/2025;    ;085933;003;    ;0050438;MERCEARIA LM                                      ;(07)59871-4782 ;020;205;SJQ1F85;     241,24;    0,55;08/01/2025;71;SEM DINHEIRO/CHEQUE           ;   ;jose.al    ;20:13
006522                            ;08/01/2025;    ;085944;003;    ;0019187;BAR TR S IRM√OS                                   ;(75)99922-7873 ;020;205;SJQ1F85;      78,01;    0,16;08/01/2025;82;ENDERECO NAO ENCONTRADO       ;   ;jose.al    ;20:10
006522                            ;08/01/2025;    ;085945;003;    ;0019187;BAR TR S IRM√OS                                   ;(75)99922-7873 ;020;205;SJQ1F85;      34,34;    0,01;08/01/2025;82;ENDERECO NAO ENCONTRADO       ;   ;jose.al    ;20:11
006522                            ;08/01/2025;    ;085946;003;    ;0050109;MALOMBE BEBIDAS                                   ;(75)99956-6652 ;030;304;SJQ1F85;      16,67;    0,01;08/01/2025;82;ENDERECO NAO ENCONTRADO       ;DER;jose.al    ;20:11
006523                            ;08/01/2025;    ;085948;003;    ;0030134;Mercearia Popular                                 ;(07)59999-9999 ;020;202;SJQ7E10;      10,00;    0,01;08/01/2025;23;(C)Pedidos duplicados         ;DER;jose.al    ;21:29
006523                            ;08/01/2025;    ;085949;003;    ;0030134;Mercearia Popular                                 ;(07)59999-9999 ;020;202;SJQ7E10;      10,00;    0,01;08/01/2025;23;(C)Pedidos duplicados         ;   ;jose.al    ;21:29
006523                            ;08/01/2025;    ;085964;003;    ;0030191;MARCOS DO GAS                                     ;(07)49999-9999 ;020;207;SJQ7E10;      12,50;    0,01;08/01/2025;50;CARGA ERRADA ARMAZEM          ;   ;jose.al    ;21:29
006523                            ;08/01/2025;    ;085968;003;    ;0030040;BARRACA RENASCER                                  ;(71)99729-2741 ;020;207;SJQ7E10;     690,02;    0,98;08/01/2025;89;PDV FECHADO APOS HORARIO      ;   ;jose.al    ;21:30
006523                            ;08/01/2025;    ;085969;003;    ;0030040;BARRACA RENASCER                                  ;(71)99729-2741 ;020;207;SJQ7E10;     280,00;    0,14;08/01/2025;89;PDV FECHADO APOS HORARIO      ;   ;jose.al    ;21:30
006524                            ;08/01/2025;    ;085978;003;    ;0019282;PE NA AREIA                                       ;(75)99873-1837 ;020;202;NTK8G36;      36,10;    0,04;08/01/2025;65;NAO FEZ PEDIDO                ;   ;jose.al    ;20:23
006524                            ;08/01/2025;    ;085980;003;    ;0030422;BAR DO ANUNZINHO                                  ;(07)59998-9998 ;020;202;NTK8G36;      42,18;    0,12;08/01/2025;72;PDV FECHADO (HORARIO COM.)    ;   ;jose.al    ;20:22
006524                            ;08/01/2025;    ;085981;003;    ;0030318;BAR E CHURRASCARIA                                ;(07)59872-1743 ;020;202;NTK8G36;     184,08;    0,48;08/01/2025;72;PDV FECHADO (HORARIO COM.)    ;   ;jose.al    ;20:23
006524                            ;08/01/2025;    ;085991;003;    ;0030310;DISTRIBUIDORA SILVA                               ;(07)59966-6620 ;020;202;NTK8G36;       8,88;    0,00;08/01/2025;65;NAO FEZ PEDIDO                ;   ;jose.al    ;20:22
006524                            ;08/01/2025;    ;085992;003;    ;0030272;BAR DO PALMEIRAS                                  ;(07)59942-2089 ;020;202;NTK8G36;      28,50;    0,12;08/01/2025;72;PDV FECHADO (HORARIO COM.)    ;   ;jose.al    ;20:22
006529                            ;08/01/2025;    ;086145;003;    ;0050775;CENTRAL DAS BEBIDAS                               ;(75)98371-7263 ;010;104;SNT2B69;      80,00;    0,08;08/01/2025;50;CARGA ERRADA ARMAZEM          ;   ;emerson.al ;18:22
006540                            ;08/01/2025;    ;086381;003;    ;0019499;BARRACA SABOR DA PRA                              ;(75)99987-5332 ;020;207;JSM4818;     553,78;    0,72;08/01/2025;82;ENDERECO NAO ENCONTRADO       ;   ;emerson.al ;16:53
006540                            ;08/01/2025;    ;086392;003;    ;0082692;MERC. MALAQUIAS                                   ;(75)98793-0878 ;010;104;JSM4818;     738,00;    0,84;08/01/2025;72;PDV FECHADO (HORARIO COM.)    ;   ;emerson.al ;16:52
006543                            ;08/01/2025;    ;086453;003;    ;0018672;BAR BR 093                                        ;(75)98812-1662 ;010;111;NYM9I27;      75,32;    0,16;08/01/2025;72;PDV FECHADO (HORARIO COM.)    ;   ;emerson.al ;15:55
006547                            ;08/01/2025;    ;086515;003;    ;0040074;BAR DO JOSE                                       ;(75)99815-8811 ;020;203;RUF2C69;     109,76;    0,13;08/01/2025;71;SEM DINHEIRO/CHEQUE           ;   ;jose.al    ;20:15
006547                            ;08/01/2025;    ;086529;003;    ;0040255;Posto de bebidas e M                              ;(07)59101-2555 ;020;206;RUF2C69;     165,38;    0,22;08/01/2025;83;PROPRIETARIO AUSENTE          ;   ;jose.al    ;20:16
006547                            ;08/01/2025;    ;086530;003;    ;0040255;Posto de bebidas e M                              ;(07)59101-2555 ;020;206;RUF2C69;      23,90;    0,04;08/01/2025;83;PROPRIETARIO AUSENTE          ;   ;jose.al    ;20:16
006554                            ;08/01/2025;    ;086653;003;    ;0083693;CLEDSON BAR                                       ;(75)98153-3817 ;010;111;JOX4424;     301,71;    0,46;08/01/2025;72;PDV FECHADO (HORARIO COM.)    ;   ;emerson.al ;15:30
006555                            ;08/01/2025;    ;086660;003;    ;0019180;ARENA QUADRANGULAR                                ;(75)98864-5865 ;010;107;JOX4424;     135,24;    0,36;08/01/2025;72;PDV FECHADO (HORARIO COM.)    ;   ;emerson.al ;17:47
006555                            ;08/01/2025;    ;086663;003;    ;0083494;Restaurante da Neide                              ;(75) 9933-9270 ;010;107;JOX4424;     216,33;    0,30;08/01/2025;72;PDV FECHADO (HORARIO COM.)    ;   ;emerson.al ;17:47
006557                            ;08/01/2025;    ;086673;003;    ;0018787;BAR E PETISC MOACIR                               ;(75)99920-6612 ;010;105;PLL7H92;     189,83;    0,27;08/01/2025;70;CLIENTE CANCELOU              ;   ;emerson.al ;15:32
006557                            ;08/01/2025;    ;086676;003;    ;0030884;BAR DO NEZO                                       ;(75)98134-7255 ;010;105;PLL7H92;      34,00;    0,04;08/01/2025;72;PDV FECHADO (HORARIO COM.)    ;   ;emerson.al ;15:32
006563                            ;08/01/2025;    ;086176;003;    ;0084784;BAR DO EDGARD                                     ;(75)99994-7741 ;010;104;SJQ5E98;   16950,00;    0,00;08/01/2025;51;NF ERRADA                     ;   ;alyson10   ;08:19
006563                            ;08/01/2025;    ;086177;003;    ;0084784;BAR DO EDGARD                                     ;(75)99994-7741 ;010;104;SJQ5E98;    3115,67;    0,00;08/01/2025;51;NF ERRADA                     ;   ;alyson10   ;08:19
006563                            ;08/01/2025;    ;086199;003;    ;0026606;bar do aelson                                     ;(55)98150-5234 ;010;103;SJQ5E98;     904,30;    1,17;08/01/2025;71;SEM DINHEIRO/CHEQUE           ;   ;emerson.al ;14:44
006564                            ;08/01/2025;    ;086283;003;    ;0023292;ARENA JAQUEIRaO                                   ;(75)99992-8062 ;010;103;SJQ0A82;   16950,00;    0,00;08/01/2025;51;NF ERRADA                     ;   ;alyson10   ;08:17
006564                            ;08/01/2025;    ;086284;003;    ;0023292;ARENA JAQUEIRaO                                   ;(75)99992-8062 ;010;103;SJQ0A82;    3115,67;    0,00;08/01/2025;51;NF ERRADA                     ;   ;alyson10   ;08:17
006565                            ;08/01/2025;    ;086341;003;    ;0018741;SUPERMERCADO LIMA                                 ;(75)99971-2155 ;020;207;NLX5G05;       6,67;    0,01;09/01/2025;25;(C)Falta produto p/ carreg.   ;   ;cesar.al   ;21:11
006565                            ;08/01/2025;    ;086342;003;    ;0030050;MERC DO DOMINGOS                                  ;(75)99932-4426 ;020;202;NLX5G05;    1776,87;    3,67;09/01/2025;52;FALTA PRODUTO ESTOQUE         ;   ;cesar.al   ;20:26
006565                            ;08/01/2025;    ;086343;003;    ;0030050;MERC DO DOMINGOS                                  ;(75)99932-4426 ;020;202;NLX5G05;       3,98;    0,00;09/01/2025;52;FALTA PRODUTO ESTOQUE         ;DER;cesar.al   ;20:26
006583                            ;09/01/2025;    ;086843;003;    ;0060036;M.L                                               ;(75)99802-5144 ;020;207;NTK8G36;      52,88;    0,06;09/01/2025;60;PRECO ERRADO                  ;DER;cesar.al   ;20:14
006585                            ;09/01/2025;    ;086867;003;    ;0040199;BAR DO GILSON                                     ;(75)98137-3315 ;020;203;SJQ3B63;     509,31;    0,62;09/01/2025;23;(C)Pedidos duplicados         ;   ;tailan.al  ;17:22
006586                            ;09/01/2025;    ;086897;003;    ;0050026;POINT DO LANCHE                                   ;(75)99707-6529 ;020;209;SJQ8D11;     530,10;    1,09;09/01/2025;63;PRODUTO / QTDE. ERRADA        ;   ;tailan.al  ;16:38
006586                            ;09/01/2025;    ;086898;003;    ;0050026;POINT DO LANCHE                                   ;(75)99707-6529 ;020;209;SJQ8D11;     230,45;    0,45;09/01/2025;63;PRODUTO / QTDE. ERRADA        ;   ;tailan.al  ;16:38
006586                            ;09/01/2025;    ;086899;003;    ;0050026;POINT DO LANCHE                                   ;(75)99707-6529 ;020;209;SJQ8D11;      58,15;    0,08;09/01/2025;63;PRODUTO / QTDE. ERRADA        ;   ;tailan.al  ;16:38
006592                            ;09/01/2025;    ;087035;003;    ;0040894;DUDU BAR                                          ;(75)98106-2787 ;010;106;SJQ5E98;     431,20;    0,55;09/01/2025;34;Pedido Duplicado              ;   ;tailan.al  ;17:06
006592                            ;09/01/2025;    ;087064;003;    ;0028132;DEPOSITO SENA                                     ;(75)99995-2999 ;010;103;SJQ5E98;     107,80;    0,13;09/01/2025;71;SEM DINHEIRO/CHEQUE           ;   ;tailan.al  ;17:06
006605                            ;09/01/2025;    ;087261;003;    ;0056582;BAR NO NININHO                                    ;(75)98371-1393 ;010;102;SKJ7D60;     234,00;    0,27;09/01/2025;46;Endereco Nao Encontrado       ;   ;tailan.al  ;16:06
006606                            ;09/01/2025;    ;087293;003;    ;0038217;MERCADINHO FAGUNDES                               ;(71)99936-4596 ;010;101;SKJ9C75;     140,64;    0,42;09/01/2025;72;PDV FECHADO (HORARIO COM.)    ;   ;tailan.al  ;13:55
006609                            ;09/01/2025;    ;087338;003;    ;0083587;MERCADINHO DA NEIDE                               ;(75)99935-7061 ;010;105;PLL7H92;     186,40;    0,21;09/01/2025;23;(C)Pedidos duplicados         ;   ;tailan.al  ;14:36
006609                            ;09/01/2025;    ;087339;003;    ;0083587;MERCADINHO DA NEIDE                               ;(75)99935-7061 ;010;105;PLL7H92;      45,40;    0,01;09/01/2025;23;(C)Pedidos duplicados         ;   ;tailan.al  ;14:36
006613                            ;09/01/2025;    ;087384;003;    ;0083391;BAR LANCHES JR                                    ;(75) 9943-9901 ;010;111;RUF2C69;      44,94;    0,01;09/01/2025;72;PDV FECHADO (HORARIO COM.)    ;   ;tailan.al  ;18:41
006613                            ;09/01/2025;    ;087385;003;    ;0084456;PADARIA SANTANA                                   ;(75)99122-4037 ;010;111;RUF2C69;     160,23;    0,32;09/01/2025;82;ENDERECO NAO ENCONTRADO       ;   ;tailan.al  ;18:41
006613                            ;09/01/2025;    ;087386;003;    ;0033539;MERC SR BONFIM                                    ;(75) 9919-4373 ;010;111;RUF2C69;     397,90;    0,46;09/01/2025;82;ENDERECO NAO ENCONTRADO       ;   ;tailan.al  ;18:41
006613                            ;09/01/2025;    ;087387;003;    ;0031396;MINIMERCADO CASTRO L                              ;(71)99995-3735 ;010;111;RUF2C69;     107,80;    0,13;09/01/2025;82;ENDERECO NAO ENCONTRADO       ;   ;tailan.al  ;18:42
006613                            ;09/01/2025;    ;087388;003;    ;0051489;DANTAS LANCHE                                     ;(75)99224-0741 ;010;111;RUF2C69;     134,90;    0,14;09/01/2025;82;ENDERECO NAO ENCONTRADO       ;   ;tailan.al  ;18:42
006613                            ;09/01/2025;    ;087389;003;    ;0019419;POINT DA IRA                                      ;(75)99917-9001 ;010;111;RUF2C69;      67,82;    0,12;09/01/2025;82;ENDERECO NAO ENCONTRADO       ;   ;tailan.al  ;18:41
006613                            ;09/01/2025;    ;087393;003;    ;0031910;DADOS NET CONVENIENC                              ;(75)99100-2879 ;010;111;RUF2C69;     735,83;    1,19;09/01/2025;82;ENDERECO NAO ENCONTRADO       ;   ;tailan.al  ;18:42
006614                            ;09/01/2025;    ;087399;003;    ;0082899;BAR DO PARAIBA                                    ;(75) 3422-4809 ;010;107;RUF2C69;      93,77;    0,18;09/01/2025;82;ENDERECO NAO ENCONTRADO       ;   ;tailan.al  ;18:35
006614                            ;09/01/2025;    ;087400;003;    ;0084174;JAQUEIRA DRINKS                                   ;               ;010;107;RUF2C69;     369,88;    0,38;09/01/2025;71;SEM DINHEIRO/CHEQUE           ;   ;tailan.al  ;18:36
006615                            ;09/01/2025;    ;087407;003;    ;0083186;BOX DO FAUSTO                                     ;(75)90000-0000 ;010;111;JOC8228;     155,16;    0,42;09/01/2025;72;PDV FECHADO (HORARIO COM.)    ;   ;tailan.al  ;11:26
006615                            ;09/01/2025;    ;087408;003;    ;0083186;BOX DO FAUSTO                                     ;(75)90000-0000 ;010;111;JOC8228;      10,89;    0,01;09/01/2025;72;PDV FECHADO (HORARIO COM.)    ;DER;tailan.al  ;11:27
006616                            ;09/01/2025;    ;087412;003;    ;0018889;KIOSK SANTA BARBARA                               ;(75)99812-2576 ;010;107;JOC8228;     108,92;    0,13;09/01/2025;73;FALTA DE ATIVOS DE GIRO       ;   ;tailan.al  ;14:15
006616                            ;09/01/2025;    ;087414;003;    ;0018753;BAR DO TOTY                                       ;(75)99969-9923 ;010;104;JOC8228;     187,02;    0,21;09/01/2025;82;ENDERECO NAO ENCONTRADO       ;   ;tailan.al  ;14:15
006617                            ;09/01/2025;    ;087425;003;    ;0049765;SABOR D JU                                        ;(75)99286-5795 ;010;107;JOX4424;     135,24;    0,36;09/01/2025;72;PDV FECHADO (HORARIO COM.)    ;   ;tailan.al  ;11:01
006634                            ;10/01/2025;    ;087454;003;    ;0040360;BAR DO KIKI                                       ;(75)99976-7696 ;020;206;SJQ4A23;     570,21;    0,88;11/01/2025;85;DIFICIL ACESSO                ;   ;tailan.al  ;15:28
006634                            ;10/01/2025;    ;087455;003;    ;0040360;BAR DO KIKI                                       ;(75)99976-7696 ;020;206;SJQ4A23;     399,73;    0,40;11/01/2025;85;DIFICIL ACESSO                ;   ;tailan.al  ;15:28
006634                            ;10/01/2025;    ;087458;003;    ;0040332;CANTINHO DA ROCA                                  ;(75)99994-2585 ;020;206;SJQ4A23;     284,83;    0,72;11/01/2025;85;DIFICIL ACESSO                ;   ;tailan.al  ;16:29
006634                            ;10/01/2025;    ;087459;003;    ;0040462;BAR DE PARAIBA                                    ;(75)99831-3335 ;020;206;SJQ4A23;     292,50;    0,34;11/01/2025;85;DIFICIL ACESSO                ;   ;tailan.al  ;16:29
006634                            ;10/01/2025;    ;087460;003;    ;0040321;BAR DA GROTA                                      ;(75)99130-1538 ;020;206;SJQ4A23;     408,40;    0,56;11/01/2025;85;DIFICIL ACESSO                ;   ;tailan.al  ;15:27
006634                            ;10/01/2025;    ;087461;003;    ;0040321;BAR DA GROTA                                      ;(75)99130-1538 ;020;206;SJQ4A23;      29,76;    0,04;11/01/2025;85;DIFICIL ACESSO                ;   ;tailan.al  ;15:27
006634                            ;10/01/2025;    ;087462;003;    ;0040336;BAR DO FIO TABOADO                                ;(75)99999-5086 ;020;206;SJQ4A23;     740,57;    0,76;11/01/2025;85;DIFICIL ACESSO                ;   ;tailan.al  ;15:24
006634                            ;10/01/2025;    ;087463;003;    ;0040336;BAR DO FIO TABOADO                                ;(75)99999-5086 ;020;206;SJQ4A23;    1633,38;    2,46;11/01/2025;85;DIFICIL ACESSO                ;   ;tailan.al  ;15:25
006635                            ;10/01/2025;    ;087511;003;    ;0050641;HL MERCEARIA DA ADRI                              ;(75)99951-7486 ;020;209;SJQ1F85;     216,00;    0,72;10/01/2025;71;SEM DINHEIRO/CHEQUE           ;   ;jose.al    ;20:31
006635                            ;10/01/2025;    ;087512;003;    ;0050641;HL MERCEARIA DA ADRI                              ;(75)99951-7486 ;020;209;SJQ1F85;     334,02;    0,90;10/01/2025;71;SEM DINHEIRO/CHEQUE           ;   ;jose.al    ;20:30
006635                            ;10/01/2025;    ;087513;003;    ;0050641;HL MERCEARIA DA ADRI                              ;(75)99951-7486 ;020;209;SJQ1F85;     131,22;    0,04;10/01/2025;71;SEM DINHEIRO/CHEQUE           ;   ;jose.al    ;20:31
006635                            ;10/01/2025;    ;087516;003;    ;0019458;DISTRIBUIDORA TIMBO                               ;(75)99806-9693 ;030;304;SJQ1F85;    3001,04;    3,76;10/01/2025;71;SEM DINHEIRO/CHEQUE           ;   ;jose.al    ;20:31
006636                            ;10/01/2025;    ;087523;003;    ;0018499;RITA SALGADEIRA                                   ;(75)98117-9751 ;010;106;SJQ7E10;     272,38;    0,36;11/01/2025;82;ENDERECO NAO ENCONTRADO       ;   ;cesar.al   ;19:24
006642                            ;10/01/2025;    ;087638;003;    ;0050718;BAR DO CLOVIS                                     ;(07)59819-8438 ;020;204;SJQ2B65;     412,67;    0,52;11/01/2025;64;SEM VASILHAME                 ;   ;tailan.al  ;18:58
006644                            ;10/01/2025;    ;087725;003;    ;0026684;PRINT DO LITRINHO                                 ;(75)98159-8238 ;010;106;SJQ5E98;    1058,00;    1,38;10/01/2025;71;SEM DINHEIRO/CHEQUE           ;   ;emerson.al ;18:04
006654                            ;10/01/2025;    ;087987;003;    ;0030014;REST. SOL BEACH                                   ;(75)99843-2094 ;020;202;PLN3B26;     975,87;    1,00;10/01/2025;71;SEM DINHEIRO/CHEQUE           ;   ;emerson.al ;19:06
006654                            ;10/01/2025;    ;087989;003;    ;0030033;KIOSK LAGOA VERDE                                 ;(75)99812-2282 ;020;202;PLN3B26;    1744,46;    3,28;10/01/2025;72;PDV FECHADO (HORARIO COM.)    ;   ;emerson.al ;19:05
006654                            ;10/01/2025;    ;087990;003;    ;0030033;KIOSK LAGOA VERDE                                 ;(75)99812-2282 ;020;202;PLN3B26;     127,18;    0,22;10/01/2025;72;PDV FECHADO (HORARIO COM.)    ;   ;emerson.al ;19:05
006656                            ;10/01/2025;    ;088029;003;    ;0038302;MERCADO ALCANTRA                                  ;(75)98360-3950 ;010;106;JSM4818;    1167,00;    1,26;10/01/2025;63;PRODUTO / QTDE. ERRADA        ;   ;jose.al    ;20:27
006657                            ;10/01/2025;    ;088047;003;    ;0019482;PIZZARIA  PRADO                                   ;(75)98220-8077 ;010;102;NYM9I27;     528,48;    1,44;11/01/2025;63;PRODUTO / QTDE. ERRADA        ;   ;tailan.al  ;19:  
006657                            ;10/01/2025;    ;088055;003;    ;0019485;BAR VERMELHO                                      ;(75)98179-9936 ;010;102;NYM9I27;     187,36;    0,08;11/01/2025;71;SEM DINHEIRO/CHEQUE           ;   ;tailan.al  ;19:01
006657                            ;10/01/2025;    ;088058;003;    ;0083717;DEPOSITO DA TORRE                                 ;(75)99989-6399 ;010;102;NYM9I27;      72,00;    0,24;11/01/2025;72;PDV FECHADO (HORARIO COM.)    ;   ;tailan.al  ;19:  
006657                            ;10/01/2025;    ;088064;003;    ;0019146;SABOR DA TERRA PIZZA                              ;(75)98340-7341 ;010;102;NYM9I27;     621,94;    0,75;11/01/2025;72;PDV FECHADO (HORARIO COM.)    ;   ;tailan.al  ;19:  
006657                            ;10/01/2025;    ;088065;003;    ;0019209;CANTO DA NENENZINHA                               ;(75)98330-6319 ;010;102;NYM9I27;     119,45;    0,12;11/01/2025;71;SEM DINHEIRO/CHEQUE           ;   ;tailan.al  ;18:59
006657                            ;10/01/2025;    ;088066;003;    ;0019209;CANTO DA NENENZINHA                               ;(75)98330-6319 ;010;102;NYM9I27;      14,26;    0,09;11/01/2025;71;SEM DINHEIRO/CHEQUE           ;   ;tailan.al  ;18:59
006658                            ;10/01/2025;    ;088074;003;    ;0050402;BAR CANTINHO DA FAMI                              ;(71)99692-2310 ;020;204;TCW8F43;      60,00;    0,06;10/01/2025;50;CARGA ERRADA ARMAZEM          ;   ;emerson.al ;16:40
006662                            ;10/01/2025;    ;088161;003;    ;0046193;BAR aâRICA                                        ;(75)98104-0991 ;010;106;PXX2E06;     118,19;    0,18;10/01/2025;72;PDV FECHADO (HORARIO COM.)    ;   ;emerson.al ;18:31
006662                            ;10/01/2025;    ;088162;003;    ;0046193;BAR aâRICA                                        ;(75)98104-0991 ;010;106;PXX2E06;      89,64;    0,09;10/01/2025;72;PDV FECHADO (HORARIO COM.)    ;   ;emerson.al ;18:31
006663                            ;10/01/2025;    ;088172;003;    ;0026335;ESPAcO DRINKS                                     ;(71)99605-9621 ;010;108;SKJ7D60;      68,77;    0,07;10/01/2025;50;CARGA ERRADA ARMAZEM          ;   ;emerson.al ;18:59
006663                            ;10/01/2025;    ;088179;003;    ;0045010;QUIOSQUE DA POJUCA 2                              ;(71)99615-4910 ;010;108;SKJ7D60;     328,22;    0,46;10/01/2025;23;(C)Pedidos duplicados         ;   ;emerson.al ;19:  
006665                            ;10/01/2025;    ;088205;003;    ;0049760;Bodega do escuro                                  ;(71)99121-0029 ;010;101;PMV0A05;     151,92;    0,14;10/01/2025;70;CLIENTE CANCELOU              ;   ;emerson.al ;18:09
006665                            ;10/01/2025;    ;088214;003;    ;0084271;CASA DA DETE                                      ;(71)99919-2691 ;010;101;PMV0A05;     215,20;    0,37;10/01/2025;72;PDV FECHADO (HORARIO COM.)    ;   ;emerson.al ;18:08
006666                            ;10/01/2025;    ;088225;003;    ;0083427;BAR SAO SEBASTIAO                                 ;(75)90000-0000 ;010;110;JOC8228;    1044,44;    1,68;10/01/2025;72;PDV FECHADO (HORARIO COM.)    ;   ;emerson.al ;11:04
006673                            ;10/01/2025;    ;088307;003;    ;0033165;Point dos amigos                                  ;(75)98125-1828 ;010;107;OUF6E81;     544,44;    0,72;11/01/2025;72;PDV FECHADO (HORARIO COM.)    ;   ;tailan.al  ;12:21
006674                            ;10/01/2025;    ;088319;003;    ;0019454;RESTAURANTE DA VANIA                              ;(75)99240-2233 ;010;107;JQP3F55;      58,15;    0,08;10/01/2025;71;SEM DINHEIRO/CHEQUE           ;   ;emerson.al ;15:40
006674                            ;10/01/2025;    ;088324;003;    ;0018686;BARRACA BEBODROMO                                 ;(75)99917-0731 ;010;105;JQP3F55;      98,21;    0,18;10/01/2025;72;PDV FECHADO (HORARIO COM.)    ;   ;emerson.al ;15:41
006674                            ;10/01/2025;    ;088325;003;    ;0018686;BARRACA BEBODROMO                                 ;(75)99917-0731 ;010;105;JQP3F55;      29,76;    0,04;10/01/2025;72;PDV FECHADO (HORARIO COM.)    ;   ;emerson.al ;15:41
006720                            ;10/01/2025;    ;087820;003;    ;0056657;MARINALVA SANTOS                                  ;(75)98182-9329 ;010;104;SNT2B69;     548,77;    0,72;10/01/2025;71;SEM DINHEIRO/CHEQUE           ;   ;emerson.al ;18:  
006720                            ;10/01/2025;    ;087858;003;    ;0050759;CANTINHO DA NUBIA                                 ;(75)99814-9552 ;010;104;SNT2B69;     297,50;    0,34;10/01/2025;71;SEM DINHEIRO/CHEQUE           ;   ;emerson.al ;17:59
006720                            ;10/01/2025;    ;087859;003;    ;0050759;CANTINHO DA NUBIA                                 ;(75)99814-9552 ;010;104;SNT2B69;      38,58;    0,04;10/01/2025;71;SEM DINHEIRO/CHEQUE           ;   ;emerson.al ;17:59
006720                            ;10/01/2025;    ;087861;003;    ;0019196;COMERCIAL SILVA                                   ;(75)98372-4485 ;010;104;SNT2B69;     879,57;    0,90;10/01/2025;85;DIFICIL ACESSO                ;   ;emerson.al ;17:58
006732                            ;11/01/2025;    ;088366;003;    ;0019074;BAR DO LEONARDO                                   ;(11)95784-0216 ;020;209;SJQ1F85;     187,02;    0,21;11/01/2025;82;ENDERECO NAO ENCONTRADO       ;   ;cesar.al   ;19:26
006732                            ;11/01/2025;    ;088372;003;    ;0050187;MERCADINHO SAO JOSE                               ;(75)99936-8765 ;020;204;SJQ1F85;      53,00;    0,12;11/01/2025;82;ENDERECO NAO ENCONTRADO       ;   ;cesar.al   ;19:28
006732                            ;11/01/2025;    ;088376;003;    ;0050370;MERCEARIA SILVA                                   ;(75)99811-1702 ;020;204;SJQ1F85;     120,00;    0,08;11/01/2025;65;NAO FEZ PEDIDO                ;   ;cesar.al   ;19:26
006732                            ;11/01/2025;    ;088377;003;    ;0050370;MERCEARIA SILVA                                   ;(75)99811-1702 ;020;204;SJQ1F85;     120,00;    0,08;11/01/2025;65;NAO FEZ PEDIDO                ;   ;cesar.al   ;19:27
006738                            ;11/01/2025;    ;088518;003;    ;0018535;CANTINHO DA ARVORE                                ;(75)98656-2663 ;010;102;SJQ5E98;      70,68;    0,24;11/01/2025;85;DIFICIL ACESSO                ;   ;tailan.al  ;16:37
006738                            ;11/01/2025;    ;088522;003;    ;0039054;CLUBE DO VAQUEIRO 2                               ;(75)99179-9941 ;010;102;SJQ5E98;     713,40;    0,78;11/01/2025;33;Nao Fez Pedido                ;   ;tailan.al  ;16:37
006743                            ;11/01/2025;    ;088606;003;    ;0040292;BOX MAE E FILHAS                                  ;(75)99948-7325 ;020;206;TCW8F43;      30,68;    0,04;11/01/2025;50;CARGA ERRADA ARMAZEM          ;   ;tailan.al  ;14:14
006743                            ;11/01/2025;    ;088608;003;    ;0040245;Padaria e Mercearia                               ;(07)59925-9939 ;020;206;TCW8F43;      86,36;    0,24;11/01/2025;42;Produto/Quantidade Errada     ;   ;tailan.al  ;14:15
006743                            ;11/01/2025;    ;088611;003;    ;0040325;POINT DO PASTEL                                   ;(75)98807-5061 ;020;206;TCW8F43;     129,32;    0,32;11/01/2025;72;PDV FECHADO (HORARIO COM.)    ;   ;tailan.al  ;14:15
006743                            ;11/01/2025;    ;088612;003;    ;0040038;POINT DO GENGIBRE                                 ;(75)99957-6034 ;020;206;TCW8F43;     161,70;    0,20;11/01/2025;43;Forma de Pagamento            ;   ;tailan.al  ;14:16
006743                            ;11/01/2025;    ;088617;003;    ;0040312;BOMBOMNIERE SUBAUMA                               ;(07)59988-7305 ;020;203;TCW8F43;     129,14;    0,28;11/01/2025;42;Produto/Quantidade Errada     ;   ;tailan.al  ;14:14
006743                            ;11/01/2025;    ;088623;003;    ;0040414;REGINA BAR                                        ;(07)59868-0865 ;020;203;TCW8F43;      57,33;    0,06;11/01/2025;72;PDV FECHADO (HORARIO COM.)    ;   ;tailan.al  ;14:14
006744                            ;11/01/2025;    ;088640;003;    ;0055433;BAR DA SOL                                        ;(75)98152-0022 ;010;104;TCW8F39;      66,79;    0,08;11/01/2025;71;SEM DINHEIRO/CHEQUE           ;   ;tailan.al  ;14:36
006744                            ;11/01/2025;    ;088641;003;    ;0055433;BAR DA SOL                                        ;(75)98152-0022 ;010;104;TCW8F39;     146,27;    0,25;11/01/2025;71;SEM DINHEIRO/CHEQUE           ;   ;tailan.al  ;14:35
006745                            ;11/01/2025;    ;088660;003;    ;0084283;QUIOSK NOVA POJUCA                                ;(71) 3645-1510 ;010;109;PMV0A05;     369,60;    0,52;11/01/2025;71;SEM DINHEIRO/CHEQUE           ;   ;tailan.al  ;18:56
006746                            ;11/01/2025;    ;088672;003;    ;0030486;DISTRIBUIDORA TUBAS                               ;(75)98143-9142 ;010;106;SKJ9C75;      30,68;    0,04;11/01/2025;85;DIFICIL ACESSO                ;   ;tailan.al  ;18:53
006746                            ;11/01/2025;    ;088675;003;    ;0054283;BAR TO NA VISQUEIRA                               ;(75)98262-7483 ;010;103;SKJ9C75;     194,50;    0,21;11/01/2025;63;PRODUTO / QTDE. ERRADA        ;   ;tailan.al  ;18:54
006746                            ;11/01/2025;    ;088676;003;    ;0054283;BAR TO NA VISQUEIRA                               ;(75)98262-7483 ;010;103;SKJ9C75;     127,44;    0,21;11/01/2025;63;PRODUTO / QTDE. ERRADA        ;   ;tailan.al  ;18:53
006746                            ;11/01/2025;    ;088677;003;    ;0054283;BAR TO NA VISQUEIRA                               ;(75)98262-7483 ;010;103;SKJ9C75;     215,60;    0,27;11/01/2025;63;PRODUTO / QTDE. ERRADA        ;   ;tailan.al  ;18:54
006750                            ;11/01/2025;    ;088709;003;    ;0047028;L B VARIEDADES                                    ;(75)98242-1012 ;010;105;PXX2E06;      75,74;    0,12;11/01/2025;72;PDV FECHADO (HORARIO COM.)    ;   ;tailan.al  ;11:35
006752                            ;11/01/2025;    ;088742;003;    ;0083002;WILSON BAR                                        ;(75)99998-1536 ;010;105;JQP3F55;     504,17;    0,60;11/01/2025;64;SEM VASILHAME                 ;   ;tailan.al  ;15:07
006753                            ;11/01/2025;    ;088743;003;    ;0028799;MERCADINHO MILAGRES                               ;(71)99933-8957 ;010;111;JQP3F55;     265,62;    0,51;11/01/2025;37;PDV Fechado                   ;   ;cesar.al   ;20:54
006753                            ;11/01/2025;    ;088750;003;    ;0037179;VILA DALAGOINHA                                   ;(75)99266-0325 ;010;107;JQP3F55;     127,16;    0,07;11/01/2025;72;PDV FECHADO (HORARIO COM.)    ;   ;cesar.al   ;20:55
006766                            ;13/01/2025;    ;088856;003;    ;0050093;LANCH. ZE CORINGA                                 ;(75)99815-2218 ;020;205;SJQ1F85;      91,51;    0,20;13/01/2025;71;SEM DINHEIRO/CHEQUE           ;   ;cesar.al   ;19:09
006766                            ;13/01/2025;    ;088864;003;    ;0050415;BAR DA BILU                                       ;(07)59858-1575 ;020;205;SJQ1F85;     240,43;    0,12;13/01/2025;72;PDV FECHADO (HORARIO COM.)    ;   ;cesar.al   ;19:10
006767                            ;13/01/2025;    ;088868;003;    ;0050767;COMERCIO DE BEBIDAS                               ;(75)99952-0623 ;010;104;SJQ5B35;     708,42;    0,86;13/01/2025;64;SEM VASILHAME                 ;   ;tailan.al  ;15:34
006768                            ;13/01/2025;    ;088891;003;    ;0050636;BAR DA CARINA                                     ;(07)59951-8356 ;020;209;SJQ8D11;     142,39;    0,52;13/01/2025;72;PDV FECHADO (HORARIO COM.)    ;   ;tailan.al  ;16:51
006768                            ;13/01/2025;    ;088892;003;    ;0019315;ACARAJE DA BAIANA                                 ;(75)99948-8718 ;020;204;SJQ8D11;     171,38;    0,44;13/01/2025;72;PDV FECHADO (HORARIO COM.)    ;   ;tailan.al  ;16:51
006768                            ;13/01/2025;    ;088893;003;    ;0019315;ACARAJE DA BAIANA                                 ;(75)99948-8718 ;020;204;SJQ8D11;     778,50;    1,93;13/01/2025;72;PDV FECHADO (HORARIO COM.)    ;   ;tailan.al  ;16:52
006769                            ;13/01/2025;    ;088911;003;    ;0047053;MERCEARIA DA EVA                                  ;(75)98201-8282 ;010;106;SJQ6F87;    1048,38;    2,52;13/01/2025;71;SEM DINHEIRO/CHEQUE           ;   ;cesar.al   ;19:11
006771                            ;13/01/2025;    ;088959;003;    ;0047601;AR Distribuidora                                  ;(71)99620-4635 ;030;306;SJQ0C73;    2648,33;    2,61;13/01/2025;71;SEM DINHEIRO/CHEQUE           ;   ;tailan.al  ;15:46
006771                            ;13/01/2025;    ;088960;003;    ;0047601;AR Distribuidora                                  ;(71)99620-4635 ;030;306;SJQ0C73;    7186,56;    8,67;13/01/2025;71;SEM DINHEIRO/CHEQUE           ;   ;tailan.al  ;15:47
006773                            ;13/01/2025;    ;088994;003;    ;0018964;ACARAJE DA JOSI                                   ;(75)98367-5164 ;010;105;SJQ0A82;     521,97;    0,77;13/01/2025;72;PDV FECHADO (HORARIO COM.)    ;   ;tailan.al  ;14:51
006773                            ;13/01/2025;    ;088997;003;    ;0041442;COMERCIAL ALAGOINHAS                              ;(75)99973-2311 ;010;105;SJQ0A82;     203,55;    0,41;13/01/2025;72;PDV FECHADO (HORARIO COM.)    ;   ;tailan.al  ;14:49
006773                            ;13/01/2025;    ;088998;003;    ;0041442;COMERCIAL ALAGOINHAS                              ;(75)99973-2311 ;010;105;SJQ0A82;      35,90;    0,04;13/01/2025;72;PDV FECHADO (HORARIO COM.)    ;   ;tailan.al  ;14:49
006773                            ;13/01/2025;    ;088999;003;    ;0041442;COMERCIAL ALAGOINHAS                              ;(75)99973-2311 ;010;105;SJQ0A82;     224,04;    0,33;13/01/2025;72;PDV FECHADO (HORARIO COM.)    ;   ;tailan.al  ;14:49
006773                            ;13/01/2025;    ;089005;003;    ;0028556;ESPETINHO PARAIBA                                 ;(75)98822-4455 ;010;111;SJQ0A82;     589,06;    0,57;13/01/2025;32;ENTREGA ATRASADA (BUFFER)     ;   ;tailan.al  ;14:48
006776                            ;13/01/2025;    ;089068;003;    ;0060359;SERGIO BEBIDAS                                    ;(71)99985-6499 ;020;208;PLN3B26;     760,62;    0,87;13/01/2025;71;SEM DINHEIRO/CHEQUE           ;   ;tailan.al  ;16:30
006777                            ;13/01/2025;    ;089099;003;    ;0030224;BARRACA AVENTURA RIO                              ;(07)59869-6544 ;020;202;RTA6F83;      90,00;    0,08;13/01/2025;23;(C)Pedidos duplicados         ;   ;tailan.al  ;16:41
006778                            ;13/01/2025;    ;089112;003;    ;0040006;FANZINHA                                          ;(07)59997-3050 ;020;203;TCW8F43;     261,42;    0,34;13/01/2025;50;CARGA ERRADA ARMAZEM          ;   ;tailan.al  ;15:32
006778                            ;13/01/2025;    ;089119;003;    ;0040350;bar lucinha                                       ;(75)99892-6496 ;020;203;TCW8F43;     166,31;    0,25;13/01/2025;73;FALTA DE ATIVOS DE GIRO       ;   ;tailan.al  ;15:32
006778                            ;13/01/2025;    ;089128;003;    ;0018892;DISK GELADO                                       ;(75)99977-0867 ;020;206;TCW8F43;     257,10;    0,18;13/01/2025;42;Produto/Quantidade Errada     ;   ;tailan.al  ;15:32
006781                            ;13/01/2025;    ;089178;003;    ;0054196;TODA HORA                                         ;(75)98296-2282 ;030;305;PXX2E06;       5,00;    0,00;13/01/2025;23;(C)Pedidos duplicados         ;   ;tailan.al  ;15:40
006781                            ;13/01/2025;    ;089182;003;    ;0029209;A BARRAQUINHA                                     ;(75)99933-1379 ;010;107;PXX2E06;      50,00;    0,04;13/01/2025;23;(C)Pedidos duplicados         ;   ;tailan.al  ;15:41
006781                            ;13/01/2025;    ;089183;003;    ;0029209;A BARRAQUINHA                                     ;(75)99933-1379 ;010;107;PXX2E06;      55,00;    0,04;13/01/2025;23;(C)Pedidos duplicados         ;   ;tailan.al  ;15:40
006781                            ;13/01/2025;    ;089184;003;    ;0029209;A BARRAQUINHA                                     ;(75)99933-1379 ;010;107;PXX2E06;     105,00;    0,08;13/01/2025;23;(C)Pedidos duplicados         ;   ;tailan.al  ;15:40
006781                            ;13/01/2025;    ;089185;003;    ;0053387;BAR DELICIAS DA JO                                ;(71)99630-3436 ;010;107;PXX2E06;     173,22;    0,31;13/01/2025;71;SEM DINHEIRO/CHEQUE           ;   ;tailan.al  ;15:41
006802                            ;13/01/2025;    ;089267;003;    ;0040485;DEPOSITO DO BINHO                                 ;(75)99818-0225 ;020;206;SJQ0C73;     738,00;    0,84;14/01/2025;82;ENDERECO NAO ENCONTRADO       ;   ;jose.al    ;19:35
006805                            ;13/01/2025;    ;089295;003;    ;0040493;BAR DE MARIA                                      ;(75)98147-7664 ;010;103;SJQ5B35;     723,50;    0,90;14/01/2025;85;DIFICIL ACESSO                ;   ;jose.al    ;19:26
006805                            ;13/01/2025;    ;089296;003;    ;0045764;Vivian                                            ;               ;010;103;SJQ5B35;     587,90;    0,75;14/01/2025;85;DIFICIL ACESSO                ;   ;jose.al    ;19:26
006805                            ;13/01/2025;    ;089297;003;    ;0019177;TL DISTRIBUIDORA                                  ;(75)98120-0968 ;010;103;SJQ5B35;     588,32;    0,75;14/01/2025;85;DIFICIL ACESSO                ;   ;jose.al    ;19:28
006805                            ;13/01/2025;    ;089311;003;    ;0032116;SUPERMERCADO DELICIA                              ;(75) 3247-2021 ;030;305;SJQ5B35;    1115,40;    3,43;14/01/2025;72;PDV FECHADO (HORARIO COM.)    ;   ;jose.al    ;19:28
006806                            ;13/01/2025;    ;089340;003;    ;0040545;BRUNA MERCEARIA                                   ;(75)98267-1318 ;030;305;SJQ2B65;    1010,88;    1,50;14/01/2025;63;PRODUTO / QTDE. ERRADA        ;   ;jose.al    ;19:24
006806                            ;13/01/2025;    ;089346;003;    ;0032924;JOANA DOS SANTOS                                  ;(75)98119-3836 ;030;305;SJQ2B65;     390,98;    0,63;14/01/2025;63;PRODUTO / QTDE. ERRADA        ;   ;jose.al    ;19:24
006807                            ;13/01/2025;    ;089368;003;    ;0050473;QUIOSQUE SAO FRANCIS                              ;(07)59964-0385 ;020;209;SJQ5E98;     260,46;    0,43;14/01/2025;50;CARGA ERRADA ARMAZEM          ;   ;emerson.al ;13:46
006810                            ;13/01/2025;    ;089496;003;    ;0049417;BAR                                               ;(75)98256-1436 ;010;106;SJQ6F87;     296,88;    0,41;14/01/2025;63;PRODUTO / QTDE. ERRADA        ;   ;emerson.al ;17:35
006811                            ;13/01/2025;    ;089507;003;    ;0039294;QUIOSQUE DA PRACA                                 ;(22)99982-3123 ;010;111;SJQ3B63;      18,14;    0,01;14/01/2025;57;Produto Danificado            ;DER;emerson.al ;15:54
006811                            ;13/01/2025;    ;089518;003;    ;0018563;BAR DO SAPATEIRO 2                                ;(71)98197-9672 ;010;105;SJQ3B63;      27,92;    0,01;14/01/2025;57;Produto Danificado            ;DER;emerson.al ;15:54
006812                            ;13/01/2025;    ;089549;003;    ;0046043;BAR DO SUSSEGO                                    ;(75)99913-1416 ;020;204;SNT2B69;     141,14;    0,21;14/01/2025;71;SEM DINHEIRO/CHEQUE           ;   ;emerson.al ;17:53
006816                            ;13/01/2025;    ;089619;003;    ;0083729;CASA DA ANA                                       ;(75) 9694-0493 ;010;108;PJX0435;     165,95;    0,22;14/01/2025;42;Produto/Quantidade Errada     ;   ;emerson.al ;16:41
006819                            ;13/01/2025;    ;089678;003;    ;0036409;ESPA O IMP RIO                                    ;(75)98135-8729 ;010;106;TCW8F39;     313,02;    0,42;14/01/2025;71;SEM DINHEIRO/CHEQUE           ;   ;emerson.al ;16:20
006820                            ;13/01/2025;    ;089702;003;    ;0040006;FANZINHA                                          ;(07)59997-3050 ;020;203;PMV0A05;      82,40;    0,18;14/01/2025;72;PDV FECHADO (HORARIO COM.)    ;   ;emerson.al ;16:42
006821                            ;13/01/2025;    ;089725;003;    ;0018467;VS FREITAS LTDA                                   ;(75)98140-3574 ;010;106;PXX2E06;     110,00;    0,12;14/01/2025;50;CARGA ERRADA ARMAZEM          ;   ;emerson.al ;16:27
006822                            ;13/01/2025;    ;089730;003;    ;0028334;MERCEARIA NOVA IDEIA                              ;(75)98159-6789 ;010;103;SKJ9C75;     107,80;    0,13;14/01/2025;71;SEM DINHEIRO/CHEQUE           ;   ;emerson.al ;16:06
006825                            ;13/01/2025;    ;089776;003;    ;0045041;OXENTE BAR                                        ;(75)99865-8908 ;010;107;SKJ7D60;      82,04;    0,05;14/01/2025;23;(C)Pedidos duplicados         ;   ;emerson.al ;14:12
006826                            ;13/01/2025;    ;089786;003;    ;0049838;LANCH PIZZA BOM SAB                               ;(75)98171-0096 ;010;105;JQP3F55;      14,40;    0,06;14/01/2025;50;CARGA ERRADA ARMAZEM          ;   ;emerson.al ;15:50
006839                            ;15/01/2025;    ;089838;003;    ;0050346;MERC. POTENCIAL                                   ;(07)59984-0958 ;030;304;SJQ1F85;       4,17;    0,00;15/01/2025;71;SEM DINHEIRO/CHEQUE           ;DER;cesar.al   ;19:08
006840                            ;15/01/2025;    ;089868;003;    ;0019282;PE NA AREIA                                       ;(75)99873-1837 ;020;202;SJQ7E10;     460,54;    0,59;15/01/2025;64;SEM VASILHAME                 ;   ;cesar.al   ;20:38
006842                            ;15/01/2025;    ;089936;003;    ;0060821;DEPOSITO NOVO PORTO                               ;(07)19923-7562 ;020;201;SJQ5B35;     579,02;    0,57;15/01/2025;50;CARGA ERRADA ARMAZEM          ;   ;tailan.al  ;15:28
006842                            ;15/01/2025;    ;089937;003;    ;0060178;FUSCA BAR                                         ;(07)19997-2816 ;020;201;SJQ5B35;     892,97;    0,86;15/01/2025;50;CARGA ERRADA ARMAZEM          ;   ;tailan.al  ;15:28
006842                            ;15/01/2025;    ;089938;003;    ;0060178;FUSCA BAR                                         ;(07)19997-2816 ;020;201;SJQ5B35;     166,19;    0,02;15/01/2025;50;CARGA ERRADA ARMAZEM          ;   ;tailan.al  ;15:28
006842                            ;15/01/2025;    ;089939;003;    ;0060178;FUSCA BAR                                         ;(07)19997-2816 ;020;201;SJQ5B35;      36,10;    0,04;15/01/2025;50;CARGA ERRADA ARMAZEM          ;   ;tailan.al  ;15:28
006844                            ;15/01/2025;    ;089970;003;    ;0024186;BAR DO CALDO                                      ;(71)99639-6611 ;010;109;SJQ8D11;     816,60;    0,97;15/01/2025;43;Forma de Pagamento            ;   ;tailan.al  ;18:48
006847                            ;15/01/2025;    ;090044;003;    ;0082071;RESTAURANTE PARADISE                              ;(71)99633-2772 ;010;109;SJQ3B12;      84,22;    0,07;15/01/2025;52;FALTA PRODUTO ESTOQUE         ;   ;tailan.al  ;17:56
006849                            ;15/01/2025;    ;090104;003;    ;0083613;MERC. DO EDUARTE                                  ;(75)98147-2057 ;010;103;SJQ0A82;     270,09;    0,44;15/01/2025;50;CARGA ERRADA ARMAZEM          ;   ;tailan.al  ;18:37
006850                            ;15/01/2025;    ;090126;003;    ;0084036;MERC TEM DE TUDO                                  ;(71)99964-2362 ;030;306;SJQ0C73;    2792,91;    5,09;15/01/2025;50;CARGA ERRADA ARMAZEM          ;   ;tailan.al  ;18:39
006850                            ;15/01/2025;    ;090127;003;    ;0084036;MERC TEM DE TUDO                                  ;(71)99964-2362 ;030;306;SJQ0C73;      19,24;    0,09;15/01/2025;50;CARGA ERRADA ARMAZEM          ;   ;tailan.al  ;18:39
006851                            ;15/01/2025;    ;090155;003;    ;0038302;MERCADO ALCANTRA                                  ;(75)98360-3950 ;010;106;SJQ3B63;    1102,93;    1,44;15/01/2025;71;SEM DINHEIRO/CHEQUE           ;   ;tailan.al  ;18:54
006851                            ;15/01/2025;    ;090156;003;    ;0038302;MERCADO ALCANTRA                                  ;(75)98360-3950 ;010;106;SJQ3B63;    1351,74;    1,77;15/01/2025;71;SEM DINHEIRO/CHEQUE           ;   ;tailan.al  ;18:54
006851                            ;15/01/2025;    ;090172;003;    ;0018439;MERCADINHO PORTEIRA                               ;(71)98164-3743 ;010;106;SJQ3B63;     415,80;    0,92;15/01/2025;50;CARGA ERRADA ARMAZEM          ;   ;tailan.al  ;18:55
006852                            ;15/01/2025;    ;090178;003;    ;0019024;MERC AJALA                                        ;(75)99846-0602 ;010;110;SJQ5E98;     299,40;    0,24;15/01/2025;71;SEM DINHEIRO/CHEQUE           ;   ;cesar.al   ;20:36
006852                            ;15/01/2025;    ;090179;003;    ;0019024;MERC AJALA                                        ;(75)99846-0602 ;010;110;SJQ5E98;      70,53;    0,16;15/01/2025;71;SEM DINHEIRO/CHEQUE           ;   ;cesar.al   ;20:35
006852                            ;15/01/2025;    ;090180;003;    ;0019024;MERC AJALA                                        ;(75)99846-0602 ;010;110;SJQ5E98;      53,90;    0,06;15/01/2025;63;PRODUTO / QTDE. ERRADA        ;   ;cesar.al   ;20:34
006852                            ;15/01/2025;    ;090190;003;    ;0082136;TREILER BURGUER SHOP                              ;(75)98279-0414 ;010;110;SJQ5E98;     264,50;    0,34;15/01/2025;72;PDV FECHADO (HORARIO COM.)    ;   ;cesar.al   ;20:34
006852                            ;15/01/2025;    ;090197;003;    ;0041325;KANTIINA MAIS SABOR                               ;(75)98132-4507 ;010;110;SJQ5E98;       8,64;    0,02;15/01/2025;72;PDV FECHADO (HORARIO COM.)    ;   ;cesar.al   ;20:33
006855                            ;15/01/2025;    ;090270;003;    ;0040295;BOX DO ALLAN                                      ;(07)59958-7383 ;020;203;PJX0435;     566,29;    0,67;15/01/2025;72;PDV FECHADO (HORARIO COM.)    ;   ;tailan.al  ;18:43
006858                            ;15/01/2025;    ;090309;003;    ;0040172;PONTO DO CAPITAO                                  ;(71)99691-1062 ;020;206;TCW8F43;     127,22;    0,33;15/01/2025;71;SEM DINHEIRO/CHEQUE           ;   ;tailan.al  ;16:11
006858                            ;15/01/2025;    ;090310;003;    ;0040053;BOTECO DO TONY                                    ;(75)99945-9003 ;020;206;TCW8F43;     199,44;    0,27;15/01/2025;71;SEM DINHEIRO/CHEQUE           ;   ;tailan.al  ;16:10
006858                            ;15/01/2025;    ;090312;003;    ;0018788;PONIT DA MARCIA 2                                 ;(75)99886-1352 ;020;206;TCW8F43;      28,50;    0,12;15/01/2025;82;ENDERECO NAO ENCONTRADO       ;   ;tailan.al  ;16:10
006858                            ;15/01/2025;    ;090313;003;    ;0040082;PADARIA CENTRAL                                   ;(75)99955-5572 ;020;206;TCW8F43;     317,28;    0,15;15/01/2025;72;PDV FECHADO (HORARIO COM.)    ;   ;tailan.al  ;16:10
006858                            ;15/01/2025;    ;090318;003;    ;0040163;RESTAURANTE BRASIL                                ;(75)99180-7152 ;020;203;TCW8F43;     170,24;    0,35;15/01/2025;32;ENTREGA ATRASADA (BUFFER)     ;   ;tailan.al  ;16:10
006861                            ;15/01/2025;    ;090381;003;    ;0082127;CANTINHO DA IRA                                   ;(75)66484-4664 ;010;107;SKJ9C75;     179,60;    0,30;15/01/2025;72;PDV FECHADO (HORARIO COM.)    ;   ;cesar.al   ;20:39
006865                            ;15/01/2025;    ;090417;003;    ;0018603;MIX FORT SUPER                                    ;(75)99907-7979 ;030;305;PLL7H92;     329,82;    0,74;15/01/2025;23;(C)Pedidos duplicados         ;   ;cesar.al   ;19:13
006865                            ;15/01/2025;    ;090418;003;    ;0018603;MIX FORT SUPER                                    ;(75)99907-7979 ;030;305;PLL7H92;     360,70;    0,37;15/01/2025;23;(C)Pedidos duplicados         ;   ;cesar.al   ;19:12
006865                            ;15/01/2025;    ;090420;003;    ;0028556;ESPETINHO PARAIBA                                 ;(75)98822-4455 ;010;111;PLL7H92;     838,04;    0,83;15/01/2025;71;SEM DINHEIRO/CHEQUE           ;   ;cesar.al   ;19:11
006866                            ;15/01/2025;    ;090425;003;    ;0044990;BAR DA ROSA                                       ;(75)98252-0298 ;010;105;SKJ7D60;     131,72;    0,18;15/01/2025;62;FORMA PAGAMENTO ERRADA        ;   ;tailan.al  ;16:14
006866                            ;15/01/2025;    ;090427;003;    ;0019278;TEMPERO DA  ROSA                                  ;(75)98800-8870 ;010;105;SKJ7D60;      64,49;    0,08;15/01/2025;72;PDV FECHADO (HORARIO COM.)    ;   ;tailan.al  ;16:13
006866                            ;15/01/2025;    ;090429;003;    ;0018990;JW MERCADINHO                                     ;(75)98140-5696 ;010;105;SKJ7D60;     172,06;    0,24;15/01/2025;71;SEM DINHEIRO/CHEQUE           ;   ;tailan.al  ;16:13
006866                            ;15/01/2025;    ;090430;003;    ;0033807;MERC VITOR                                        ;(75)99921-2732 ;010;105;SKJ7D60;     176,35;    0,22;15/01/2025;64;SEM VASILHAME                 ;   ;tailan.al  ;16:15
006866                            ;15/01/2025;    ;090431;003;    ;0033807;MERC VITOR                                        ;(75)99921-2732 ;010;105;SKJ7D60;     106,41;    0,13;15/01/2025;64;SEM VASILHAME                 ;   ;tailan.al  ;16:14
006866                            ;15/01/2025;    ;090435;003;    ;0033198;NEIDE VARIEDADES                                  ;(75)98193-8548 ;010;105;SKJ7D60;     302,80;    0,28;15/01/2025;71;SEM DINHEIRO/CHEQUE           ;   ;tailan.al  ;16:13
006866                            ;15/01/2025;    ;090438;003;    ;0028987;EMBARCADO                                         ;(75)98814-0942 ;010;105;SKJ7D60;     577,92;    0,62;15/01/2025;72;PDV FECHADO (HORARIO COM.)    ;   ;tailan.al  ;16:16
006866                            ;15/01/2025;    ;090439;003;    ;0028987;EMBARCADO                                         ;(75)98814-0942 ;010;105;SKJ7D60;      53,90;    0,06;15/01/2025;72;PDV FECHADO (HORARIO COM.)    ;   ;tailan.al  ;16:16
006867                            ;15/01/2025;    ;090442;003;    ;0049150;CANTINHO ALIMENTACAO                              ;               ;010;107;SKJ7D60;     171,24;    0,35;15/01/2025;64;SEM VASILHAME                 ;   ;tailan.al  ;18:32
006867                            ;15/01/2025;    ;090443;003;    ;0039394;REST. DONA NININHA                                ;(75)99971-8846 ;010;107;SKJ7D60;     290,17;    0,31;15/01/2025;72;PDV FECHADO (HORARIO COM.)    ;   ;tailan.al  ;18:33
006867                            ;15/01/2025;    ;090445;003;    ;0019132;LANCHONETE BR 101                                 ;(75)99932-1909 ;010;107;SKJ7D60;     258,47;    0,29;15/01/2025;71;SEM DINHEIRO/CHEQUE           ;   ;tailan.al  ;18:32
006867                            ;15/01/2025;    ;090447;003;    ;0030819;CHURRAC BOI NA BRASA                              ;               ;010;107;SKJ7D60;      76,38;    0,11;15/01/2025;72;PDV FECHADO (HORARIO COM.)    ;   ;tailan.al  ;18:31
006878                            ;16/01/2025;    ;090491;003;    ;0030237;Deposito da Jandira                               ;(00) 3429-9999 ;020;207;SJQ7E10;       8,83;    0,01;16/01/2025;64;SEM VASILHAME                 ;   ;jose.al    ;19:43
006884                            ;16/01/2025;    ;090631;003;    ;0038780;KITANDA                                           ;               ;010;106;SJQ0A82;     322,32;    0,41;16/01/2025;72;PDV FECHADO (HORARIO COM.)    ;   ;emerson.al ;16:53
006886                            ;16/01/2025;    ;090681;003;    ;0054588;05111960                                          ;(75)98282-8590 ;010;106;SJQ6F87;      45,00;    0,04;16/01/2025;50;CARGA ERRADA ARMAZEM          ;   ;emerson.al ;18:08
006888                            ;16/01/2025;    ;090709;003;    ;0045119;TEMPERO DA MAM√ÉE                                 ;               ;010;111;SJQ5E98;      65,44;    0,12;17/01/2025;32;ENTREGA ATRASADA (BUFFER)     ;   ;tailan.al  ;13:49
006895                            ;16/01/2025;    ;090846;003;    ;0018871;ANA DRINKS                                        ;(71)99992-8732 ;020;208;TCW8F43;     883,04;    1,42;16/01/2025;71;SEM DINHEIRO/CHEQUE           ;   ;emerson.al ;14:52
006903                            ;16/01/2025;    ;090987;003;    ;0019084;MERCADO VITORIA                                   ;(75)99989-8763 ;030;306;JQP3F55;     135,00;    0,12;16/01/2025;23;(C)Pedidos duplicados         ;   ;emerson.al ;10:42
006911                            ;17/01/2025;    ;091026;003;    ;0019529;DISTRIBUIDORA PRADO                               ;(75)99101-9895 ;020;203;SJQ4A23;     437,50;    0,80;17/01/2025;48;PDV Fechado Apos              ;   ;cesar.al   ;20:12
006912                            ;17/01/2025;    ;091078;003;    ;0050496;BAR DO GENIVAL                                    ;(75)99874-5058 ;020;204;SJQ1F85;     109,19;    0,13;17/01/2025;72;PDV FECHADO (HORARIO COM.)    ;   ;cesar.al   ;19:09
006912                            ;17/01/2025;    ;091086;003;    ;0018704;BATISTA PADARIA LANC                              ;(11)98733-1514 ;020;204;SJQ1F85;       8,83;    0,01;17/01/2025;82;ENDERECO NAO ENCONTRADO       ;   ;cesar.al   ;19:10
006912                            ;17/01/2025;    ;091087;003;    ;0050004;MERC CODISMEL                                     ;(75)99181-1315 ;030;304;SJQ1F85;      57,00;    0,04;17/01/2025;82;ENDERECO NAO ENCONTRADO       ;   ;cesar.al   ;19:12
006913                            ;17/01/2025;    ;091093;003;    ;0030315;SEMPRE ABERTO DA TAT                              ;(07)59709-6136 ;020;202;SJQ7E10;      17,00;    0,06;17/01/2025;42;Produto/Quantidade Errada     ;   ;cesar.al   ;19:47
006916                            ;17/01/2025;    ;091159;003;    ;0050157;MER.PRIMEIRA OPCAO                                ;(75)99988-2312 ;020;209;QMA4J49;     181,44;    0,72;17/01/2025;72;PDV FECHADO (HORARIO COM.)    ;   ;tailan.al  ;16:31
006916                            ;17/01/2025;    ;091160;003;    ;0050157;MER.PRIMEIRA OPCAO                                ;(75)99988-2312 ;020;209;QMA4J49;       6,67;    0,01;17/01/2025;72;PDV FECHADO (HORARIO COM.)    ;   ;tailan.al  ;16:55
006916                            ;17/01/2025;    ;091161;003;    ;0050157;MER.PRIMEIRA OPCAO                                ;(75)99988-2312 ;020;209;QMA4J49;       6,67;    0,01;17/01/2025;72;PDV FECHADO (HORARIO COM.)    ;   ;tailan.al  ;16:58
006916                            ;17/01/2025;    ;091162;003;    ;0050590;MERCEARIA DO TENTEM                               ;               ;020;209;QMA4J49;     389,70;    0,58;17/01/2025;71;SEM DINHEIRO/CHEQUE           ;   ;tailan.al  ;16:31
006916                            ;17/01/2025;    ;091169;003;    ;0050551;POINT ENCONTRO DOS A                              ;(71)99163-8603 ;020;209;QMA4J49;     217,86;    0,72;17/01/2025;50;CARGA ERRADA ARMAZEM          ;   ;tailan.al  ;16:32
006918                            ;17/01/2025;    ;091201;003;    ;0082869;FAST POINT                                        ;(71)99990-5460 ;010;101;SJQ5B35;       4,58;    0,00;17/01/2025;42;Produto/Quantidade Errada     ;   ;tailan.al  ;16:17
006918                            ;17/01/2025;    ;091202;003;    ;0082869;FAST POINT                                        ;(71)99990-5460 ;010;101;SJQ5B35;       4,58;    0,00;17/01/2025;42;Produto/Quantidade Errada     ;   ;tailan.al  ;16:18
006918                            ;17/01/2025;    ;091207;003;    ;0026185;DISTRIBUIDORA BAHIA                               ;(71)99974-0104 ;030;306;SJQ5B35;       5,63;    0,00;17/01/2025;42;Produto/Quantidade Errada     ;   ;tailan.al  ;16:18
006920                            ;17/01/2025;    ;091278;003;    ;0083717;DEPOSITO DA TORRE                                 ;(75)99989-6399 ;010;102;SJQ0A82;      28,68;    0,04;17/01/2025;50;CARGA ERRADA ARMAZEM          ;   ;tailan.al  ;16:48
006923                            ;17/01/2025;    ;091357;003;    ;0026606;bar do aelson                                     ;(55)98150-5234 ;010;103;SJQ3B63;    1159,00;    1,45;17/01/2025;38;Sem Dinheiro                  ;   ;cesar.al   ;19:07
006925                            ;17/01/2025;    ;091378;003;    ;0040250;MERCADINHO FERNADES                               ;(75)99245-4998 ;020;203;JSM4818;     268,40;    0,66;17/01/2025;71;SEM DINHEIRO/CHEQUE           ;   ;tailan.al  ;15:53
006925                            ;17/01/2025;    ;091390;003;    ;0040286;QUIOSQUE DO QUEIJEIR                              ;(07)59992-7144 ;020;206;JSM4818;       1,42;    0,00;17/01/2025;64;SEM VASILHAME                 ;   ;tailan.al  ;15:53
006925                            ;17/01/2025;    ;091392;003;    ;0019212;BAR DA CAROL                                      ;(75)99889-9520 ;010;104;JSM4818;     566,30;    0,61;17/01/2025;82;ENDERECO NAO ENCONTRADO       ;   ;tailan.al  ;15:53
006926                            ;17/01/2025;    ;091408;003;    ;0060092;DEP DO POPO                                       ;(71)99944-5568 ;020;201;PLN3B26;     687,52;    0,83;17/01/2025;64;SEM VASILHAME                 ;   ;tailan.al  ;15:06
006926                            ;17/01/2025;    ;091409;003;    ;0060092;DEP DO POPO                                       ;(71)99944-5568 ;020;201;PLN3B26;     687,52;    0,83;17/01/2025;64;SEM VASILHAME                 ;   ;tailan.al  ;15:06
006926                            ;17/01/2025;    ;091410;003;    ;0060092;DEP DO POPO                                       ;(71)99944-5568 ;020;201;PLN3B26;      68,94;    0,16;17/01/2025;64;SEM VASILHAME                 ;   ;tailan.al  ;15:06
006926                            ;17/01/2025;    ;091411;003;    ;0060092;DEP DO POPO                                       ;(71)99944-5568 ;020;201;PLN3B26;      68,94;    0,16;17/01/2025;64;SEM VASILHAME                 ;   ;tailan.al  ;15:06
006926                            ;17/01/2025;    ;091415;003;    ;0040100;padaria nova itanagr                              ;(07)59990-0805 ;020;208;PLN3B26;     595,16;    1,40;17/01/2025;71;SEM DINHEIRO/CHEQUE           ;   ;tailan.al  ;15:05
006930                            ;17/01/2025;    ;091484;003;    ;0060328;BARRACA DO FURAO                                  ;(71)99999-8684 ;020;201;TCW8F43;     352,11;    0,40;17/01/2025;71;SEM DINHEIRO/CHEQUE           ;   ;tailan.al  ;17:  
006933                            ;17/01/2025;    ;091527;003;    ;0040784;ESPETINHO DA GEU                                  ;(75)99714-6114 ;010;103;PMV0A05;     216,61;    0,37;17/01/2025;71;SEM DINHEIRO/CHEQUE           ;   ;tailan.al  ;14:10
006937                            ;17/01/2025;    ;091558;003;    ;0019290;PALMA BEBIDAS                                     ;(75)99833-5013 ;020;203;SKJ7D60;     163,60;    0,60;17/01/2025;46;Endereco Nao Encontrado       ;   ;tailan.al  ;11:43
006939                            ;17/01/2025;    ;091571;003;    ;0018923;ACARAJE DA LARI                                   ;(75)99818-6481 ;010;105;SKJ9C75;     191,54;    0,28;17/01/2025;71;SEM DINHEIRO/CHEQUE           ;   ;tailan.al  ;14:40
006939                            ;17/01/2025;    ;091572;003;    ;0018923;ACARAJE DA LARI                                   ;(75)99818-6481 ;010;105;SKJ9C75;      37,10;    0,04;17/01/2025;71;SEM DINHEIRO/CHEQUE           ;   ;tailan.al  ;14:40
006939                            ;17/01/2025;    ;091576;003;    ;0019418;BAR DA ALMERINDA                                  ;(75)98333-7309 ;010;111;SKJ9C75;      79,28;    0,16;17/01/2025;62;FORMA PAGAMENTO ERRADA        ;   ;tailan.al  ;14:40
006939                            ;17/01/2025;    ;091581;003;    ;0047990;MR BAR                                            ;               ;010;105;SKJ9C75;      63,40;    0,18;17/01/2025;71;SEM DINHEIRO/CHEQUE           ;   ;tailan.al  ;14:41
006939                            ;17/01/2025;    ;091582;003;    ;0047990;MR BAR                                            ;               ;010;105;SKJ9C75;     168,04;    0,23;17/01/2025;71;SEM DINHEIRO/CHEQUE           ;   ;tailan.al  ;14:40
006954                            ;18/01/2025;    ;091677;003;    ;0050018;MERCADINHO AQUI TEM                               ;(07)59968-7978 ;030;304;SJQ1F85;      23,44;    0,04;18/01/2025;87;TEMPO INSUFICIENTE            ;DER;emerson.al ;14:16
006955                            ;18/01/2025;    ;091681;003;    ;0046104;POINT DA GALERA                                   ;(75)99882-0877 ;010;102;SJQ5B35;    2231,70;    2,96;18/01/2025;64;SEM VASILHAME                 ;   ;emerson.al ;11:37
006959                            ;18/01/2025;    ;091766;003;    ;0052630;Pizzaria Formaggi                                 ;(75)99874-3047 ;010;111;SJQ0A82;     908,66;    0,89;18/01/2025;64;SEM VASILHAME                 ;   ;emerson.al ;14:38
006959                            ;18/01/2025;    ;091767;003;    ;0028556;ESPETINHO PARAIBA                                 ;(75)98822-4455 ;010;111;SJQ0A82;    1108,00;    1,38;18/01/2025;71;SEM DINHEIRO/CHEQUE           ;   ;emerson.al ;14:37
006959                            ;18/01/2025;    ;091770;003;    ;0051838;CABANAS                                           ;(75)98835-7841 ;010;111;SJQ0A82;     264,81;    0,36;18/01/2025;72;PDV FECHADO (HORARIO COM.)    ;   ;emerson.al ;14:38
006959                            ;18/01/2025;    ;091776;003;    ;0084130;BAR DO LULA                                       ;(80) 9774-4262 ;010;105;SJQ0A82;     484,70;    1,12;18/01/2025;60;PRECO ERRADO                  ;   ;emerson.al ;14:38
006959                            ;18/01/2025;    ;091781;003;    ;0053387;BAR DELICIAS DA JO                                ;(71)99630-3436 ;010;107;SJQ0A82;     139,73;    0,22;18/01/2025;71;SEM DINHEIRO/CHEQUE           ;   ;emerson.al ;14:37
006960                            ;18/01/2025;    ;091801;003;    ;0089645;MERC PADARIA T.R                                  ;(75)99821-5592 ;010;103;SNT2B69;     250,68;    0,50;18/01/2025;42;Produto/Quantidade Errada     ;   ;emerson.al ;14:54
006960                            ;18/01/2025;    ;091802;003;    ;0089645;MERC PADARIA T.R                                  ;(75)99821-5592 ;010;103;SNT2B69;      36,90;    0,04;18/01/2025;42;Produto/Quantidade Errada     ;   ;emerson.al ;14:54
006963                            ;18/01/2025;    ;091892;003;    ;0053523;RESTAURANTE DA JANE                               ;(75)99880-3846 ;010;110;SKB4I83;      12,88;    0,06;18/01/2025;65;NAO FEZ PEDIDO                ;   ;emerson.al ;15:45
006964                            ;18/01/2025;    ;091902;003;    ;0031444;FRANCISCO CUSTODIO D                              ;(75) 8164-2677 ;010;106;TCW8F43;     113,08;    0,16;18/01/2025;72;PDV FECHADO (HORARIO COM.)    ;   ;emerson.al ;15:58
006964                            ;18/01/2025;    ;091903;003;    ;0031444;FRANCISCO CUSTODIO D                              ;(75) 8164-2677 ;010;106;TCW8F43;     161,70;    0,20;18/01/2025;72;PDV FECHADO (HORARIO COM.)    ;   ;emerson.al ;15:59
006965                            ;18/01/2025;    ;091922;003;    ;0046188; RAIO DE SOL                                      ;(71)99995-8352 ;010;108;TCW8F39;     114,21;    0,15;18/01/2025;71;SEM DINHEIRO/CHEQUE           ;   ;emerson.al ;16:55
006965                            ;18/01/2025;    ;091935;003;    ;0030466;BOCA PRETA                                        ;(71)99615-3701 ;010;101;TCW8F39;     122,20;    0,19;18/01/2025;71;SEM DINHEIRO/CHEQUE           ;   ;emerson.al ;16:54
006979                            ;20/01/2025;    ;092097;003;    ;0039780;MERC ROSA SHARON                                  ;(71)99941-1587 ;010;101;SJQ3B12;     351,68;    0,96;20/01/2025;71;SEM DINHEIRO/CHEQUE           ;   ;emerson.al ;17:27
006979                            ;20/01/2025;    ;092098;003;    ;0039780;MERC ROSA SHARON                                  ;(71)99941-1587 ;010;101;SJQ3B12;     444,39;    1,50;20/01/2025;71;SEM DINHEIRO/CHEQUE           ;   ;emerson.al ;17:27
006982                            ;20/01/2025;    ;092138;003;    ;0030712;conversa fiada                                    ;(75)98818-5287 ;010;111;SJQ5E98;     537,47;    0,99;20/01/2025;71;SEM DINHEIRO/CHEQUE           ;   ;emerson.al ;17:12
006983                            ;20/01/2025;    ;092141;003;    ;0018700;BAR DE EDIVANIA                                   ;(75)99864-0035 ;020;203;JSM4818;     131,20;    0,18;20/01/2025;72;PDV FECHADO (HORARIO COM.)    ;   ;jose.al    ;20:04
006983                            ;20/01/2025;    ;092155;003;    ;0040422;BAR DO CHICAO                                     ;(07)59902-3930 ;020;206;JSM4818;     285,40;    0,51;20/01/2025;64;SEM VASILHAME                 ;   ;jose.al    ;20:04
006983                            ;20/01/2025;    ;092158;003;    ;0040045;TEMPERO VERDE                                     ;(07)59714-7395 ;020;206;JSM4818;     287,64;    0,37;20/01/2025;72;PDV FECHADO (HORARIO COM.)    ;   ;jose.al    ;20:04
006983                            ;20/01/2025;    ;092163;003;    ;0040252;BAR DA LANINHA                                    ;(75)99901-5187 ;020;206;JSM4818;     254,49;    0,27;20/01/2025;72;PDV FECHADO (HORARIO COM.)    ;   ;jose.al    ;20:04
006983                            ;20/01/2025;    ;092164;003;    ;0040407;BAR DO VAQUEIRO                                   ;(75)99138-8097 ;020;206;JSM4818;     224,42;    0,20;20/01/2025;71;SEM DINHEIRO/CHEQUE           ;   ;jose.al    ;20:05
006983                            ;20/01/2025;    ;092166;003;    ;0019060;BAR DA DEDA PRATA                                 ;(75)99887-6258 ;020;206;JSM4818;     180,43;    0,26;20/01/2025;71;SEM DINHEIRO/CHEQUE           ;   ;jose.al    ;20:04
006984                            ;20/01/2025;    ;092167;003;    ;0019457;LIFE BEACH                                        ;(75)99975-9715 ;020;202;PLN3B26;      74,28;    0,11;20/01/2025;82;ENDERECO NAO ENCONTRADO       ;   ;emerson.al ;14:28
006985                            ;20/01/2025;    ;092199;003;    ;0050633;MERCEARIA DA ZEFINHA                              ;(75)99133-8501 ;020;209;PJX0435;     116,32;    0,20;20/01/2025;63;PRODUTO / QTDE. ERRADA        ;   ;emerson.al ;14:29
006986                            ;20/01/2025;    ;092210;003;    ;0032224;BOX DA DEISE                                      ;(71)98263-3326 ;010;108;NYM9I27;     547,96;    0,52;20/01/2025;71;SEM DINHEIRO/CHEQUE           ;   ;jose.al    ;19:51
006988                            ;20/01/2025;    ;092237;003;    ;0033008;DEPOSITO CARCARA                                  ;(75)99708-0480 ;010;102;TCW8F43;     251,59;    0,28;20/01/2025;72;PDV FECHADO (HORARIO COM.)    ;   ;emerson.al ;14:32
006988                            ;20/01/2025;    ;092241;003;    ;0018419;DJ                                                ;(75)99871-6014 ;010;102;TCW8F43;      17,28;    0,02;20/01/2025;72;PDV FECHADO (HORARIO COM.)    ;   ;emerson.al ;14:32
006988                            ;20/01/2025;    ;092242;003;    ;0018419;DJ                                                ;(75)99871-6014 ;010;102;TCW8F43;     564,37;    0,81;20/01/2025;82;ENDERECO NAO ENCONTRADO       ;   ;emerson.al ;14:32
006989                            ;20/01/2025;    ;092252;003;    ;0018828;PESTANA GRILL                                     ;(75)99133-5638 ;010;107;JQP3F55;     306,90;    0,33;20/01/2025;71;SEM DINHEIRO/CHEQUE           ;   ;jose.al    ;19:56
006989                            ;20/01/2025;    ;092258;003;    ;0084400;FAVES ABATEDOURO                                  ;(75) 9362-1481 ;010;105;JQP3F55;      53,90;    0,06;20/01/2025;71;SEM DINHEIRO/CHEQUE           ;   ;jose.al    ;19:56
006989                            ;20/01/2025;    ;092270;003;    ;0030471;MERCEARIA ALVES                                   ;(75) 8702-4102 ;010;110;JQP3F55;      25,10;    0,12;20/01/2025;72;PDV FECHADO (HORARIO COM.)    ;   ;jose.al    ;19:56
006990                            ;20/01/2025;    ;092277;003;    ;0050255;LIMA RAMOS                                        ;(75)99113-8538 ;030;304;SJQ1F85;     744,23;    2,28;20/01/2025;89;PDV FECHADO APOS HORARIO      ;   ;jose.al    ;19:58
006990                            ;20/01/2025;    ;092278;003;    ;0050255;LIMA RAMOS                                        ;(75)99113-8538 ;030;304;SJQ1F85;     219,06;    0,36;20/01/2025;89;PDV FECHADO APOS HORARIO      ;   ;jose.al    ;19:58
006990                            ;20/01/2025;    ;092279;003;    ;0050255;LIMA RAMOS                                        ;(75)99113-8538 ;030;304;SJQ1F85;    1757,88;    4,30;20/01/2025;89;PDV FECHADO APOS HORARIO      ;   ;jose.al    ;19:58
006997                            ;21/01/2025;    ;092318;003;    ;0050365;BORA DI PIZZA                                     ;(07)19967-0359 ;020;205;SJQ1F85;     441,87;    0,80;21/01/2025;72;PDV FECHADO (HORARIO COM.)    ;   ;cesar.al   ;20:03
006997                            ;21/01/2025;    ;092324;003;    ;0050238;BAR DO DILSON                                     ;(75)99875-5544 ;020;205;SJQ1F85;    2080,97;    2,47;21/01/2025;53;PROD PROXIMO VENCIM. COMERCIAL;   ;cesar.al   ;19:59
006997                            ;21/01/2025;    ;092325;003;    ;0050238;BAR DO DILSON                                     ;(75)99875-5544 ;020;205;SJQ1F85;      32,09;    0,02;21/01/2025;53;PROD PROXIMO VENCIM. COMERCIAL;   ;cesar.al   ;20:  
006997                            ;21/01/2025;    ;092326;003;    ;0050238;BAR DO DILSON                                     ;(75)99875-5544 ;020;205;SJQ1F85;     123,54;    0,33;21/01/2025;53;PROD PROXIMO VENCIM. COMERCIAL;   ;cesar.al   ;20:01
006997                            ;21/01/2025;    ;092327;003;    ;0050238;BAR DO DILSON                                     ;(75)99875-5544 ;020;205;SJQ1F85;     104,70;    0,12;21/01/2025;53;PROD PROXIMO VENCIM. COMERCIAL;   ;cesar.al   ;20:01
006997                            ;21/01/2025;    ;092332;003;    ;0050022;MERCEARIA SANTANA                                 ;(75)99900-0608 ;020;205;SJQ1F85;     474,73;    0,69;21/01/2025;64;SEM VASILHAME                 ;   ;cesar.al   ;20:02
007001                            ;21/01/2025;    ;092419;003;    ;0049417;BAR                                               ;(75)98256-1436 ;010;106;SJQ2B65;     147,16;    0,07;21/01/2025;71;SEM DINHEIRO/CHEQUE           ;   ;cesar.al   ;19:52
007001                            ;21/01/2025;    ;092435;003;    ;0024393;BAR DO MATIA                                      ;(75)98221-4577 ;010;106;SJQ2B65;    1788,35;    2,38;21/01/2025;71;SEM DINHEIRO/CHEQUE           ;   ;cesar.al   ;19:53
007001                            ;21/01/2025;    ;092437;003;    ;0024393;BAR DO MATIA                                      ;(75)98221-4577 ;010;106;SJQ2B65;     108,30;    0,12;21/01/2025;71;SEM DINHEIRO/CHEQUE           ;   ;cesar.al   ;19:53
007010                            ;21/01/2025;    ;092655;003;    ;0040328;BAR DO ROQUE                                      ;(07)59829-3899 ;020;203;PJX0435;     317,58;    0,44;21/01/2025;71;SEM DINHEIRO/CHEQUE           ;   ;tailan.al  ;16:09
007010                            ;21/01/2025;    ;092667;003;    ;0030438;DEPOSITO DO KALUNGA                               ;(75)99801-4717 ;020;207;PJX0435;      60,00;    0,00;21/01/2025;50;CARGA ERRADA ARMAZEM          ;   ;tailan.al  ;16:10
007012                            ;21/01/2025;    ;092702;003;    ;0050471;MERCEARIA DO EDISSOM                              ;(07)19713-8133 ;020;209;NYM9I27;     271,03;    0,55;21/01/2025;72;PDV FECHADO (HORARIO COM.)    ;   ;tailan.al  ;17:22
007014                            ;21/01/2025;    ;092743;003;    ;0034055;BAR DA ILDA                                       ;(75)99897-5387 ;020;204;TCW8F43;     243,99;    0,31;21/01/2025;71;SEM DINHEIRO/CHEQUE           ;   ;tailan.al  ;15:51
007016                            ;21/01/2025;    ;092782;003;    ;0040230;Box  JM  nova pastor                              ;(00) 9985-0420 ;020;203;OUP9E04;     125,16;    0,20;21/01/2025;71;SEM DINHEIRO/CHEQUE           ;   ;cesar.al   ;20:56
007017                            ;21/01/2025;    ;092795;003;    ;0083159;BAR DO BINHO                                      ;(75)98848-7541 ;010;104;PKB3J24;     226,95;    0,28;21/01/2025;72;PDV FECHADO (HORARIO COM.)    ;   ;tailan.al  ;15:52
007017                            ;21/01/2025;    ;092798;003;    ;0051588;RESTAURANTE CL√ìVIS                               ;               ;010;104;PKB3J24;     306,39;    0,48;21/01/2025;72;PDV FECHADO (HORARIO COM.)    ;   ;tailan.al  ;15:51
007019                            ;21/01/2025;    ;092836;003;    ;0083729;CASA DA ANA                                       ;(75) 9694-0493 ;010;108;SKJ9C75;      53,90;    0,06;21/01/2025;72;PDV FECHADO (HORARIO COM.)    ;   ;tailan.al  ;16:05
007019                            ;21/01/2025;    ;092846;003;    ;0084369;BAR DA ELIENE                                     ;(71)96657-9349 ;010;109;SKJ9C75;      16,00;    0,06;21/01/2025;82;ENDERECO NAO ENCONTRADO       ;   ;tailan.al  ;16:05
007020                            ;21/01/2025;    ;092854;003;    ;0035590;BUTECO DA RAFA                                    ;(75)99116-4119 ;010;111;JQP3F55;      53,90;    0,06;21/01/2025;72;PDV FECHADO (HORARIO COM.)    ;   ;tailan.al  ;10:46
007036                            ;22/01/2025;    ;092999;003;    ;0050041;M SOUZA                                           ;(75)99989-1295 ;030;304;SJQ1F85;     110,00;    0,08;22/01/2025;82;ENDERECO NAO ENCONTRADO       ;   ;jose.al    ;20:37
007036                            ;22/01/2025;    ;093015;003;    ;0050139;SUPER. PAGUE MENOS                                ;(07)59712-1102 ;020;205;SJQ1F85;     425,08;    0,28;22/01/2025;65;NAO FEZ PEDIDO                ;   ;jose.al    ;20:37
007037                            ;22/01/2025;    ;093027;003;    ;0018961;REST RIO MAR                                      ;(75)99836-1595 ;020;202;SJQ7E10;    1093,69;    1,40;22/01/2025;72;PDV FECHADO (HORARIO COM.)    ;   ;jose.al    ;20:38
007040                            ;22/01/2025;    ;093112;003;    ;0050004;MERC CODISMEL                                     ;(75)99181-1315 ;030;304;SJQ5B35;    1986,95;    2,93;23/01/2025;64;SEM VASILHAME                 ;   ;tailan.al  ;14:05
007042                            ;22/01/2025;    ;093170;003;    ;0041395;QUERO MAIS                                        ;(75)99968-2860 ;010;110;SJQ3B63;     298,36;    0,68;22/01/2025;71;SEM DINHEIRO/CHEQUE           ;   ;emerson.al ;17:55
007044                            ;22/01/2025;    ;093232;003;    ;0084068;LICURI II                                         ;(75) 3431-2202 ;030;305;SNT2B69;     445,50;    0,49;22/01/2025;50;CARGA ERRADA ARMAZEM          ;   ;jose.al    ;20:36
007044                            ;22/01/2025;    ;093256;003;    ;0019135;GNUNES ATACAREJO                                  ;(75)99904-7977 ;010;104;SNT2B69;    1750,32;    3,01;22/01/2025;87;TEMPO INSUFICIENTE            ;   ;jose.al    ;20:35
007048                            ;22/01/2025;    ;093392;003;    ;0060649;BAR DO RAVI                                       ;(07)19949-5592 ;020;201;SKB4I83;     427,06;    0,42;22/01/2025;72;PDV FECHADO (HORARIO COM.)    ;   ;emerson.al ;16:29
007050                            ;22/01/2025;    ;093430;003;    ;0054259;BAR MY LEGACY                                     ;(75)98874-2454 ;010;111;PLN3B26;      65,00;    0,06;22/01/2025;23;(C)Pedidos duplicados         ;   ;emerson.al ;14:35
007051                            ;22/01/2025;    ;093460;003;    ;0018678;POSTO SAO JOSE                                    ;(75)99972-2937 ;020;209;NYM9I27;     114,96;    0,12;22/01/2025;72;PDV FECHADO (HORARIO COM.)    ;   ;jose.al    ;19:22
007051                            ;22/01/2025;    ;093461;003;    ;0018678;POSTO SAO JOSE                                    ;(75)99972-2937 ;020;209;NYM9I27;     939,20;    1,01;22/01/2025;72;PDV FECHADO (HORARIO COM.)    ;   ;jose.al    ;19:23
007051                            ;22/01/2025;    ;093462;003;    ;0050488;MERCEARIA PAES E DOC                              ;(07)59953-9998 ;020;209;NYM9I27;      53,31;    0,08;22/01/2025;65;NAO FEZ PEDIDO                ;   ;jose.al    ;19:22
007051                            ;22/01/2025;    ;093469;003;    ;0050512;MERCADINHO CALDEIROE                              ;(07)59914-9433 ;020;209;NYM9I27;     635,32;    1,05;22/01/2025;70;CLIENTE CANCELOU              ;   ;jose.al    ;19:22
007052                            ;22/01/2025;    ;093478;003;    ;0051340;POINT DOS VAQUEIROS                               ;(75)98132-1962 ;010;106;PJX0435;     303,10;    0,39;22/01/2025;72;PDV FECHADO (HORARIO COM.)    ;   ;emerson.al ;17:44
007052                            ;22/01/2025;    ;093479;003;    ;0051340;POINT DOS VAQUEIROS                               ;(75)98132-1962 ;010;106;PJX0435;     109,16;    0,07;22/01/2025;72;PDV FECHADO (HORARIO COM.)    ;   ;emerson.al ;17:44
007054                            ;22/01/2025;    ;093536;003;    ;0040252;BAR DA LANINHA                                    ;(75)99901-5187 ;020;206;TCW8F39;     231,32;    0,34;23/01/2025;72;PDV FECHADO (HORARIO COM.)    ;   ;tailan.al  ;13:53
007061                            ;22/01/2025;    ;093657;003;    ;0082136;TREILER BURGUER SHOP                              ;(75)98279-0414 ;010;110;JQP3F55;     165,78;    0,14;23/01/2025;72;PDV FECHADO (HORARIO COM.)    ;   ;tailan.al  ;16:17
007061                            ;22/01/2025;    ;093662;003;    ;0055696; LIZ√ÅLVARO                                       ;               ;010;110;JQP3F55;      29,76;    0,04;23/01/2025;65;NAO FEZ PEDIDO                ;   ;tailan.al  ;16:17
007075                            ;23/01/2025;    ;093732;003;    ;0030128;MERCEARIA ECONOMIA D                              ;(07)59979-3503 ;020;202;SJQ7E10;     120,00;    0,36;23/01/2025;23;(C)Pedidos duplicados         ;   ;cesar.al   ;19:37
007075                            ;23/01/2025;    ;093739;003;    ;0030144;MERCADO DOIS AMIGOS                               ;(07)53427-2199 ;020;207;SJQ7E10;       6,67;    0,01;23/01/2025;50;CARGA ERRADA ARMAZEM          ;DER;cesar.al   ;19:39
007075                            ;23/01/2025;    ;093740;003;    ;0030144;MERCADO DOIS AMIGOS                               ;(07)53427-2199 ;020;207;SJQ7E10;       2,72;    0,00;23/01/2025;50;CARGA ERRADA ARMAZEM          ;   ;cesar.al   ;19:39
007075                            ;23/01/2025;    ;093746;003;    ;0030154;FR LANCHES                                        ;(75)99895-8800 ;020;207;SJQ7E10;     104,75;    0,14;23/01/2025;85;DIFICIL ACESSO                ;   ;cesar.al   ;19:38
007076                            ;23/01/2025;    ;093768;003;    ;0050069;MERCADO TRADICAO OUR                              ;(75)99814-3206 ;020;205;SJQ1F85;     321,00;    0,58;23/01/2025;71;SEM DINHEIRO/CHEQUE           ;   ;cesar.al   ;20:01
007076                            ;23/01/2025;    ;093786;003;    ;0050543;MERCEARIA SOUZA                                   ;(75)99885-7025 ;020;205;SJQ1F85;      92,46;    0,12;23/01/2025;82;ENDERECO NAO ENCONTRADO       ;   ;cesar.al   ;19:59
007079                            ;23/01/2025;    ;093849;003;    ;0047053;MERCEARIA DA EVA                                  ;(75)98201-8282 ;010;106;SJQ6F87;     919,16;    0,55;23/01/2025;71;SEM DINHEIRO/CHEQUE           ;   ;cesar.al   ;19:35
007079                            ;23/01/2025;    ;093850;003;    ;0047053;MERCEARIA DA EVA                                  ;(75)98201-8282 ;010;106;SJQ6F87;    1781,16;    2,23;23/01/2025;71;SEM DINHEIRO/CHEQUE           ;   ;cesar.al   ;19:36
007085                            ;23/01/2025;    ;094047;003;    ;0055644;KADU MERCEARIA                                    ;(75)99949-2333 ;010;110;SJQ5E98;     238,88;    0,21;24/01/2025;71;SEM DINHEIRO/CHEQUE           ;   ;emerson.al ;12:01
007085                            ;23/01/2025;    ;094048;003;    ;0055644;KADU MERCEARIA                                    ;(75)99949-2333 ;010;110;SJQ5E98;      34,90;    0,04;24/01/2025;71;SEM DINHEIRO/CHEQUE           ;   ;emerson.al ;12:  
007088                            ;23/01/2025;    ;094103;003;    ;0092499;TURMA DA GELADA                                   ;(71)99936-9085 ;010;108;NYM9I27;     404,60;    0,45;23/01/2025;23;(C)Pedidos duplicados         ;   ;tailan.al  ;17:  
007089                            ;23/01/2025;    ;094122;003;    ;0019234;ENCONTRO DAS AGUAS                                ;(71)99995-5983 ;020;208;PLN3B26;     305,04;    0,70;23/01/2025;72;PDV FECHADO (HORARIO COM.)    ;   ;tailan.al  ;15:38
007089                            ;23/01/2025;    ;094128;003;    ;0060657;MERCADO E PANIFICADO                              ;(07)19932-8255 ;020;201;PLN3B26;     492,71;    1,32;23/01/2025;50;CARGA ERRADA ARMAZEM          ;   ;tailan.al  ;15:39
007091                            ;23/01/2025;    ;094169;003;    ;0050207;MERCADINHO DEUS E  F                              ;(07)58103-9108 ;020;209;RTA6F83;      75,00;    0,12;23/01/2025;34;Pedido Duplicado              ;   ;tailan.al  ;13:43
007092                            ;23/01/2025;    ;094171;003;    ;0035166;ELIOMAR BAR                                       ;(75)98104-0991 ;010;106;PXX2E06;     251,14;    0,84;23/01/2025;72;PDV FECHADO (HORARIO COM.)    ;   ;tailan.al  ;17:38
007094                            ;23/01/2025;    ;094225;003;    ;0028132;DEPOSITO SENA                                     ;(75)99995-2999 ;010;103;PMV0A05;      73,92;    0,01;23/01/2025;72;PDV FECHADO (HORARIO COM.)    ;   ;tailan.al  ;15:41
007094                            ;23/01/2025;    ;094226;003;    ;0028132;DEPOSITO SENA                                     ;(75)99995-2999 ;010;103;PMV0A05;      27,84;    0,04;23/01/2025;72;PDV FECHADO (HORARIO COM.)    ;   ;tailan.al  ;15:40
007094                            ;23/01/2025;    ;094230;003;    ;0047124;UPA DE BEBIDAS                                    ;(75)99128-8433 ;010;103;PMV0A05;     107,40;    0,24;23/01/2025;72;PDV FECHADO (HORARIO COM.)    ;   ;tailan.al  ;15:41
007098                            ;23/01/2025;    ;094295;003;    ;0084436;PRATO DE BARRO 02                                 ;(75) 3423-6500 ;010;111;OUP9E04;     266,80;    0,28;23/01/2025;72;PDV FECHADO (HORARIO COM.)    ;   ;tailan.al  ;15:37
007098                            ;23/01/2025;    ;094304;003;    ;0083134;REST E LANC VITORIA                               ;(75) 8369-2358 ;010;111;OUP9E04;     232,98;    0,27;23/01/2025;71;SEM DINHEIRO/CHEQUE           ;   ;tailan.al  ;15:35
007100                            ;23/01/2025;    ;094324;003;    ;0049765;SABOR D JU                                        ;(75)99286-5795 ;010;107;JOX4424;     184,08;    0,48;23/01/2025;71;SEM DINHEIRO/CHEQUE           ;   ;tailan.al  ;11:52
007101                            ;23/01/2025;    ;094348;003;    ;0051368;BAR DA CONCEICAO                                  ;(75)99705-5639 ;010;110;JOX4424;      53,90;    0,06;23/01/2025;72;PDV FECHADO (HORARIO COM.)    ;   ;tailan.al  ;18:  
007101                            ;23/01/2025;    ;094349;003;    ;0051368;BAR DA CONCEICAO                                  ;(75)99705-5639 ;010;110;JOX4424;      26,76;    0,04;23/01/2025;72;PDV FECHADO (HORARIO COM.)    ;   ;tailan.al  ;17:59
007102                            ;23/01/2025;    ;094356;003;    ;0041310;WILIAM BAR                                        ;(75)98221-5770 ;010;105;PLL7H92;     123,16;    0,07;23/01/2025;72;PDV FECHADO (HORARIO COM.)    ;   ;tailan.al  ;11:34
007114                            ;24/01/2025;    ;094452;003;    ;0030201;PITU DA ELIANA                                    ;(75)99918-7208 ;020;202;SJQ7E10;     513,36;    0,45;25/01/2025;82;ENDERECO NAO ENCONTRADO       ;   ;tailan.al  ;18:34
007122                            ;24/01/2025;    ;094621;003;    ;0054196;TODA HORA                                         ;(75)98296-2282 ;030;305;SJQ3B63;      14,17;    0,00;24/01/2025;42;Produto/Quantidade Errada     ;   ;emerson.al ;17:15
007125                            ;24/01/2025;    ;094743;003;    ;0027466;THRILLER DA LUIZA                                 ;(75)98257-2205 ;010;104;SNT2B69;      73,00;    0,04;24/01/2025;33;Nao Fez Pedido                ;   ;emerson.al ;18:02
007127                            ;24/01/2025;    ;094768;003;    ;0019482;PIZZARIA  PRADO                                   ;(75)98220-8077 ;010;102;SKB4I83;     276,00;    0,66;24/01/2025;42;Produto/Quantidade Errada     ;   ;emerson.al ;15:41
007127                            ;24/01/2025;    ;094779;003;    ;0007794;SORV. LANCH. DO RAIM                              ;(71)99955-9944 ;010;102;SKB4I83;     182,78;    0,20;24/01/2025;72;PDV FECHADO (HORARIO COM.)    ;   ;emerson.al ;15:41
007129                            ;24/01/2025;    ;094819;003;    ;0019118;ABATEDOURO BONFIM                                 ;(75)99829-1264 ;020;204;NYM9I27;      37,38;    0,04;24/01/2025;72;PDV FECHADO (HORARIO COM.)    ;   ;jose.al    ;21:16
007129                            ;24/01/2025;    ;094821;003;    ;0018925;BAR DA ROSE                                       ;(11)98465-2402 ;020;204;NYM9I27;      51,15;    0,06;24/01/2025;71;SEM DINHEIRO/CHEQUE           ;   ;jose.al    ;21:15
007129                            ;24/01/2025;    ;094826;003;    ;0018704;BATISTA PADARIA LANC                              ;(11)98733-1514 ;020;204;NYM9I27;     631,24;    0,74;24/01/2025;71;SEM DINHEIRO/CHEQUE           ;   ;jose.al    ;21:16
007131                            ;24/01/2025;    ;094874;003;    ;0050270;RECANTO DA SERRA                                  ;(07)59862-1543 ;020;204;PJX0435;     129,90;    0,14;24/01/2025;71;SEM DINHEIRO/CHEQUE           ;   ;emerson.al ;17:13
007134                            ;24/01/2025;    ;094931;003;    ;0036237;MERCEARIA NEIDE                                   ;(75)98293-5881 ;010;106;PXX2E06;     708,00;    0,84;24/01/2025;72;PDV FECHADO (HORARIO COM.)    ;   ;emerson.al ;16:26
007139                            ;24/01/2025;    ;095014;003;    ;0035518;CASA FARIAS                                       ;(75)98213-8101 ;010;107;PLL7H92;     161,70;    0,20;24/01/2025;72;PDV FECHADO (HORARIO COM.)    ;   ;emerson.al ;14:28
007156                            ;25/01/2025;    ;095107;003;    ;0050599;CASA MIX DISTRIBUIDO                              ;(07)59880-0256 ;030;304;SJQ1F85;      90,00;    0,04;25/01/2025;72;PDV FECHADO (HORARIO COM.)    ;   ;cesar.al   ;20:07
007156                            ;25/01/2025;    ;095111;003;    ;0050168;DEPOSITO DA CERVEJA                               ;(07)53434-2445 ;030;304;SJQ1F85;       4,17;    0,00;25/01/2025;87;TEMPO INSUFICIENTE            ;DER;cesar.al   ;20:09
007156                            ;25/01/2025;    ;095116;003;    ;0050213;TREILLER LANCHES BRA                              ;(75)75441-2277 ;020;204;SJQ1F85;     372,18;    0,49;25/01/2025;72;PDV FECHADO (HORARIO COM.)    ;   ;cesar.al   ;20:06
007156                            ;25/01/2025;    ;095119;003;    ;0050686;DISTRIBUIDORA DO RIC                              ;(07)59829-7399 ;030;304;SJQ1F85;       2,67;    0,00;25/01/2025;87;TEMPO INSUFICIENTE            ;DER;cesar.al   ;20:08
007157                            ;25/01/2025;    ;095126;003;    ;0040349;Bar  da leda                                      ;(07)59816-6506 ;020;203;SJQ5B35;      81,83;    0,13;25/01/2025;72;PDV FECHADO (HORARIO COM.)    ;   ;tailan.al  ;14:17
007158                            ;25/01/2025;    ;095156;003;    ;0082833;BAR DA RITA                                       ;(71)99738-0569 ;010;109;SJQ2B65;     616,20;    0,74;25/01/2025;50;CARGA ERRADA ARMAZEM          ;   ;tailan.al  ;15:31
007161                            ;25/01/2025;    ;095244;003;    ;0084685;CASA DA ZILMA                                     ;(71) 9607-2785 ;010;108;SJQ0C73;     455,10;    0,68;25/01/2025;71;SEM DINHEIRO/CHEQUE           ;   ;tailan.al  ;15:03
007163                            ;25/01/2025;    ;095309;003;    ;0084123;MERC LL SANTOS                                    ;(75)99896-8424 ;010;111;SJQ0A82;     133,86;    0,45;25/01/2025;70;CLIENTE CANCELOU              ;   ;tailan.al  ;16:15
007166                            ;25/01/2025;    ;095376;003;    ;0049680;DISTRIBUIDORA ARCANJ                              ;               ;010;101;TCW8F39;      12,88;    0,06;25/01/2025;82;ENDERECO NAO ENCONTRADO       ;   ;tailan.al  ;13:55
007167                            ;25/01/2025;    ;095399;003;    ;0089529;UNIVERSO DE BEBIDAS                               ;(71) 3645-2381 ;010;108;TCW8F43;      91,62;    0,13;25/01/2025;82;ENDERECO NAO ENCONTRADO       ;   ;tailan.al  ;16:11
007167                            ;25/01/2025;    ;095400;003;    ;0089529;UNIVERSO DE BEBIDAS                               ;(71) 3645-2381 ;010;108;TCW8F43;     127,67;    0,26;25/01/2025;82;ENDERECO NAO ENCONTRADO       ;   ;tailan.al  ;16:12
007168                            ;25/01/2025;    ;095412;003;    ;0050762;ROTA45                                            ;(75)99884-4989 ;010;110;JQP3F55;      55,00;    0,06;25/01/2025;72;PDV FECHADO (HORARIO COM.)    ;   ;tailan.al  ;15:18
007168                            ;25/01/2025;    ;095428;003;    ;0027112;MERCADINHO JD KELLY                               ;(75)99985-4761 ;010;110;JQP3F55;     111,06;    0,12;25/01/2025;71;SEM DINHEIRO/CHEQUE           ;   ;tailan.al  ;15:18
007183                            ;27/01/2025;    ;095569;003;    ;0050018;MERCADINHO AQUI TEM                               ;(07)59968-7978 ;030;304;SJQ5B35;    1147,35;    1,94;27/01/2025;71;SEM DINHEIRO/CHEQUE           ;   ;emerson.al ;14:27
007183                            ;27/01/2025;    ;095570;003;    ;0050018;MERCADINHO AQUI TEM                               ;(07)59968-7978 ;030;304;SJQ5B35;    2049,26;    3,25;27/01/2025;71;SEM DINHEIRO/CHEQUE           ;   ;emerson.al ;14:28
007183                            ;27/01/2025;    ;095571;003;    ;0050018;MERCADINHO AQUI TEM                               ;(07)59968-7978 ;030;304;SJQ5B35;     184,32;    0,48;27/01/2025;71;SEM DINHEIRO/CHEQUE           ;   ;emerson.al ;14:28
007183                            ;27/01/2025;    ;095572;003;    ;0050018;MERCADINHO AQUI TEM                               ;(07)59968-7978 ;030;304;SJQ5B35;     285,92;    0,20;27/01/2025;71;SEM DINHEIRO/CHEQUE           ;   ;emerson.al ;14:29
007183                            ;27/01/2025;    ;095573;003;    ;0050018;MERCADINHO AQUI TEM                               ;(07)59968-7978 ;030;304;SJQ5B35;      33,62;    0,04;27/01/2025;71;SEM DINHEIRO/CHEQUE           ;   ;emerson.al ;14:29
007189                            ;27/01/2025;    ;095709;003;    ;0046148;ESPETO e PROSA CONVE                              ;(75)99279-0443 ;010;111;SJQ3B63;     744,74;    0,57;27/01/2025;72;PDV FECHADO (HORARIO COM.)    ;   ;emerson.al ;15:50
007190                            ;27/01/2025;    ;095740;003;    ;0019154;LAVA JATO NO GRAU                                 ;(71)99688-4220 ;020;201;SJQ5E98;      97,98;    0,20;28/01/2025;71;SEM DINHEIRO/CHEQUE           ;   ;cesar.al   ;22:30
007190                            ;27/01/2025;    ;095755;003;    ;0019598;ESQUEMA POINT                                     ;(75)99800-4048 ;020;206;SJQ5E98;     108,30;    0,12;28/01/2025;71;SEM DINHEIRO/CHEQUE           ;   ;cesar.al   ;22:26
007195                            ;27/01/2025;    ;095821;003;    ;0027454;VAL DRINKS                                        ;(75)99873-3383 ;010;110;SKJ7D60;     161,70;    0,20;27/01/2025;72;PDV FECHADO (HORARIO COM.)    ;   ;emerson.al ;14:49
007195                            ;27/01/2025;    ;095822;003;    ;0027454;VAL DRINKS                                        ;(75)99873-3383 ;010;110;SKJ7D60;      15,80;    0,00;27/01/2025;72;PDV FECHADO (HORARIO COM.)    ;   ;emerson.al ;14:48
007197                            ;27/01/2025;    ;095845;003;    ;0047332;PONT DA PRETA                                     ;(75)99982-2103 ;010;103;PLL7H92;     151,84;    0,25;27/01/2025;72;PDV FECHADO (HORARIO COM.)    ;   ;emerson.al ;11:16
007197                            ;27/01/2025;    ;095846;003;    ;0047332;PONT DA PRETA                                     ;(75)99982-2103 ;010;103;PLL7H92;     109,16;    0,07;27/01/2025;72;PDV FECHADO (HORARIO COM.)    ;   ;emerson.al ;11:16
007213                            ;28/01/2025;    ;095887;003;    ;0018851;DEPOSITO HEDIA                                    ;(71)99972-7780 ;020;201;SJQ5E98;     894,38;    0,94;29/01/2025;82;ENDERECO NAO ENCONTRADO       ;   ;jose.al    ;22:33
007213                            ;28/01/2025;    ;095888;003;    ;0018851;DEPOSITO HEDIA                                    ;(71)99972-7780 ;020;201;SJQ5E98;      12,88;    0,06;29/01/2025;82;ENDERECO NAO ENCONTRADO       ;   ;jose.al    ;22:34
007213                            ;28/01/2025;    ;095889;003;    ;0018851;DEPOSITO HEDIA                                    ;(71)99972-7780 ;020;201;SJQ5E98;      64,40;    0,30;29/01/2025;82;ENDERECO NAO ENCONTRADO       ;DER;jose.al    ;22:34
007213                            ;28/01/2025;    ;095905;003;    ;0060498;MERCEARIA BEIRA RIO                               ;(71)99657-4884 ;020;208;SJQ5E98;      36,48;    0,12;29/01/2025;82;ENDERECO NAO ENCONTRADO       ;   ;jose.al    ;22:34
007216                            ;28/01/2025;    ;096005;003;    ;0030054;DEPOSITO RATO                                     ;(75)99978-6985 ;020;202;QKX6909;     198,36;    0,15;29/01/2025;64;SEM VASILHAME                 ;   ;tailan.al  ;18:52
007222                            ;28/01/2025;    ;096147;003;    ;0052463;DISTRIBUIDORA DE BEB                              ;               ;010;106;SJQ6F87;     482,76;    0,74;28/01/2025;71;SEM DINHEIRO/CHEQUE           ;   ;emerson.al ;17:19
007223                            ;28/01/2025;    ;096199;003;    ;0019294;CASA DO FRANGO                                    ;(75)99201-6774 ;010;111;SJQ3B12;     539,00;    0,69;28/01/2025;72;PDV FECHADO (HORARIO COM.)    ;   ;emerson.al ;17:41
007226                            ;28/01/2025;    ;096250;003;    ;0050602;ACOUGUE DO JOELSON                                ;(07)59852-9214 ;020;204;SKB4I83;      81,34;    0,14;28/01/2025;72;PDV FECHADO (HORARIO COM.)    ;   ;emerson.al ;17:28
007228                            ;28/01/2025;    ;096305;003;    ;0036372;BARHAMAS BAR                                      ;(75)99950-3833 ;010;110;JSM4818;      31,60;    0,01;28/01/2025;63;PRODUTO / QTDE. ERRADA        ;   ;emerson.al ;14:22
007230                            ;28/01/2025;    ;096348;003;    ;0040006;FANZINHA                                          ;(07)59997-3050 ;020;203;TCW8F39;     162,18;    0,18;28/01/2025;71;SEM DINHEIRO/CHEQUE           ;   ;emerson.al ;15:27
007232                            ;28/01/2025;    ;096398;003;    ;0033901;OTAVARIO BARBOSA                                  ;(75)98352-6644 ;010;106;PXX2E06;     287,80;    0,36;28/01/2025;71;SEM DINHEIRO/CHEQUE           ;   ;emerson.al ;17:12
007235                            ;28/01/2025;    ;096446;003;    ;0035521;ESPACO D DINHA                                    ;(71)99912-1029 ;010;101;SKJ9C75;     137,24;    0,07;28/01/2025;72;PDV FECHADO (HORARIO COM.)    ;   ;emerson.al ;14:36
007235                            ;28/01/2025;    ;096459;003;    ;0051066;MC bebidas                                        ;(71)99702-8340 ;010;101;SKJ9C75;     269,50;    0,34;28/01/2025;72;PDV FECHADO (HORARIO COM.)    ;   ;emerson.al ;14:36
007236                            ;28/01/2025;    ;096461;003;    ;0083582;BAR DO GILO                                       ;(75)98116-4200 ;010;105;JQP3F55;     151,84;    0,25;28/01/2025;72;PDV FECHADO (HORARIO COM.)    ;   ;emerson.al ;15:49
007236                            ;28/01/2025;    ;096466;003;    ;0044691;REST TETE                                         ;(75)99969-8473 ;010;105;JQP3F55;      12,88;    0,06;28/01/2025;33;Nao Fez Pedido                ;   ;emerson.al ;15:49
007236                            ;28/01/2025;    ;096484;003;    ;0027431;BAR DO CACAU                                      ;(75)98806-7006 ;010;111;JQP3F55;      66,45;    0,12;28/01/2025;72;PDV FECHADO (HORARIO COM.)    ;   ;emerson.al ;15:49
007248                            ;29/01/2025;    ;096545;003;    ;0050089;BAR DA GALEGA                                     ;(75)99986-7477 ;020;205;SJQ1F85;     880,90;    1,29;29/01/2025;64;SEM VASILHAME                 ;   ;cesar.al   ;21:19
007251                            ;29/01/2025;    ;096617;003;    ;0030338;RESTAURANTE SHEKINAH                              ;(75)99897-5144 ;020;202;SJQ7E10;     876,38;    0,76;29/01/2025;72;PDV FECHADO (HORARIO COM.)    ;   ;cesar.al   ;20:27
007251                            ;29/01/2025;    ;096622;003;    ;0030134;Mercearia Popular                                 ;(07)59999-9999 ;020;202;SJQ7E10;    1039,82;    1,34;29/01/2025;50;CARGA ERRADA ARMAZEM          ;   ;cesar.al   ;20:27
007254                            ;29/01/2025;    ;096672;003;    ;0018470;JM DISTRIBUIDORA                                  ;(75)98115-6211 ;010;106;SJQ2B65;    9870,00;   12,60;07/02/2025;70;CLIENTE CANCELOU              ;   ;jose.al    ;15:09
007254                            ;29/01/2025;    ;096673;003;    ;0018470;JM DISTRIBUIDORA                                  ;(75)98115-6211 ;010;106;SJQ2B65;   10170,00;   12,60;07/02/2025;70;CLIENTE CANCELOU              ;   ;jose.al    ;15:09
007254                            ;29/01/2025;    ;096674;003;    ;0018470;JM DISTRIBUIDORA                                  ;(75)98115-6211 ;010;106;SJQ2B65;    9870,00;   12,60;07/02/2025;70;CLIENTE CANCELOU              ;   ;jose.al    ;15:10
007254                            ;29/01/2025;    ;096675;003;    ;0018470;JM DISTRIBUIDORA                                  ;(75)98115-6211 ;010;106;SJQ2B65;    2076,00;    2,76;07/02/2025;70;CLIENTE CANCELOU              ;   ;jose.al    ;15:10
007254                            ;29/01/2025;    ;096676;003;    ;0018470;JM DISTRIBUIDORA                                  ;(75)98115-6211 ;010;106;SJQ2B65;    3114,00;    4,14;07/02/2025;70;CLIENTE CANCELOU              ;   ;jose.al    ;15:10
007254                            ;29/01/2025;    ;096680;003;    ;0044725;CASA TERIZINHA                                    ;(75)98360-3950 ;010;106;SJQ2B65;    1204,98;    2,04;07/02/2025;72;PDV FECHADO (HORARIO COM.)    ;   ;jose.al    ;15:10
007254                            ;29/01/2025;    ;096681;003;    ;0041247;PANELA DE BARRO                                   ;(75)98232-4859 ;010;106;SJQ2B65;     370,60;    0,47;07/02/2025;72;PDV FECHADO (HORARIO COM.)    ;   ;jose.al    ;15:11
007254                            ;29/01/2025;    ;096682;003;    ;0041247;PANELA DE BARRO                                   ;(75)98232-4859 ;010;106;SJQ2B65;     143,60;    0,16;07/02/2025;72;PDV FECHADO (HORARIO COM.)    ;   ;jose.al    ;15:11
007255                            ;29/01/2025;    ;096711;003;    ;0050704;ADEGA DO RODRIGO                                  ;(07)59931-0045 ;030;304;SJQ5B35;      30,00;    0,06;29/01/2025;23;(C)Pedidos duplicados         ;   ;tailan.al  ;15:49
007255                            ;29/01/2025;    ;096713;003;    ;0050704;ADEGA DO RODRIGO                                  ;(07)59931-0045 ;030;304;SJQ5B35;      30,00;    0,06;29/01/2025;23;(C)Pedidos duplicados         ;   ;tailan.al  ;15:49
007257                            ;29/01/2025;    ;096758;003;    ;0054744;BAR DE MARESIA                                    ;(75)98189-5145 ;010;104;SJQ0A82;     244,36;    0,30;29/01/2025;72;PDV FECHADO (HORARIO COM.)    ;   ;tailan.al  ;18:53
007257                            ;29/01/2025;    ;096789;003;    ;0027466;THRILLER DA LUIZA                                 ;(75)98257-2205 ;010;104;SJQ0A82;     396,97;    0,76;29/01/2025;64;SEM VASILHAME                 ;   ;tailan.al  ;18:53
007257                            ;29/01/2025;    ;096790;003;    ;0027466;THRILLER DA LUIZA                                 ;(75)98257-2205 ;010;104;SJQ0A82;      12,58;    0,00;29/01/2025;64;SEM VASILHAME                 ;DER;tailan.al  ;18:54
007258                            ;29/01/2025;    ;096793;003;    ;0019474;BAR DO PEDRO                                      ;(71)98103-6919 ;010;106;SJQ6F87;     468,02;    0,62;29/01/2025;71;SEM DINHEIRO/CHEQUE           ;   ;tailan.al  ;18:  
007258                            ;29/01/2025;    ;096795;003;    ;0082733;BRILHO DO SOL                                     ;(75)98249-5639 ;010;106;SJQ6F87;     388,22;    0,31;29/01/2025;65;NAO FEZ PEDIDO                ;   ;tailan.al  ;18:01
007258                            ;29/01/2025;    ;096796;003;    ;0082733;BRILHO DO SOL                                     ;(75)98249-5639 ;010;106;SJQ6F87;    2695,00;    3,45;29/01/2025;65;NAO FEZ PEDIDO                ;   ;tailan.al  ;18:01
007260                            ;29/01/2025;    ;096887;003;    ;0019614;MERCADO SILVA BARRA                               ;(75)99947-0899 ;020;202;SJQ3B12;    1214,32;    2,64;29/01/2025;82;ENDERECO NAO ENCONTRADO       ;   ;cesar.al   ;20:41
007263                            ;29/01/2025;    ;096922;003;    ;0082955;BAR LANC BONS AMIGOS                              ;(71) 9829-3023 ;010;101;SKB4I83;     319,14;    0,42;29/01/2025;71;SEM DINHEIRO/CHEQUE           ;   ;tailan.al  ;15:51
007266                            ;29/01/2025;    ;096970;003;    ;0035200;BAR CASA VELHA                                    ;(75)98171-6715 ;010;102;PJX0435;     260,00;    0,14;29/01/2025;42;Produto/Quantidade Errada     ;   ;tailan.al  ;15:43
007269                            ;29/01/2025;    ;097029;003;    ;0018875;DELIVERY DO MR                                    ;(75)98177-3778 ;010;106;TCW8F39;      65,00;    0,12;29/01/2025;70;CLIENTE CANCELOU              ;   ;tailan.al  ;16:20
007271                            ;29/01/2025;    ;097086;003;    ;0040504;DEPOSITO DE DU                                    ;(71)99948-8276 ;010;108;SKJ9C75;       2,61;    0,00;29/01/2025;65;NAO FEZ PEDIDO                ;   ;tailan.al  ;17:45
007272                            ;29/01/2025;    ;097104;003;    ;0019081;BOTECO DA MARY                                    ;(71)99710-2511 ;010;101;SKJ7D60;     234,00;    0,27;29/01/2025;72;PDV FECHADO (HORARIO COM.)    ;   ;tailan.al  ;16:36
007274                            ;29/01/2025;    ;097137;003;    ;0038598;DISTRIBUIDORA JS                                  ;(75)98112-5276 ;010;111;PLL7H92;      45,00;    0,02;29/01/2025;72;PDV FECHADO (HORARIO COM.)    ;   ;tailan.al  ;14:13
007274                            ;29/01/2025;    ;097138;003;    ;0038598;DISTRIBUIDORA JS                                  ;(75)98112-5276 ;010;111;PLL7H92;      45,00;    0,02;29/01/2025;72;PDV FECHADO (HORARIO COM.)    ;   ;tailan.al  ;14:13
007274                            ;29/01/2025;    ;097139;003;    ;0084338;MERC FERREIRA                                     ;(75)98843-8414 ;010;111;PLL7H92;     439,20;    0,31;29/01/2025;43;Forma de Pagamento            ;   ;tailan.al  ;14:12
007276                            ;29/01/2025;    ;097154;003;    ;0033500;MERCADINHO  LAIANE                                ;(75)98299-8715 ;010;105;JQP3F55;     275,36;    0,41;29/01/2025;72;PDV FECHADO (HORARIO COM.)    ;   ;tailan.al  ;13:43
007277                            ;29/01/2025;    ;097177;003;    ;0084130;BAR DO LULA                                       ;(80) 9774-4262 ;010;105;JQP3F55;     425,00;    0,60;29/01/2025;63;PRODUTO / QTDE. ERRADA        ;   ;tailan.al  ;18:45
007298                            ;30/01/2025;    ;097268;003;    ;0050301;MERCEARIA LS                                      ;(75)99176-6754 ;020;205;SJQ3B12;     484,06;    0,80;30/01/2025;82;ENDERECO NAO ENCONTRADO       ;   ;jose.al    ;19:56
007298                            ;30/01/2025;    ;097269;003;    ;0050301;MERCEARIA LS                                      ;(75)99176-6754 ;020;205;SJQ3B12;      49,92;    0,08;30/01/2025;82;ENDERECO NAO ENCONTRADO       ;   ;jose.al    ;19:56
007298                            ;30/01/2025;    ;097270;003;    ;0050301;MERCEARIA LS                                      ;(75)99176-6754 ;020;205;SJQ3B12;       5,63;    0,00;30/01/2025;82;ENDERECO NAO ENCONTRADO       ;   ;jose.al    ;19:56
007298                            ;30/01/2025;    ;097271;003;    ;0050294;MERCEARIA LAGOA SECA                              ;(75)99288-7339 ;020;205;SJQ3B12;     283,14;    1,00;30/01/2025;82;ENDERECO NAO ENCONTRADO       ;   ;jose.al    ;19:54
007298                            ;30/01/2025;    ;097287;003;    ;0050331;POINT ALIANCA                                     ;(07)59821-4990 ;020;205;SJQ3B12;     911,80;    1,48;30/01/2025;82;ENDERECO NAO ENCONTRADO       ;   ;jose.al    ;19:55
007300                            ;30/01/2025;    ;097305;003;    ;0060728;QUIOSQUE IRACEMA                                  ;(71)99986-7641 ;020;201;SJQ5E98;     195,34;    0,32;03/02/2025;72;PDV FECHADO (HORARIO COM.)    ;   ;cesar.al   ;22:31
007300                            ;30/01/2025;    ;097306;003;    ;0060728;QUIOSQUE IRACEMA                                  ;(71)99986-7641 ;020;201;SJQ5E98;      15,80;    0,00;03/02/2025;72;PDV FECHADO (HORARIO COM.)    ;   ;cesar.al   ;22:19
007300                            ;30/01/2025;    ;097307;003;    ;0019387;DEPOSITO E CONVENI N                              ;(71)99962-4123 ;020;201;SJQ5E98;     516,82;    0,83;03/02/2025;71;SEM DINHEIRO/CHEQUE           ;   ;cesar.al   ;22:16
007300                            ;30/01/2025;    ;097311;003;    ;0060497;BAR DO CIDOFE                                     ;(71)99925-4041 ;020;201;SJQ5E98;      87,24;    0,24;03/02/2025;71;SEM DINHEIRO/CHEQUE           ;   ;cesar.al   ;22:16
007300                            ;30/01/2025;    ;097312;003;    ;0060657;MERCADO E PANIFICADO                              ;(07)19932-8255 ;020;201;SJQ5E98;     612,20;    1,36;03/02/2025;71;SEM DINHEIRO/CHEQUE           ;   ;cesar.al   ;22:15
007300                            ;30/01/2025;    ;097313;003;    ;0060918;DEPOSITO DE BEBIDAS                               ;(71)19659-8911 ;020;201;SJQ5E98;      26,69;    0,12;03/02/2025;72;PDV FECHADO (HORARIO COM.)    ;   ;cesar.al   ;22:18
007300                            ;30/01/2025;    ;097314;003;    ;0018845;DEPOSITO PESTANA                                  ;(71)99650-0435 ;020;208;SJQ5E98;     313,00;    0,40;03/02/2025;72;PDV FECHADO (HORARIO COM.)    ;   ;cesar.al   ;22:32
007300                            ;30/01/2025;    ;097315;003;    ;0018845;DEPOSITO PESTANA                                  ;(71)99650-0435 ;020;208;SJQ5E98;       8,66;    0,00;03/02/2025;72;PDV FECHADO (HORARIO COM.)    ;   ;cesar.al   ;22:32
007300                            ;30/01/2025;    ;097316;003;    ;0018429;PARADA OBRIGATORIA                                ;(71)99999-8341 ;020;201;SJQ5E98;     153,20;    0,19;03/02/2025;71;SEM DINHEIRO/CHEQUE           ;   ;cesar.al   ;22:18
007300                            ;30/01/2025;    ;097331;003;    ;0018871;ANA DRINKS                                        ;(71)99992-8732 ;020;208;SJQ5E98;     743,92;    0,84;03/02/2025;71;SEM DINHEIRO/CHEQUE           ;   ;cesar.al   ;22:17
007302                            ;30/01/2025;    ;097369;003;    ;0030062;BAR RECANTO DO MAR                                ;(75)99944-7336 ;020;207;SJQ7E10;     140,04;    0,36;30/01/2025;71;SEM DINHEIRO/CHEQUE           ;   ;emerson.al ;15:28
007306                            ;30/01/2025;    ;097480;003;    ;0023138;MERC. DOIS IRMaOS                                 ;(75)98804-2965 ;030;305;SJQ3B63;       7,50;    0,01;30/01/2025;64;SEM VASILHAME                 ;   ;emerson.al ;18:27
007311                            ;30/01/2025;    ;097659;003;    ;0050284;MERC. SANTO ANTONIO                               ;(07)59852-5386 ;020;209;SKB4I83;       4,75;    0,00;30/01/2025;46;Endereco Nao Encontrado       ;   ;emerson.al ;18:22
007312                            ;30/01/2025;    ;097676;003;    ;0082773;BAR TIRADENTES                                    ;(75)98235-4800 ;010;102;OJQ3J81;     185,72;    0,20;30/01/2025;63;PRODUTO / QTDE. ERRADA        ;   ;jose.al    ;19:57
007313                            ;30/01/2025;    ;097696;003;    ;0040261;BAR 2 IRMAOS                                      ;(71)99657-1487 ;020;206;JSM4818;     197,20;    0,22;30/01/2025;71;SEM DINHEIRO/CHEQUE           ;   ;emerson.al ;16:12
007313                            ;30/01/2025;    ;097697;003;    ;0040248;BAR MBV                                           ;(75)99947-7172 ;020;206;JSM4818;     491,06;    0,72;30/01/2025;71;SEM DINHEIRO/CHEQUE           ;   ;emerson.al ;16:11
007313                            ;30/01/2025;    ;097701;003;    ;0018627;BAR DA LANE                                       ;(75)99706-1837 ;020;206;JSM4818;     497,70;    0,60;30/01/2025;71;SEM DINHEIRO/CHEQUE           ;   ;emerson.al ;16:12
007313                            ;30/01/2025;    ;097707;003;    ;0018631;BAR DA NEIDE                                      ;(71)98891-8082 ;020;206;JSM4818;     191,52;    0,72;30/01/2025;71;SEM DINHEIRO/CHEQUE           ;   ;emerson.al ;16:11
007313                            ;30/01/2025;    ;097708;003;    ;0018632;BAR DO ABAFADINHO                                 ;(75)99871-6723 ;020;206;JSM4818;     196,08;    0,28;30/01/2025;71;SEM DINHEIRO/CHEQUE           ;   ;emerson.al ;16:11
007313                            ;30/01/2025;    ;097709;003;    ;0040298;Bar tangerina                                     ;(07)59928-6466 ;020;206;JSM4818;     145,28;    0,24;30/01/2025;71;SEM DINHEIRO/CHEQUE           ;   ;emerson.al ;16:12
007315                            ;30/01/2025;    ;097762;003;    ;0018402;MERCADINHO COMPRE BE                              ;(71)98395-6483 ;010;106;PJX0435;     259,50;    0,34;30/01/2025;72;PDV FECHADO (HORARIO COM.)    ;   ;emerson.al ;16:46
007315                            ;30/01/2025;    ;097767;003;    ;0034480;CARLOS LUIZ                                       ;(75)98137-2410 ;010;106;PJX0435;     269,50;    0,34;30/01/2025;65;NAO FEZ PEDIDO                ;   ;emerson.al ;16:46
007318                            ;30/01/2025;    ;097816;003;    ;0050618;CANTINHO DOS AMIGOS                               ;(07)59941-4852 ;020;204;TCW8F39;      95,74;    0,12;30/01/2025;42;Produto/Quantidade Errada     ;   ;emerson.al ;16:36
007318                            ;30/01/2025;    ;097826;003;    ;0018753;BAR DO TOTY                                       ;(75)99969-9923 ;010;104;TCW8F39;     180,50;    0,21;30/01/2025;71;SEM DINHEIRO/CHEQUE           ;   ;emerson.al ;16:36
007318                            ;30/01/2025;    ;097827;003;    ;0053059;OUTBAR BISTRO                                     ;(71)98114-5866 ;010;104;TCW8F39;       5,00;    0,00;30/01/2025;70;CLIENTE CANCELOU              ;   ;emerson.al ;16:35
007322                            ;30/01/2025;    ;097897;003;    ;0038646;FLOR COMIDA CASEIRA                               ;(75)99673-5977 ;010;108;SKJ7D60;     183,12;    0,42;30/01/2025;72;PDV FECHADO (HORARIO COM.)    ;   ;jose.al    ;19:58
007322                            ;30/01/2025;    ;097898;003;    ;0038646;FLOR COMIDA CASEIRA                               ;(75)99673-5977 ;010;108;SKJ7D60;      44,94;    0,01;30/01/2025;72;PDV FECHADO (HORARIO COM.)    ;   ;jose.al    ;19:58
007324                            ;30/01/2025;    ;097930;003;    ;0019556;DEP”SITO  CANA BRAVA                              ;(75)99998-9258 ;010;105;PLL7H92;     454,38;    0,19;30/01/2025;71;SEM DINHEIRO/CHEQUE           ;   ;emerson.al ;14:50
007324                            ;30/01/2025;    ;097941;003;    ;0044838;TK MERCADINHO                                     ;(75)99821-3723 ;010;105;PLL7H92;     181,08;    0,06;30/01/2025;72;PDV FECHADO (HORARIO COM.)    ;   ;emerson.al ;14:51
007342                            ;31/01/2025;    ;098030;003;    ;0050383;MERC CASARAO PUBA                                 ;(75)99937-1619 ;020;205;SJQ1F85;    1134,34;    1,55;31/01/2025;87;TEMPO INSUFICIENTE            ;   ;cesar.al   ;19:24
007342                            ;31/01/2025;    ;098031;003;    ;0050511;MERCADINHO JS                                     ;(75)99878-4075 ;020;205;SJQ1F85;    1182,10;    1,61;31/01/2025;87;TEMPO INSUFICIENTE            ;   ;cesar.al   ;19:23
007342                            ;31/01/2025;    ;098032;003;    ;0050511;MERCADINHO JS                                     ;(75)99878-4075 ;020;205;SJQ1F85;      34,90;    0,04;31/01/2025;87;TEMPO INSUFICIENTE            ;   ;cesar.al   ;19:23
007342                            ;31/01/2025;    ;098033;003;    ;0050079;ARENA ESPORTIVA                                   ;(75)99895-2532 ;020;205;SJQ1F85;     854,40;    1,05;31/01/2025;87;TEMPO INSUFICIENTE            ;   ;cesar.al   ;19:26
007342                            ;31/01/2025;    ;098034;003;    ;0050079;ARENA ESPORTIVA                                   ;(75)99895-2532 ;020;205;SJQ1F85;     660,38;    0,80;31/01/2025;87;TEMPO INSUFICIENTE            ;   ;cesar.al   ;19:25
007342                            ;31/01/2025;    ;098035;003;    ;0050079;ARENA ESPORTIVA                                   ;(75)99895-2532 ;020;205;SJQ1F85;     592,90;    0,75;31/01/2025;87;TEMPO INSUFICIENTE            ;   ;cesar.al   ;19:24
007346                            ;31/01/2025;    ;098117;003;    ;0019067;BAR DO JERRE                                      ;(75)99849-1344 ;020;209;QMA4J49;      92,00;    0,19;31/01/2025;50;CARGA ERRADA ARMAZEM          ;   ;tailan.al  ;15:32
007348                            ;31/01/2025;    ;098148;003;    ;0018784;BAR DO RENI                                       ;(22)99611-5043 ;010;111;SJQ0A82;       8,64;    0,02;31/01/2025;87;TEMPO INSUFICIENTE            ;   ;cesar.al   ;19:15
007348                            ;31/01/2025;    ;098159;003;    ;0060837;QUINTAL DA LEIDE                                  ;(75) 8611-5954 ;020;201;SJQ0A82;     886,96;    1,21;31/01/2025;71;SEM DINHEIRO/CHEQUE           ;   ;cesar.al   ;19:15
007350                            ;31/01/2025;    ;098252;003;    ;0084465;BAR DO AUGOSTINHO                                 ;(71)99914-5503 ;010;101;SJQ3B12;    1034,60;    1,29;31/01/2025;72;PDV FECHADO (HORARIO COM.)    ;   ;cesar.al   ;19:35
007352                            ;31/01/2025;    ;098325;003;    ;0050843;DEPOSITO LS                                       ;(71)99637-1654 ;010;109;SJQ3B63;     155,70;    0,20;31/01/2025;71;SEM DINHEIRO/CHEQUE           ;   ;tailan.al  ;18:24
007352                            ;31/01/2025;    ;098326;003;    ;0050843;DEPOSITO LS                                       ;(71)99637-1654 ;010;109;SJQ3B63;     323,40;    0,41;31/01/2025;71;SEM DINHEIRO/CHEQUE           ;   ;tailan.al  ;18:24
007352                            ;31/01/2025;    ;098327;003;    ;0050843;DEPOSITO LS                                       ;(71)99637-1654 ;010;109;SJQ3B63;     107,80;    0,13;31/01/2025;71;SEM DINHEIRO/CHEQUE           ;   ;tailan.al  ;18:25
007354                            ;31/01/2025;    ;098363;003;    ;0018834;LOIRAGELADABEBIDAS                                ;(75)99239-1671 ;020;208;PLN3B26;     189,03;    0,06;31/01/2025;63;PRODUTO / QTDE. ERRADA        ;   ;tailan.al  ;14:20
007354                            ;31/01/2025;    ;098366;003;    ;0060353;DEPOSITO DO CARLOS                                ;(07)53433-1131 ;020;208;PLN3B26;     171,00;    0,12;31/01/2025;23;(C)Pedidos duplicados         ;   ;tailan.al  ;14:19
007354                            ;31/01/2025;    ;098367;003;    ;0060353;DEPOSITO DO CARLOS                                ;(07)53433-1131 ;020;208;PLN3B26;     171,00;    0,12;31/01/2025;23;(C)Pedidos duplicados         ;   ;tailan.al  ;14:19
007354                            ;31/01/2025;    ;098368;003;    ;0019375;BAR E REST DA MORENA                              ;(71)99734-5753 ;020;205;PLN3B26;     102,54;    0,18;31/01/2025;82;ENDERECO NAO ENCONTRADO       ;   ;tailan.al  ;14:20
007356                            ;31/01/2025;    ;098420;003;    ;0034989;MERCEARIA DO ELIZEU                               ;(75) 3423-5236 ;010;102;JSM4818;     359,00;    0,42;31/01/2025;72;PDV FECHADO (HORARIO COM.)    ;   ;cesar.al   ;19:38
007360                            ;31/01/2025;    ;098498;003;    ;0082385;BAR DO TITO                                       ;(71)99920-4625 ;010;108;TIU4J96;     101,48;    0,18;31/01/2025;72;PDV FECHADO (HORARIO COM.)    ;   ;tailan.al  ;15:17
007361                            ;31/01/2025;    ;098525;003;    ;0019504;BAR SWING TROPICAL                                ;(75)99921-3580 ;020;209;PXX2E06;     108,30;    0,12;31/01/2025;82;ENDERECO NAO ENCONTRADO       ;   ;tailan.al  ;18:34
007362                            ;31/01/2025;    ;098533;003;    ;0040250;MERCADINHO FERNADES                               ;(75)99245-4998 ;020;203;OUP9E04;     180,74;    0,40;31/01/2025;71;SEM DINHEIRO/CHEQUE           ;   ;tailan.al  ;17:31
007366                            ;31/01/2025;    ;098586;003;    ;0083216;DINALVA BAR                                       ;(75)99874-0393 ;010;103;PLL7H92;     165,53;    0,25;31/01/2025;72;PDV FECHADO (HORARIO COM.)    ;   ;tailan.al  ;17:09
007369                            ;31/01/2025;    ;098624;003;    ;0028588;CLUB DOS COMERCIaRIO                              ;(75)98107-4950 ;071;012;SKJ9C75;     249,20;    0,27;31/01/2025;71;SEM DINHEIRO/CHEQUE           ;   ;tailan.al  ;17:57
007370                            ;31/01/2025;    ;098625;003;    ;0083895;BAR DA MARIZETE                                   ;(75)99852-1970 ;010;110;SKJ9C75;      70,80;    0,08;31/01/2025;71;SEM DINHEIRO/CHEQUE           ;   ;tailan.al  ;14:22
007370                            ;31/01/2025;    ;098635;003;    ;0036509;DANILO POIT                                       ;(75)99977-5512 ;010;111;SKJ9C75;     127,98;    0,02;31/01/2025;71;SEM DINHEIRO/CHEQUE           ;   ;tailan.al  ;14:22
007370                            ;31/01/2025;    ;098636;003;    ;0036509;DANILO POIT                                       ;(75)99977-5512 ;010;111;SKJ9C75;     107,80;    0,13;31/01/2025;71;SEM DINHEIRO/CHEQUE           ;   ;tailan.al  ;14:22
007383                            ;31/01/2025;    ;098689;003;    ;0019381;ALISSON PINTO                                     ;(75)99713-2877 ;090;992;       ;     107,58;    0,23;12/02/2025;51;NF ERRADA                     ;   ;alyson     ;22:01
