Mapa                     ;Data;Unb Nota;Nota;Serie;Unb Cliente;Cod. Cliente;Nome Cliente;Telefone;Area;Setor;Placa;Valor;Volume;Data Devol.;Cod. Motivo;Desc. Motivo;Orig. Pedido;Usuario;Hora 
236218                            ;02/06/2025;    ;640238;007;    ;0052121;BAR DO SALVADOR                                   ;(74)99946-2317 ;020;203;RPJ2H66;     554,73;    0,26;03/06/2025;42;Produto/Quantidade Errada     ;   ;teles      ;16:41
236221                            ;02/06/2025;    ;640314;007;    ;0065903;DISTRIBUIDORA                                     ;(74)98817-4758 ;020;200;RPP0E77;     456,54;    0,49;03/06/2025;72;PDV FECHADO (HORARIO COM.)    ;   ;teles      ;13:28
236221                            ;02/06/2025;    ;640315;007;    ;0065903;DISTRIBUIDORA                                     ;(74)98817-4758 ;020;200;RPP0E77;     223,98;    0,41;03/06/2025;72;PDV FECHADO (HORARIO COM.)    ;   ;teles      ;13:28
236224                            ;02/06/2025;    ;640412;007;    ;0004786;SUPER PAGUE MENOS                                 ;(74) 3531-1223 ;010;109;RCQ9D86;    3427,56;    7,69;03/06/2025;50;CARGA ERRADA ARMAZEM          ;   ;gabriel.jz ;19:23
236225                            ;02/06/2025;    ;640469;007;    ;0065765;BUTECO MIRANDA                                    ;(74)99105-5057 ;020;203;RDC8F64;     539,00;    0,69;04/06/2025;72;PDV FECHADO (HORARIO COM.)    ;   ;silva      ;18:14
236225                            ;02/06/2025;    ;640470;007;    ;0050208;REST. VELHO CHICO                                 ;(74)98115-1753 ;020;203;RDC8F64;     798,54;    0,80;04/06/2025;72;PDV FECHADO (HORARIO COM.)    ;DER;silva      ;18:15
236229                            ;02/06/2025;    ;640650;007;    ;0054040;BAR DO GENESIO.                                   ;(74)98833-4043 ;020;201;SJQ6G42;     216,70;    0,27;04/06/2025;50;CARGA ERRADA ARMAZEM          ;   ;silva      ;18:41
236232                            ;02/06/2025;    ;640743;007;    ;0064215;RESTAURANTE DO JOSA                               ;(74)98107-6800 ;010;108;SKK4A24;     538,54;    0,76;02/06/2025;72;PDV FECHADO (HORARIO COM.)    ;   ;silva      ;19:31
236234                            ;02/06/2025;    ;640794;007;    ;0058544;BOTECO DO GAGUINHO                                ;(74)98813-0576 ;010;108;RCP2C35;    3029,18;    3,55;04/06/2025;72;PDV FECHADO (HORARIO COM.)    ;   ;idute      ;17:57
236238                            ;02/06/2025;    ;640894;007;    ;0066113;VILLA BEER                                        ;(74)98807-1081 ;010;102;NZM9993;     295,40;    0,28;02/06/2025;42;Produto/Quantidade Errada     ;   ;idute      ;17:43
236238                            ;02/06/2025;    ;640895;007;    ;0066113;VILLA BEER                                        ;(74)98807-1081 ;010;102;NZM9993;     443,10;    0,43;02/06/2025;42;Produto/Quantidade Errada     ;   ;idute      ;17:43
236238                            ;02/06/2025;    ;640896;007;    ;0066113;VILLA BEER                                        ;(74)98807-1081 ;010;102;NZM9993;     738,50;    0,72;02/06/2025;42;Produto/Quantidade Errada     ;   ;idute      ;17:42
236240                            ;02/06/2025;    ;640922;007;    ;0065994;BUDEGA JC                                         ;(74)98144-0856 ;010;104;OVB5042;     539,00;    0,69;02/06/2025;42;Produto/Quantidade Errada     ;   ;idute      ;17:18
236241                            ;02/06/2025;    ;640942;007;    ;0066174;ARENA BEBIBAS                                     ;(74)98113-8079 ;010;109;PKK0690;    2013,90;    2,69;02/06/2025;82;ENDERECO NAO ENCONTRADO       ;   ;idute      ;16:59
236257                            ;03/06/2025;    ;641149;007;    ;0057483;ANTONIA DO BAR                                    ;(74)98836-7264 ;020;201;SJQ2B65;      80,00;    0,05;06/06/2025;42;Produto/Quantidade Errada     ;   ;idute      ;12:  
236257                            ;03/06/2025;    ;641157;007;    ;0050695;COMERCIAL SA                                      ;(74) 8805-5367 ;020;201;SJQ2B65;     263,65;    0,34;06/06/2025;72;PDV FECHADO (HORARIO COM.)    ;   ;idute      ;12:01
236257                            ;03/06/2025;    ;641170;007;    ;0064874;MERCEARIA DA VILLA                                ;(74)98856-1028 ;020;201;SJQ2B65;     219,10;    0,31;06/06/2025;72;PDV FECHADO (HORARIO COM.)    ;   ;idute      ;12:01
236257                            ;03/06/2025;    ;641171;007;    ;0064874;MERCEARIA DA VILLA                                ;(74)98856-1028 ;020;201;SJQ2B65;      40,76;    0,04;06/06/2025;72;PDV FECHADO (HORARIO COM.)    ;   ;idute      ;12:02
236259                            ;03/06/2025;    ;641339;007;    ;0065108;FRANCIQUELE GONCALVE                              ;(74)99994-5078 ;020;204;NZN0E75;     295,40;    0,28;05/06/2025;71;SEM DINHEIRO/CHEQUE           ;   ;teles      ;18:23
236260                            ;03/06/2025;    ;641342;007;    ;0054858;BAR DA CLEIDIMAR                                  ;(74)99978-5885 ;010;107;NZM7723;      49,68;    0,12;03/06/2025;87;TEMPO INSUFICIENTE            ;   ;gabriel.jz ;19:03
236261                            ;03/06/2025;    ;641382;007;    ;0025142;BAR CARVALHO                                      ;(74)99940-9270 ;010;107;SKK0A55;     147,05;    0,14;03/06/2025;42;Produto/Quantidade Errada     ;   ;teles      ;16:27
236261                            ;03/06/2025;    ;641383;007;    ;0025142;BAR CARVALHO                                      ;(74)99940-9270 ;010;107;SKK0A55;     227,16;    0,40;03/06/2025;42;Produto/Quantidade Errada     ;   ;teles      ;16:26
236261                            ;03/06/2025;    ;641384;007;    ;0025142;BAR CARVALHO                                      ;(74)99940-9270 ;010;107;SKK0A55;     115,13;    0,11;03/06/2025;42;Produto/Quantidade Errada     ;   ;teles      ;16:26
236261                            ;03/06/2025;    ;641385;007;    ;0025142;BAR CARVALHO                                      ;(74)99940-9270 ;010;107;SKK0A55;      11,92;    0,00;03/06/2025;42;Produto/Quantidade Errada     ;DER;teles      ;16:26
236263                            ;03/06/2025;    ;641449;007;    ;0061999;LIGIA DISTRIBUIDORA                               ;(74)99141-3467 ;010;111;OVB5042;      49,84;    0,01;03/06/2025;72;PDV FECHADO (HORARIO COM.)    ;   ;gabriel.jz ;18:26
236263                            ;03/06/2025;    ;641453;007;    ;0052290;DIST.DE BEBIDAS REGE                              ;(74)98808-3109 ;010;111;OVB5042;       3,40;    0,00;03/06/2025;42;Produto/Quantidade Errada     ;   ;gabriel.jz ;18:25
236263                            ;03/06/2025;    ;641456;007;    ;0052290;DIST.DE BEBIDAS REGE                              ;(74)98808-3109 ;010;111;OVB5042;       6,26;    0,00;03/06/2025;42;Produto/Quantidade Errada     ;   ;gabriel.jz ;18:26
236267                            ;03/06/2025;    ;641506;007;    ;0065464;VENDINHA DO ZE                                    ;(74)99900-2121 ;010;105;RPR6D25;     454,80;    0,50;03/06/2025;87;TEMPO INSUFICIENTE            ;   ;gabriel.jz ;19:31
236267                            ;03/06/2025;    ;641507;007;    ;0065464;VENDINHA DO ZE                                    ;(74)99900-2121 ;010;105;RPR6D25;     122,28;    0,12;03/06/2025;87;TEMPO INSUFICIENTE            ;   ;gabriel.jz ;19:31
236267                            ;03/06/2025;    ;641508;007;    ;0065464;VENDINHA DO ZE                                    ;(74)99900-2121 ;010;105;RPR6D25;       4,58;    0,00;03/06/2025;87;TEMPO INSUFICIENTE            ;   ;gabriel.jz ;19:30
236267                            ;03/06/2025;    ;641509;007;    ;0065464;VENDINHA DO ZE                                    ;(74)99900-2121 ;010;105;RPR6D25;       5,00;    0,00;03/06/2025;87;TEMPO INSUFICIENTE            ;   ;gabriel.jz ;19:33
236267                            ;03/06/2025;    ;641510;007;    ;0009009;CAFE COLONIAL                                     ;(74)99107-9325 ;010;105;RPR6D25;      54,17;    0,06;03/06/2025;87;TEMPO INSUFICIENTE            ;DER;gabriel.jz ;19:33
236267                            ;03/06/2025;    ;641511;007;    ;0000186;LANCHONETE JAPU                                   ;(74) 3612-0338 ;010;102;RPR6D25;     384,45;    0,49;03/06/2025;87;TEMPO INSUFICIENTE            ;   ;gabriel.jz ;19:32
236267                            ;03/06/2025;    ;641518;007;    ;0057426;ALVES DISTRIBUIDORA                               ;(74)98858-9211 ;010;102;RPR6D25;     133,70;    0,28;03/06/2025;87;TEMPO INSUFICIENTE            ;   ;gabriel.jz ;19:32
236267                            ;03/06/2025;    ;641519;007;    ;0057426;ALVES DISTRIBUIDORA                               ;(74)98858-9211 ;010;102;RPR6D25;      13,92;    0,06;03/06/2025;87;TEMPO INSUFICIENTE            ;   ;gabriel.jz ;19:32
236268                            ;03/06/2025;    ;641552;007;    ;0066157;COMEC ALVES                                       ;(74)99984-6164 ;010;107;RDN7A69;     177,86;    0,03;03/06/2025;82;ENDERECO NAO ENCONTRADO       ;   ;teles      ;16:39
236269                            ;03/06/2025;    ;641582;007;    ;0065990;LUCAS  ALMEIDA                                    ;(74)98834-1539 ;010;106;RDN1D46;       9,57;    0,02;03/06/2025;42;Produto/Quantidade Errada     ;   ;teles      ;17:17
236270                            ;03/06/2025;    ;641594;007;    ;0066174;ARENA BEBIBAS                                     ;(74)98113-8079 ;010;109;PKL6654;    1922,50;    2,69;03/06/2025;82;ENDERECO NAO ENCONTRADO       ;DER;gabriel.jz ;18:53
236270                            ;03/06/2025;    ;641608;007;    ;0056784;JOSINA ROSA DA CONCE                              ;(74)98104-7940 ;010;102;PKL6654;     240,60;    0,32;03/06/2025;71;SEM DINHEIRO/CHEQUE           ;   ;gabriel.jz ;18:54
236271                            ;03/06/2025;    ;641654;007;    ;0060955;PANIFICADORA E LANCH                              ;(74)98843-6923 ;010;103;MNO8E63;     664,53;    0,93;03/06/2025;42;Produto/Quantidade Errada     ;   ;gabriel.jz ;18:33
236272                            ;03/06/2025;    ;641671;007;    ;0065917;BODE GELADO DIST                                  ;(61)99672-5010 ;010;104;OZF1202;     816,20;    0,88;04/06/2025;72;PDV FECHADO (HORARIO COM.)    ;   ;idute      ;14:01
236278                            ;03/06/2025;    ;641769;007;    ;0055842;Zena Bar e Mercearia                              ;(74)98839-0452 ;010;108;JII1442;      53,90;    0,06;03/06/2025;87;TEMPO INSUFICIENTE            ;   ;gabriel.jz ;18:51
236278                            ;03/06/2025;    ;641770;007;    ;0055842;Zena Bar e Mercearia                              ;(74)98839-0452 ;010;108;JII1442;     700,70;    0,89;03/06/2025;87;TEMPO INSUFICIENTE            ;DER;gabriel.jz ;18:52
236278                            ;03/06/2025;    ;641771;007;    ;0055842;Zena Bar e Mercearia                              ;(74)98839-0452 ;010;108;JII1442;    1697,66;    2,15;03/06/2025;87;TEMPO INSUFICIENTE            ;   ;gabriel.jz ;18:50
236280                            ;03/06/2025;    ;641804;007;    ;0057587;MERCADINHO S O JOS                                ;(87)99914-0061 ;010;109;SKK4A24;     901,03;    1,17;05/06/2025;71;SEM DINHEIRO/CHEQUE           ;   ;teles      ;10:53
236280                            ;03/06/2025;    ;641805;007;    ;0057587;MERCADINHO S O JOS                                ;(87)99914-0061 ;010;109;SKK4A24;      30,72;    0,04;05/06/2025;71;SEM DINHEIRO/CHEQUE           ;   ;teles      ;10:53
236280                            ;03/06/2025;    ;641806;007;    ;0057587;MERCADINHO S O JOS                                ;(87)99914-0061 ;010;109;SKK4A24;      15,31;    0,01;05/06/2025;71;SEM DINHEIRO/CHEQUE           ;DER;teles      ;10:52
236299                            ;04/06/2025;    ;641886;007;    ;0025759;TERRACO MANHA DE ROS                              ;(74)99908-0274 ;020;205;RPJ2H66;     172,80;    0,24;05/06/2025;72;PDV FECHADO (HORARIO COM.)    ;   ;teles      ;17:23
236300                            ;04/06/2025;    ;641963;007;    ;0050064;ATACADAO MURILO                                   ;(74)98123-9836 ;020;203;RPM8D89;     353,90;    0,46;05/06/2025;71;SEM DINHEIRO/CHEQUE           ;   ;gabriel.jz ;18:44
236301                            ;04/06/2025;    ;642053;007;    ;0063070;COMERCIAL GENOVEZ                                 ;(74)98143-5771 ;010;109;RCQ9D86;    3168,21;    4,02;05/06/2025;42;Produto/Quantidade Errada     ;   ;gabriel.jz ;20:20
236301                            ;04/06/2025;    ;642055;007;    ;0066065;BAR DA ROCINHA                                    ;(87)99128-4334 ;010;109;RCQ9D86;     910,82;    1,22;05/06/2025;87;TEMPO INSUFICIENTE            ;   ;gabriel.jz ;20:20
236305                            ;04/06/2025;    ;642224;007;    ;0056549;DISTRIBUIDORA ALVES                               ;(74)98862-4539 ;020;201;RPP7B52;    1160,70;    1,38;06/06/2025;42;Produto/Quantidade Errada     ;   ;silva      ;20:26
236307                            ;04/06/2025;    ;642315;007;    ;0051780;SOMBRA DO UMBUZEIRO                               ;(74) 8807-9648 ;010;103;RDN7A69;     431,20;    0,55;04/06/2025;71;SEM DINHEIRO/CHEQUE           ;DER;idute      ;16:20
236318                            ;04/06/2025;    ;642555;007;    ;0057715;IMPERIO BEE                                       ;(74)98818-8543 ;010;111;OFB8B68;       6,79;    0,00;04/06/2025;42;Produto/Quantidade Errada     ;   ;idute      ;17:44
236319                            ;04/06/2025;    ;642603;007;    ;0066010;LARA E LUNA                                       ;(74)98862-2808 ;010;110;LKI1H89;     129,96;    0,28;04/06/2025;72;PDV FECHADO (HORARIO COM.)    ;   ;idute      ;17:18
236319                            ;04/06/2025;    ;642628;007;    ;0057448;DIST CAMAROTE                                     ;(74)99100-7878 ;010;105;LKI1H89;      16,32;    0,02;04/06/2025;72;PDV FECHADO (HORARIO COM.)    ;   ;idute      ;17:19
236322                            ;04/06/2025;    ;642686;007;    ;0062258;SUPERMERCADO UNIPREC                              ;(74)98836-8023 ;080;810;EFV3713;    3798,00;   12,00;04/06/2025;86;HORARIO DE ENTREGA            ;   ;silva      ;19:  
236323                            ;04/06/2025;    ;642719;007;    ;0051188;REST E LANCH VALERIA                              ;(74)98801-9532 ;010;103;MNO8E63;     274,64;    0,51;04/06/2025;85;DIFICIL ACESSO                ;   ;silva      ;19:03
236323                            ;04/06/2025;    ;642720;007;    ;0051188;REST E LANCH VALERIA                              ;(74)98801-9532 ;010;103;MNO8E63;     711,06;    0,82;04/06/2025;85;DIFICIL ACESSO                ;DER;silva      ;19:03
236323                            ;04/06/2025;    ;642729;007;    ;0064240;BAR DO AMILTON                                    ;(74)99901-0861 ;010;103;MNO8E63;     585,00;    0,69;04/06/2025;85;DIFICIL ACESSO                ;DER;silva      ;19:04
236323                            ;04/06/2025;    ;642730;007;    ;0064240;BAR DO AMILTON                                    ;(74)99901-0861 ;010;103;MNO8E63;     424,50;    0,60;04/06/2025;85;DIFICIL ACESSO                ;   ;silva      ;19:04
236323                            ;04/06/2025;    ;642733;007;    ;0065046;M.M DISTRIBUIDORA                                 ;(74)98841-4602 ;010;103;MNO8E63;     546,86;    0,93;04/06/2025;85;DIFICIL ACESSO                ;DER;silva      ;19:05
236323                            ;04/06/2025;    ;642734;007;    ;0065046;M.M DISTRIBUIDORA                                 ;(74)98841-4602 ;010;103;MNO8E63;      13,04;    0,01;04/06/2025;85;DIFICIL ACESSO                ;   ;silva      ;19:05
236323                            ;04/06/2025;    ;642735;007;    ;0024652;RES SEU SASA                                      ;(87)98844-5857 ;010;103;MNO8E63;     846,30;    0,91;04/06/2025;85;DIFICIL ACESSO                ;   ;silva      ;19:05
236336                            ;05/06/2025;    ;642821;007;    ;0050155;BAR DO MARCOS                                     ;(74)99912-1950 ;020;205;OUX8B81;     282,72;    0,39;06/06/2025;72;PDV FECHADO (HORARIO COM.)    ;DER;idute      ;16:19
236336                            ;05/06/2025;    ;642848;007;    ;0058627;REI DAS BEBIDAS                                   ;(74)98802-4241 ;020;205;OUX8B81;      52,17;    0,05;06/06/2025;89;PDV FECHADO APOS HORARIO      ;   ;idute      ;16:24
236336                            ;05/06/2025;    ;642849;007;    ;0058627;REI DAS BEBIDAS                                   ;(74)98802-4241 ;020;205;OUX8B81;    4000,00;    0,00;06/06/2025;50;CARGA ERRADA ARMAZEM          ;   ;idute      ;16:25
236338                            ;05/06/2025;    ;642950;007;    ;0064870;DISTRIBUIDORA SOUZA                               ;(74)98147-8455 ;010;108;NZM7723;      45,60;    0,06;05/06/2025;72;PDV FECHADO (HORARIO COM.)    ;   ;teles      ;17:02
236338                            ;05/06/2025;    ;642951;007;    ;0064870;DISTRIBUIDORA SOUZA                               ;(74)98147-8455 ;010;108;NZM7723;      45,60;    0,06;05/06/2025;72;PDV FECHADO (HORARIO COM.)    ;   ;teles      ;17:02
236338                            ;05/06/2025;    ;642952;007;    ;0064870;DISTRIBUIDORA SOUZA                               ;(74)98147-8455 ;010;108;NZM7723;      25,88;    0,04;05/06/2025;72;PDV FECHADO (HORARIO COM.)    ;   ;teles      ;17:01
236338                            ;05/06/2025;    ;642953;007;    ;0064870;DISTRIBUIDORA SOUZA                               ;(74)98147-8455 ;010;108;NZM7723;      23,38;    0,04;05/06/2025;72;PDV FECHADO (HORARIO COM.)    ;   ;teles      ;17:01
236338                            ;05/06/2025;    ;642959;007;    ;0025391;BAR DE NETO                                       ;(74) 3617-8314 ;010;108;NZM7723;     401,04;    0,38;05/06/2025;71;SEM DINHEIRO/CHEQUE           ;   ;teles      ;17:01
236342                            ;05/06/2025;    ;643086;007;    ;0050513;CLAY LANCHES                                      ;(74)98812-9730 ;010;108;SKK9B87;     164,00;    0,05;05/06/2025;42;Produto/Quantidade Errada     ;   ;gabriel.jz ;20:10
236343                            ;05/06/2025;    ;643093;007;    ;0065645;BAR E LANCHONETE DA                               ;(74)98868-2506 ;020;201;OVB5042;     248,80;    0,32;05/06/2025;71;SEM DINHEIRO/CHEQUE           ;   ;teles      ;16:58
236348                            ;05/06/2025;    ;643243;007;    ;0066174;ARENA BEBIBAS                                     ;(74)98113-8079 ;010;109;RDJ0G42;    1989,10;    2,77;05/06/2025;82;ENDERECO NAO ENCONTRADO       ;   ;teles      ;14:41
236349                            ;05/06/2025;    ;643263;007;    ;0057959;EMPORIO BEE                                       ;(74)98814-9798 ;010;106;RDN1D46;      29,53;    0,04;05/06/2025;72;PDV FECHADO (HORARIO COM.)    ;   ;teles      ;17:42
236353                            ;05/06/2025;    ;643397;007;    ;0025628;SABOR DA CASA                                     ;(87)99960-8328 ;010;110;RCP2C35;     746,12;    0,73;06/06/2025;73;FALTA DE ATIVOS DE GIRO       ;   ;idute      ;17:12
236353                            ;05/06/2025;    ;643403;007;    ;0059312;DISTRIBUIDORA SENA2                               ;(74)98851-2380 ;010;100;RCP2C35;    1778,70;    2,27;06/06/2025;32;ENTREGA ATRASADA (BUFFER)     ;   ;idute      ;17:13
236354                            ;05/06/2025;    ;643441;007;    ;0064200;REST NOSSO CANTINHO                               ;(74)98149-7258 ;010;106;SKK9D97;     514,69;    0,76;05/06/2025;87;TEMPO INSUFICIENTE            ;   ;gabriel.jz ;19:29
236355                            ;05/06/2025;    ;643474;007;    ;0055477;DISTRIBUIDORA DO RAF                              ;(74)98837-4988 ;010;111;RDC8F64;    3046,98;    3,74;06/06/2025;42;Produto/Quantidade Errada     ;DER;idute      ;16:02
236357                            ;05/06/2025;    ;643530;007;    ;0063369;DISTRIBUIDORA SOUZA                               ;(74)98837-0345 ;010;101;EFV3713;    3773,00;    4,83;05/06/2025;42;Produto/Quantidade Errada     ;   ;teles      ;17:10
236357                            ;05/06/2025;    ;643532;007;    ;0063369;DISTRIBUIDORA SOUZA                               ;(74)98837-0345 ;010;101;EFV3713;      55,46;    0,08;05/06/2025;42;Produto/Quantidade Errada     ;   ;teles      ;17:10
236360                            ;05/06/2025;    ;643615;007;    ;0065370;PASTEL E PETISCARIA                               ;(74)98848-5699 ;010;104;OFB8B68;      43,33;    0,06;05/06/2025;42;Produto/Quantidade Errada     ;   ;gabriel.jz ;19:23
236360                            ;05/06/2025;    ;643616;007;    ;0065370;PASTEL E PETISCARIA                               ;(74)98848-5699 ;010;104;OFB8B68;      46,80;    0,06;05/06/2025;42;Produto/Quantidade Errada     ;   ;gabriel.jz ;19:24
236360                            ;05/06/2025;    ;643644;007;    ;0066148;DISTRIBUIDORA JW                                  ;(74)98822-2888 ;010;106;OFB8B68;     775,70;    1,04;05/06/2025;87;TEMPO INSUFICIENTE            ;DER;gabriel.jz ;19:25
236360                            ;05/06/2025;    ;643648;007;    ;0054048;PIZZARIA BOM SABOR                                ;(74)98862-8741 ;010;110;OFB8B68;     932,86;    0,94;05/06/2025;87;TEMPO INSUFICIENTE            ;   ;gabriel.jz ;19:25
236360                            ;05/06/2025;    ;643649;007;    ;0050590;PETISCARIA MIRELLA                                ;(74)98806-9280 ;010;110;OFB8B68;    1326,38;    1,63;05/06/2025;87;TEMPO INSUFICIENTE            ;DER;gabriel.jz ;19:25
236360                            ;05/06/2025;    ;643650;007;    ;0056957;BUTECO  DO VALLE                                  ;(74)98816-2670 ;010;110;OFB8B68;     162,13;    0,26;05/06/2025;87;TEMPO INSUFICIENTE            ;   ;gabriel.jz ;19:26
236360                            ;05/06/2025;    ;643651;007;    ;0056957;BUTECO  DO VALLE                                  ;(74)98816-2670 ;010;110;OFB8B68;     117,00;    0,13;05/06/2025;87;TEMPO INSUFICIENTE            ;   ;gabriel.jz ;19:26
236360                            ;05/06/2025;    ;643652;007;    ;0056957;BUTECO  DO VALLE                                  ;(74)98816-2670 ;010;110;OFB8B68;      62,88;    0,08;05/06/2025;87;TEMPO INSUFICIENTE            ;   ;gabriel.jz ;19:27
236360                            ;05/06/2025;    ;643653;007;    ;0056957;BUTECO  DO VALLE                                  ;(74)98816-2670 ;010;110;OFB8B68;      48,36;    0,01;05/06/2025;87;TEMPO INSUFICIENTE            ;   ;gabriel.jz ;19:27
236360                            ;05/06/2025;    ;643654;007;    ;0056957;BUTECO  DO VALLE                                  ;(74)98816-2670 ;010;110;OFB8B68;     585,00;    0,69;05/06/2025;87;TEMPO INSUFICIENTE            ;   ;gabriel.jz ;19:27
236379                            ;06/06/2025;    ;643953;007;    ;0055044;BAR E MERCEARIA                                   ;(74)98803-6345 ;020;200;RPP0E77;      25,00;    0,02;07/06/2025;42;Produto/Quantidade Errada     ;   ;teles      ;13:46
236380                            ;06/06/2025;    ;644049;007;    ;0050062;PANIFICADORA SOARES                               ;(74) 3527-4050 ;020;201;SJQ9B60;     105,56;    0,24;07/06/2025;42;Produto/Quantidade Errada     ;   ;teles      ;11:28
236380                            ;06/06/2025;    ;644094;007;    ;0024909;BAR DO LUIS                                       ;(74)98837-4079 ;020;201;SJQ9B60;     286,50;    0,36;07/06/2025;72;PDV FECHADO (HORARIO COM.)    ;   ;teles      ;11:27
236380                            ;06/06/2025;    ;644095;007;    ;0024909;BAR DO LUIS                                       ;(74)98837-4079 ;020;201;SJQ9B60;      21,02;    0,01;07/06/2025;72;PDV FECHADO (HORARIO COM.)    ;   ;teles      ;11:28
236381                            ;06/06/2025;    ;644097;007;    ;0058544;BOTECO DO GAGUINHO                                ;(74)98813-0576 ;010;108;SKK4A24;    2837,90;    3,31;06/06/2025;50;CARGA ERRADA ARMAZEM          ;DER;silva      ;19:48
236381                            ;06/06/2025;    ;644120;007;    ;0064704;DRINKS BAR                                        ;(87)99927-8009 ;010;109;SKK4A24;      69,53;    0,09;06/06/2025;71;SEM DINHEIRO/CHEQUE           ;   ;silva      ;19:47
236381                            ;06/06/2025;    ;644121;007;    ;0064704;DRINKS BAR                                        ;(87)99927-8009 ;010;109;SKK4A24;      12,38;    0,06;06/06/2025;71;SEM DINHEIRO/CHEQUE           ;   ;silva      ;19:47
236383                            ;06/06/2025;    ;644175;007;    ;0065770;ORLA BAR                                          ;(74)98125-7934 ;020;202;SKK9B87;      98,52;    0,24;07/06/2025;42;Produto/Quantidade Errada     ;   ;teles      ;15:12
236383                            ;06/06/2025;    ;644176;007;    ;0065770;ORLA BAR                                          ;(74)98125-7934 ;020;202;SKK9B87;      12,38;    0,06;07/06/2025;42;Produto/Quantidade Errada     ;   ;teles      ;15:13
236384                            ;06/06/2025;    ;644245;007;    ;0025481;BAITA RANGOS                                      ;(74)99948-2169 ;020;202;NZM7723;    1061,76;    2,08;07/06/2025;72;PDV FECHADO (HORARIO COM.)    ;   ;gabriel.jz ;19:14
236384                            ;06/06/2025;    ;644264;007;    ;0053774;DISTRIB. ZERO GRAU                                ;(74)98136-2572 ;020;202;NZM7723;    1642,76;    2,25;07/06/2025;82;ENDERECO NAO ENCONTRADO       ;DER;gabriel.jz ;19:14
236385                            ;06/06/2025;    ;644286;007;    ;0056299;MERC. E DIST. ARAUJO                              ;(74) 8839-7784 ;020;200;SKK0A55;       8,80;    0,01;07/06/2025;42;Produto/Quantidade Errada     ;   ;teles      ;13:25
236385                            ;06/06/2025;    ;644287;007;    ;0056299;MERC. E DIST. ARAUJO                              ;(74) 8839-7784 ;020;200;SKK0A55;       4,35;    0,00;07/06/2025;42;Produto/Quantidade Errada     ;   ;teles      ;13:25
236385                            ;06/06/2025;    ;644305;007;    ;0064568;CALDINHO VELHO CHICO                              ;(74)98856-8406 ;020;200;SKK0A55;      46,80;    0,06;07/06/2025;72;PDV FECHADO (HORARIO COM.)    ;   ;teles      ;13:24
236385                            ;06/06/2025;    ;644306;007;    ;0064568;CALDINHO VELHO CHICO                              ;(74)98856-8406 ;020;200;SKK0A55;     122,43;    0,14;07/06/2025;72;PDV FECHADO (HORARIO COM.)    ;   ;teles      ;13:24
236388                            ;06/06/2025;    ;644379;007;    ;0065774;DISTRIBUIDORA LP                                  ;(74)98815-9101 ;010;108;OVB5042;     808,50;    1,03;06/06/2025;42;Produto/Quantidade Errada     ;   ;idute      ;17:41
236388                            ;06/06/2025;    ;644380;007;    ;0065774;DISTRIBUIDORA LP                                  ;(74)98815-9101 ;010;108;OVB5042;     539,00;    0,69;06/06/2025;42;Produto/Quantidade Errada     ;   ;idute      ;17:41
236392                            ;06/06/2025;    ;644515;007;    ;0053066;BAR DO GIGI                                       ;(74) 8821-1212 ;010;111;RDN7A69;     107,80;    0,13;06/06/2025;72;PDV FECHADO (HORARIO COM.)    ;   ;idute      ;17:45
236392                            ;06/06/2025;    ;644526;007;    ;0065044;DISTRIBUID RODRIGUES                              ;(74)98815-6331 ;010;100;RDN7A69;     408,20;    0,52;06/06/2025;72;PDV FECHADO (HORARIO COM.)    ;DER;idute      ;17:45
236403                            ;06/06/2025;    ;644846;007;    ;0065333;ADEGA MeT                                         ;(88)98181-3886 ;010;100;JII1442;     656,40;    0,80;06/06/2025;71;SEM DINHEIRO/CHEQUE           ;   ;silva      ;18:41
236403                            ;06/06/2025;    ;644872;007;    ;0063836;BAR DO NENEZAO                                    ;(71)98680-2553 ;010;100;JII1442;     539,00;    0,69;06/06/2025;85;DIFICIL ACESSO                ;DER;silva      ;18:41
236423                            ;07/06/2025;    ;644928;007;    ;0065046;M.M DISTRIBUIDORA                                 ;(74)98841-4602 ;010;103;RDC8F64;     563,76;    0,81;07/06/2025;72;PDV FECHADO (HORARIO COM.)    ;   ;teles      ;17:42
236423                            ;07/06/2025;    ;644929;007;    ;0065046;M.M DISTRIBUIDORA                                 ;(74)98841-4602 ;010;103;RDC8F64;     269,50;    0,34;07/06/2025;72;PDV FECHADO (HORARIO COM.)    ;   ;teles      ;17:41
236423                            ;07/06/2025;    ;644930;007;    ;0024652;RES SEU SASA                                      ;(87)98844-5857 ;010;103;RDC8F64;     411,59;    0,48;07/06/2025;72;PDV FECHADO (HORARIO COM.)    ;DER;teles      ;17:43
236425                            ;07/06/2025;    ;644954;007;    ;0063364;FRIGORIF CARNE E CIA                              ;(74)98836-6808 ;010;101;PKK0690;     161,70;    0,20;07/06/2025;72;PDV FECHADO (HORARIO COM.)    ;DER;teles      ;17:35
236425                            ;07/06/2025;    ;644955;007;    ;0057820;RESTAURANTE SOLAR                                 ;(74)99197-3396 ;010;101;PKK0690;     846,56;    0,85;07/06/2025;72;PDV FECHADO (HORARIO COM.)    ;   ;teles      ;17:36
236425                            ;07/06/2025;    ;644956;007;    ;0006086;TONY LANCHES                                      ;(74)98815-2554 ;010;110;PKK0690;     194,92;    0,20;07/06/2025;70;CLIENTE CANCELOU              ;DER;teles      ;17:37
236425                            ;07/06/2025;    ;644965;007;    ;0056967;MIX LANCHONETE                                    ;(74)98809-7893 ;010;101;PKK0690;    1078,00;    1,38;07/06/2025;87;TEMPO INSUFICIENTE            ;   ;teles      ;17:36
236425                            ;07/06/2025;    ;644966;007;    ;0056967;MIX LANCHONETE                                    ;(74)98809-7893 ;010;101;PKK0690;     626,62;    0,92;07/06/2025;87;TEMPO INSUFICIENTE            ;   ;teles      ;17:36
236425                            ;07/06/2025;    ;644967;007;    ;0056967;MIX LANCHONETE                                    ;(74)98809-7893 ;010;101;PKK0690;     269,50;    0,34;07/06/2025;87;TEMPO INSUFICIENTE            ;DER;teles      ;17:36
236425                            ;07/06/2025;    ;644978;007;    ;0053600;REST MISTER GRILL                                 ;(74)98808-2518 ;010;110;PKK0690;     317,82;    0,61;07/06/2025;72;PDV FECHADO (HORARIO COM.)    ;DER;teles      ;17:36
236425                            ;07/06/2025;    ;644981;007;    ;0051897;DISTR. REAL                                       ;(74)98821-3831 ;010;110;PKK0690;     777,93;    0,84;07/06/2025;87;TEMPO INSUFICIENTE            ;   ;teles      ;17:34
236425                            ;07/06/2025;    ;644982;007;    ;0051897;DISTR. REAL                                       ;(74)98821-3831 ;010;110;PKK0690;      50,08;    0,01;07/06/2025;87;TEMPO INSUFICIENTE            ;   ;teles      ;17:34
236425                            ;07/06/2025;    ;644983;007;    ;0051897;DISTR. REAL                                       ;(74)98821-3831 ;010;110;PKK0690;     118,21;    0,13;07/06/2025;87;TEMPO INSUFICIENTE            ;   ;teles      ;17:34
236425                            ;07/06/2025;    ;644984;007;    ;0051897;DISTR. REAL                                       ;(74)98821-3831 ;010;110;PKK0690;     378,56;    0,40;07/06/2025;87;TEMPO INSUFICIENTE            ;   ;teles      ;17:34
236425                            ;07/06/2025;    ;644985;007;    ;0051897;DISTR. REAL                                       ;(74)98821-3831 ;010;110;PKK0690;     711,06;    0,82;07/06/2025;87;TEMPO INSUFICIENTE            ;   ;teles      ;17:33
236425                            ;07/06/2025;    ;644986;007;    ;0051897;DISTR. REAL                                       ;(74)98821-3831 ;010;110;PKK0690;    1491,97;    1,68;07/06/2025;87;TEMPO INSUFICIENTE            ;   ;teles      ;17:33
236426                            ;07/06/2025;    ;645020;007;    ;0053531;MERCADIN DO MARCELAO                              ;(74)98833-2361 ;010;106;PKL6654;    1809,46;    2,32;07/06/2025;73;FALTA DE ATIVOS DE GIRO       ;   ;teles      ;15:43
236427                            ;07/06/2025;    ;645044;007;    ;0062769;SUPER CASA DE CARNES                              ;(74)99110-6283 ;080;810;RCP2C35;    1601,07;    1,56;07/06/2025;32;ENTREGA ATRASADA (BUFFER)     ;   ;gabriel.jz ;19:27
236427                            ;07/06/2025;    ;645045;007;    ;0062769;SUPER CASA DE CARNES                              ;(74)99110-6283 ;080;810;RCP2C35;    1292,00;    3,49;07/06/2025;32;ENTREGA ATRASADA (BUFFER)     ;   ;gabriel.jz ;19:27
236427                            ;07/06/2025;    ;645047;007;    ;0050837;MERCADINHO DINOSSAUR                              ;(74)99984-1254 ;080;810;RCP2C35;     578,96;    0,81;07/06/2025;87;TEMPO INSUFICIENTE            ;   ;gabriel.jz ;19:26
236427                            ;07/06/2025;    ;645048;007;    ;0058459;KAYLA CAIANNE                                     ;(74)98825-3060 ;010;111;RCP2C35;     303,17;    0,48;07/06/2025;32;ENTREGA ATRASADA (BUFFER)     ;   ;gabriel.jz ;19:25
236427                            ;07/06/2025;    ;645049;007;    ;0058459;KAYLA CAIANNE                                     ;(74)98825-3060 ;010;111;RCP2C35;     684,42;    0,83;07/06/2025;32;ENTREGA ATRASADA (BUFFER)     ;   ;gabriel.jz ;19:25
236427                            ;07/06/2025;    ;645050;007;    ;0058459;KAYLA CAIANNE                                     ;(74)98825-3060 ;010;111;RCP2C35;      49,09;    0,04;07/06/2025;32;ENTREGA ATRASADA (BUFFER)     ;   ;gabriel.jz ;19:26
236428                            ;07/06/2025;    ;645063;007;    ;0063610;LUCELIA NASCIMENTO D                              ;(74)98106-8704 ;010;102;RPE4C71;      88,50;    0,24;07/06/2025;87;TEMPO INSUFICIENTE            ;   ;gabriel.jz ;19:11
236428                            ;07/06/2025;    ;645064;007;    ;0063610;LUCELIA NASCIMENTO D                              ;(74)98106-8704 ;010;102;RPE4C71;       4,37;    0,00;07/06/2025;87;TEMPO INSUFICIENTE            ;   ;gabriel.jz ;19:11
236428                            ;07/06/2025;    ;645066;007;    ;0057201;Restaurante Monte Se                              ;(74)98806-4595 ;010;102;RPE4C71;      27,32;    0,18;07/06/2025;87;TEMPO INSUFICIENTE            ;   ;gabriel.jz ;19:06
236428                            ;07/06/2025;    ;645067;007;    ;0057201;Restaurante Monte Se                              ;(74)98806-4595 ;010;102;RPE4C71;     644,47;    0,96;07/06/2025;87;TEMPO INSUFICIENTE            ;   ;gabriel.jz ;19:03
236428                            ;07/06/2025;    ;645068;007;    ;0065072;BAR DO GORDO                                      ;(74)98803-7351 ;010;110;RPE4C71;     127,16;    0,07;07/06/2025;87;TEMPO INSUFICIENTE            ;   ;gabriel.jz ;19:13
236428                            ;07/06/2025;    ;645069;007;    ;0051173;MERC. LULA MOLUSCO                                ;(74)98853-6005 ;010;105;RPE4C71;     323,40;    0,41;07/06/2025;87;TEMPO INSUFICIENTE            ;DER;gabriel.jz ;19:08
236428                            ;07/06/2025;    ;645077;007;    ;0056726;BAR E REST 7 PORTAS                               ;(74)98817-3734 ;010;110;RPE4C71;     197,96;    0,42;07/06/2025;87;TEMPO INSUFICIENTE            ;DER;gabriel.jz ;19:09
236428                            ;07/06/2025;    ;645078;007;    ;0055334;EMPORIO BEBIDAS                                   ;(74)98843-3672 ;010;111;RPE4C71;    1933,81;    2,16;07/06/2025;87;TEMPO INSUFICIENTE            ;DER;gabriel.jz ;19:06
236428                            ;07/06/2025;    ;645079;007;    ;0055334;EMPORIO BEBIDAS                                   ;(74)98843-3672 ;010;111;RPE4C71;      16,98;    0,01;07/06/2025;87;TEMPO INSUFICIENTE            ;   ;gabriel.jz ;19:07
236428                            ;07/06/2025;    ;645080;007;    ;0055334;EMPORIO BEBIDAS                                   ;(74)98843-3672 ;010;111;RPE4C71;       5,33;    0,00;07/06/2025;87;TEMPO INSUFICIENTE            ;   ;gabriel.jz ;19:07
236428                            ;07/06/2025;    ;645081;007;    ;0055334;EMPORIO BEBIDAS                                   ;(74)98843-3672 ;010;111;RPE4C71;       8,80;    0,01;07/06/2025;87;TEMPO INSUFICIENTE            ;   ;gabriel.jz ;19:07
236428                            ;07/06/2025;    ;645083;007;    ;0024450;BAR DO JACARE                                     ;(74)98829-9244 ;010;110;RPE4C71;     217,26;    0,27;07/06/2025;87;TEMPO INSUFICIENTE            ;   ;gabriel.jz ;19:02
236428                            ;07/06/2025;    ;645086;007;    ;0062503;XAVIER DISTRIBUIDORA                              ;(74)98836-4526 ;010;102;RPE4C71;     145,70;    0,18;07/06/2025;87;TEMPO INSUFICIENTE            ;DER;gabriel.jz ;19:10
236428                            ;07/06/2025;    ;645088;007;    ;0057282;TUANE SUELY DE SANTA                              ;(87)99174-8168 ;010;102;RPE4C71;     307,40;    0,38;07/06/2025;87;TEMPO INSUFICIENTE            ;   ;gabriel.jz ;19:08
236428                            ;07/06/2025;    ;645089;007;    ;0057282;TUANE SUELY DE SANTA                              ;(87)99174-8168 ;010;102;RPE4C71;      96,24;    0,24;07/06/2025;87;TEMPO INSUFICIENTE            ;   ;gabriel.jz ;19:09
236432                            ;07/06/2025;    ;645215;007;    ;0055945;SUPERMERCADO UNIPREC                              ;(74) 3611-1177 ;080;810;NZM4666;    2315,74;    5,22;07/06/2025;32;ENTREGA ATRASADA (BUFFER)     ;   ;teles      ;15:45
236432                            ;07/06/2025;    ;645225;007;    ;0000039;MERCEARIA SANTA PAZ                               ;(74)98818-0902 ;010;104;NZM4666;       3,40;    0,00;07/06/2025;42;Produto/Quantidade Errada     ;DER;teles      ;15:45
236433                            ;07/06/2025;    ;645262;007;    ;0058603;AN DISTRI DO VALE                                 ;(74)98143-8032 ;010;111;NZM9993;    1255,13;    1,76;07/06/2025;42;Produto/Quantidade Errada     ;   ;teles      ;15:27
236436                            ;07/06/2025;    ;645319;007;    ;0002317;BAR DA GUIGUI                                     ;(74)98824-3730 ;010;110;RDN1D46;     643,60;    0,63;07/06/2025;32;ENTREGA ATRASADA (BUFFER)     ;   ;gabriel.jz ;18:24
236443                            ;07/06/2025;    ;645364;007;    ;0062669;DISTRIBUIDORA FEITOS                              ;(43)90000-0000 ;010;111;SKK9B87;    1954,42;    2,31;09/06/2025;32;ENTREGA ATRASADA (BUFFER)     ;   ;teles      ;15:15
236443                            ;07/06/2025;    ;645365;007;    ;0062669;DISTRIBUIDORA FEITOS                              ;(43)90000-0000 ;010;111;SKK9B87;     873,66;    1,05;09/06/2025;32;ENTREGA ATRASADA (BUFFER)     ;   ;teles      ;15:15
236443                            ;07/06/2025;    ;645366;007;    ;0062669;DISTRIBUIDORA FEITOS                              ;(43)90000-0000 ;010;111;SKK9B87;     979,46;    1,06;09/06/2025;32;ENTREGA ATRASADA (BUFFER)     ;   ;teles      ;15:15
236443                            ;07/06/2025;    ;645367;007;    ;0062669;DISTRIBUIDORA FEITOS                              ;(43)90000-0000 ;010;111;SKK9B87;     577,49;    0,73;09/06/2025;32;ENTREGA ATRASADA (BUFFER)     ;   ;teles      ;15:14
236460                            ;09/06/2025;    ;645480;007;    ;0051870;CLUBE RN                                          ;(87)98158-2607 ;020;205;NZN0E75;    3942,94;    4,03;10/06/2025;72;PDV FECHADO (HORARIO COM.)    ;   ;idute      ;17:58
236463                            ;09/06/2025;    ;645736;007;    ;0050328;BAR DA HORA                                       ;(74)99998-1977 ;020;204;RPM8D89;     591,03;    0,69;10/06/2025;72;PDV FECHADO (HORARIO COM.)    ;   ;idute      ;15:49
236463                            ;09/06/2025;    ;645766;007;    ;0053169;BOTECO DO AMILTON                                 ;(74)99906-3838 ;020;204;RPM8D89;     611,33;    0,69;10/06/2025;72;PDV FECHADO (HORARIO COM.)    ;   ;idute      ;15:49
236463                            ;09/06/2025;    ;645767;007;    ;0053169;BOTECO DO AMILTON                                 ;(74)99906-3838 ;020;204;RPM8D89;      22,03;    0,01;10/06/2025;72;PDV FECHADO (HORARIO COM.)    ;DER;idute      ;15:48
236466                            ;09/06/2025;    ;645895;007;    ;0065460;GELADAO PAI E FILHO                               ;(74)99148-6581 ;010;109;RCP2C35;     808,50;    1,03;09/06/2025;71;SEM DINHEIRO/CHEQUE           ;   ;gabriel.jz ;19:47
236466                            ;09/06/2025;    ;645904;007;    ;0053929;GELADaO CACIQUE                                   ;(74)99975-8643 ;010;109;RCP2C35;     106,22;    0,07;09/06/2025;72;PDV FECHADO (HORARIO COM.)    ;   ;gabriel.jz ;19:45
236466                            ;09/06/2025;    ;645905;007;    ;0053929;GELADaO CACIQUE                                   ;(74)99975-8643 ;010;109;RCP2C35;     106,22;    0,07;09/06/2025;72;PDV FECHADO (HORARIO COM.)    ;   ;gabriel.jz ;19:45
236466                            ;09/06/2025;    ;645906;007;    ;0053929;GELADaO CACIQUE                                   ;(74)99975-8643 ;010;109;RCP2C35;     862,40;    1,10;09/06/2025;72;PDV FECHADO (HORARIO COM.)    ;   ;gabriel.jz ;19:46
236466                            ;09/06/2025;    ;645907;007;    ;0053929;GELADaO CACIQUE                                   ;(74)99975-8643 ;010;109;RCP2C35;     539,00;    0,69;09/06/2025;72;PDV FECHADO (HORARIO COM.)    ;   ;gabriel.jz ;19:46
236466                            ;09/06/2025;    ;645908;007;    ;0053929;GELADaO CACIQUE                                   ;(74)99975-8643 ;010;109;RCP2C35;      23,02;    0,04;09/06/2025;72;PDV FECHADO (HORARIO COM.)    ;   ;gabriel.jz ;19:46
236476                            ;09/06/2025;    ;646260;007;    ;0056148;JARBAS BEBIDAS                                    ;(74)98853-1571 ;010;111;PKL6654;    7738,00;    9,24;09/06/2025;42;Produto/Quantidade Errada     ;   ;teles      ;16:52
236480                            ;09/06/2025;    ;646376;007;    ;0066074;ESPAÇO100RESSACA                                  ;(87)99954-6389 ;010;104;RDJ0G42;     386,90;    0,46;09/06/2025;42;Produto/Quantidade Errada     ;   ;teles      ;17:04
236483                            ;09/06/2025;    ;646431;007;    ;0066203;JP BARBEARIA                                      ;(77)99992-1350 ;010;102;RDN7A69;     117,68;    0,12;09/06/2025;82;ENDERECO NAO ENCONTRADO       ;   ;teles      ;13:57
236483                            ;09/06/2025;    ;646432;007;    ;0066203;JP BARBEARIA                                      ;(77)99992-1350 ;010;102;RDN7A69;      15,60;    0,00;09/06/2025;82;ENDERECO NAO ENCONTRADO       ;   ;teles      ;13:57
236483                            ;09/06/2025;    ;646439;007;    ;0063922;BUTECO DA LEIDEDAI                                ;(74)98835-7598 ;010;103;RDN7A69;     117,00;    0,13;09/06/2025;71;SEM DINHEIRO/CHEQUE           ;DER;teles      ;14:42
236484                            ;09/06/2025;    ;646460;007;    ;0063597;DISTRIBUIDORA                                     ;(74)99953-1152 ;010;101;RDN1D46;     720,10;    1,02;09/06/2025;73;FALTA DE ATIVOS DE GIRO       ;   ;teles      ;11:01
236503                            ;10/06/2025;    ;646515;007;    ;0052241;CHURRASCARIA GOMES                                ;(74)98847-9071 ;020;205;RDC5J22;     305,85;    0,56;11/06/2025;71;SEM DINHEIRO/CHEQUE           ;   ;teles      ;18:12
236503                            ;10/06/2025;    ;646516;007;    ;0052241;CHURRASCARIA GOMES                                ;(74)98847-9071 ;020;205;RDC5J22;     211,02;    1,26;11/06/2025;71;SEM DINHEIRO/CHEQUE           ;   ;teles      ;18:12
236505                            ;10/06/2025;    ;646594;007;    ;0054648;GELADaO REIS                                      ;(74) 8142-0596 ;010;109;RPE4C71;     275,42;    0,33;10/06/2025;72;PDV FECHADO (HORARIO COM.)    ;   ;silva      ;18:23
236514                            ;10/06/2025;    ;646927;007;    ;0058106;merc. dst levante                                 ;(74)98839-0979 ;010;111;SKK9D97;      13,59;    0,01;10/06/2025;42;Produto/Quantidade Errada     ;   ;idute      ;18:01
236515                            ;10/06/2025;    ;646947;007;    ;0000307;MERCADINHO BOM PRECO                              ;(74)99929-4109 ;010;105;PKK0690;       4,54;    0,00;10/06/2025;42;Produto/Quantidade Errada     ;   ;idute      ;17:56
236516                            ;10/06/2025;    ;646968;007;    ;0005020;DISTR NETO PRETO                                  ;(74)98821-0554 ;010;110;RDJ0G42;     937,13;    2,02;10/06/2025;87;TEMPO INSUFICIENTE            ;DER;silva      ;19:43
236516                            ;10/06/2025;    ;646970;007;    ;0025990;DEPOSITO BEER                                     ;(74)98831-8360 ;010;105;RDJ0G42;     118,09;    0,12;10/06/2025;87;TEMPO INSUFICIENTE            ;   ;silva      ;19:44
236516                            ;10/06/2025;    ;646975;007;    ;0025873;JVF MERCADINHO                                    ;(74)98814-9114 ;010;102;RDJ0G42;     292,21;    0,53;10/06/2025;87;TEMPO INSUFICIENTE            ;   ;silva      ;19:44
236516                            ;10/06/2025;    ;646983;007;    ;0064196;J S TRANSPORTES                                   ;(74)99818-1047 ;010;102;RDJ0G42;     269,50;    0,34;10/06/2025;87;TEMPO INSUFICIENTE            ;   ;silva      ;19:43
236516                            ;10/06/2025;    ;646984;007;    ;0064196;J S TRANSPORTES                                   ;(74)99818-1047 ;010;102;RDJ0G42;     269,50;    0,34;10/06/2025;87;TEMPO INSUFICIENTE            ;DER;silva      ;19:43
236517                            ;10/06/2025;    ;647007;007;    ;0056726;BAR E REST 7 PORTAS                               ;(74)98817-3734 ;010;110;SJQ9B60;     298,54;    0,61;10/06/2025;72;PDV FECHADO (HORARIO COM.)    ;DER;silva      ;19:06
236519                            ;10/06/2025;    ;647045;007;    ;0054784;LANCH BA-210                                      ;(74)99101-7966 ;010;104;OZE4956;     533,26;    0,59;10/06/2025;72;PDV FECHADO (HORARIO COM.)    ;   ;idute      ;16:59
236524                            ;10/06/2025;    ;647200;007;    ;0051459;ESPETINHO PALADAR                                 ;(74)99154-8610 ;010;103;RDN7A69;      59,21;    0,18;10/06/2025;72;PDV FECHADO (HORARIO COM.)    ;   ;idute      ;16:02
236525                            ;10/06/2025;    ;647231;007;    ;0066157;COMEC ALVES                                       ;(74)99984-6164 ;010;107;RPR6D25;     192,88;    0,04;10/06/2025;82;ENDERECO NAO ENCONTRADO       ;   ;idute      ;16:12
236525                            ;10/06/2025;    ;647237;007;    ;0065822;LAU                                               ;(74)98811-9482 ;010;106;RPR6D25;     311,60;    0,35;10/06/2025;73;FALTA DE ATIVOS DE GIRO       ;   ;idute      ;16:12
236526                            ;10/06/2025;    ;647276;007;    ;0056804;CLEONEIDE ALVES DOS                               ;(74)98113-4215 ;010;101;RDN1D46;      26,30;    0,12;10/06/2025;72;PDV FECHADO (HORARIO COM.)    ;   ;idute      ;17:38
236527                            ;10/06/2025;    ;647303;007;    ;0054838;GELADAO CANA BRAVA                                ;(74)99915-2484 ;010;107;JII1442;    2695,00;    3,45;10/06/2025;42;Produto/Quantidade Errada     ;DER;silva      ;18:51
236555                            ;11/06/2025;    ;647532;007;    ;0064813;REST DARLEY REIS                                  ;(74)98813-5491 ;020;204;RDC8F64;     617,86;    0,66;12/06/2025;42;Produto/Quantidade Errada     ;   ;idute      ;16:37
236556                            ;11/06/2025;    ;647549;007;    ;0053115;PAN MIL                                           ;(74)98858-3346 ;020;203;OUX3F90;     408,60;    0,39;13/06/2025;42;Produto/Quantidade Errada     ;   ;teles      ;13:57
236556                            ;11/06/2025;    ;647561;007;    ;0025710;SUPERMERCADO DO NETO                              ;(74)98126-7071 ;020;203;OUX3F90;    1119,98;    1,36;13/06/2025;73;FALTA DE ATIVOS DE GIRO       ;   ;teles      ;13:56
236557                            ;11/06/2025;    ;647687;007;    ;0064983;FRIG EMPORIO CARNES                               ;(74)99954-0689 ;020;200;RPP0E77;    2903,50;    3,51;11/06/2025;72;PDV FECHADO (HORARIO COM.)    ;DER;teles      ;18:07
236561                            ;11/06/2025;    ;647819;007;    ;0051932;BAR DO LEGAL                                      ;(74)98115-3779 ;020;202;NZM4666;     244,58;    0,78;12/06/2025;71;SEM DINHEIRO/CHEQUE           ;   ;idute      ;15:50
236561                            ;11/06/2025;    ;647820;007;    ;0051932;BAR DO LEGAL                                      ;(74)98115-3779 ;020;202;NZM4666;      12,38;    0,06;12/06/2025;71;SEM DINHEIRO/CHEQUE           ;   ;idute      ;15:51
236561                            ;11/06/2025;    ;647868;007;    ;0055200;PONTO DO ACAI GOUMER                              ;(74)98116-4940 ;020;202;NZM4666;     174,18;    0,40;12/06/2025;71;SEM DINHEIRO/CHEQUE           ;   ;idute      ;15:51
236561                            ;11/06/2025;    ;647870;007;    ;0064649;BAR DA BETANIA                                    ;(74)98116-8554 ;020;202;NZM4666;      95,28;    0,24;12/06/2025;71;SEM DINHEIRO/CHEQUE           ;DER;idute      ;15:51
236568                            ;11/06/2025;    ;648053;007;    ;0057609;MERCADINHO PEREIRA                                ;(74)98859-2472 ;080;810;RDJ0G42;      14,19;    0,00;11/06/2025;42;Produto/Quantidade Errada     ;DER;gabriel.jz ;18:27
236569                            ;11/06/2025;    ;648084;007;    ;0057555;CHERINHO BEBIDAS                                  ;(74)98839-0440 ;010;108;RPR6D25;      18,38;    0,02;11/06/2025;42;Produto/Quantidade Errada     ;DER;teles      ;17:40
236569                            ;11/06/2025;    ;648086;007;    ;0062377;MARMITEX DA SHIRLEY                               ;(75)99975-1584 ;010;107;RPR6D25;      96,24;    0,22;11/06/2025;82;ENDERECO NAO ENCONTRADO       ;DER;teles      ;17:40
236575                            ;11/06/2025;    ;648259;007;    ;0053331;DIST ALTAS HORAS                                  ;(74)98834-9228 ;010;104;OZF1202;     161,70;    0,20;11/06/2025;42;Produto/Quantidade Errada     ;   ;teles      ;15:29
236575                            ;11/06/2025;    ;648279;007;    ;0060918;MERCADINHO EDILENE                                ;(74)98826-0607 ;010;104;OZF1202;     325,55;    0,54;11/06/2025;72;PDV FECHADO (HORARIO COM.)    ;   ;teles      ;15:29
236575                            ;11/06/2025;    ;648284;007;    ;0053652;MERCADINHO CRUZ                                   ;(74)98811-5979 ;010;104;OZF1202;     382,84;    0,65;11/06/2025;42;Produto/Quantidade Errada     ;   ;teles      ;15:28
236575                            ;11/06/2025;    ;648285;007;    ;0053652;MERCADINHO CRUZ                                   ;(74)98811-5979 ;010;104;OZF1202;       4,42;    0,00;11/06/2025;42;Produto/Quantidade Errada     ;   ;teles      ;15:28
236580                            ;11/06/2025;    ;648389;007;    ;0054300;VILLA MERCADINHO                                  ;(74)98807-1399 ;010;111;PKL6654;      10,43;    0,01;11/06/2025;42;Produto/Quantidade Errada     ;   ;teles      ;13:43
236583                            ;11/06/2025;    ;648415;007;    ;0066122;ÁGUIDA AMORIM                                     ;(75)98831-0710 ;010;105;RDN1D46;       1,03;    0,00;11/06/2025;42;Produto/Quantidade Errada     ;   ;teles      ;17:56
236600                            ;12/06/2025;    ;648620;007;    ;0051170;BAR E MERC CARDIAL                                ;(74)99954-4980 ;020;203;NZN0E75;     194,82;    0,26;14/06/2025;42;Produto/Quantidade Errada     ;   ;idute      ;16:43
236600                            ;12/06/2025;    ;648621;007;    ;0051170;BAR E MERC CARDIAL                                ;(74)99954-4980 ;020;203;NZN0E75;     856,02;    1,10;14/06/2025;42;Produto/Quantidade Errada     ;   ;idute      ;16:43
236600                            ;12/06/2025;    ;648622;007;    ;0051170;BAR E MERC CARDIAL                                ;(74)99954-4980 ;020;203;NZN0E75;     397,64;    0,37;14/06/2025;42;Produto/Quantidade Errada     ;   ;idute      ;16:44
236600                            ;12/06/2025;    ;648623;007;    ;0051170;BAR E MERC CARDIAL                                ;(74)99954-4980 ;020;203;NZN0E75;     542,51;    0,42;14/06/2025;42;Produto/Quantidade Errada     ;   ;idute      ;16:44
236600                            ;12/06/2025;    ;648624;007;    ;0051170;BAR E MERC CARDIAL                                ;(74)99954-4980 ;020;203;NZN0E75;     238,79;    0,27;14/06/2025;42;Produto/Quantidade Errada     ;   ;idute      ;16:45
236600                            ;12/06/2025;    ;648625;007;    ;0051170;BAR E MERC CARDIAL                                ;(74)99954-4980 ;020;203;NZN0E75;     243,28;    0,26;14/06/2025;42;Produto/Quantidade Errada     ;   ;idute      ;16:45
236600                            ;12/06/2025;    ;648626;007;    ;0051170;BAR E MERC CARDIAL                                ;(74)99954-4980 ;020;203;NZN0E75;     376,19;    0,23;14/06/2025;42;Produto/Quantidade Errada     ;   ;idute      ;16:46
236600                            ;12/06/2025;    ;648627;007;    ;0051170;BAR E MERC CARDIAL                                ;(74)99954-4980 ;020;203;NZN0E75;     105,20;    0,12;14/06/2025;42;Produto/Quantidade Errada     ;   ;idute      ;16:46
236600                            ;12/06/2025;    ;648628;007;    ;0051170;BAR E MERC CARDIAL                                ;(74)99954-4980 ;020;203;NZN0E75;    2183,81;    2,76;14/06/2025;42;Produto/Quantidade Errada     ;   ;idute      ;16:44
236602                            ;12/06/2025;    ;648698;007;    ;0024014;BAR DO PAQUERA                                    ;(74)98862-9167 ;020;200;RPP0E77;     269,50;    0,34;12/06/2025;72;PDV FECHADO (HORARIO COM.)    ;   ;idute      ;14:45
236602                            ;12/06/2025;    ;648703;007;    ;0050775;BAR DO ADELSON                                    ;(74)98812-1983 ;020;200;RPP0E77;     596,06;    0,75;12/06/2025;72;PDV FECHADO (HORARIO COM.)    ;   ;idute      ;14:44
236607                            ;12/06/2025;    ;648899;007;    ;0066096;AMORIM BAR                                        ;(87)99152-6432 ;010;108;OZF1202;     577,50;    0,63;12/06/2025;42;Produto/Quantidade Errada     ;   ;silva      ;18:14
236607                            ;12/06/2025;    ;648911;007;    ;0064870;DISTRIBUIDORA SOUZA                               ;(74)98147-8455 ;010;108;OZF1202;     845,12;    1,10;12/06/2025;72;PDV FECHADO (HORARIO COM.)    ;   ;silva      ;18:15
236607                            ;12/06/2025;    ;648912;007;    ;0064870;DISTRIBUIDORA SOUZA                               ;(74)98147-8455 ;010;108;OZF1202;      30,77;    0,04;12/06/2025;72;PDV FECHADO (HORARIO COM.)    ;   ;silva      ;18:15
236607                            ;12/06/2025;    ;648913;007;    ;0064870;DISTRIBUIDORA SOUZA                               ;(74)98147-8455 ;010;108;OZF1202;      30,77;    0,04;12/06/2025;72;PDV FECHADO (HORARIO COM.)    ;   ;silva      ;18:16
236607                            ;12/06/2025;    ;648914;007;    ;0064870;DISTRIBUIDORA SOUZA                               ;(74)98147-8455 ;010;108;OZF1202;      43,02;    0,12;12/06/2025;72;PDV FECHADO (HORARIO COM.)    ;   ;silva      ;18:15
236607                            ;12/06/2025;    ;648933;007;    ;0066173;MERCEARIA IRACY                                   ;(74)98810-0198 ;080;810;OZF1202;     334,30;    0,41;12/06/2025;82;ENDERECO NAO ENCONTRADO       ;   ;silva      ;18:17
236607                            ;12/06/2025;    ;648934;007;    ;0066173;MERCEARIA IRACY                                   ;(74)98810-0198 ;080;810;OZF1202;      14,22;    0,00;12/06/2025;82;ENDERECO NAO ENCONTRADO       ;   ;silva      ;18:17
236610                            ;12/06/2025;    ;648977;007;    ;0057468;CANTINHO  DA DORA                                 ;(74)98141-2106 ;010;102;OZD4576;     517,54;    0,73;12/06/2025;71;SEM DINHEIRO/CHEQUE           ;   ;idute      ;17:28
236611                            ;12/06/2025;    ;648999;007;    ;0053380;DISTRIB DAKIPRAKSA                                ;(74)98833-5495 ;010;111;PKK0690;       2,61;    0,00;12/06/2025;42;Produto/Quantidade Errada     ;   ;idute      ;16:24
236615                            ;12/06/2025;    ;649138;007;    ;0065895;GBA DISTRIBUIDORA                                 ;(74)98846-2739 ;010;104;NZM9993;     494,70;    0,60;12/06/2025;71;SEM DINHEIRO/CHEQUE           ;   ;silva      ;19:06
236616                            ;12/06/2025;    ;649200;007;    ;0054142;EDU COMERCIAL                                     ;(74)98814-0409 ;010;111;SKK9B87;    2708,74;    3,45;13/06/2025;72;PDV FECHADO (HORARIO COM.)    ;DER;teles      ;14:43
236624                            ;12/06/2025;    ;649404;007;    ;0056957;BUTECO  DO VALLE                                  ;(74)98816-2670 ;010;110;RDN7A69;      13,04;    0,01;12/06/2025;42;Produto/Quantidade Errada     ;   ;idute      ;16:08
236624                            ;12/06/2025;    ;649405;007;    ;0056154;TURMA DO COPO                                     ;(74)98873-1836 ;010;110;RDN7A69;     106,32;    0,16;12/06/2025;72;PDV FECHADO (HORARIO COM.)    ;   ;idute      ;16:09
236624                            ;12/06/2025;    ;649406;007;    ;0056154;TURMA DO COPO                                     ;(74)98873-1836 ;010;110;RDN7A69;     111,44;    0,16;12/06/2025;72;PDV FECHADO (HORARIO COM.)    ;   ;idute      ;16:09
236624                            ;12/06/2025;    ;649407;007;    ;0056154;TURMA DO COPO                                     ;(74)98873-1836 ;010;110;RDN7A69;     299,40;    0,34;12/06/2025;72;PDV FECHADO (HORARIO COM.)    ;   ;idute      ;16:09
236624                            ;12/06/2025;    ;649408;007;    ;0056154;TURMA DO COPO                                     ;(74)98873-1836 ;010;110;RDN7A69;     392,58;    0,37;12/06/2025;72;PDV FECHADO (HORARIO COM.)    ;   ;idute      ;16:09
236624                            ;12/06/2025;    ;649409;007;    ;0056154;TURMA DO COPO                                     ;(74)98873-1836 ;010;110;RDN7A69;     392,58;    0,37;12/06/2025;72;PDV FECHADO (HORARIO COM.)    ;   ;idute      ;16:10
236631                            ;12/06/2025;    ;649501;007;    ;0057018;OSTENTA BAR                                       ;(74)98150-3897 ;020;202;LKI1H89;     419,10;    0,80;12/06/2025;72;PDV FECHADO (HORARIO COM.)    ;   ;silva      ;19:21
236646                            ;13/06/2025;    ;649582;007;    ;0052994;BAR E MER DO LUCIANO                              ;(74)98110-8004 ;020;204;OUX8B81;     386,90;    0,46;14/06/2025;70;CLIENTE CANCELOU              ;   ;idute      ;11:48
236646                            ;13/06/2025;    ;649583;007;    ;0052994;BAR E MER DO LUCIANO                              ;(74)98110-8004 ;020;204;OUX8B81;     427,90;    0,46;14/06/2025;70;CLIENTE CANCELOU              ;   ;idute      ;11:47
236646                            ;13/06/2025;    ;649584;007;    ;0052994;BAR E MER DO LUCIANO                              ;(74)98110-8004 ;020;204;OUX8B81;     353,90;    0,46;14/06/2025;70;CLIENTE CANCELOU              ;   ;idute      ;11:47
236646                            ;13/06/2025;    ;649587;007;    ;0052994;BAR E MER DO LUCIANO                              ;(74)98110-8004 ;020;204;OUX8B81;      79,78;    0,08;14/06/2025;70;CLIENTE CANCELOU              ;   ;idute      ;11:48
236647                            ;13/06/2025;    ;649624;007;    ;0050219;BAR SENSACAO                                      ;(74)99941-9987 ;020;205;RDC8F64;    1518,59;    1,78;14/06/2025;72;PDV FECHADO (HORARIO COM.)    ;   ;idute      ;13:22
236648                            ;13/06/2025;    ;649694;007;    ;0024909;BAR DO LUIS                                       ;(74)98837-4079 ;020;201;RPP7B52;     707,46;    0,84;14/06/2025;72;PDV FECHADO (HORARIO COM.)    ;   ;idute      ;11:27
236648                            ;13/06/2025;    ;649696;007;    ;0066064;DISTRIBUIDORA 23 HOR                              ;(74)98152-8157 ;020;201;RPP7B52;     288,40;    0,36;14/06/2025;72;PDV FECHADO (HORARIO COM.)    ;   ;idute      ;11:25
236648                            ;13/06/2025;    ;649697;007;    ;0066064;DISTRIBUIDORA 23 HOR                              ;(74)98152-8157 ;020;201;RPP7B52;      47,94;    0,01;14/06/2025;72;PDV FECHADO (HORARIO COM.)    ;   ;idute      ;11:26
236648                            ;13/06/2025;    ;649698;007;    ;0066064;DISTRIBUIDORA 23 HOR                              ;(74)98152-8157 ;020;201;RPP7B52;      27,00;    0,04;14/06/2025;72;PDV FECHADO (HORARIO COM.)    ;   ;idute      ;11:26
236652                            ;13/06/2025;    ;649855;007;    ;0057975;ART REY                                           ;(74) 9912-5212 ;020;202;NZM4666;    1478,50;    1,49;14/06/2025;73;FALTA DE ATIVOS DE GIRO       ;   ;silva      ;18:13
236653                            ;13/06/2025;    ;649889;007;    ;0055723;VAREJAO PAGUE MENOS                               ;(74)99104-0161 ;020;202;SKK0A55;    1396,00;    1,68;14/06/2025;71;SEM DINHEIRO/CHEQUE           ;   ;silva      ;19:33
236655                            ;13/06/2025;    ;649926;007;    ;0063206;boteco da pitu                                    ;(74)98804-7587 ;010;100;OZE4956;      18,38;    0,02;13/06/2025;72;PDV FECHADO (HORARIO COM.)    ;DER;teles      ;17:47
236655                            ;13/06/2025;    ;649941;007;    ;0057672;SOUZA BEBIDAS                                     ;(74)99909-8560 ;010;107;OZE4956;     539,00;    0,69;13/06/2025;72;PDV FECHADO (HORARIO COM.)    ;   ;teles      ;17:47
236660                            ;13/06/2025;    ;650105;007;    ;0065240;DISTRIBUIDORA DO ROB                              ;(74)98813-6780 ;010;102;PKK0690;     142,58;    0,08;14/06/2025;72;PDV FECHADO (HORARIO COM.)    ;   ;idute      ;10:11
236660                            ;13/06/2025;    ;650106;007;    ;0065240;DISTRIBUIDORA DO ROB                              ;(74)98813-6780 ;010;102;PKK0690;     271,95;    0,32;14/06/2025;72;PDV FECHADO (HORARIO COM.)    ;   ;idute      ;10:11
236660                            ;13/06/2025;    ;650107;007;    ;0062342;BOTECO DO NEGUINHO                                ;(74)98846-9687 ;010;102;PKK0690;     192,42;    0,18;14/06/2025;72;PDV FECHADO (HORARIO COM.)    ;   ;idute      ;10:12
236663                            ;13/06/2025;    ;650181;007;    ;0053776;DISTRIB.E MERC. DIAS                              ;(74)98818-2624 ;010;102;OZF1202;     235,49;    0,33;13/06/2025;71;SEM DINHEIRO/CHEQUE           ;   ;teles      ;15:48
236663                            ;13/06/2025;    ;650182;007;    ;0053776;DISTRIB.E MERC. DIAS                              ;(74)98818-2624 ;010;102;OZF1202;     260,45;    0,40;13/06/2025;71;SEM DINHEIRO/CHEQUE           ;   ;teles      ;15:48
236665                            ;13/06/2025;    ;650234;007;    ;0057175;Deposito do Chueira                               ;(74)99809-1508 ;010;111;SKK9D97;    4099,70;    5,21;13/06/2025;50;CARGA ERRADA ARMAZEM          ;   ;gabriel.jz ;18:33
236665                            ;13/06/2025;    ;650235;007;    ;0057175;Deposito do Chueira                               ;(74)99809-1508 ;010;111;SKK9D97;      36,90;    0,04;13/06/2025;50;CARGA ERRADA ARMAZEM          ;   ;gabriel.jz ;18:33
236665                            ;13/06/2025;    ;650243;007;    ;0063226;BONTEMPO JUA                                      ;(74)98828-9623 ;080;810;SKK9D97;    1237,37;    1,14;13/06/2025;50;CARGA ERRADA ARMAZEM          ;   ;gabriel.jz ;18:34
236665                            ;13/06/2025;    ;650244;007;    ;0063226;BONTEMPO JUA                                      ;(74)98828-9623 ;080;810;SKK9D97;     528,18;    0,30;13/06/2025;50;CARGA ERRADA ARMAZEM          ;   ;gabriel.jz ;18:34
236667                            ;13/06/2025;    ;650305;007;    ;0057774;CHACARA DONA ROSA                                 ;(74)98106-0802 ;010;104;OVB5042;     149,90;    0,14;13/06/2025;73;FALTA DE ATIVOS DE GIRO       ;   ;teles      ;15:54
236667                            ;13/06/2025;    ;650309;007;    ;0057774;CHACARA DONA ROSA                                 ;(74)98106-0802 ;010;104;OVB5042;     121,23;    0,21;13/06/2025;50;CARGA ERRADA ARMAZEM          ;   ;teles      ;15:54
236667                            ;13/06/2025;    ;650310;007;    ;0057774;CHACARA DONA ROSA                                 ;(74)98106-0802 ;010;104;OVB5042;     107,14;    0,13;13/06/2025;50;CARGA ERRADA ARMAZEM          ;   ;teles      ;15:54
236674                            ;13/06/2025;    ;650446;007;    ;0054471;BISTRO FLOR DE CAROA                              ;(87)98173-0015 ;010;107;MSG0C01;     787,96;    1,31;14/06/2025;70;CLIENTE CANCELOU              ;DER;idute      ;11:02
236674                            ;13/06/2025;    ;650447;007;    ;0054471;BISTRO FLOR DE CAROA                              ;(87)98173-0015 ;010;107;MSG0C01;       8,54;    0,00;14/06/2025;70;CLIENTE CANCELOU              ;   ;idute      ;11:03
236691                            ;14/06/2025;    ;650472;007;    ;0057540;Amorim  Bebidas                                   ;(74)99915-6755 ;010;102;SKK9B87;    1416,50;    1,47;14/06/2025;42;Produto/Quantidade Errada     ;   ;idute      ;14:47
236692                            ;14/06/2025;    ;650495;007;    ;0065917;BODE GELADO DIST                                  ;(61)99672-5010 ;010;104;NZM7723;     474,57;    0,42;14/06/2025;73;FALTA DE ATIVOS DE GIRO       ;   ;idute      ;14:46
236693                            ;14/06/2025;    ;650524;007;    ;0059160;Mercadinho Alencar                                ;(74)98848-2957 ;080;810;NZM9993;     937,78;    0,84;14/06/2025;71;SEM DINHEIRO/CHEQUE           ;   ;idute      ;16:57
236694                            ;14/06/2025;    ;650540;007;    ;0055373;DISTRI DO RONALDO                                 ;(74)98832-6790 ;010;111;OZE4956;    1462,72;    1,86;14/06/2025;85;DIFICIL ACESSO                ;   ;idute      ;15:20
236694                            ;14/06/2025;    ;650541;007;    ;0055373;DISTRI DO RONALDO                                 ;(74)98832-6790 ;010;111;OZE4956;     118,84;    0,07;14/06/2025;85;DIFICIL ACESSO                ;   ;idute      ;15:21
236694                            ;14/06/2025;    ;650542;007;    ;0055373;DISTRI DO RONALDO                                 ;(74)98832-6790 ;010;111;OZE4956;    3792,24;    4,83;14/06/2025;85;DIFICIL ACESSO                ;   ;idute      ;15:21
236698                            ;14/06/2025;    ;650668;007;    ;0003331;MERCADINHO RIBEIRO                                ;(74)98832-2694 ;010;103;OZF1202;       2,61;    0,00;14/06/2025;42;Produto/Quantidade Errada     ;   ;idute      ;13:45
236699                            ;14/06/2025;    ;650685;007;    ;0024450;BAR DO JACARE                                     ;(74)98829-9244 ;010;110;RDJ0G42;     887,70;    1,23;14/06/2025;42;Produto/Quantidade Errada     ;   ;idute      ;17:31
236699                            ;14/06/2025;    ;650693;007;    ;0057158;Janaina                                           ;(87)98866-0720 ;010;102;RDJ0G42;     539,00;    0,69;14/06/2025;65;NAO FEZ PEDIDO                ;   ;idute      ;17:32
236701                            ;14/06/2025;    ;650735;007;    ;0063838;SANTOS BAR E MERCEAR                              ;(74)98859-2097 ;010;102;RDN1D46;     128,80;    0,18;14/06/2025;72;PDV FECHADO (HORARIO COM.)    ;   ;idute      ;14:59
236702                            ;14/06/2025;    ;650756;007;    ;0066161;MS DISTRIBUIDORA                                  ;(74)98818-8317 ;010;103;RDN7A69;     269,50;    0,34;14/06/2025;72;PDV FECHADO (HORARIO COM.)    ;DER;idute      ;13:41
236702                            ;14/06/2025;    ;650780;007;    ;0063509;BAIRRO FARMA                                      ;(87)98863-5657 ;010;101;RDN7A69;      18,38;    0,02;14/06/2025;72;PDV FECHADO (HORARIO COM.)    ;DER;idute      ;13:41
236703                            ;14/06/2025;    ;650791;007;    ;0062306;PANIFICADORA ROTA                                 ;(74)99147-6858 ;010;107;RPR6D25;       7,83;    0,01;14/06/2025;42;Produto/Quantidade Errada     ;   ;idute      ;14:12
236703                            ;14/06/2025;    ;650792;007;    ;0062306;PANIFICADORA ROTA                                 ;(74)99147-6858 ;010;107;RPR6D25;       3,40;    0,00;14/06/2025;42;Produto/Quantidade Errada     ;   ;idute      ;14:13
236722                            ;16/06/2025;    ;650839;007;    ;0055255;MERC. RENAURY                                     ;(55)74998-4051 ;020;205;RPJ2H66;   21815,01;   24,11;16/06/2025;85;DIFICIL ACESSO                ;   ;silva      ;19:12
236722                            ;16/06/2025;    ;650840;007;    ;0055255;MERC. RENAURY                                     ;(55)74998-4051 ;020;205;RPJ2H66;      55,68;    0,24;16/06/2025;85;DIFICIL ACESSO                ;   ;silva      ;19:12
236722                            ;16/06/2025;    ;650841;007;    ;0055255;MERC. RENAURY                                     ;(55)74998-4051 ;020;205;RPJ2H66;     169,45;    0,06;16/06/2025;85;DIFICIL ACESSO                ;   ;silva      ;19:13
236723                            ;16/06/2025;    ;650868;007;    ;0062151;CLUB AQUACITY                                     ;(11)96212-7454 ;020;203;RDC8F64;     324,60;    0,54;18/06/2025;42;Produto/Quantidade Errada     ;   ;idute      ;15:10
236724                            ;16/06/2025;    ;650921;007;    ;0050728;EMPORIO BOTAFOGO                                  ;(74)99977-6853 ;020;203;RDC5J22;      13,04;    0,01;16/06/2025;40;Horario de Entrega            ;   ;idute      ;17:43
236725                            ;16/06/2025;    ;650941;007;    ;0065474;DIST BEB BOLA DE OUR                              ;(74)99969-6037 ;020;203;OUX8B81;     270,00;    0,42;17/06/2025;42;Produto/Quantidade Errada     ;   ;teles      ;14:04
236730                            ;16/06/2025;    ;651185;007;    ;0051452;BAR DO TONINHO                                    ;(74)99920-3576 ;010;109;RPE4C71;       3,40;    0,00;16/06/2025;42;Produto/Quantidade Errada     ;   ;silva      ;20:44
236732                            ;16/06/2025;    ;651235;007;    ;0064900;PADARIA BOM SABOR                                 ;(74)99137-9783 ;020;202;NZM4666;     105,72;    0,30;17/06/2025;72;PDV FECHADO (HORARIO COM.)    ;   ;teles      ;17:26
236732                            ;16/06/2025;    ;651287;007;    ;0050451;BAR  DA RITA                                      ;(74)98826-2768 ;020;202;NZM4666;    2284,13;    2,38;17/06/2025;73;FALTA DE ATIVOS DE GIRO       ;   ;teles      ;17:26
236732                            ;16/06/2025;    ;651288;007;    ;0050451;BAR  DA RITA                                      ;(74)98826-2768 ;020;202;NZM4666;      89,38;    0,14;17/06/2025;73;FALTA DE ATIVOS DE GIRO       ;   ;teles      ;17:27
236734                            ;16/06/2025;    ;651352;007;    ;0056093;Dep.costa                                         ;(74)98861-8661 ;020;202;NZM7723;    1047,04;    1,12;17/06/2025;71;SEM DINHEIRO/CHEQUE           ;   ;teles      ;15:11
236734                            ;16/06/2025;    ;651353;007;    ;0056093;Dep.costa                                         ;(74)98861-8661 ;020;202;NZM7723;      28,92;    0,04;17/06/2025;71;SEM DINHEIRO/CHEQUE           ;   ;teles      ;15:11
236734                            ;16/06/2025;    ;651374;007;    ;0053972;BAR DA IVALDA                                     ;(74)99936-5058 ;020;201;NZM7723;    1023,91;    1,33;17/06/2025;71;SEM DINHEIRO/CHEQUE           ;   ;teles      ;15:10
236742                            ;16/06/2025;    ;651581;007;    ;0065769;TROPICAL BEBIDAS                                  ;(74)98859-6244 ;010;111;PKP6178;   13475,00;   17,25;16/06/2025;73;FALTA DE ATIVOS DE GIRO       ;   ;idute      ;14:42
236750                            ;16/06/2025;    ;651682;007;    ;0062613;DESTRIBUIDORA DA NIL                              ;(74)98829-0429 ;010;101;RDN7A69;     269,50;    0,34;16/06/2025;23;(C)Pedidos duplicados         ;   ;idute      ;16:14
236767                            ;17/06/2025;    ;651763;007;    ;0052823;BOMFIM EVENTOS                                    ;(74) 3535-1314 ;020;203;OZD4576;     572,90;    0,64;19/06/2025;50;CARGA ERRADA ARMAZEM          ;   ;teles      ;16:05
236767                            ;17/06/2025;    ;651797;007;    ;0063585;BAR DE DIDI                                       ;(74)98873-8594 ;020;204;OZD4576;     281,88;    0,40;19/06/2025;42;Produto/Quantidade Errada     ;   ;teles      ;16:04
236769                            ;17/06/2025;    ;651872;007;    ;0063465;REST STO ANTONIO                                  ;(74)98106-8262 ;010;109;RCP2C35;     289,90;    0,36;17/06/2025;71;SEM DINHEIRO/CHEQUE           ;   ;gabriel.jz ;19:33
236771                            ;17/06/2025;    ;651953;007;    ;0058622;CHAPA QUENTE                                      ;(74)98829-3028 ;020;200;RCQ9D86;     861,28;    0,92;18/06/2025;72;PDV FECHADO (HORARIO COM.)    ;   ;idute      ;17:39
236771                            ;17/06/2025;    ;651954;007;    ;0058622;CHAPA QUENTE                                      ;(74)98829-3028 ;020;200;RCQ9D86;      35,43;    0,01;18/06/2025;72;PDV FECHADO (HORARIO COM.)    ;   ;idute      ;17:39
236771                            ;17/06/2025;    ;651955;007;    ;0058622;CHAPA QUENTE                                      ;(74)98829-3028 ;020;200;RCQ9D86;     103,21;    0,07;18/06/2025;72;PDV FECHADO (HORARIO COM.)    ;   ;idute      ;17:40
236773                            ;17/06/2025;    ;652034;007;    ;0062386;BAR DA VOLTA                                      ;(74)99907-6113 ;010;107;OZE4956;    2957,04;    3,64;17/06/2025;87;TEMPO INSUFICIENTE            ;   ;gabriel.jz ;18:30
236773                            ;17/06/2025;    ;652052;007;    ;0051883;BAR DO NEGAO                                      ;(74) 3617-6035 ;010;107;OZE4956;       5,22;    0,00;17/06/2025;42;Produto/Quantidade Errada     ;   ;gabriel.jz ;18:31
236776                            ;17/06/2025;    ;652150;007;    ;0065842;J E G                                             ;(74)98839-8132 ;010;100;SJQ2B65;     668,93;    0,81;17/06/2025;43;Forma de Pagamento            ;   ;teles      ;17:22
236776                            ;17/06/2025;    ;652151;007;    ;0065842;J E G                                             ;(74)98839-8132 ;010;100;SJQ2B65;      28,92;    0,04;17/06/2025;43;Forma de Pagamento            ;   ;teles      ;17:22
236776                            ;17/06/2025;    ;652152;007;    ;0065544;DISTRIBUIDORA PAIXaO                              ;(74)99817-9878 ;010;100;SJQ2B65;     578,96;    0,81;17/06/2025;43;Forma de Pagamento            ;   ;teles      ;17:22
236777                            ;17/06/2025;    ;652192;007;    ;0053741;REST. RIO CENTER GOU                              ;(74)98807-5015 ;010;110;RDJ0G42;     117,00;    0,13;17/06/2025;72;PDV FECHADO (HORARIO COM.)    ;DER;teles      ;16:31
236778                            ;17/06/2025;    ;652197;007;    ;0007120;MERCADINHO PACHECO                                ;(74)98134-0706 ;010;102;RDN7A69;      44,44;    0,10;17/06/2025;71;SEM DINHEIRO/CHEQUE           ;   ;teles      ;16:21
236778                            ;17/06/2025;    ;652214;007;    ;0056784;JOSINA ROSA DA CONCE                              ;(74)98104-7940 ;010;102;RDN7A69;     269,50;    0,34;17/06/2025;72;PDV FECHADO (HORARIO COM.)    ;   ;teles      ;16:21
236780                            ;17/06/2025;    ;652270;007;    ;0056619;GJ COMERCIO DE BEBID                              ;(74)98859-2436 ;010;111;PKK0690;       3,40;    0,00;17/06/2025;42;Produto/Quantidade Errada     ;   ;gabriel.jz ;19:29
236781                            ;17/06/2025;    ;652296;007;    ;0056676;MERCADINHO POPULAR                                ;(74)98831-2735 ;010;101;OUG2987;      18,38;    0,02;18/06/2025;72;PDV FECHADO (HORARIO COM.)    ;DER;idute      ;13:28
236783                            ;17/06/2025;    ;652351;007;    ;0055290;MERC EDILENE 2                                    ;(74) 3611-8621 ;010;104;PKK8518;     352,30;    0,43;17/06/2025;72;PDV FECHADO (HORARIO COM.)    ;   ;teles      ;16:48
236783                            ;17/06/2025;    ;652352;007;    ;0055290;MERC EDILENE 2                                    ;(74) 3611-8621 ;010;104;PKK8518;      53,90;    0,06;17/06/2025;72;PDV FECHADO (HORARIO COM.)    ;   ;teles      ;16:48
236788                            ;17/06/2025;    ;652455;007;    ;0051311;RANCHO MANDACARU                                  ;(74) 3613-8701 ;010;110;RDN1D46;     897,82;    0,78;17/06/2025;72;PDV FECHADO (HORARIO COM.)    ;DER;teles      ;16:26
236790                            ;17/06/2025;    ;652471;007;    ;0051139;MERCADINHO ALENCAR                                ;(74)98811-4414 ;080;810;LKI1H89;       9,08;    0,00;17/06/2025;42;Produto/Quantidade Errada     ;   ;teles      ;16:12
236790                            ;17/06/2025;    ;652482;007;    ;0064918;DISTRIBUIDORA CARDOS                              ;(74)99971-8592 ;010;108;LKI1H89;      18,38;    0,02;17/06/2025;72;PDV FECHADO (HORARIO COM.)    ;DER;teles      ;16:08
236790                            ;17/06/2025;    ;652485;007;    ;0062559;MACEDO                                            ;(74)98863-3218 ;010;108;LKI1H89;      18,38;    0,02;17/06/2025;72;PDV FECHADO (HORARIO COM.)    ;DER;teles      ;16:09
236791                            ;17/06/2025;    ;652499;007;    ;0058106;merc. dst levante                                 ;(74)98839-0979 ;010;111;EFV3713;    5232,63;    5,13;17/06/2025;42;Produto/Quantidade Errada     ;   ;teles      ;18:05
236817                            ;18/06/2025;    ;652536;007;    ;0052173;LANCH COCO VERDE                                  ;(74)99188-1323 ;020;203;RPM8D89;     275,52;    0,39;20/06/2025;42;Produto/Quantidade Errada     ;   ;idute      ;10:40
236817                            ;18/06/2025;    ;652582;007;    ;0065829;MERC DIST SANTOS                                  ;(74)99961-1763 ;020;203;RPM8D89;    1171,06;    1,62;20/06/2025;42;Produto/Quantidade Errada     ;   ;idute      ;10:41
236822                            ;18/06/2025;    ;652758;007;    ;0064377;BAR AVENIDA BRASIL                                ;(87)99678-3301 ;010;109;RPP6J11;     740,80;    0,92;19/06/2025;72;PDV FECHADO (HORARIO COM.)    ;   ;teles      ;16:07
236822                            ;18/06/2025;    ;652782;007;    ;0065761;J.P DISTRIBUIDORA                                 ;(75)99928-3421 ;010;109;RPP6J11;     124,56;    0,27;19/06/2025;42;Produto/Quantidade Errada     ;   ;teles      ;16:07
236824                            ;18/06/2025;    ;652826;007;    ;0054186;VERDURA ESTRELA                                   ;(74)98101-1196 ;020;202;SKK9B87;     217,46;    0,34;19/06/2025;87;TEMPO INSUFICIENTE            ;   ;gabriel.jz ;19:47
236824                            ;18/06/2025;    ;652827;007;    ;0054186;VERDURA ESTRELA                                   ;(74)98101-1196 ;020;202;SKK9B87;      50,50;    0,04;19/06/2025;87;TEMPO INSUFICIENTE            ;   ;gabriel.jz ;19:47
236824                            ;18/06/2025;    ;652828;007;    ;0059284;MERCADINHO TL                                     ;(74)98818-8776 ;020;202;SKK9B87;     196,00;    0,04;19/06/2025;50;CARGA ERRADA ARMAZEM          ;   ;gabriel.jz ;19:42
236824                            ;18/06/2025;    ;652835;007;    ;0055188;MERCADINHO BONANCA                                ;(74)98125-3675 ;020;202;SKK9B87;     259,07;    0,52;19/06/2025;87;TEMPO INSUFICIENTE            ;   ;gabriel.jz ;19:42
236824                            ;18/06/2025;    ;652860;007;    ;0057289;BAR E LACH. AVENIDA                               ;(74)99916-9439 ;020;202;SKK9B87;     657,26;    0,91;19/06/2025;72;PDV FECHADO (HORARIO COM.)    ;   ;gabriel.jz ;19:43
236824                            ;18/06/2025;    ;652861;007;    ;0057290;POITE DOS AMIGOS                                  ;(74)98106-2893 ;020;202;SKK9B87;     258,76;    0,39;19/06/2025;71;SEM DINHEIRO/CHEQUE           ;   ;gabriel.jz ;19:44
236824                            ;18/06/2025;    ;652862;007;    ;0057290;POITE DOS AMIGOS                                  ;(74)98106-2893 ;020;202;SKK9B87;     117,00;    0,13;19/06/2025;71;SEM DINHEIRO/CHEQUE           ;   ;gabriel.jz ;19:45
236824                            ;18/06/2025;    ;652866;007;    ;0050420;POINT DO VERAO                                    ;(74) 3537-2015 ;020;202;SKK9B87;    2792,67;    3,09;19/06/2025;50;CARGA ERRADA ARMAZEM          ;   ;gabriel.jz ;19:42
236824                            ;18/06/2025;    ;652870;007;    ;0063977;LENA CAKES PANIFICAD                              ;(74)98123-6515 ;020;202;SKK9B87;     307,96;    0,36;19/06/2025;87;TEMPO INSUFICIENTE            ;   ;gabriel.jz ;19:43
236824                            ;18/06/2025;    ;652874;007;    ;0056565;RECANTO DOS AMIGOS                                ;(74)99109-1564 ;020;202;SKK9B87;    1129,22;    1,44;19/06/2025;87;TEMPO INSUFICIENTE            ;   ;gabriel.jz ;19:48
236825                            ;18/06/2025;    ;652904;007;    ;0061024;MERCADINHO ECONOMICO                              ;(74)98816-3548 ;020;201;RPP7B52;     494,91;    0,66;20/06/2025;55;QUALIDADE DO PRODUTO          ;   ;idute      ;16:44
236825                            ;18/06/2025;    ;652905;007;    ;0061024;MERCADINHO ECONOMICO                              ;(74)98816-3548 ;020;201;RPP7B52;      36,90;    0,04;20/06/2025;55;QUALIDADE DO PRODUTO          ;   ;idute      ;16:44
236825                            ;18/06/2025;    ;652906;007;    ;0061024;MERCADINHO ECONOMICO                              ;(74)98816-3548 ;020;201;RPP7B52;      37,90;    0,04;20/06/2025;55;QUALIDADE DO PRODUTO          ;DER;idute      ;16:44
236827                            ;18/06/2025;    ;652968;007;    ;0056147;NAIARA DISTRIBUIDORA                              ;(74)98801-5800 ;010;111;PKK0690;    1291,11;    1,81;18/06/2025;71;SEM DINHEIRO/CHEQUE           ;   ;idute      ;17:34
236828                            ;18/06/2025;    ;652983;007;    ;0058610;DM DISTRIBUIDORA                                  ;(74)98150-4004 ;010;105;SKK9D97;     215,60;    0,27;18/06/2025;72;PDV FECHADO (HORARIO COM.)    ;   ;silva      ;19:03
236828                            ;18/06/2025;    ;653006;007;    ;0055949;AUTO POSTO UNIVERSID                              ;(74) 3612-8576 ;010;105;SKK9D97;     264,28;    1,06;18/06/2025;42;Produto/Quantidade Errada     ;   ;silva      ;19:03
236829                            ;18/06/2025;    ;653020;007;    ;0053338;DIST DO CARECA                                    ;(74)98812-6811 ;010;111;NZM4666;     539,00;    0,69;18/06/2025;87;TEMPO INSUFICIENTE            ;DER;silva      ;19:32
236829                            ;18/06/2025;    ;653021;007;    ;0065789;MERCEARIA DA PAZ                                  ;(74)98137-9793 ;010;106;NZM4666;    1232,85;    1,93;18/06/2025;87;TEMPO INSUFICIENTE            ;   ;silva      ;19:32
236829                            ;18/06/2025;    ;653022;007;    ;0057399;MERCADINHO FERNANDES                              ;(74)98831-0878 ;080;810;NZM4666;    1330,04;    1,99;18/06/2025;87;TEMPO INSUFICIENTE            ;   ;silva      ;19:31
236834                            ;18/06/2025;    ;653186;007;    ;0065317;VALE DISTRIBUIDORA                                ;(74)98844-9621 ;010;100;SKK0A55;     609,54;    0,85;18/06/2025;73;FALTA DE ATIVOS DE GIRO       ;   ;idute      ;17:08
236841                            ;18/06/2025;    ;653290;007;    ;0065054;MERCADINHO DEUS É FI                              ;(74)98111-9541 ;010;100;RDN1D46;     155,04;    0,24;18/06/2025;72;PDV FECHADO (HORARIO COM.)    ;   ;idute      ;16:36
236841                            ;18/06/2025;    ;653301;007;    ;0062315;RESTAURANTE CEARENSE                              ;(74)99104-1457 ;010;107;RDN1D46;     107,80;    0,13;18/06/2025;72;PDV FECHADO (HORARIO COM.)    ;DER;idute      ;16:35
236841                            ;18/06/2025;    ;653310;007;    ;0065578;PIZZARIA JP                                       ;(74)98869-2499 ;010;100;RDN1D46;     101,52;    0,24;18/06/2025;72;PDV FECHADO (HORARIO COM.)    ;DER;idute      ;16:35
236843                            ;18/06/2025;    ;653334;007;    ;0066010;LARA E LUNA                                       ;(74)98862-2808 ;010;110;RDN7A69;      18,38;    0,02;18/06/2025;72;PDV FECHADO (HORARIO COM.)    ;DER;silva      ;18:13
236844                            ;18/06/2025;    ;653346;007;    ;0056960;FRANCILEIA FERREIRA                               ;(87)99112-0114 ;010;105;KJP3656;     181,20;    0,23;18/06/2025;87;TEMPO INSUFICIENTE            ;   ;silva      ;18:49
236844                            ;18/06/2025;    ;653347;007;    ;0056960;FRANCILEIA FERREIRA                               ;(87)99112-0114 ;010;105;KJP3656;      50,04;    0,12;18/06/2025;87;TEMPO INSUFICIENTE            ;   ;silva      ;18:50
236844                            ;18/06/2025;    ;653348;007;    ;0056960;FRANCILEIA FERREIRA                               ;(87)99112-0114 ;010;105;KJP3656;     539,00;    0,69;18/06/2025;87;TEMPO INSUFICIENTE            ;   ;silva      ;18:50
236844                            ;18/06/2025;    ;653349;007;    ;0056960;FRANCILEIA FERREIRA                               ;(87)99112-0114 ;010;105;KJP3656;     672,11;    0,84;18/06/2025;87;TEMPO INSUFICIENTE            ;   ;silva      ;18:50
236857                            ;19/06/2025;    ;653442;007;    ;0051122;MERC CAVALCANTE                                   ;(74)99914-2437 ;020;205;NZN0E75;     247,50;    0,60;20/06/2025;71;SEM DINHEIRO/CHEQUE           ;DER;idute      ;13:32
236859                            ;19/06/2025;    ;653579;007;    ;0063637;COMERCIAL JC                                      ;(74)98831-0442 ;020;200;SJQ9B60;    2422,00;    2,83;20/06/2025;72;PDV FECHADO (HORARIO COM.)    ;   ;idute      ;06:09
236860                            ;19/06/2025;    ;653605;007;    ;0065408;BAR DO DITINHO                                    ;(74)98853-0128 ;020;200;RPP0E77;    1242,11;    1,56;19/06/2025;72;PDV FECHADO (HORARIO COM.)    ;   ;gabriel.jz ;18:43
236868                            ;19/06/2025;    ;653912;007;    ;0058230;NOSSA SR APARECIDA                                ;(74)98827-4788 ;010;108;NZM9993;     485,10;    0,62;19/06/2025;73;FALTA DE ATIVOS DE GIRO       ;   ;teles      ;17:57
236869                            ;19/06/2025;    ;653923;007;    ;0053697;DISTRIB. MEDRADO                                  ;(74) 3612-7364 ;010;111;OUX3F90;    1563,10;    2,00;19/06/2025;42;Produto/Quantidade Errada     ;   ;teles      ;16:16
236872                            ;19/06/2025;    ;654027;007;    ;0062599;LANE SOUZA BOLOS CAS                              ;(87)98814-9329 ;010;100;OZE4956;       3,75;    0,00;19/06/2025;42;Produto/Quantidade Errada     ;   ;gabriel.jz ;18:30
236872                            ;19/06/2025;    ;654028;007;    ;0062599;LANE SOUZA BOLOS CAS                              ;(87)98814-9329 ;010;100;OZE4956;       4,42;    0,00;19/06/2025;42;Produto/Quantidade Errada     ;   ;gabriel.jz ;18:30
236873                            ;19/06/2025;    ;654071;007;    ;0056186;DAURI DIST BEBIDAS                                ;(74)99964-5843 ;010;106;RCQ9D86;    2998,60;    3,85;19/06/2025;72;PDV FECHADO (HORARIO COM.)    ;   ;gabriel.jz ;19:22
236874                            ;19/06/2025;    ;654100;007;    ;0063701;MERCADINHO E VERDURA                              ;(87)98140-1798 ;010;104;RPE4C71;    1057,18;    1,43;20/06/2025;42;Produto/Quantidade Errada     ;   ;idute      ;13:41
236875                            ;19/06/2025;    ;654162;007;    ;0050065;CALDINHO AVENIDA                                  ;(87)98849-7442 ;010;110;SKK4A24;    1981,79;    2,09;20/06/2025;72;PDV FECHADO (HORARIO COM.)    ;DER;idute      ;13:37
236880                            ;19/06/2025;    ;654295;007;    ;0050408;PAQUERA BAR                                       ;(74)98110-4585 ;020;202;RDN1D46;     290,16;    0,45;19/06/2025;87;TEMPO INSUFICIENTE            ;   ;gabriel.jz ;18:25
236880                            ;19/06/2025;    ;654296;007;    ;0058267;BAR DO CACAU                                      ;(74)99922-5884 ;020;202;RDN1D46;     678,79;    0,83;19/06/2025;87;TEMPO INSUFICIENTE            ;   ;gabriel.jz ;18:26
236880                            ;19/06/2025;    ;654297;007;    ;0066214;MERC DA FIA                                       ;(74)98136-8986 ;020;202;RDN1D46;     446,22;    0,52;19/06/2025;72;PDV FECHADO (HORARIO COM.)    ;   ;gabriel.jz ;18:24
236880                            ;19/06/2025;    ;654304;007;    ;0052928;BAR DO DIONIZIO                                   ;(74)98126-6257 ;020;202;RDN1D46;     296,12;    0,35;19/06/2025;72;PDV FECHADO (HORARIO COM.)    ;DER;gabriel.jz ;18:26
236880                            ;19/06/2025;    ;654305;007;    ;0064649;BAR DA BETANIA                                    ;(74)98116-8554 ;020;202;RDN1D46;      97,20;    0,24;19/06/2025;71;SEM DINHEIRO/CHEQUE           ;DER;gabriel.jz ;18:24
236883                            ;19/06/2025;    ;654334;007;    ;0057020;EMPORIO DOS QUEIJOS                               ;(74)98809-6904 ;010;106;LKI1H89;     161,70;    0,20;19/06/2025;71;SEM DINHEIRO/CHEQUE           ;   ;teles      ;16:11
236883                            ;19/06/2025;    ;654350;007;    ;0063625;PONTO DO CALDO DE CA                              ;(74)98859-6396 ;010;106;LKI1H89;      27,00;    0,04;19/06/2025;72;PDV FECHADO (HORARIO COM.)    ;   ;teles      ;16:11
236883                            ;19/06/2025;    ;654351;007;    ;0063625;PONTO DO CALDO DE CA                              ;(74)98859-6396 ;010;106;LKI1H89;      28,92;    0,04;19/06/2025;72;PDV FECHADO (HORARIO COM.)    ;   ;teles      ;16:11
236899                            ;20/06/2025;    ;654504;007;    ;0061217;COMERCIAL PROGRESSO                               ;(74)98801-1273 ;020;200;RPP0E77;     528,87;    0,69;20/06/2025;72;PDV FECHADO (HORARIO COM.)    ;   ;silva      ;19:13
236899                            ;20/06/2025;    ;654505;007;    ;0061217;COMERCIAL PROGRESSO                               ;(74)98801-1273 ;020;200;RPP0E77;     966,40;    1,18;20/06/2025;72;PDV FECHADO (HORARIO COM.)    ;   ;silva      ;19:13
236899                            ;20/06/2025;    ;654516;007;    ;0053402;BAR DA ZENAIDE                                    ;(74)98832-1624 ;020;200;RPP0E77;     105,06;    0,15;20/06/2025;72;PDV FECHADO (HORARIO COM.)    ;   ;silva      ;19:10
236899                            ;20/06/2025;    ;654517;007;    ;0053402;BAR DA ZENAIDE                                    ;(74)98832-1624 ;020;200;RPP0E77;      90,00;    0,10;20/06/2025;72;PDV FECHADO (HORARIO COM.)    ;   ;silva      ;19:11
236899                            ;20/06/2025;    ;654518;007;    ;0053402;BAR DA ZENAIDE                                    ;(74)98832-1624 ;020;200;RPP0E77;     257,93;    0,28;20/06/2025;72;PDV FECHADO (HORARIO COM.)    ;   ;silva      ;19:11
236899                            ;20/06/2025;    ;654519;007;    ;0053402;BAR DA ZENAIDE                                    ;(74)98832-1624 ;020;200;RPP0E77;     539,00;    0,69;20/06/2025;72;PDV FECHADO (HORARIO COM.)    ;   ;silva      ;19:12
236899                            ;20/06/2025;    ;654520;007;    ;0053402;BAR DA ZENAIDE                                    ;(74)98832-1624 ;020;200;RPP0E77;     348,40;    0,46;20/06/2025;72;PDV FECHADO (HORARIO COM.)    ;   ;silva      ;19:12
236899                            ;20/06/2025;    ;654521;007;    ;0053402;BAR DA ZENAIDE                                    ;(74)98832-1624 ;020;200;RPP0E77;     124,32;    0,36;20/06/2025;72;PDV FECHADO (HORARIO COM.)    ;   ;silva      ;19:13
236900                            ;20/06/2025;    ;654565;007;    ;0058258;RECANTO GREENS                                    ;(74)98822-5832 ;020;201;SJQ6G42;     117,00;    0,13;21/06/2025;72;PDV FECHADO (HORARIO COM.)    ;   ;teles      ;14:56
236901                            ;20/06/2025;    ;654615;007;    ;0065558;TORRES PIZZA                                      ;(74)98805-7655 ;010;109;OZD4576;      53,04;    0,12;21/06/2025;72;PDV FECHADO (HORARIO COM.)    ;   ;teles      ;15:40
236903                            ;20/06/2025;    ;654730;007;    ;0058191;CASA DO PaO                                       ;(74)99119-8906 ;020;202;NZM7723;      18,38;    0,02;21/06/2025;42;Produto/Quantidade Errada     ;   ;teles      ;15:01
236903                            ;20/06/2025;    ;654743;007;    ;0064051;AREA DE LAZER FICCaO                              ;(74)98130-6962 ;020;202;NZM7723;    1424,05;    1,50;21/06/2025;72;PDV FECHADO (HORARIO COM.)    ;   ;teles      ;15:01
236905                            ;20/06/2025;    ;654791;007;    ;0024313;MERC DIST AVENIDA                                 ;(74)98834-8703 ;010;101;PKL6654;       3,40;    0,00;20/06/2025;65;NAO FEZ PEDIDO                ;   ;idute      ;15:27
236911                            ;20/06/2025;    ;654972;007;    ;0055707;LL DISTRIBUIDORA                                  ;(74)98859-4698 ;010;111;SJQ9B60;       7,83;    0,00;20/06/2025;42;Produto/Quantidade Errada     ;   ;silva      ;19:25
236913                            ;20/06/2025;    ;655054;007;    ;0057992;POINT DA POLLY                                    ;(74)90000-0000 ;010;103;SKK0A55;      23,48;    0,02;20/06/2025;42;Produto/Quantidade Errada     ;   ;idute      ;14:22
236914                            ;20/06/2025;    ;655081;007;    ;0058459;KAYLA CAIANNE                                     ;(74)98825-3060 ;010;111;PKK8518;      49,09;    0,04;20/06/2025;87;TEMPO INSUFICIENTE            ;   ;silva      ;18:23
236914                            ;20/06/2025;    ;655082;007;    ;0058459;KAYLA CAIANNE                                     ;(74)98825-3060 ;010;111;PKK8518;    1471,31;    1,93;20/06/2025;87;TEMPO INSUFICIENTE            ;   ;silva      ;18:23
236914                            ;20/06/2025;    ;655084;007;    ;0058285;GUGU BEBIDAS                                      ;(74)98835-4916 ;010;102;PKK8518;    1812,66;    2,21;20/06/2025;87;TEMPO INSUFICIENTE            ;   ;silva      ;18:24
236915                            ;20/06/2025;    ;655112;007;    ;0052741;MONTE CASTELO MERC                                ;(74)88527-5119 ;080;810;SKK9D97;      51,14;    0,04;20/06/2025;42;Produto/Quantidade Errada     ;   ;idute      ;17:54
236915                            ;20/06/2025;    ;655127;007;    ;0055889;O Gelinho distribuid                              ;(74)98862-4788 ;010;111;SKK9D97;      60,00;    0,06;20/06/2025;42;Produto/Quantidade Errada     ;   ;idute      ;17:53
236918                            ;20/06/2025;    ;655214;007;    ;0056220;Distr Gabriel                                     ;(74)98857-5403 ;010;106;RDN7A69;      60,00;    0,06;20/06/2025;42;Produto/Quantidade Errada     ;   ;idute      ;13:19
236920                            ;20/06/2025;    ;655257;007;    ;0058466;MERC E DIATR MIRANDA                              ;(74)99148-1232 ;010;104;RCP2C35;    1185,80;    1,51;21/06/2025;73;FALTA DE ATIVOS DE GIRO       ;   ;teles      ;11:14
236920                            ;20/06/2025;    ;655287;007;    ;0065104;RESTAURANT DA GALEGA                              ;(11)99395-7569 ;010;104;RCP2C35;     107,80;    0,13;21/06/2025;72;PDV FECHADO (HORARIO COM.)    ;   ;teles      ;11:14
236941                            ;21/06/2025;    ;655382;007;    ;0056607;RAIMUNDO DE SOUZA SA                              ;(74)98848-4823 ;010;107;OZF1202;     558,78;    1,14;21/06/2025;42;Produto/Quantidade Errada     ;   ;teles      ;14:35
236941                            ;21/06/2025;    ;655383;007;    ;0056607;RAIMUNDO DE SOUZA SA                              ;(74)98848-4823 ;010;107;OZF1202;     125,79;    0,19;21/06/2025;42;Produto/Quantidade Errada     ;   ;teles      ;15:54
236945                            ;21/06/2025;    ;655495;007;    ;0060423;ABRILL BY BETO DAVID                              ;(87)98841-1145 ;010;101;OUG2987;     679,64;    0,89;21/06/2025;72;PDV FECHADO (HORARIO COM.)    ;   ;teles      ;15:32
236949                            ;21/06/2025;    ;655598;007;    ;0056804;CLEONEIDE ALVES DOS                               ;(74)98113-4215 ;010;101;RDN1D46;      38,24;    0,04;21/06/2025;42;Produto/Quantidade Errada     ;DER;teles      ;14:50
236966                            ;23/06/2025;    ;655659;007;    ;0050920;LANCHONETE JS                                     ;(74)99945-8131 ;020;205;NZN0E75;     603,39;    0,88;24/06/2025;72;PDV FECHADO (HORARIO COM.)    ;   ;idute      ;13:54
236966                            ;23/06/2025;    ;655663;007;    ;0054915;RESTAURANT DA GALEGA                              ;(74)99951-1473 ;020;205;NZN0E75;     215,34;    0,44;24/06/2025;72;PDV FECHADO (HORARIO COM.)    ;   ;idute      ;13:55
236966                            ;23/06/2025;    ;655665;007;    ;0013697;ADEGA DA CHEFINHA                                 ;(74)99841-9942 ;020;203;NZN0E75;      87,50;    0,08;24/06/2025;42;Produto/Quantidade Errada     ;   ;idute      ;14:03
236966                            ;23/06/2025;    ;655670;007;    ;0053996;ARTE PAES                                         ;(74)99809-6193 ;020;205;NZN0E75;     825,54;    1,57;24/06/2025;72;PDV FECHADO (HORARIO COM.)    ;   ;idute      ;13:54
236968                            ;23/06/2025;    ;655733;007;    ;0051644;MERCADINHO PASSOS                                 ;(74)99964-8272 ;020;205;RDC8F64;      15,65;    0,01;24/06/2025;42;Produto/Quantidade Errada     ;   ;idute      ;13:33
236968                            ;23/06/2025;    ;655738;007;    ;0064256;MERCADINHO ALVES                                  ;(74)99972-9899 ;020;203;RDC8F64;     552,42;    0,72;24/06/2025;50;CARGA ERRADA ARMAZEM          ;   ;idute      ;13:31
236968                            ;23/06/2025;    ;655739;007;    ;0064256;MERCADINHO ALVES                                  ;(74)99972-9899 ;020;203;RDC8F64;     314,08;    0,32;24/06/2025;50;CARGA ERRADA ARMAZEM          ;   ;idute      ;13:32
236969                            ;23/06/2025;    ;655764;007;    ;0065648;BAR RECANTO SERTANEJ                              ;(75)99957-2502 ;020;205;OUX8B81;     347,22;    0,29;24/06/2025;65;NAO FEZ PEDIDO                ;   ;idute      ;09:52
236970                            ;23/06/2025;    ;655820;007;    ;0055594;DIST DOIS DE JULHO                                ;(74)99936-3114 ;020;205;RDC5J22;    3773,85;    4,78;24/06/2025;55;QUALIDADE DO PRODUTO          ;   ;idute      ;15:57
236970                            ;23/06/2025;    ;655823;007;    ;0025644;LANCHONETE R.D.                                   ;(74)99953-6588 ;020;205;RDC5J22;     123,80;    0,60;24/06/2025;71;SEM DINHEIRO/CHEQUE           ;   ;idute      ;16:  
236970                            ;23/06/2025;    ;655850;007;    ;0063183;MARANHaO DISTRIBUID                               ;(74)99952-6932 ;020;205;RDC5J22;    2858,00;    2,88;24/06/2025;73;FALTA DE ATIVOS DE GIRO       ;   ;idute      ;15:57
236970                            ;23/06/2025;    ;655858;007;    ;0063183;MARANHaO DISTRIBUID                               ;(74)99952-6932 ;020;205;RDC5J22;      12,50;    0,01;24/06/2025;40;Horario de Entrega            ;   ;idute      ;15:58
236970                            ;23/06/2025;    ;655859;007;    ;0063183;MARANHaO DISTRIBUID                               ;(74)99952-6932 ;020;205;RDC5J22;       2,61;    0,00;24/06/2025;40;Horario de Entrega            ;   ;idute      ;15:59
236970                            ;23/06/2025;    ;655860;007;    ;0063183;MARANHaO DISTRIBUID                               ;(74)99952-6932 ;020;205;RDC5J22;       2,61;    0,00;24/06/2025;40;Horario de Entrega            ;   ;idute      ;16:36
236972                            ;23/06/2025;    ;655963;007;    ;0055745;Verdurao Silva                                    ;(74)99924-4383 ;020;200;SJQ9B60;     193,70;    0,25;24/06/2025;71;SEM DINHEIRO/CHEQUE           ;   ;idute      ;17:57
236972                            ;23/06/2025;    ;655964;007;    ;0055745;Verdurao Silva                                    ;(74)99924-4383 ;020;200;SJQ9B60;      12,38;    0,06;24/06/2025;71;SEM DINHEIRO/CHEQUE           ;   ;idute      ;17:58
236973                            ;23/06/2025;    ;656015;007;    ;0065460;GELADAO PAI E FILHO                               ;(74)99148-6581 ;010;109;RPE4C71;    1387,50;    1,72;24/06/2025;71;SEM DINHEIRO/CHEQUE           ;   ;idute      ;16:12
236973                            ;23/06/2025;    ;656016;007;    ;0065460;GELADAO PAI E FILHO                               ;(74)99148-6581 ;010;109;RPE4C71;     344,10;    0,37;24/06/2025;71;SEM DINHEIRO/CHEQUE           ;   ;idute      ;16:11
236973                            ;23/06/2025;    ;656017;007;    ;0065460;GELADAO PAI E FILHO                               ;(74)99148-6581 ;010;109;RPE4C71;     321,30;    0,39;24/06/2025;71;SEM DINHEIRO/CHEQUE           ;   ;idute      ;16:12
236973                            ;23/06/2025;    ;656018;007;    ;0065460;GELADAO PAI E FILHO                               ;(74)99148-6581 ;010;109;RPE4C71;     113,40;    0,07;24/06/2025;71;SEM DINHEIRO/CHEQUE           ;   ;idute      ;16:13
236973                            ;23/06/2025;    ;656019;007;    ;0065460;GELADAO PAI E FILHO                               ;(74)99148-6581 ;010;109;RPE4C71;     151,60;    0,16;24/06/2025;71;SEM DINHEIRO/CHEQUE           ;   ;idute      ;16:13
236973                            ;23/06/2025;    ;656035;007;    ;0064462;GOOD BEER                                         ;(74)99921-2902 ;010;109;RPE4C71;     245,00;    0,63;24/06/2025;72;PDV FECHADO (HORARIO COM.)    ;   ;idute      ;16:11
236975                            ;23/06/2025;    ;656054;007;    ;0062160;EE DISTRIBUIDORA                                  ;(74)98853-0995 ;020;200;RPP7B52;       2,61;    0,00;24/06/2025;42;Produto/Quantidade Errada     ;   ;idute      ;16:59
236975                            ;23/06/2025;    ;656083;007;    ;0052309;MERCADIN DO BUGUINHA                              ;(74)99191-9891 ;020;204;RPP7B52;     758,52;    1,58;24/06/2025;82;ENDERECO NAO ENCONTRADO       ;   ;idute      ;17:  
236979                            ;23/06/2025;    ;656216;007;    ;0054955;GELADaO LOPES                                     ;(74)98858-7413 ;010;109;PKK8518;     706,65;    0,71;23/06/2025;42;Produto/Quantidade Errada     ;   ;teles      ;16:37
236984                            ;23/06/2025;    ;656336;007;    ;0052610;BAR DA LULU                                       ;(74)98125-4502 ;010;108;OZE4956;    1312,20;    1,62;23/06/2025;72;PDV FECHADO (HORARIO COM.)    ;   ;gabriel.jz ;19:19
236984                            ;23/06/2025;    ;656337;007;    ;0052610;BAR DA LULU                                       ;(74)98125-4502 ;010;108;OZE4956;       5,22;    0,00;23/06/2025;72;PDV FECHADO (HORARIO COM.)    ;   ;gabriel.jz ;19:20
236984                            ;23/06/2025;    ;656338;007;    ;0052610;BAR DA LULU                                       ;(74)98125-4502 ;010;108;OZE4956;      13,04;    0,01;23/06/2025;72;PDV FECHADO (HORARIO COM.)    ;   ;gabriel.jz ;19:20
236984                            ;23/06/2025;    ;656339;007;    ;0052610;BAR DA LULU                                       ;(74)98125-4502 ;010;108;OZE4956;      60,00;    0,06;23/06/2025;72;PDV FECHADO (HORARIO COM.)    ;   ;gabriel.jz ;19:20
236985                            ;23/06/2025;    ;656352;007;    ;0066162;GULA JUAZEIRO HAMBUR                              ;(74)98110-8821 ;010;110;PKK0690;     117,16;    0,07;23/06/2025;50;CARGA ERRADA ARMAZEM          ;DER;teles      ;15:51
236985                            ;23/06/2025;    ;656360;007;    ;0066246;BIG PÃO                                           ;(74)99115-4847 ;010;102;PKK0690;      72,62;    0,18;23/06/2025;72;PDV FECHADO (HORARIO COM.)    ;   ;teles      ;15:52
236985                            ;23/06/2025;    ;656363;007;    ;0057426;ALVES DISTRIBUIDORA                               ;(74)98858-9211 ;010;102;PKK0690;     132,80;    0,18;23/06/2025;72;PDV FECHADO (HORARIO COM.)    ;DER;teles      ;15:52
236985                            ;23/06/2025;    ;656364;007;    ;0057426;ALVES DISTRIBUIDORA                               ;(74)98858-9211 ;010;102;PKK0690;      40,76;    0,04;23/06/2025;72;PDV FECHADO (HORARIO COM.)    ;DER;teles      ;15:52
236989                            ;23/06/2025;    ;656444;007;    ;0062258;SUPERMERCADO UNIPREC                              ;(74)98836-8023 ;080;810;SKK9B87;    2012,00;    0,73;30/06/2025;91;CONSIGNACAO                   ;DER;bitencourt ;18:  
236989                            ;23/06/2025;    ;656445;007;    ;0062258;SUPERMERCADO UNIPREC                              ;(74)98836-8023 ;080;810;SKK9B87;       7,83;    0,01;23/06/2025;42;Produto/Quantidade Errada     ;   ;teles      ;17:05
236990                            ;23/06/2025;    ;656483;007;    ;0057757;PONTO CERTO                                       ;(74)99110-2501 ;010;110;SKK9D97;     373,44;    0,53;23/06/2025;72;PDV FECHADO (HORARIO COM.)    ;   ;teles      ;14:44
236991                            ;23/06/2025;    ;656507;007;    ;0065020;BAR DA CARIBE                                     ;(71)97400-4910 ;010;110;NZM7723;     585,00;    0,69;23/06/2025;50;CARGA ERRADA ARMAZEM          ;   ;teles      ;15:47
236992                            ;23/06/2025;    ;656524;007;    ;0051169;DEPOSITO IRAQUITAN                                ;(74)98848-9959 ;010;111;RDN7A69;      13,04;    0,01;23/06/2025;42;Produto/Quantidade Errada     ;DER;teles      ;13:22
236992                            ;23/06/2025;    ;656525;007;    ;0051169;DEPOSITO IRAQUITAN                                ;(74)98848-9959 ;010;111;RDN7A69;      10,74;    0,01;23/06/2025;42;Produto/Quantidade Errada     ;   ;teles      ;13:22
236993                            ;23/06/2025;    ;656549;007;    ;0064288;MERCADINHO BRILHANTE                              ;(74)98828-1575 ;080;810;RDN1D46;    2012,00;    0,73;30/06/2025;91;CONSIGNACAO                   ;DER;bitencourt ;18:01
236994                            ;23/06/2025;    ;656563;007;    ;0003312;COMERCIAL VITORIA                                 ;(74)98816-2309 ;010;111;RPR6D25;      41,93;    0,03;23/06/2025;72;PDV FECHADO (HORARIO COM.)    ;DER;teles      ;16:09
236994                            ;23/06/2025;    ;656564;007;    ;0003312;COMERCIAL VITORIA                                 ;(74)98816-2309 ;010;111;RPR6D25;     102,50;    0,12;23/06/2025;72;PDV FECHADO (HORARIO COM.)    ;   ;teles      ;16:10
236994                            ;23/06/2025;    ;656591;007;    ;0065347;ERICK JEAN                                        ;(74)98848-7935 ;010;102;RPR6D25;      18,36;    0,02;23/06/2025;72;PDV FECHADO (HORARIO COM.)    ;DER;teles      ;16:10
236994                            ;23/06/2025;    ;656592;007;    ;0065347;ERICK JEAN                                        ;(74)98848-7935 ;010;102;RPR6D25;      38,24;    0,04;23/06/2025;72;PDV FECHADO (HORARIO COM.)    ;DER;teles      ;16:10
236994                            ;23/06/2025;    ;656596;007;    ;0058025;RANCHO NORDESTINO                                 ;(74)98816-2849 ;010;102;RPR6D25;      40,76;    0,04;23/06/2025;72;PDV FECHADO (HORARIO COM.)    ;DER;teles      ;16:09
236994                            ;23/06/2025;    ;656599;007;    ;0064187;NORDESTE FUTEBOL                                  ;(74)98121-5416 ;010;103;RPR6D25;      40,76;    0,04;23/06/2025;72;PDV FECHADO (HORARIO COM.)    ;DER;teles      ;16:09
237009                            ;24/06/2025;    ;656637;007;    ;0056743;MERCADINHO PAG POUCO                              ;(74)99916-9270 ;020;204;RPM8F89;      40,76;    0,04;26/06/2025;42;Produto/Quantidade Errada     ;   ;idute      ;09:48
237010                            ;24/06/2025;    ;656661;007;    ;0064741;LOKAL                                             ;(74)98807-4675 ;020;201;SKK4A24;    1078,00;    1,38;26/06/2025;71;SEM DINHEIRO/CHEQUE           ;   ;idute      ;14:30
237010                            ;24/06/2025;    ;656680;007;    ;0057445;COM. REI DA GELA                                  ;(74)98873-9039 ;020;201;SKK4A24;     831,32;    1,07;26/06/2025;71;SEM DINHEIRO/CHEQUE           ;   ;idute      ;14:31
237011                            ;24/06/2025;    ;656714;007;    ;0058622;CHAPA QUENTE                                      ;(74)98829-3028 ;020;200;SJQ2B65;    2280,96;    2,47;25/06/2025;42;Produto/Quantidade Errada     ;   ;gabriel.jz ;18:19
237011                            ;24/06/2025;    ;656722;007;    ;0024023;DIST EMPORIO DAS BEB                              ;(74)98814-3929 ;020;200;SJQ2B65;    1661,90;    1,92;25/06/2025;42;Produto/Quantidade Errada     ;   ;gabriel.jz ;18:21
237011                            ;24/06/2025;    ;656755;007;    ;0053861;MERC. RODRIGUES                                   ;(74)98808-6317 ;020;200;SJQ2B65;       4,45;    0,00;25/06/2025;42;Produto/Quantidade Errada     ;   ;gabriel.jz ;18:20
237011                            ;24/06/2025;    ;656756;007;    ;0053861;MERC. RODRIGUES                                   ;(74)98808-6317 ;020;200;SJQ2B65;      53,86;    0,04;25/06/2025;42;Produto/Quantidade Errada     ;   ;gabriel.jz ;18:20
237018                            ;24/06/2025;    ;656873;007;    ;0062712;SATURNO BEBIDAS                                   ;(43)90000-0000 ;010;111;OVB5042;    1078,00;    1,38;24/06/2025;73;FALTA DE ATIVOS DE GIRO       ;   ;idute      ;14:26
237018                            ;24/06/2025;    ;656886;007;    ;0054640;BAR E DISTR SOL                                   ;(74)98130-6112 ;010;110;OVB5042;     120,00;    0,13;24/06/2025;42;Produto/Quantidade Errada     ;   ;idute      ;14:26
237019                            ;24/06/2025;    ;656896;007;    ;0052146;MERCADINHO OLIVEIRA                               ;(74)98855-1413 ;010;108;NZM9993;     985,53;    1,18;24/06/2025;72;PDV FECHADO (HORARIO COM.)    ;   ;idute      ;15:24
237019                            ;24/06/2025;    ;656897;007;    ;0052146;MERCADINHO OLIVEIRA                               ;(74)98855-1413 ;010;108;NZM9993;      37,90;    0,04;24/06/2025;72;PDV FECHADO (HORARIO COM.)    ;   ;idute      ;15:25
237021                            ;24/06/2025;    ;656949;007;    ;0057130;JOAO BOSCO                                        ;(74)98813-3752 ;010;106;RPR6D25;     137,62;    0,25;24/06/2025;72;PDV FECHADO (HORARIO COM.)    ;   ;idute      ;13:20
237021                            ;24/06/2025;    ;656950;007;    ;0057130;JOAO BOSCO                                        ;(74)98813-3752 ;010;106;RPR6D25;      40,76;    0,04;24/06/2025;72;PDV FECHADO (HORARIO COM.)    ;   ;idute      ;13:20
237021                            ;24/06/2025;    ;656951;007;    ;0056804;CLEONEIDE ALVES DOS                               ;(74)98113-4215 ;010;101;RPR6D25;       9,92;    0,02;24/06/2025;72;PDV FECHADO (HORARIO COM.)    ;   ;idute      ;13:19
237021                            ;24/06/2025;    ;656952;007;    ;0056804;CLEONEIDE ALVES DOS                               ;(74)98113-4215 ;010;101;RPR6D25;      40,76;    0,04;24/06/2025;72;PDV FECHADO (HORARIO COM.)    ;DER;idute      ;13:20
237021                            ;24/06/2025;    ;656955;007;    ;0060412;EVA DA SILVA GALDINO                              ;(74)98831-4408 ;010;101;RPR6D25;     161,70;    0,20;24/06/2025;72;PDV FECHADO (HORARIO COM.)    ;   ;idute      ;13:21
237023                            ;24/06/2025;    ;656977;007;    ;0057009;GELO E CIA                                        ;(74)99199-6685 ;010;109;RCP2C35;      81,52;    0,08;25/06/2025;42;Produto/Quantidade Errada     ;   ;teles      ;15:19
237033                            ;24/06/2025;    ;656999;007;    ;0055432;DISTRIB PIT STOP                                  ;(74)98837-4258 ;010;111;MSG0C01;    2299,00;    0,00;27/06/2025;08;Mapa nao carregado / nao canc.;   ;teles      ;16:36
237037                            ;25/06/2025;    ;657031;007;    ;0050367;MERCEARIA ELE                                     ;(74)99935-4112 ;020;205;RDC8F64;     539,00;    0,69;26/06/2025;42;Produto/Quantidade Errada     ;   ;idute      ;13:27
237039                            ;25/06/2025;    ;657140;007;    ;0053486;BAR PAULO PEZAO                                   ;(74) 8105-2956 ;020;203;RDC5J22;     386,90;    0,46;26/06/2025;70;CLIENTE CANCELOU              ;   ;idute      ;17:21
237041                            ;25/06/2025;    ;657245;007;    ;0050559;BAR VERDE                                         ;(74)98853-0939 ;020;200;SJQ9B60;     637,04;    0,93;25/06/2025;72;PDV FECHADO (HORARIO COM.)    ;   ;gabriel.jz ;19:36
237041                            ;25/06/2025;    ;657246;007;    ;0050559;BAR VERDE                                         ;(74)98853-0939 ;020;200;SJQ9B60;     443,10;    0,43;25/06/2025;72;PDV FECHADO (HORARIO COM.)    ;   ;gabriel.jz ;19:36
237043                            ;25/06/2025;    ;657342;007;    ;0065761;J.P DISTRIBUIDORA                                 ;(75)99928-3421 ;010;109;RPP7B52;     492,50;    0,70;26/06/2025;71;SEM DINHEIRO/CHEQUE           ;   ;silva      ;19:06
237045                            ;25/06/2025;    ;657439;007;    ;0057954;BAR DA REGINA                                     ;(74)99969-2010 ;020;202;NZM4666;     284,86;    0,50;26/06/2025;72;PDV FECHADO (HORARIO COM.)    ;   ;silva      ;18:33
237045                            ;25/06/2025;    ;657440;007;    ;0057954;BAR DA REGINA                                     ;(74)99969-2010 ;020;202;NZM4666;       9,11;    0,00;26/06/2025;72;PDV FECHADO (HORARIO COM.)    ;DER;silva      ;18:33
237046                            ;25/06/2025;    ;657465;007;    ;0054256;BAR DO 14                                         ;(74) 3617-6291 ;010;107;OZE4956;      39,82;    0,00;25/06/2025;42;Produto/Quantidade Errada     ;   ;gabriel.jz ;20:27
237048                            ;25/06/2025;    ;657529;007;    ;0058039;SE FOR BEBER 2                                    ;(74)98835-4756 ;010;105;PKK0690;     161,70;    0,20;26/06/2025;71;SEM DINHEIRO/CHEQUE           ;   ;idute      ;16:18
237053                            ;25/06/2025;    ;657618;007;    ;0025624;MERC. AVENIDA                                     ;(74)98806-9368 ;010;106;OVB5042;      54,48;    0,05;25/06/2025;42;Produto/Quantidade Errada     ;   ;teles      ;16:37
237056                            ;25/06/2025;    ;657679;007;    ;0062974;POINT VIP                                         ;(74)98123-7396 ;010;104;OUX3F90;    1817,26;    2,34;25/06/2025;87;TEMPO INSUFICIENTE            ;   ;gabriel.jz ;19:18
237065                            ;25/06/2025;    ;657818;007;    ;0065482;POINT DA MARI                                     ;(74)99151-3048 ;010;103;LKI1H89;       5,22;    0,00;25/06/2025;42;Produto/Quantidade Errada     ;   ;teles      ;16:30
237065                            ;25/06/2025;    ;657824;007;    ;0065752;PANIFICADORA                                      ;(74)98114-4434 ;010;102;LKI1H89;     123,48;    0,14;25/06/2025;72;PDV FECHADO (HORARIO COM.)    ;   ;teles      ;16:33
237066                            ;25/06/2025;    ;657868;007;    ;0053741;REST. RIO CENTER GOU                              ;(74)98807-5015 ;010;110;KJP3656;     151,68;    0,18;25/06/2025;72;PDV FECHADO (HORARIO COM.)    ;DER;gabriel.jz ;18:30
237067                            ;25/06/2025;    ;657886;007;    ;0050870;BAR DO ERASMO                                     ;(74) 8806-4862 ;010;100;JII1442;      53,90;    0,06;25/06/2025;42;Produto/Quantidade Errada     ;   ;teles      ;17:20
237069                            ;25/06/2025;    ;657924;007;    ;0056820;JOSELMA MOREIRA DA S                              ;(74)98123-3676 ;010;100;OFB8B68;     702,00;    0,82;25/06/2025;72;PDV FECHADO (HORARIO COM.)    ;   ;gabriel.jz ;18:41
237076                            ;25/06/2025;    ;657945;007;    ;0064763;RECANTO DO BODE                                   ;(74)98869-3203 ;010;102;MSG0C01;    4329,00;    0,00;27/06/2025;08;Mapa nao carregado / nao canc.;   ;teles      ;16:35
237079                            ;25/06/2025;    ;657947;007;    ;0050470;MERCADINHO MENEZES                                ;(74)98839-5263 ;010;101;MSG0C01;    3549,00;    0,00;25/06/2025;08;Mapa nao carregado / nao canc.;   ;teles      ;17:26
237080                            ;25/06/2025;    ;657948;007;    ;0062044;MARIA DE LOURDES                                  ;(74)98834-3343 ;010;101;MSG0C01;    2299,00;    0,00;25/06/2025;08;Mapa nao carregado / nao canc.;   ;teles      ;17:14
237093                            ;26/06/2025;    ;657991;007;    ;0063753;VERDURAO PASSAGEM                                 ;(74)99915-8221 ;020;205;RPM8D89;     100,42;    0,18;28/06/2025;65;NAO FEZ PEDIDO                ;   ;idute      ;09:27
237094                            ;26/06/2025;    ;658045;007;    ;0054871;BAZAR PROF ALCIDES                                ;(74) 3535-0486 ;020;204;OZD4576;      65,64;    0,24;28/06/2025;42;Produto/Quantidade Errada     ;   ;idute      ;13:38
237096                            ;26/06/2025;    ;658156;007;    ;0058138;SABORES DO SERTaO                                 ;(74)98849-5874 ;020;200;RPP0E77;      12,38;    0,06;26/06/2025;42;Produto/Quantidade Errada     ;   ;silva      ;18:41
237096                            ;26/06/2025;    ;658169;007;    ;0053149;FIGORIFICO BAR                                    ;(74)98814-4489 ;020;200;RPP0E77;     303,76;    0,36;26/06/2025;42;Produto/Quantidade Errada     ;   ;silva      ;18:42
237098                            ;26/06/2025;    ;658221;007;    ;0063870;BIRA BEER                                         ;(74)99944-2941 ;010;109;SJQ2B65;       7,58;    0,00;28/06/2025;42;Produto/Quantidade Errada     ;   ;idute      ;10:21
237105                            ;26/06/2025;    ;658396;007;    ;0025693;MERC NOVA OPCAO                                   ;(74)98808-8025 ;010;105;RCP2C35;     454,60;    0,63;27/06/2025;87;TEMPO INSUFICIENTE            ;   ;gabriel.jz ;19:30
237108                            ;26/06/2025;    ;658478;007;    ;0060273;MERC E DIST JG                                    ;(87)99920-3885 ;010;111;SKK0A55;    1531,78;    2,00;26/06/2025;72;PDV FECHADO (HORARIO COM.)    ;   ;silva      ;18:48
237111                            ;26/06/2025;    ;658557;007;    ;0064782;MERCADINHO JULIA                                  ;(74)98859-2635 ;010;102;RDN1D46;      77,84;    0,15;26/06/2025;82;ENDERECO NAO ENCONTRADO       ;   ;silva      ;18:13
237112                            ;26/06/2025;    ;658582;007;    ;0063371;ARENA POR DO SOL                                  ;(43)90000-0000 ;010;110;RDN7A69;       5,50;    0,00;26/06/2025;42;Produto/Quantidade Errada     ;   ;idute      ;13:56
237116                            ;26/06/2025;    ;658612;007;    ;0064970;CREMOSINHO                                        ;(74)99903-6748 ;010;101;LKI1H89;    1755,60;    2,07;26/06/2025;72;PDV FECHADO (HORARIO COM.)    ;DER;silva      ;18:22
237119                            ;26/06/2025;    ;658707;007;    ;0064138;GLENN PIER                                        ;(87)98119-9017 ;010;110;KJP3656;       1,16;    0,00;26/06/2025;42;Produto/Quantidade Errada     ;   ;idute      ;17:30
237134                            ;26/06/2025;    ;658813;007;    ;0064491;PX                                                ;(74)98822-3884 ;010;110;MSG0C01;    2299,00;    0,00;28/06/2025;08;Mapa nao carregado / nao canc.;   ;idute      ;09:18
237138                            ;27/06/2025;    ;658849;007;    ;0054217;BAR DO I                                          ;(74)99948-3117 ;020;205;RDC5J22;     440,26;    0,66;28/06/2025;72;PDV FECHADO (HORARIO COM.)    ;   ;idute      ;13:34
237138                            ;27/06/2025;    ;658850;007;    ;0054217;BAR DO I                                          ;(74)99948-3117 ;020;205;RDC5J22;      71,36;    0,12;28/06/2025;72;PDV FECHADO (HORARIO COM.)    ;   ;idute      ;13:35
237138                            ;27/06/2025;    ;658851;007;    ;0054217;BAR DO I                                          ;(74)99948-3117 ;020;205;RDC5J22;      60,00;    0,06;28/06/2025;72;PDV FECHADO (HORARIO COM.)    ;   ;idute      ;13:35
237138                            ;27/06/2025;    ;658852;007;    ;0054217;BAR DO I                                          ;(74)99948-3117 ;020;205;RDC5J22;      33,91;    0,03;28/06/2025;72;PDV FECHADO (HORARIO COM.)    ;   ;idute      ;13:34
237138                            ;27/06/2025;    ;658867;007;    ;0050219;BAR SENSACAO                                      ;(74)99941-9987 ;020;205;RDC5J22;     165,90;    0,14;28/06/2025;68;TROCA (SEM SELO / QTDE. ERRADA;DER;idute      ;13:36
237138                            ;27/06/2025;    ;658874;007;    ;0055581;MERC PADRE CICERO                                 ;(74)99962-5830 ;020;205;RDC5J22;      19,18;    0,09;28/06/2025;40;Horario de Entrega            ;   ;idute      ;13:37
237138                            ;27/06/2025;    ;658883;007;    ;0057536;Papa s DISTRIBUIDORA                              ;(74)98103-2161 ;020;205;RDC5J22;     120,00;    0,13;28/06/2025;40;Horario de Entrega            ;   ;idute      ;13:37
237140                            ;27/06/2025;    ;658903;007;    ;0056346;GIL e JO COVENIENCIA                              ;(74)99949-4528 ;020;203;RPP7B52;     215,60;    0,27;28/06/2025;72;PDV FECHADO (HORARIO COM.)    ;DER;idute      ;13:43
237141                            ;27/06/2025;    ;658972;007;    ;0053627;BAR LANCHONETE MARLI                              ;(74)99119-1768 ;020;200;SJQ9B60;     919,60;    1,11;28/06/2025;72;PDV FECHADO (HORARIO COM.)    ;   ;idute      ;17:18
237141                            ;27/06/2025;    ;658977;007;    ;0061217;COMERCIAL PROGRESSO                               ;(74)98801-1273 ;020;200;SJQ9B60;    1273,22;    1,62;28/06/2025;42;Produto/Quantidade Errada     ;   ;idute      ;17:17
237141                            ;27/06/2025;    ;658981;007;    ;0053402;BAR DA ZENAIDE                                    ;(74)98832-1624 ;020;200;SJQ9B60;      92,34;    0,13;28/06/2025;71;SEM DINHEIRO/CHEQUE           ;   ;idute      ;17:20
237141                            ;27/06/2025;    ;658982;007;    ;0053402;BAR DA ZENAIDE                                    ;(74)98832-1624 ;020;200;SJQ9B60;     808,50;    1,03;28/06/2025;71;SEM DINHEIRO/CHEQUE           ;   ;idute      ;17:19
237141                            ;27/06/2025;    ;658983;007;    ;0053402;BAR DA ZENAIDE                                    ;(74)98832-1624 ;020;200;SJQ9B60;     310,80;    0,39;28/06/2025;71;SEM DINHEIRO/CHEQUE           ;   ;idute      ;17:19
237141                            ;27/06/2025;    ;658984;007;    ;0053402;BAR DA ZENAIDE                                    ;(74)98832-1624 ;020;200;SJQ9B60;     278,86;    0,28;28/06/2025;71;SEM DINHEIRO/CHEQUE           ;   ;idute      ;17:19
237142                            ;27/06/2025;    ;659019;007;    ;0056369;GELADaO THAINA                                    ;(74)99914-4444 ;010;109;RPE4C71;     163,44;    0,17;28/06/2025;42;Produto/Quantidade Errada     ;   ;idute      ;16:  
237144                            ;27/06/2025;    ;659110;007;    ;0059284;MERCADINHO TL                                     ;(74)98818-8776 ;020;202;NZM4666;       4,49;    0,00;28/06/2025;42;Produto/Quantidade Errada     ;   ;idute      ;15:  
237145                            ;27/06/2025;    ;659124;007;    ;0057760;DISTRI DA COELHINHA                               ;(74)98858-4270 ;020;201;SKK0A55;       7,83;    0,00;28/06/2025;42;Produto/Quantidade Errada     ;   ;idute      ;11:50
237146                            ;27/06/2025;    ;659170;007;    ;0065535;MINHA CASA                                        ;(74)98101-0952 ;010;108;PKK8518;     356,18;    0,46;27/06/2025;72;PDV FECHADO (HORARIO COM.)    ;   ;teles      ;17:09
237153                            ;27/06/2025;    ;659325;007;    ;0065093;IVALDO SANTOS                                     ;(74)98828-7621 ;010;102;OUX8B81;       1,16;    0,00;28/06/2025;42;Produto/Quantidade Errada     ;   ;idute      ;10:53
237153                            ;27/06/2025;    ;659328;007;    ;0055538;EMPORIO DISTRIBUIDOR                              ;(74)98812-1072 ;010;102;OUX8B81;     539,00;    0,69;28/06/2025;72;PDV FECHADO (HORARIO COM.)    ;   ;idute      ;10:54
237153                            ;27/06/2025;    ;659329;007;    ;0055538;EMPORIO DISTRIBUIDOR                              ;(74)98812-1072 ;010;102;OUX8B81;     269,50;    0,34;28/06/2025;72;PDV FECHADO (HORARIO COM.)    ;   ;idute      ;10:54
237155                            ;27/06/2025;    ;659354;007;    ;0057585;Lu Distribuidora                                  ;(74)98823-7479 ;010;111;RPJ2H66;    6468,00;    8,28;27/06/2025;42;Produto/Quantidade Errada     ;DER;teles      ;15:  
237156                            ;27/06/2025;    ;659384;007;    ;0064432;BONTEMPO JUA                                      ;(87)98157-0369 ;080;810;SKK4A24;     687,96;    1,16;27/06/2025;72;PDV FECHADO (HORARIO COM.)    ;   ;teles      ;17:07
237157                            ;27/06/2025;    ;659418;007;    ;0064428;DISTRI ITAMARATY                                  ;(87)98867-2150 ;010;100;PKK0690;      95,88;    0,03;27/06/2025;42;Produto/Quantidade Errada     ;   ;teles      ;15:20
237159                            ;27/06/2025;    ;659449;007;    ;0064732;MERCADINHO DEUS CONO                              ;(74)98873-9055 ;010;102;RPR6D25;     192,66;    0,40;27/06/2025;71;SEM DINHEIRO/CHEQUE           ;   ;teles      ;16:27
237160                            ;27/06/2025;    ;659468;007;    ;0065935;RONISON CAYK DA SILV                              ;(74)98129-2068 ;010;104;RDN7A69;      40,76;    0,04;27/06/2025;82;ENDERECO NAO ENCONTRADO       ;DER;maiara     ;16:12
237160                            ;27/06/2025;    ;659480;007;    ;0053617;MERC CAMINHO DE CASA                              ;(74) 3614-2913 ;010;111;RDN7A69;     674,86;    1,47;27/06/2025;71;SEM DINHEIRO/CHEQUE           ;   ;teles      ;15:43
237164                            ;27/06/2025;    ;659553;007;    ;0051049;NICE LANCHES                                      ;(74)98817-3231 ;010;105;KJP3656;     414,44;    0,66;27/06/2025;71;SEM DINHEIRO/CHEQUE           ;   ;teles      ;16:13
237179                            ;27/06/2025;    ;659652;007;    ;0029043;CDR CAMACARI                                      ;(19) 3313-7039 ;085;998;SJZ3C96;   69210,00;    0,00;28/06/2025;51;NF ERRADA                     ;   ;idute      ;07:39
237183                            ;28/06/2025;    ;659667;007;    ;0053730;DIST DE BEBIDAS RD                                ;(74)98823-4554 ;010;100;RPP6J11;    1513,18;    1,84;28/06/2025;72;PDV FECHADO (HORARIO COM.)    ;   ;idute      ;15:20
237183                            ;28/06/2025;    ;659668;007;    ;0053730;DIST DE BEBIDAS RD                                ;(74)98823-4554 ;010;100;RPP6J11;    2505,35;    3,12;28/06/2025;72;PDV FECHADO (HORARIO COM.)    ;   ;idute      ;15:20
237183                            ;28/06/2025;    ;659669;007;    ;0053730;DIST DE BEBIDAS RD                                ;(74)98823-4554 ;010;100;RPP6J11;      26,30;    0,12;28/06/2025;72;PDV FECHADO (HORARIO COM.)    ;   ;idute      ;15:19
237187                            ;28/06/2025;    ;659778;007;    ;0052065;DEPOSITO CARLOS                                   ;(74)98821-6636 ;010;104;OZE4956;     105,56;    0,24;28/06/2025;42;Produto/Quantidade Errada     ;   ;idute      ;15:02
237188                            ;28/06/2025;    ;659808;007;    ;0056237;BOTECO DO CARANGUEJO                              ;(74)98802-7527 ;010;110;PKL6654;      48,39;    0,04;28/06/2025;42;Produto/Quantidade Errada     ;   ;idute      ;14:50
237189                            ;28/06/2025;    ;659829;007;    ;0054655;POINT DA EDI                                      ;(74)98843-8852 ;010;105;PKK8518;     677,94;    0,93;28/06/2025;71;SEM DINHEIRO/CHEQUE           ;DER;idute      ;13:57
237193                            ;28/06/2025;    ;659939;007;    ;0063508;LANCHONETE E RESTAUR                              ;(74)98819-8953 ;010;104;RDN7A69;     107,80;    0,13;28/06/2025;72;PDV FECHADO (HORARIO COM.)    ;DER;idute      ;13:53
237193                            ;28/06/2025;    ;659943;007;    ;0056232;CITY MERC E DISTRIBU                              ;(74)99140-0715 ;010;104;RDN7A69;     845,22;    0,99;28/06/2025;71;SEM DINHEIRO/CHEQUE           ;   ;idute      ;13:54
237194                            ;28/06/2025;    ;659993;007;    ;0024828;REVALLE JUAZEIRO                                  ;(74) 3611-5066 ;085;998;RPR6D25;     136,46;    0,36;28/06/2025;42;Produto/Quantidade Errada     ;   ;idute      ;17:51
237207                            ;30/06/2025;    ;660064;007;    ;0054035;SUPERMERCADO CARLOS                               ;(74)99980-2690 ;020;205;RPJ2H66;    2355,60;    2,42;30/06/2025;50;CARGA ERRADA ARMAZEM          ;   ;silva      ;19:35
237210                            ;30/06/2025;    ;660136;007;    ;0064873;AQUA LAZER R B                                    ;(74)99918-7543 ;020;203;NZN0E75;     237,71;    0,32;01/07/2025;73;FALTA DE ATIVOS DE GIRO       ;   ;gabriel.jz ;13:19
237211                            ;30/06/2025;    ;660220;007;    ;0066209;DISTRIBUIDORA DO DOM                              ;(74)98851-3756 ;020;200;RPP0E77;     676,44;    0,83;30/06/2025;73;FALTA DE ATIVOS DE GIRO       ;   ;idute      ;18:06
237212                            ;30/06/2025;    ;660261;007;    ;0052842;BAR DA LEDA                                       ;(74) 3527-2137 ;020;204;RCQ9D86;     498,90;    0,51;01/07/2025;71;SEM DINHEIRO/CHEQUE           ;   ;gabriel.jz ;17:08
237216                            ;30/06/2025;    ;660390;007;    ;0055589;GELADAO RIBEIRO                                   ;(74)98843-2658 ;020;201;RPP7B52;     574,58;    0,75;03/07/2025;72;PDV FECHADO (HORARIO COM.)    ;   ;silva      ;13:23
237219                            ;30/06/2025;    ;660560;007;    ;0050436;ESQUINA BAR                                       ;(74)99961-8576 ;020;201;SKK9B87;     430,34;    0,60;01/07/2025;42;Produto/Quantidade Errada     ;   ;gabriel.jz ;18:13
237219                            ;30/06/2025;    ;660573;007;    ;0064741;LOKAL                                             ;(74)98807-4675 ;020;201;SKK9B87;       3,40;    0,00;01/07/2025;42;Produto/Quantidade Errada     ;   ;gabriel.jz ;18:13
237221                            ;30/06/2025;    ;660609;007;    ;0055007;COMERCIAL BRITO                                   ;(74)98811-4696 ;020;201;PKK8518;       8,80;    0,01;30/06/2025;42;Produto/Quantidade Errada     ;   ;idute      ;17:37
237221                            ;30/06/2025;    ;660610;007;    ;0055007;COMERCIAL BRITO                                   ;(74)98811-4696 ;020;201;PKK8518;       2,91;    0,00;30/06/2025;42;Produto/Quantidade Errada     ;   ;idute      ;17:38
237221                            ;30/06/2025;    ;660614;007;    ;0058262;CHEGOU AGORA                                      ;(74)99950-4223 ;020;201;PKK8518;     808,50;    1,03;30/06/2025;72;PDV FECHADO (HORARIO COM.)    ;   ;idute      ;17:36
237225                            ;30/06/2025;    ;660678;007;    ;0065361;CHACARA DO DG                                     ;(74)98848-5917 ;010;108;SKK4A24;     189,50;    0,21;30/06/2025;72;PDV FECHADO (HORARIO COM.)    ;   ;idute      ;17:50
237226                            ;30/06/2025;    ;660701;007;    ;0066098;GELADÃO JZ                                        ;(87)99155-5871 ;010;108;OZE4956;       4,26;    0,00;30/06/2025;42;Produto/Quantidade Errada     ;   ;idute      ;17:58
237228                            ;30/06/2025;    ;660728;007;    ;0058059;Distribuidora  DM                                 ;(74)98815-3134 ;010;106;RPP6J11;    2063,74;    2,69;30/06/2025;42;Produto/Quantidade Errada     ;   ;idute      ;16:23
237232                            ;30/06/2025;    ;660820;007;    ;0056637;Mercearia Sol Levant                              ;(75)98867-4718 ;010;103;SKK9D97;       4,45;    0,00;30/06/2025;42;Produto/Quantidade Errada     ;   ;idute      ;16:15
237233                            ;30/06/2025;    ;660839;007;    ;0064115;FABRICA DE PAES E B                               ;(74)98875-3396 ;010;103;RDN7A69;     203,04;    0,32;30/06/2025;71;SEM DINHEIRO/CHEQUE           ;   ;idute      ;13:32
