Mapa                     ;Data;Unb Nota;Nota;Serie;Unb Cliente;Cod. Cliente;Nome Cliente;Telefone;Area;Setor;Placa;Valor;Volume;Data Devol.;Cod. Motivo;Desc. Motivo;Orig. Pedido;Usuario;Hora
219153                            ;01/04/2024;    ;302972;007;    ;0054457;ROGERIO BEBIDAS                                   ;(74)99930-4942 ;020;205;RDC8F64;    2580,08;    3,65;03/04/2024;71;SEM DINHEIRO/CHEQUE           ;   ;aloisio    ;15:36
219154                            ;01/04/2024;    ;303021;007;    ;0057181;BUTECO DO CLAUDINHO                               ;(74)99978-5070 ;010;109;NZM9993;      11,58;    0,01;01/04/2024;63;PRODUTO / QTDE. ERRADA        ;   ;aloisio    ;16:23
219156                            ;01/04/2024;    ;303056;007;    ;0056938;CENTRAL BAR                                       ;(74)98107-8997 ;020;202;NZM4666;     599,08;    0,89;01/04/2024;72;PDV FECHADO (HORARIO COM.)    ;   ;silva      ;20:24
219157                            ;01/04/2024;    ;303108;007;    ;0057533;MERCADINHO 3K                                     ;(74)98834-9384 ;020;200;SJQ9B60;     100,32;    0,13;01/04/2024;71;SEM DINHEIRO/CHEQUE           ;   ;aloisio    ;14:07
219158                            ;01/04/2024;    ;303136;007;    ;0064228;MERCADINHO POINT                                  ;(74)98151-6166 ;020;200;RPP0E77;       9,90;    0,06;01/04/2024;71;SEM DINHEIRO/CHEQUE           ;   ;aloisio    ;14:03
219158                            ;01/04/2024;    ;303137;007;    ;0064228;MERCADINHO POINT                                  ;(74)98151-6166 ;020;200;RPP0E77;     225,00;    0,72;01/04/2024;71;SEM DINHEIRO/CHEQUE           ;   ;aloisio    ;14:04
219158                            ;01/04/2024;    ;303138;007;    ;0064228;MERCADINHO POINT                                  ;(74)98151-6166 ;020;200;RPP0E77;      23,80;    0,04;01/04/2024;71;SEM DINHEIRO/CHEQUE           ;   ;aloisio    ;14:02
219158                            ;01/04/2024;    ;303139;007;    ;0064228;MERCADINHO POINT                                  ;(74)98151-6166 ;020;200;RPP0E77;     154,78;    0,24;01/04/2024;71;SEM DINHEIRO/CHEQUE           ;   ;aloisio    ;14:01
219158                            ;01/04/2024;    ;303140;007;    ;0064228;MERCADINHO POINT                                  ;(74)98151-6166 ;020;200;RPP0E77;      78,62;    0,11;01/04/2024;71;SEM DINHEIRO/CHEQUE           ;   ;aloisio    ;13:59
219158                            ;01/04/2024;    ;303141;007;    ;0064228;MERCADINHO POINT                                  ;(74)98151-6166 ;020;200;RPP0E77;      30,51;    0,04;01/04/2024;71;SEM DINHEIRO/CHEQUE           ;   ;aloisio    ;13:58
219159                            ;01/04/2024;    ;303196;007;    ;0056240;DISTRIBUIDORA LOBO                                ;(74)99946-9133 ;020;201;NZM7723;    3570,64;    4,40;02/04/2024;50;CARGA ERRADA ARMAZEM          ;   ;ediziene   ;18:31
219159                            ;01/04/2024;    ;303197;007;    ;0056240;DISTRIBUIDORA LOBO                                ;(74)99946-9133 ;020;201;NZM7723;     340,73;    0,42;02/04/2024;50;CARGA ERRADA ARMAZEM          ;   ;ediziene   ;18:32
219159                            ;01/04/2024;    ;303202;007;    ;0025114;MERCADINHO BOM BOM                                ;(74) 3538-2147 ;020;201;NZM7723;      92,90;    0,10;02/04/2024;63;PRODUTO / QTDE. ERRADA        ;   ;ediziene   ;18:33
219160                            ;01/04/2024;    ;303220;007;    ;0053310;DIST. SUP COMPRE BEM                              ;(74)99192-0244 ;020;203;RPM8F89;     675,00;    1,26;03/04/2024;42;Produto/Quantidade Errada     ;   ;aloisio    ;13:21
219161                            ;01/04/2024;    ;303261;007;    ;0055415;MERCADINHO LIDER                                  ;(87)98158-7982 ;010;108;RDJ0G42;     452,03;    0,34;01/04/2024;64;SEM VASILHAME                 ;   ;aloisio    ;14:46
219167                            ;01/04/2024;    ;303450;007;    ;0054885;BAR TOCA DAS ONCAS                                ;(74)99804-1541 ;020;204;RPP7B52;      68,20;    0,08;02/04/2024;71;SEM DINHEIRO/CHEQUE           ;DER;teles      ;17:12
219169                            ;01/04/2024;    ;303479;007;    ;0062834;HULK BAR                                          ;(71)98163-9107 ;010;101;RDN1D46;      97,98;    0,13;01/04/2024;65;NAO FEZ PEDIDO                ;   ;silva      ;18:31
219169                            ;01/04/2024;    ;303480;007;    ;0062834;HULK BAR                                          ;(71)98163-9107 ;010;101;RDN1D46;     152,70;    0,20;01/04/2024;65;NAO FEZ PEDIDO                ;   ;silva      ;18:31
219169                            ;01/04/2024;    ;303481;007;    ;0062834;HULK BAR                                          ;(71)98163-9107 ;010;101;RDN1D46;      27,36;    0,04;01/04/2024;65;NAO FEZ PEDIDO                ;   ;silva      ;18:32
219176                            ;01/04/2024;    ;303570;007;    ;0052940;MERCAD PRECO BOM                                  ;(74)98833-8994 ;010;104;OZE4956;     682,92;    1,03;01/04/2024;64;SEM VASILHAME                 ;   ;aloisio    ;15:32
219208                            ;02/04/2024;    ;303647;007;    ;0052241;CHURRASCARIA GOMES                                ;(74)98847-9071 ;020;205;RDC5J22;     274,40;    0,21;03/04/2024;42;Produto/Quantidade Errada     ;   ;aloisio    ;14:36
219208                            ;02/04/2024;    ;303650;007;    ;0052241;CHURRASCARIA GOMES                                ;(74)98847-9071 ;020;205;RDC5J22;     188,76;    0,03;03/04/2024;42;Produto/Quantidade Errada     ;   ;aloisio    ;14:37
219208                            ;02/04/2024;    ;303651;007;    ;0052241;CHURRASCARIA GOMES                                ;(74)98847-9071 ;020;205;RDC5J22;     414,62;    0,24;03/04/2024;42;Produto/Quantidade Errada     ;   ;aloisio    ;14:36
219209                            ;02/04/2024;    ;303689;007;    ;0062140;DISTRIBUIDORA BOM MO                              ;(74)99806-9973 ;020;203;RPJ2H66;      91,09;    0,12;03/04/2024;70;CLIENTE CANCELOU              ;   ;silva      ;18:34
219209                            ;02/04/2024;    ;303719;007;    ;0054283;BUTIQUIM cachacaria                               ;(74)99191-0440 ;020;203;RPJ2H66;     619,81;    0,52;03/04/2024;50;CARGA ERRADA ARMAZEM          ;   ;silva      ;18:36
219209                            ;02/04/2024;    ;303720;007;    ;0054283;BUTIQUIM cachacaria                               ;(74)99191-0440 ;020;203;RPJ2H66;      15,24;    0,02;03/04/2024;50;CARGA ERRADA ARMAZEM          ;   ;silva      ;18:36
219210                            ;02/04/2024;    ;303788;007;    ;0057018;OSTENTA BAR                                       ;(74)99984-6411 ;020;202;OVB5042;     293,40;    0,35;02/04/2024;72;PDV FECHADO (HORARIO COM.)    ;   ;ediziene   ;18:19
219211                            ;02/04/2024;    ;303802;007;    ;0063465;REST STO ANTONIO                                  ;(74)98106-8262 ;010;109;NZM9993;     118,90;    0,20;02/04/2024;89;PDV FECHADO APOS HORARIO      ;   ;ediziene   ;18:38
219211                            ;02/04/2024;    ;303803;007;    ;0063465;REST STO ANTONIO                                  ;(74)98106-8262 ;010;109;NZM9993;      41,60;    0,13;02/04/2024;89;PDV FECHADO APOS HORARIO      ;   ;ediziene   ;18:39
219213                            ;02/04/2024;    ;303877;007;    ;0058521;CHURRASCARIA ESTANCI                              ;(49)99119-3623 ;010;100;OUG2987;    2052,48;    2,14;02/04/2024;87;TEMPO INSUFICIENTE            ;DER;ediziene   ;18:47
219215                            ;02/04/2024;    ;303939;007;    ;0051049;NICE LANCHES                                      ;(74)98817-3231 ;010;105;RPR6D25;     299,74;    0,41;02/04/2024;71;SEM DINHEIRO/CHEQUE           ;   ;ediziene   ;19:11
219215                            ;02/04/2024;    ;303946;007;    ;0052686;ARMAZEM SAO PEDRO                                 ;(74) 3611-2855 ;010;105;RPR6D25;     340,05;    0,83;02/04/2024;72;PDV FECHADO (HORARIO COM.)    ;   ;ediziene   ;19:13
219216                            ;02/04/2024;    ;303952;007;    ;0064383;LA MARE CREPERIA                                  ;(74)99997-4202 ;010;105;RDJ0G42;      15,18;    0,00;02/04/2024;72;PDV FECHADO (HORARIO COM.)    ;   ;teles      ;14:30
219217                            ;02/04/2024;    ;303962;007;    ;0056073;ARMAZEM PREMIUM                                   ;(74)98821-7773 ;010;110;PKL6654;    1181,07;    1,33;02/04/2024;64;SEM VASILHAME                 ;   ;teles      ;17:35
219220                            ;02/04/2024;    ;304050;007;    ;0054852;FRANCIS DISTB.                                    ;(74)98826-9339 ;010;102;RDN7A69;     458,10;    0,62;02/04/2024;71;SEM DINHEIRO/CHEQUE           ;   ;teles      ;16:45
219220                            ;02/04/2024;    ;304054;007;    ;0057158;Janaina                                           ;(87)98866-0720 ;010;102;RDN7A69;      27,36;    0,12;02/04/2024;72;PDV FECHADO (HORARIO COM.)    ;   ;teles      ;16:45
219220                            ;02/04/2024;    ;304055;007;    ;0057158;Janaina                                           ;(87)98866-0720 ;010;102;RDN7A69;      29,25;    0,06;02/04/2024;72;PDV FECHADO (HORARIO COM.)    ;   ;teles      ;16:44
219228                            ;02/04/2024;    ;304295;007;    ;0056219;PIZZARIA REC. ITALIA                              ;(74)99121-5907 ;010;110;LKI1H89;     426,92;    0,63;02/04/2024;72;PDV FECHADO (HORARIO COM.)    ;   ;teles      ;17:27
219228                            ;02/04/2024;    ;304300;007;    ;0050470;MERCADINHO MENEZES                                ;(74)98839-5263 ;010;101;LKI1H89;     362,41;    0,48;02/04/2024;72;PDV FECHADO (HORARIO COM.)    ;   ;teles      ;17:27
219229                            ;02/04/2024;    ;304324;007;    ;0057234;JR DISTRIBUIDORA                                  ;(74)98144-6485 ;010;102;OFB8B68;      64,45;    0,22;03/04/2024;33;Nao Fez Pedido                ;   ;aloisio    ;11:07
219229                            ;02/04/2024;    ;304335;007;    ;0057180;BRASA                                             ;(74)98826-1992 ;010;102;OFB8B68;    1195,62;    1,37;02/04/2024;64;SEM VASILHAME                 ;   ;ediziene   ;18:10
219246                            ;02/04/2024;    ;304396;007;    ;0051013;PADAR DOCE E SONHOS                               ;(74)99915-8588 ;020;204;MSG0C01;     126,29;    0,00;10/04/2024;51;NF ERRADA                     ;   ;alyson     ;12:06
219252                            ;03/04/2024;    ;304568;007;    ;0058352;GG DISTRIBUIDORA                                  ;(74)98142-4170 ;020;202;NZM4666;     192,48;    0,41;03/04/2024;72;PDV FECHADO (HORARIO COM.)    ;   ;aloisio    ;17:58
219261                            ;03/04/2024;    ;304852;007;    ;0063118;SERGIO LUIZ                                       ;(74)98804-8147 ;010;101;RDN7A69;     196,67;    0,29;03/04/2024;72;PDV FECHADO (HORARIO COM.)    ;   ;aloisio    ;16:10
219262                            ;03/04/2024;    ;304889;007;    ;0062132;BAR DA IRACEMA                                    ;(74)98816-3689 ;010;100;RPR6D25;     246,23;    0,34;03/04/2024;71;SEM DINHEIRO/CHEQUE           ;   ;aloisio    ;16:43
219262                            ;03/04/2024;    ;304892;007;    ;0055831;CHURRASCA CHIMARRAO                               ;(74)99195-0661 ;010;107;RPR6D25;     371,31;    0,46;03/04/2024;71;SEM DINHEIRO/CHEQUE           ;   ;aloisio    ;16:44
219263                            ;03/04/2024;    ;304923;007;    ;0064269;LANCHONETE DIAS                                   ;(87)98817-1271 ;010;103;LKI1H89;     111,80;    0,13;03/04/2024;71;SEM DINHEIRO/CHEQUE           ;   ;aloisio    ;16:26
219265                            ;03/04/2024;    ;304935;007;    ;0057385;GR DISTRIBUIDORA                                  ;(74)99930-0343 ;010;105;RDJ0G42;     610,80;    0,82;03/04/2024;64;SEM VASILHAME                 ;   ;aloisio    ;17:34
219267                            ;03/04/2024;    ;304980;007;    ;0058208;BAR CANAS DISTRIBUID                              ;(74)98836-2479 ;010;111;PKK8518;     702,67;    0,90;04/04/2024;72;PDV FECHADO (HORARIO COM.)    ;   ;teles      ;15:48
219274                            ;03/04/2024;    ;305088;007;    ;0061999;LIGIA DISTRIBUIDORA                               ;(74)99141-3467 ;010;111;OZE4956;     203,41;    0,18;03/04/2024;85;DIFICIL ACESSO                ;   ;aloisio    ;17:19
219274                            ;03/04/2024;    ;305089;007;    ;0061999;LIGIA DISTRIBUIDORA                               ;(74)99141-3467 ;010;111;OZE4956;     151,84;    0,17;03/04/2024;85;DIFICIL ACESSO                ;   ;aloisio    ;17:36
219274                            ;03/04/2024;    ;305090;007;    ;0061999;LIGIA DISTRIBUIDORA                               ;(74)99141-3467 ;010;111;OZE4956;      37,30;    0,12;03/04/2024;85;DIFICIL ACESSO                ;   ;aloisio    ;17:35
219274                            ;03/04/2024;    ;305091;007;    ;0061999;LIGIA DISTRIBUIDORA                               ;(74)99141-3467 ;010;111;OZE4956;     133,80;    0,07;03/04/2024;85;DIFICIL ACESSO                ;   ;aloisio    ;17:36
219274                            ;03/04/2024;    ;305092;007;    ;0063652;CHACARA DO BONE                                   ;(74)98818-9522 ;010;100;OZE4956;    1018,00;    1,38;03/04/2024;85;DIFICIL ACESSO                ;   ;aloisio    ;17:18
219274                            ;03/04/2024;    ;305093;007;    ;0063652;CHACARA DO BONE                                   ;(74)98818-9522 ;010;100;OZE4956;     451,67;    0,58;03/04/2024;85;DIFICIL ACESSO                ;   ;aloisio    ;17:19
219275                            ;03/04/2024;    ;305098;007;    ;0056109;Cerv Distribuidora                                ;(74)98801-4507 ;010;111;JII1442;     916,20;    1,24;03/04/2024;71;SEM DINHEIRO/CHEQUE           ;   ;aloisio    ;17:08
219275                            ;03/04/2024;    ;305119;007;    ;0063691;DIRTRIBUIDORA                                     ;(74)99966-8584 ;010;106;JII1442;     229,06;    0,32;03/04/2024;71;SEM DINHEIRO/CHEQUE           ;   ;aloisio    ;17:15
219276                            ;03/04/2024;    ;305142;007;    ;0051914;CHURRAS CHIMARRAO                                 ;(74) 3611-9272 ;010;102;EFV3713;     971,29;    1,36;03/04/2024;42;Produto/Quantidade Errada     ;   ;aloisio    ;16:53
219277                            ;03/04/2024;    ;305162;007;    ;0057126;JD DISTR DELIVERY                                 ;(74)99955-1016 ;010;105;OFB8B98;     387,99;    1,00;04/04/2024;32;ENTREGA ATRASADA (BUFFER)     ;   ;teles      ;18:39
219278                            ;03/04/2024;    ;305187;007;    ;0056556;MARCIA DE CASTRO SAN                              ;(74)98822-6921 ;010;106;OFB8B68;     683,74;    0,96;03/04/2024;33;Nao Fez Pedido                ;   ;aloisio    ;17:47
219301                            ;04/04/2024;    ;305411;007;    ;0050546;PADARIA BOM PAO                                   ;(74)98803-0824 ;020;203;RPJ2H66;     143,88;    0,46;05/04/2024;83;PROPRIETARIO AUSENTE          ;   ;silva      ;18:43
219301                            ;04/04/2024;    ;305460;007;    ;0058458;FENIX DISTRIBUIDORA                               ;(74)99818-3460 ;020;204;RPJ2H66;     152,70;    0,20;05/04/2024;70;CLIENTE CANCELOU              ;   ;silva      ;18:44
219302                            ;04/04/2024;    ;305523;007;    ;0051001;CHURRASACARIA CANOA                               ;(74)99815-2961 ;020;202;NZM5543;     271,32;    1,05;04/04/2024;72;PDV FECHADO (HORARIO COM.)    ;   ;ediziene   ;21:21
219303                            ;04/04/2024;    ;305582;007;    ;0060320;CHURRASCARIA NOVA CA                              ;(74)98137-8004 ;020;205;RDC5J22;     434,70;    0,43;05/04/2024;42;Produto/Quantidade Errada     ;   ;aloisio    ;12:02
219304                            ;04/04/2024;    ;305589;007;    ;0053366;GELADaO  SANTANA                                  ;(74)99951-7841 ;010;109;NZM9993;      18,08;    0,06;04/04/2024;42;Produto/Quantidade Errada     ;   ;teles      ;17:25
219305                            ;04/04/2024;    ;305635;007;    ;0058645;MERCDINHO JM                                      ;(74)99911-6973 ;010;109;RPP6J11;     660,80;    0,89;04/04/2024;72;PDV FECHADO (HORARIO COM.)    ;   ;teles      ;17:13
219310                            ;04/04/2024;    ;305822;007;    ;0064143;RESTA SABOR DE CASA                               ;(87)98851-1989 ;010;108;NKV3226;     635,86;    1,83;04/04/2024;87;TEMPO INSUFICIENTE            ;   ;ediziene   ;20:47
219310                            ;04/04/2024;    ;305823;007;    ;0064143;RESTA SABOR DE CASA                               ;(87)98851-1989 ;010;108;NKV3226;     204,42;    0,41;04/04/2024;87;TEMPO INSUFICIENTE            ;   ;ediziene   ;20:47
219310                            ;04/04/2024;    ;305824;007;    ;0064143;RESTA SABOR DE CASA                               ;(87)98851-1989 ;010;108;NKV3226;      43,62;    0,12;04/04/2024;87;TEMPO INSUFICIENTE            ;   ;ediziene   ;20:47
219312                            ;04/04/2024;    ;305862;007;    ;0063830;EMPORIO BEBIDAS                                   ;(74)99995-5721 ;020;201;NZM8419;     204,40;    0,54;04/04/2024;72;PDV FECHADO (HORARIO COM.)    ;   ;teles      ;18:29
219312                            ;04/04/2024;    ;305863;007;    ;0063830;EMPORIO BEBIDAS                                   ;(74)99995-5721 ;020;201;NZM8419;     242,40;    0,34;04/04/2024;72;PDV FECHADO (HORARIO COM.)    ;   ;teles      ;18:29
219312                            ;04/04/2024;    ;305864;007;    ;0063830;EMPORIO BEBIDAS                                   ;(74)99995-5721 ;020;201;NZM8419;    1524,46;    2,07;04/04/2024;72;PDV FECHADO (HORARIO COM.)    ;   ;teles      ;18:28
219312                            ;04/04/2024;    ;305868;007;    ;0055212;MERCADINHO BEZERRA                                ;(74)99913-4792 ;020;201;NZM8419;    1115,25;    1,50;04/04/2024;85;DIFICIL ACESSO                ;   ;teles      ;18:30
219312                            ;04/04/2024;    ;305869;007;    ;0055212;MERCADINHO BEZERRA                                ;(74)99913-4792 ;020;201;NZM8419;     140,28;    0,17;04/04/2024;85;DIFICIL ACESSO                ;   ;teles      ;18:30
219312                            ;04/04/2024;    ;305870;007;    ;0055212;MERCADINHO BEZERRA                                ;(74)99913-4792 ;020;201;NZM8419;     112,70;    0,42;04/04/2024;85;DIFICIL ACESSO                ;   ;teles      ;18:30
219312                            ;04/04/2024;    ;305871;007;    ;0052101;BAR PRIMAVERA                                     ;(74)99995-1377 ;020;201;NZM8419;    2620,69;    3,16;04/04/2024;85;DIFICIL ACESSO                ;   ;teles      ;18:30
219312                            ;04/04/2024;    ;305872;007;    ;0058440;MT DISTRIBUIDORA                                  ;(74)99800-2470 ;020;201;NZM8419;      33,90;    0,04;04/04/2024;85;DIFICIL ACESSO                ;   ;teles      ;18:29
219312                            ;04/04/2024;    ;305873;007;    ;0058546;MERCADINHO HORTO                                  ;(74)99816-8528 ;020;201;NZM8419;     671,27;    0,95;04/04/2024;85;DIFICIL ACESSO                ;   ;teles      ;18:29
219312                            ;04/04/2024;    ;305874;007;    ;0058035;ESQUINA CHOPP                                     ;(74)99973-0445 ;020;201;NZM8419;     509,00;    0,69;04/04/2024;85;DIFICIL ACESSO                ;DER;teles      ;18:30
219313                            ;04/04/2024;    ;305903;007;    ;0052134;BAR PONTO DO LANCHE                               ;(74)99106-4707 ;010;107;OZE4956;     303,42;    0,40;04/04/2024;72;PDV FECHADO (HORARIO COM.)    ;   ;teles      ;17:19
219313                            ;04/04/2024;    ;305904;007;    ;0052134;BAR PONTO DO LANCHE                               ;(74)99106-4707 ;010;107;OZE4956;      13,94;    0,06;04/04/2024;72;PDV FECHADO (HORARIO COM.)    ;   ;teles      ;17:19
219313                            ;04/04/2024;    ;305916;007;    ;0063888;DISTRIBUIDORA PONTO                               ;(74)98812-6658 ;020;201;OZE4956;    1037,11;    1,36;04/04/2024;85;DIFICIL ACESSO                ;   ;teles      ;17:19
219315                            ;04/04/2024;    ;305980;007;    ;0063030;GS ORLA BAR E RESTAU                              ;(74)99801-6615 ;010;110;PKK0690;    2729,50;    2,73;04/04/2024;42;Produto/Quantidade Errada     ;   ;teles      ;18:31
219316                            ;04/04/2024;    ;305998;007;    ;0051413;BODE MAR                                          ;(74)98837-3107 ;010;105;PKK0690;     263,52;    0,28;05/04/2024;87;TEMPO INSUFICIENTE            ;   ;silva      ;19:02
219316                            ;04/04/2024;    ;306011;007;    ;0058475;KIOSQUE DE TACISIO                                ;(74)99927-0150 ;010;105;PKK0690;     226,52;    0,46;05/04/2024;87;TEMPO INSUFICIENTE            ;   ;silva      ;19:01
219318                            ;04/04/2024;    ;306086;007;    ;0063556;SUPERMERCADO SANTANA                              ;(11)95831-0780 ;010;104;RPR6D25;     203,60;    0,27;04/04/2024;71;SEM DINHEIRO/CHEQUE           ;   ;teles      ;17:39
219323                            ;04/04/2024;    ;306170;007;    ;0062149;DISTRIBUIDORA DA ANG                              ;(74)98841-1807 ;010;100;LKI1H89;    1053,40;    1,35;04/04/2024;85;DIFICIL ACESSO                ;   ;teles      ;17:55
219323                            ;04/04/2024;    ;306171;007;    ;0062149;DISTRIBUIDORA DA ANG                              ;(74)98841-1807 ;010;100;LKI1H89;      15,24;    0,02;04/04/2024;85;DIFICIL ACESSO                ;   ;teles      ;17:56
219323                            ;04/04/2024;    ;306176;007;    ;0062120;MERCADO NILZA                                     ;(74)99914-8780 ;010;104;LKI1H89;      43,81;    0,06;04/04/2024;85;DIFICIL ACESSO                ;   ;teles      ;17:56
219324                            ;04/04/2024;    ;306180;007;    ;0064287;MERCA DEUS É FIEL                                 ;(74)98834-3571 ;010;104;RPR6D25;     356,86;    1,17;05/04/2024;23;(C)Pedidos duplicados         ;   ;aloisio    ;16:17
219328                            ;04/04/2024;    ;306296;007;    ;0025628;SABOR DA CASA                                     ;(74)98804-3740 ;010;100;NTG4685;     819,61;    0,96;04/04/2024;64;SEM VASILHAME                 ;   ;ediziene   ;20:23
219332                            ;04/04/2024;    ;306441;007;    ;0055991;Panificadora  Moraes                              ;(74)98803-3865 ;010;106;RCP2C35;     556,30;    0,69;04/04/2024;85;DIFICIL ACESSO                ;   ;teles      ;18:07
219333                            ;04/04/2024;    ;306446;007;    ;0056393;DEPOSITO ROCHELE                                  ;(74)99122-9886 ;010;111;NZM7723;      17,37;    0,01;04/04/2024;72;PDV FECHADO (HORARIO COM.)    ;   ;teles      ;17:07
219333                            ;04/04/2024;    ;306447;007;    ;0056393;DEPOSITO ROCHELE                                  ;(74)99122-9886 ;010;111;NZM7723;       2,89;    0,00;04/04/2024;72;PDV FECHADO (HORARIO COM.)    ;   ;teles      ;17:07
219333                            ;04/04/2024;    ;306448;007;    ;0056393;DEPOSITO ROCHELE                                  ;(74)99122-9886 ;010;111;NZM7723;       3,40;    0,00;04/04/2024;72;PDV FECHADO (HORARIO COM.)    ;   ;teles      ;17:06
219333                            ;04/04/2024;    ;306449;007;    ;0056393;DEPOSITO ROCHELE                                  ;(74)99122-9886 ;010;111;NZM7723;      12,50;    0,00;04/04/2024;72;PDV FECHADO (HORARIO COM.)    ;   ;teles      ;17:07
219333                            ;04/04/2024;    ;306450;007;    ;0056393;DEPOSITO ROCHELE                                  ;(74)99122-9886 ;010;111;NZM7723;       3,19;    0,00;04/04/2024;72;PDV FECHADO (HORARIO COM.)    ;   ;teles      ;17:06
219333                            ;04/04/2024;    ;306451;007;    ;0056393;DEPOSITO ROCHELE                                  ;(74)99122-9886 ;010;111;NZM7723;       2,89;    0,00;04/04/2024;72;PDV FECHADO (HORARIO COM.)    ;   ;teles      ;17:08
219333                            ;04/04/2024;    ;306452;007;    ;0056393;DEPOSITO ROCHELE                                  ;(74)99122-9886 ;010;111;NZM7723;       2,89;    0,00;04/04/2024;72;PDV FECHADO (HORARIO COM.)    ;   ;teles      ;17:07
219333                            ;04/04/2024;    ;306455;007;    ;0055153;DIST. SANTA INES                                  ;(74)98834-6960 ;010;108;NZM7723;    2036,00;    2,76;04/04/2024;71;SEM DINHEIRO/CHEQUE           ;   ;teles      ;17:08
219333                            ;04/04/2024;    ;306456;007;    ;0055153;DIST. SANTA INES                                  ;(74)98834-6960 ;010;108;NZM7723;    1527,00;    2,07;04/04/2024;71;SEM DINHEIRO/CHEQUE           ;   ;teles      ;17:08
219333                            ;04/04/2024;    ;306457;007;    ;0055153;DIST. SANTA INES                                  ;(74)98834-6960 ;010;108;NZM7723;      74,04;    0,24;04/04/2024;71;SEM DINHEIRO/CHEQUE           ;   ;teles      ;17:10
219333                            ;04/04/2024;    ;306458;007;    ;0055153;DIST. SANTA INES                                  ;(74)98834-6960 ;010;108;NZM7723;      47,72;    0,06;04/04/2024;71;SEM DINHEIRO/CHEQUE           ;   ;teles      ;17:09
219333                            ;04/04/2024;    ;306459;007;    ;0055153;DIST. SANTA INES                                  ;(74)98834-6960 ;010;108;NZM7723;      31,90;    0,04;04/04/2024;71;SEM DINHEIRO/CHEQUE           ;   ;teles      ;17:10
219333                            ;04/04/2024;    ;306460;007;    ;0057194;DISTRIBUIDORA DAVI                                ;(74)98859-8146 ;010;108;NZM7723;    5090,00;    6,90;04/04/2024;71;SEM DINHEIRO/CHEQUE           ;   ;teles      ;17:10
219333                            ;04/04/2024;    ;306461;007;    ;0057194;DISTRIBUIDORA DAVI                                ;(74)98859-8146 ;010;108;NZM7723;    1018,00;    1,38;04/04/2024;71;SEM DINHEIRO/CHEQUE           ;   ;teles      ;17:10
219333                            ;04/04/2024;    ;306462;007;    ;0057194;DISTRIBUIDORA DAVI                                ;(74)98859-8146 ;010;108;NZM7723;      45,81;    0,06;04/04/2024;71;SEM DINHEIRO/CHEQUE           ;   ;teles      ;17:10
219347                            ;05/04/2024;    ;306490;007;    ;0050418;BAR DO JARDEL                                     ;(74) 3531-2625 ;020;202;RPP0E77;     591,53;    0,73;06/04/2024;63;PRODUTO / QTDE. ERRADA        ;   ;idute      ;11:54
219348                            ;05/04/2024;    ;306553;007;    ;0057400;MERC DO SO NEGA                                   ;(74)98803-7806 ;020;200;RPM8D89;     599,40;    1,14;05/04/2024;42;Produto/Quantidade Errada     ;   ;silva      ;20:16
219348                            ;05/04/2024;    ;306554;007;    ;0057400;MERC DO SO NEGA                                   ;(74)98803-7806 ;020;200;RPM8D89;     157,50;    0,26;05/04/2024;42;Produto/Quantidade Errada     ;   ;silva      ;20:16
219348                            ;05/04/2024;    ;306562;007;    ;0053979;DISTB. MERC. BATISTA                              ;(74)98814-4778 ;020;200;RPM8D89;    2026,36;    2,12;05/04/2024;42;Produto/Quantidade Errada     ;   ;silva      ;20:12
219348                            ;05/04/2024;    ;306563;007;    ;0053979;DISTB. MERC. BATISTA                              ;(74)98814-4778 ;020;200;RPM8D89;    2516,00;    2,76;05/04/2024;42;Produto/Quantidade Errada     ;   ;silva      ;20:13
219348                            ;05/04/2024;    ;306564;007;    ;0053979;DISTB. MERC. BATISTA                              ;(74)98814-4778 ;020;200;RPM8D89;     169,60;    0,16;05/04/2024;42;Produto/Quantidade Errada     ;   ;silva      ;20:13
219348                            ;05/04/2024;    ;306565;007;    ;0053979;DISTB. MERC. BATISTA                              ;(74)98814-4778 ;020;200;RPM8D89;     728,58;    1,22;05/04/2024;42;Produto/Quantidade Errada     ;   ;silva      ;20:14
219348                            ;05/04/2024;    ;306566;007;    ;0053979;DISTB. MERC. BATISTA                              ;(74)98814-4778 ;020;200;RPM8D89;     356,30;    0,48;05/04/2024;42;Produto/Quantidade Errada     ;   ;silva      ;20:15
219348                            ;05/04/2024;    ;306586;007;    ;0055800;MINI MERCADO                                      ;(74) 8827-4754 ;020;200;RPM8D89;      12,15;    0,01;05/04/2024;72;PDV FECHADO (HORARIO COM.)    ;DER;silva      ;20:14
219352                            ;05/04/2024;    ;306752;007;    ;0063369;DISTRIBUIDORA SOUZA                               ;(43)90000-0000 ;010;111;OUG2987;      37,90;    0,04;05/04/2024;70;CLIENTE CANCELOU              ;   ;aloisio    ;15:17
219352                            ;05/04/2024;    ;306753;007;    ;0063369;DISTRIBUIDORA SOUZA                               ;(43)90000-0000 ;010;111;OUG2987;     223,30;    0,29;05/04/2024;70;CLIENTE CANCELOU              ;   ;aloisio    ;15:16
219352                            ;05/04/2024;    ;306754;007;    ;0055147;GELADINHA D GORDINHO                              ;(74)98811-1556 ;010;111;OUG2987;    2526,56;    3,00;05/04/2024;64;SEM VASILHAME                 ;   ;aloisio    ;15:17
219352                            ;05/04/2024;    ;306755;007;    ;0055147;GELADINHA D GORDINHO                              ;(74)98811-1556 ;010;111;OUG2987;      63,86;    0,14;05/04/2024;64;SEM VASILHAME                 ;   ;aloisio    ;15:18
219354                            ;05/04/2024;    ;306801;007;    ;0064428;MAYARA DOS SANTOS RO                              ;(87)98867-2150 ;010;100;KJP3656;     309,00;    0,42;05/04/2024;70;CLIENTE CANCELOU              ;   ;aloisio    ;17:10
219354                            ;05/04/2024;    ;306852;007;    ;0055055;BAR PALOMA                                        ;(74)99953-7351 ;010;100;KJP3656;      92,98;    0,03;05/04/2024;42;Produto/Quantidade Errada     ;   ;aloisio    ;17:14
219354                            ;05/04/2024;    ;306853;007;    ;0055055;BAR PALOMA                                        ;(74)99953-7351 ;010;100;KJP3656;     108,54;    0,07;05/04/2024;42;Produto/Quantidade Errada     ;   ;aloisio    ;17:14
219354                            ;05/04/2024;    ;306854;007;    ;0055055;BAR PALOMA                                        ;(74)99953-7351 ;010;100;KJP3656;      71,11;    0,08;05/04/2024;42;Produto/Quantidade Errada     ;   ;aloisio    ;17:12
219354                            ;05/04/2024;    ;306855;007;    ;0055055;BAR PALOMA                                        ;(74)99953-7351 ;010;100;KJP3656;     239,75;    0,36;05/04/2024;42;Produto/Quantidade Errada     ;   ;aloisio    ;17:11
219354                            ;05/04/2024;    ;306856;007;    ;0055055;BAR PALOMA                                        ;(74)99953-7351 ;010;100;KJP3656;      14,86;    0,00;05/04/2024;42;Produto/Quantidade Errada     ;   ;aloisio    ;17:13
219355                            ;05/04/2024;    ;306864;007;    ;0054421;LANCHONETE DONA ROSY                              ;(74)90000-0000 ;020;203;OUX8B81;     247,34;    0,37;08/04/2024;89;PDV FECHADO APOS HORARIO      ;   ;ediziene   ;22:34
219355                            ;05/04/2024;    ;306865;007;    ;0054421;LANCHONETE DONA ROSY                              ;(74)90000-0000 ;020;203;OUX8B81;      16,20;    0,02;08/04/2024;89;PDV FECHADO APOS HORARIO      ;   ;ediziene   ;22:34
219355                            ;05/04/2024;    ;306880;007;    ;0025749;COMERCIAL GILMAR                                  ;(74)99102-0356 ;020;203;OUX8B81;     177,30;    0,39;08/04/2024;87;TEMPO INSUFICIENTE            ;   ;ediziene   ;22:36
219355                            ;05/04/2024;    ;306883;007;    ;0053486;BAR PAULO PEZAO                                   ;(74) 8105-2956 ;020;203;OUX8B81;     592,51;    0,81;08/04/2024;87;TEMPO INSUFICIENTE            ;   ;ediziene   ;22:36
219355                            ;05/04/2024;    ;306906;007;    ;0063455;DISTRIBUIDORA MORIA                               ;(74)99974-5974 ;020;204;OUX8B81;      28,73;    0,04;08/04/2024;87;TEMPO INSUFICIENTE            ;   ;ediziene   ;22:35
219355                            ;05/04/2024;    ;306907;007;    ;0063455;DISTRIBUIDORA MORIA                               ;(74)99974-5974 ;020;204;OUX8B81;     307,68;    0,40;08/04/2024;87;TEMPO INSUFICIENTE            ;   ;ediziene   ;22:35
219355                            ;05/04/2024;    ;306908;007;    ;0063455;DISTRIBUIDORA MORIA                               ;(74)99974-5974 ;020;204;OUX8B81;     169,50;    0,21;08/04/2024;87;TEMPO INSUFICIENTE            ;   ;ediziene   ;22:35
219355                            ;05/04/2024;    ;306920;007;    ;0050160;SUPERMERCAD CALCADaO                              ;(74)99966-4498 ;020;204;OUX8B81;    1195,52;    1,63;08/04/2024;89;PDV FECHADO APOS HORARIO      ;   ;ediziene   ;22:33
219355                            ;05/04/2024;    ;306925;007;    ;0064628;INOVAR                                            ;(74)98801-1371 ;020;203;OUX8B81;    1668,76;    2,75;08/04/2024;89;PDV FECHADO APOS HORARIO      ;   ;ediziene   ;22:33
219356                            ;05/04/2024;    ;306976;007;    ;0050137;LANCH. BRITO                                      ;(74)99123-5382 ;020;204;RDC8F64;    3172,61;    3,68;08/04/2024;71;SEM DINHEIRO/CHEQUE           ;   ;ediziene   ;19:43
219359                            ;05/04/2024;    ;306994;007;    ;0064110;REST CHEIRO VERDE                                 ;(74)98140-2370 ;010;105;RDN1D46;      44,16;    0,12;05/04/2024;85;DIFICIL ACESSO                ;   ;aloisio    ;17:07
219359                            ;05/04/2024;    ;307026;007;    ;0057448;DIST CAMAROTE                                     ;(74)99100-7878 ;010;111;RDN1D46;     285,10;    0,38;05/04/2024;72;PDV FECHADO (HORARIO COM.)    ;   ;aloisio    ;17:08
219360                            ;05/04/2024;    ;307059;007;    ;0000015;LUA MAR BAR E LANCH.                              ;(74)98808-2385 ;010;101;PKK0690;     851,10;    1,66;06/04/2024;72;PDV FECHADO (HORARIO COM.)    ;   ;idute      ;15:25
219364                            ;05/04/2024;    ;307170;007;    ;0008046;BAR DO TUSTAO                                     ;(74)98839-4498 ;010;106;NZM8419;     152,70;    0,20;06/04/2024;70;CLIENTE CANCELOU              ;   ;idute      ;11:34
219389                            ;06/04/2024;    ;307521;007;    ;0054217;BAR DO I                                          ;(74)98109-2895 ;020;205;RPJ2H66;     229,80;    0,28;06/04/2024;71;SEM DINHEIRO/CHEQUE           ;   ;idute      ;16:24
219389                            ;06/04/2024;    ;307523;007;    ;0050198;BAR DO ZACARIAS                                   ;(74)99961-6760 ;020;205;RPJ2H66;     111,57;    0,36;06/04/2024;71;SEM DINHEIRO/CHEQUE           ;   ;idute      ;16:24
219390                            ;06/04/2024;    ;307530;007;    ;0056597;PORAO HAMBURGUERIA                                ;(87)99958-2070 ;010;101;RDN1D46;     483,20;    0,82;06/04/2024;72;PDV FECHADO (HORARIO COM.)    ;   ;teles      ;17:32
219390                            ;06/04/2024;    ;307544;007;    ;0058642;AF DISTRIBUIDORA                                  ;(87)98836-6217 ;010;101;RDN1D46;     278,91;    0,50;06/04/2024;72;PDV FECHADO (HORARIO COM.)    ;   ;teles      ;17:33
219390                            ;06/04/2024;    ;307550;007;    ;0056148;JARBAS BEBIDAS                                    ;(74)98853-1571 ;010;111;RDN1D46;     761,60;    1,14;06/04/2024;63;PRODUTO / QTDE. ERRADA        ;   ;teles      ;17:32
219390                            ;06/04/2024;    ;307551;007;    ;0056148;JARBAS BEBIDAS                                    ;(74)98853-1571 ;010;111;RDN1D46;     223,30;    0,29;06/04/2024;63;PRODUTO / QTDE. ERRADA        ;   ;teles      ;17:32
219391                            ;06/04/2024;    ;307552;007;    ;0063894;DEPOSITO BEER E PETI                              ;(74)98806-1510 ;010;105;RDN7A69;     146,75;    0,20;06/04/2024;72;PDV FECHADO (HORARIO COM.)    ;   ;idute      ;14:36
219393                            ;06/04/2024;    ;307595;007;    ;0050085;SUPER IMPERADOR                                   ;(74) 3612-8681 ;080;810;OUG2987;    2022,15;    4,60;06/04/2024;86;HORARIO DE ENTREGA            ;   ;teles      ;16:55
219395                            ;06/04/2024;    ;307644;007;    ;0051444;SKINA BAR                                         ;(74)99129-7032 ;010;102;OVB5042;     723,90;    1,18;06/04/2024;87;TEMPO INSUFICIENTE            ;   ;ediziene   ;18:21
219395                            ;06/04/2024;    ;307645;007;    ;0051444;SKINA BAR                                         ;(74)99129-7032 ;010;102;OVB5042;      37,06;    0,02;06/04/2024;87;TEMPO INSUFICIENTE            ;   ;ediziene   ;18:21
219395                            ;06/04/2024;    ;307646;007;    ;0063255;DUUH DISTRIBUIDORA                                ;(74)98823-5179 ;010;102;OVB5042;     538,15;    0,55;06/04/2024;87;TEMPO INSUFICIENTE            ;   ;ediziene   ;18:21
219395                            ;06/04/2024;    ;307647;007;    ;0025215;NAPOLEAO                                          ;(74)98817-8082 ;010;102;OVB5042;     560,48;    0,82;06/04/2024;87;TEMPO INSUFICIENTE            ;   ;ediziene   ;18:20
219395                            ;06/04/2024;    ;307648;007;    ;0056265;MERC ESPACO CASSIA                                ;(74) 8857-8485 ;010;102;OVB5042;     188,82;    0,15;06/04/2024;87;TEMPO INSUFICIENTE            ;   ;ediziene   ;18:22
219395                            ;06/04/2024;    ;307649;007;    ;0056265;MERC ESPACO CASSIA                                ;(74) 8857-8485 ;010;102;OVB5042;      16,20;    0,02;06/04/2024;87;TEMPO INSUFICIENTE            ;   ;ediziene   ;18:22
219396                            ;06/04/2024;    ;307703;007;    ;0051594;COMER BEB. AVENIDA                                ;(74)98817-9039 ;010;104;NZM7723;     316,25;    1,00;06/04/2024;82;ENDERECO NAO ENCONTRADO       ;   ;idute      ;15:17
219397                            ;06/04/2024;    ;307750;007;    ;0063132;PONTO CERTO DO FRDEC                              ;(74)98859-7004 ;010;104;RPE4C71;      37,90;    0,04;08/04/2024;71;SEM DINHEIRO/CHEQUE           ;   ;idute      ;13:24
219398                            ;06/04/2024;    ;307773;007;    ;0054875;BRISA MERCADINHO                                  ;(74)98839-2114 ;010;107;SJQ9B60;     912,38;    1,24;06/04/2024;70;CLIENTE CANCELOU              ;   ;ediziene   ;18:27
219398                            ;06/04/2024;    ;307774;007;    ;0054875;BRISA MERCADINHO                                  ;(74)98839-2114 ;010;107;SJQ9B60;     254,50;    0,34;06/04/2024;70;CLIENTE CANCELOU              ;   ;ediziene   ;18:27
219399                            ;06/04/2024;    ;307788;007;    ;0024045;MERC. E GELADAO TITA                              ;(74)98857-1811 ;010;100;LKI1H89;      85,80;    0,11;06/04/2024;65;NAO FEZ PEDIDO                ;   ;idute      ;14:52
219399                            ;06/04/2024;    ;307789;007;    ;0051328;BAR CASTANHOLA                                    ;(74)99158-0026 ;010;100;LKI1H89;     169,43;    0,20;06/04/2024;72;PDV FECHADO (HORARIO COM.)    ;   ;idute      ;14:51
219399                            ;06/04/2024;    ;307793;007;    ;0051169;DEPOSITO IRAQUITAN                                ;(74)98848-9959 ;010;111;LKI1H89;     148,16;    0,16;06/04/2024;72;PDV FECHADO (HORARIO COM.)    ;   ;idute      ;14:51
219403                            ;06/04/2024;    ;307895;007;    ;0057158;Janaina                                           ;(87)98866-0720 ;010;102;OFB8B68;     152,70;    0,20;06/04/2024;71;SEM DINHEIRO/CHEQUE           ;   ;idute      ;15:14
219404                            ;06/04/2024;    ;307926;007;    ;0062149;DISTRIBUIDORA DA ANG                              ;(74)98841-1807 ;010;100;NKV3226;     957,75;    1,20;06/04/2024;85;DIFICIL ACESSO                ;   ;idute      ;13:50
219404                            ;06/04/2024;    ;307927;007;    ;0062149;DISTRIBUIDORA DA ANG                              ;(74)98841-1807 ;010;100;NKV3226;      16,20;    0,02;06/04/2024;85;DIFICIL ACESSO                ;   ;idute      ;13:50
219404                            ;06/04/2024;    ;307928;007;    ;0061999;LIGIA DISTRIBUIDORA                               ;(74)99141-3467 ;010;111;NKV3226;    1015,46;    1,38;06/04/2024;85;DIFICIL ACESSO                ;   ;idute      ;13:50
219404                            ;06/04/2024;    ;307929;007;    ;0061999;LIGIA DISTRIBUIDORA                               ;(74)99141-3467 ;010;111;NKV3226;     284,40;    0,27;06/04/2024;85;DIFICIL ACESSO                ;   ;idute      ;13:49
219420                            ;08/04/2024;    ;308222;007;    ;0058145;BAR DO RAMIRES                                    ;(74)98848-0860 ;020;200;SJQ9B60;     312,04;    0,54;08/04/2024;71;SEM DINHEIRO/CHEQUE           ;   ;idute      ;15:36
219420                            ;08/04/2024;    ;308223;007;    ;0058145;BAR DO RAMIRES                                    ;(74)98848-0860 ;020;200;SJQ9B60;     410,70;    0,43;08/04/2024;71;SEM DINHEIRO/CHEQUE           ;   ;idute      ;15:35
219420                            ;08/04/2024;    ;308224;007;    ;0058145;BAR DO RAMIRES                                    ;(74)98848-0860 ;020;200;SJQ9B60;      56,00;    0,08;08/04/2024;71;SEM DINHEIRO/CHEQUE           ;   ;idute      ;15:35
219423                            ;08/04/2024;    ;308352;007;    ;0050743;MERCADINHO DO LOURO                               ;(74)99918-6485 ;020;204;RPP7B52;     509,00;    0,69;10/04/2024;72;PDV FECHADO (HORARIO COM.)    ;DER;teles      ;15:33
219423                            ;08/04/2024;    ;308372;007;    ;0062893;MERC DA FAMILIA                                   ;(75)99966-2305 ;020;204;RPP7B52;     254,50;    0,34;10/04/2024;71;SEM DINHEIRO/CHEQUE           ;   ;teles      ;15:34
219423                            ;08/04/2024;    ;308407;007;    ;0062431;VERDURaO PREO BOM                                 ;(74)99102-2565 ;020;204;RPP7B52;     309,00;    0,52;10/04/2024;71;SEM DINHEIRO/CHEQUE           ;   ;teles      ;15:33
219424                            ;08/04/2024;    ;308445;007;    ;0063083;BIEER DISTRIBUIDORA                               ;(74)98814-6334 ;010;109;RPP6J11;    1018,00;    1,38;08/04/2024;72;PDV FECHADO (HORARIO COM.)    ;   ;ediziene   ;20:32
219425                            ;08/04/2024;    ;308512;007;    ;0055727;VT LANCHES                                        ;(74)99927-9734 ;020;201;NZM7723;     186,35;    0,59;09/04/2024;50;CARGA ERRADA ARMAZEM          ;   ;aloisio    ;14:43
219425                            ;08/04/2024;    ;308542;007;    ;0051912;BAR ESPACO LIVRE                                  ;(74)98862-9297 ;020;201;NZM7723;     560,77;    0,84;09/04/2024;72;PDV FECHADO (HORARIO COM.)    ;   ;aloisio    ;14:43
219426                            ;08/04/2024;    ;308572;007;    ;0055621;DISTRI DO RONALDO                                 ;(74)99953-9579 ;010;107;PKK0690;     250,86;    0,25;08/04/2024;32;ENTREGA ATRASADA (BUFFER)     ;   ;idute      ;17:17
219429                            ;08/04/2024;    ;308626;007;    ;0064215;RESTAURANTE DO JOSA                               ;(87)99997-3323 ;010;108;OVB5042;     321,19;    0,47;08/04/2024;70;CLIENTE CANCELOU              ;   ;idute      ;17:49
219430                            ;08/04/2024;    ;308657;007;    ;0053610;DISTR DIAS                                        ;(74) 3617-2039 ;010;108;NZM8419;     103,38;    0,13;08/04/2024;70;CLIENTE CANCELOU              ;   ;idute      ;15:28
219430                            ;08/04/2024;    ;308658;007;    ;0053610;DISTR DIAS                                        ;(74) 3617-2039 ;010;108;NZM8419;     339,09;    0,42;08/04/2024;70;CLIENTE CANCELOU              ;   ;idute      ;15:28
219435                            ;08/04/2024;    ;308735;007;    ;0056186;DAURI DIST BEBIDAS                                ;(74)99964-5843 ;010;111;RPR6D25;     358,11;    0,38;08/04/2024;64;SEM VASILHAME                 ;   ;idute      ;14:43
219437                            ;08/04/2024;    ;308795;007;    ;0064553;MINI MERCEARIA SOLEV                              ;(74)98154-6465 ;010;105;RDN1D46;     135,70;    0,18;08/04/2024;42;Produto/Quantidade Errada     ;   ;idute      ;15:33
219440                            ;08/04/2024;    ;308849;007;    ;0054540;BOTECO DO SEU Z                                   ;(74)98801-1932 ;010;110;RDN7A69;    1074,89;    1,20;08/04/2024;42;Produto/Quantidade Errada     ;   ;idute      ;17:42
219441                            ;08/04/2024;    ;308854;007;    ;0057412;DISTRID. DO MIUDO                                 ;(74)98136-2669 ;010;100;KJP3656;     147,94;    0,24;08/04/2024;85;DIFICIL ACESSO                ;   ;ediziene   ;18:51
219441                            ;08/04/2024;    ;308855;007;    ;0057412;DISTRID. DO MIUDO                                 ;(74)98136-2669 ;010;100;KJP3656;     158,75;    0,20;08/04/2024;85;DIFICIL ACESSO                ;   ;ediziene   ;18:52
219441                            ;08/04/2024;    ;308856;007;    ;0057412;DISTRID. DO MIUDO                                 ;(74)98136-2669 ;010;100;KJP3656;      15,64;    0,01;08/04/2024;85;DIFICIL ACESSO                ;   ;ediziene   ;18:52
219441                            ;08/04/2024;    ;308857;007;    ;0064365;DISTRIBUIDORA DE BEB                              ;(74)98822-1803 ;010;100;KJP3656;     134,51;    0,20;08/04/2024;87;TEMPO INSUFICIENTE            ;   ;ediziene   ;18:47
219441                            ;08/04/2024;    ;308858;007;    ;0064365;DISTRIBUIDORA DE BEB                              ;(74)98822-1803 ;010;100;KJP3656;     374,22;    0,53;08/04/2024;87;TEMPO INSUFICIENTE            ;   ;ediziene   ;18:47
219441                            ;08/04/2024;    ;308859;007;    ;0064365;DISTRIBUIDORA DE BEB                              ;(74)98822-1803 ;010;100;KJP3656;     204,76;    0,26;08/04/2024;87;TEMPO INSUFICIENTE            ;   ;ediziene   ;18:48
219441                            ;08/04/2024;    ;308860;007;    ;0064365;DISTRIBUIDORA DE BEB                              ;(74)98822-1803 ;010;100;KJP3656;      37,90;    0,04;08/04/2024;87;TEMPO INSUFICIENTE            ;   ;ediziene   ;18:48
219441                            ;08/04/2024;    ;308868;007;    ;0056251;MERC E DIST DO VALE                               ;(74)99969-0121 ;010;100;KJP3656;     457,89;    0,68;08/04/2024;72;PDV FECHADO (HORARIO COM.)    ;   ;ediziene   ;18:49
219441                            ;08/04/2024;    ;308869;007;    ;0056251;MERC E DIST DO VALE                               ;(74)99969-0121 ;010;100;KJP3656;      16,20;    0,02;08/04/2024;72;PDV FECHADO (HORARIO COM.)    ;   ;ediziene   ;18:50
219441                            ;08/04/2024;    ;308874;007;    ;0063517;POINT ESPETINHO                                   ;(74)98873-3965 ;010;100;KJP3656;      96,71;    0,13;08/04/2024;72;PDV FECHADO (HORARIO COM.)    ;   ;ediziene   ;18:49
219441                            ;08/04/2024;    ;308884;007;    ;0056769;CF DISTRIBUIDORA                                  ;(74)98802-5674 ;010;100;KJP3656;     172,25;    0,33;08/04/2024;72;PDV FECHADO (HORARIO COM.)    ;   ;ediziene   ;18:51
219487                            ;08/04/2024;    ;308958;007;    ;0064166;DISTRIBUIDORA DO CAC                              ;(74)99937-9614 ;010;109;MSG0C01;    1500,00;    0,00;12/04/2024;08;Mapa nao carregado / nao canc.;   ;teles      ;17:31
219494                            ;09/04/2024;    ;309067;007;    ;0058405;BOTECO DA MARA                                    ;(74)98836-6815 ;020;204;RDC8F64;     659,76;    0,72;10/04/2024;71;SEM DINHEIRO/CHEQUE           ;   ;ediziene   ;19:17
219494                            ;09/04/2024;    ;309082;007;    ;0057512;Quetinho Distribuido                              ;(74)98836-7982 ;020;204;RDC8F64;     372,52;    0,43;10/04/2024;72;PDV FECHADO (HORARIO COM.)    ;   ;ediziene   ;19:17
219494                            ;09/04/2024;    ;309091;007;    ;0051513;CENTRAL DA PIZZA                                  ;(74)98817-3790 ;020;203;RDC8F64;    1289,92;    2,76;10/04/2024;64;SEM VASILHAME                 ;   ;ediziene   ;19:18
219494                            ;09/04/2024;    ;309094;007;    ;0063858;SUPERMERCADO SUZART                               ;(74)99819-0634 ;020;203;RDC8F64;    1208,84;    1,85;10/04/2024;71;SEM DINHEIRO/CHEQUE           ;   ;ediziene   ;19:16
219495                            ;09/04/2024;    ;309172;007;    ;0062868;BISTRO DO ESPETO                                  ;(74)98141-9440 ;020;202;OVB5042;     465,30;    0,78;09/04/2024;72;PDV FECHADO (HORARIO COM.)    ;   ;aloisio    ;17:10
219499                            ;09/04/2024;    ;309354;007;    ;0055009;BAR DA GALEGA                                     ;(74)98836-5672 ;020;201;RPM8D89;     509,00;    0,69;10/04/2024;72;PDV FECHADO (HORARIO COM.)    ;DER;teles      ;15:42
219501                            ;09/04/2024;    ;309456;007;    ;0004573;BAR DA MARIA                                      ;(74) 9980-8381 ;010;100;NZM5543;     356,30;    0,48;09/04/2024;70;CLIENTE CANCELOU              ;DER;aloisio    ;16:17
219508                            ;09/04/2024;    ;309653;007;    ;0057426;ALVES DISTRIBUIDORA                               ;(74)98858-9211 ;010;102;OZF1202;     925,16;    1,45;09/04/2024;72;PDV FECHADO (HORARIO COM.)    ;   ;aloisio    ;16:12
219508                            ;09/04/2024;    ;309654;007;    ;0057426;ALVES DISTRIBUIDORA                               ;(74)98858-9211 ;010;102;OZF1202;      15,24;    0,02;09/04/2024;72;PDV FECHADO (HORARIO COM.)    ;   ;aloisio    ;16:12
219512                            ;09/04/2024;    ;309781;007;    ;0056178;Geladinha Petiscaria                              ;(74)98818-6919 ;010;111;RDN7A69;      46,70;    0,07;09/04/2024;72;PDV FECHADO (HORARIO COM.)    ;   ;aloisio    ;17:16
219514                            ;09/04/2024;    ;309881;007;    ;0057500;ANANIAS FELIX                                     ;(74)98863-4969 ;010;104;KJP3656;     509,00;    0,69;09/04/2024;64;SEM VASILHAME                 ;   ;aloisio    ;15:38
219535                            ;10/04/2024;    ;310004;007;    ;0051013;PADAR DOCE E SONHOS                               ;(74)99915-8588 ;020;204;RPM8F89;     353,95;    0,45;12/04/2024;43;Forma de Pagamento            ;   ;idute      ;10:43
219535                            ;10/04/2024;    ;310009;007;    ;0050093;BAR DO ZE CARLOS                                  ;(74)99195-4006 ;020;204;RPM8F89;     190,64;    0,20;12/04/2024;72;PDV FECHADO (HORARIO COM.)    ;   ;idute      ;10:44
219535                            ;10/04/2024;    ;310028;007;    ;0063585;BAR DE DIDI                                       ;(74)98873-8594 ;020;204;RPM8F89;     203,60;    0,27;12/04/2024;72;PDV FECHADO (HORARIO COM.)    ;   ;idute      ;10:45
219537                            ;10/04/2024;    ;310100;007;    ;0064377;BAR AVENIDA BRASIL                                ;(87)99678-3301 ;010;109;RPP6J11;     261,32;    0,28;11/04/2024;72;PDV FECHADO (HORARIO COM.)    ;   ;silva      ;20:15
219542                            ;10/04/2024;    ;310334;007;    ;0063589;DISTRIBUIDORA RR                                  ;(74)98838-0640 ;020;201;OUX8B81;     142,98;    0,14;12/04/2024;72;PDV FECHADO (HORARIO COM.)    ;   ;teles      ;13:21
219542                            ;10/04/2024;    ;310335;007;    ;0063589;DISTRIBUIDORA RR                                  ;(74)98838-0640 ;020;201;OUX8B81;     215,86;    0,27;12/04/2024;72;PDV FECHADO (HORARIO COM.)    ;   ;teles      ;13:21
219544                            ;10/04/2024;    ;310419;007;    ;0058355;RANCHARIA                                         ;(74)98855-1066 ;010;110;RDN7A69;     969,76;    0,57;10/04/2024;72;PDV FECHADO (HORARIO COM.)    ;DER;teles      ;17:39
219545                            ;10/04/2024;    ;310431;007;    ;0058611;MERCADO NOVA OPCaO                                ;(74)99155-0486 ;010;107;RPR6D25;     511,81;    0,50;10/04/2024;71;SEM DINHEIRO/CHEQUE           ;   ;teles      ;14:34
219546                            ;10/04/2024;    ;310475;007;    ;0062663;DISTRIBUIDORA LISBOA                              ;(74)98874-1203 ;010;106;RDN1D46;     150,11;    0,24;10/04/2024;72;PDV FECHADO (HORARIO COM.)    ;   ;teles      ;13:55
219551                            ;10/04/2024;    ;310572;007;    ;0064411;SANTO GRAAL                                       ;(74)98139-8698 ;010;105;OUG2987;    2065,70;    2,06;10/04/2024;71;SEM DINHEIRO/CHEQUE           ;   ;teles      ;16:22
219551                            ;10/04/2024;    ;310573;007;    ;0064411;SANTO GRAAL                                       ;(74)98139-8698 ;010;105;OUG2987;    1343,00;    1,10;10/04/2024;71;SEM DINHEIRO/CHEQUE           ;   ;teles      ;16:23
219551                            ;10/04/2024;    ;310588;007;    ;0056546;DIST LH                                           ;(74)98843-9033 ;010;101;OUG2987;     223,68;    0,36;10/04/2024;71;SEM DINHEIRO/CHEQUE           ;   ;teles      ;16:22
219555                            ;10/04/2024;    ;310704;007;    ;0056845;Distr Da Cleo                                     ;(74)98835-3240 ;010;102;NTG4685;      50,90;    0,06;10/04/2024;42;Produto/Quantidade Errada     ;   ;teles      ;17:29
219556                            ;10/04/2024;    ;310737;007;    ;0061999;LIGIA DISTRIBUIDORA                               ;(74)99141-3467 ;010;111;LKI1H89;     215,60;    0,27;10/04/2024;65;NAO FEZ PEDIDO                ;   ;teles      ;14:07
219556                            ;10/04/2024;    ;310738;007;    ;0061999;LIGIA DISTRIBUIDORA                               ;(74)99141-3467 ;010;111;LKI1H89;     155,67;    0,17;10/04/2024;65;NAO FEZ PEDIDO                ;   ;teles      ;14:07
219556                            ;10/04/2024;    ;310739;007;    ;0061999;LIGIA DISTRIBUIDORA                               ;(74)99141-3467 ;010;111;LKI1H89;     454,62;    0,39;10/04/2024;65;NAO FEZ PEDIDO                ;   ;teles      ;14:07
219557                            ;10/04/2024;    ;310743;007;    ;0055291;BAR DO CEARA E VARIE                              ;(74)98813-1388 ;010;104;LKI1H89;     453,29;    0,62;10/04/2024;89;PDV FECHADO APOS HORARIO      ;   ;ediziene   ;19:05
219557                            ;10/04/2024;    ;310750;007;    ;0057968;MASTER LAN                                        ;(74)99808-3226 ;010;104;LKI1H89;     283,39;    0,44;10/04/2024;89;PDV FECHADO APOS HORARIO      ;   ;ediziene   ;19:04
219557                            ;10/04/2024;    ;310755;007;    ;0064562;GARAGEM BAR                                       ;(74)98855-6410 ;010;102;LKI1H89;      58,10;    0,18;10/04/2024;87;TEMPO INSUFICIENTE            ;DER;ediziene   ;19:04
219561                            ;10/04/2024;    ;310897;007;    ;0053301;RESTAURANTE CARDAN                                ;(74)98861-4340 ;010;107;KHL4414;     304,40;    0,47;10/04/2024;72;PDV FECHADO (HORARIO COM.)    ;   ;teles      ;16:10
219588                            ;11/04/2024;    ;311222;007;    ;0057153;MERC. GM ALIANCA                                  ;(74)98845-7877 ;020;200;RPP0E77;     175,20;    0,60;11/04/2024;63;PRODUTO / QTDE. ERRADA        ;   ;aloisio    ;13:55
219590                            ;11/04/2024;    ;311268;007;    ;0057681;ESPETINHO DA ZANI                                 ;(74)99102-8316 ;020;202;OVB5042;     312,52;    0,69;11/04/2024;50;CARGA ERRADA ARMAZEM          ;   ;silva      ;19:55
219599                            ;11/04/2024;    ;311536;007;    ;0058475;KIOSQUE DE TACISIO                                ;(74)99927-0150 ;010;105;PKL6654;     197,50;    0,66;11/04/2024;42;Produto/Quantidade Errada     ;   ;aloisio    ;16:19
219601                            ;11/04/2024;    ;311599;007;    ;0063748;MECEAD OLIVEIRA                                   ;(74)99991-2189 ;020;205;PKK8518;     104,82;    0,20;11/04/2024;82;ENDERECO NAO ENCONTRADO       ;DER;aloisio    ;17:53
219604                            ;11/04/2024;    ;311724;007;    ;0055725;BOTECO DO MAMA                                    ;(74)98805-3810 ;010;104;NZM8419;    1469,00;    2,19;12/04/2024;71;SEM DINHEIRO/CHEQUE           ;   ;teles      ;14:14
219606                            ;11/04/2024;    ;311819;007;    ;0064325;DISTRIBUIDOURA DA SI                              ;(74)98851-0446 ;010;106;OZF1202;     294,10;    0,46;11/04/2024;72;PDV FECHADO (HORARIO COM.)    ;DER;silva      ;18:36
219610                            ;11/04/2024;    ;311887;007;    ;0062221;DISK BEBIDAS                                      ;(74)98852-6220 ;010;103;RDN7A69;     212,82;    0,32;11/04/2024;72;PDV FECHADO (HORARIO COM.)    ;   ;aloisio    ;16:46
219628                            ;12/04/2024;    ;311930;007;    ;0062329;SKINAO DISTRIBUIDORA                              ;(74)98143-8936 ;020;204;RDC5J22;     101,80;    0,13;13/04/2024;72;PDV FECHADO (HORARIO COM.)    ;   ;aloisio    ;12:12
219630                            ;12/04/2024;    ;312081;007;    ;0056042;BOTECO DAS IRMaS                                  ;(74)98104-4425 ;020;202;NZM4666;    2456,82;    1,16;12/04/2024;89;PDV FECHADO APOS HORARIO      ;   ;ediziene   ;20:11
219630                            ;12/04/2024;    ;312087;007;    ;0058623;COMERCIAL DO GORDO                                ;(74) 3537-2315 ;020;202;NZM4666;     242,06;    0,68;12/04/2024;89;PDV FECHADO APOS HORARIO      ;   ;ediziene   ;20:10
219630                            ;12/04/2024;    ;312091;007;    ;0061277;MERC SEU SOARES                                   ;(74)98125-1675 ;020;202;NZM4666;     112,74;    0,12;12/04/2024;71;SEM DINHEIRO/CHEQUE           ;   ;ediziene   ;20:11
219630                            ;12/04/2024;    ;312095;007;    ;0050418;BAR DO JARDEL                                     ;(74) 3531-2625 ;020;202;NZM4666;     811,69;    1,21;12/04/2024;65;NAO FEZ PEDIDO                ;   ;ediziene   ;20:10
219630                            ;12/04/2024;    ;312104;007;    ;0055217;DISTRIBUIDORA AVENID                              ;(74)99920-7706 ;020;202;NZM4666;     682,45;    0,79;12/04/2024;89;PDV FECHADO APOS HORARIO      ;   ;ediziene   ;20:15
219630                            ;12/04/2024;    ;312105;007;    ;0055217;DISTRIBUIDORA AVENID                              ;(74)99920-7706 ;020;202;NZM4666;     171,26;    0,08;12/04/2024;89;PDV FECHADO APOS HORARIO      ;   ;ediziene   ;20:15
219630                            ;12/04/2024;    ;312106;007;    ;0055217;DISTRIBUIDORA AVENID                              ;(74)99920-7706 ;020;202;NZM4666;     320,34;    0,37;12/04/2024;89;PDV FECHADO APOS HORARIO      ;   ;ediziene   ;20:12
219630                            ;12/04/2024;    ;312107;007;    ;0055217;DISTRIBUIDORA AVENID                              ;(74)99920-7706 ;020;202;NZM4666;     717,27;    0,87;12/04/2024;89;PDV FECHADO APOS HORARIO      ;   ;ediziene   ;20:16
219633                            ;12/04/2024;    ;312256;007;    ;0052589;MERCADINHO BARBOSA                                ;(74)99928-8201 ;010;109;RPP6J11;      29,46;    0,03;13/04/2024;72;PDV FECHADO (HORARIO COM.)    ;DER;aloisio    ;14:47
219633                            ;12/04/2024;    ;312257;007;    ;0052589;MERCADINHO BARBOSA                                ;(74)99928-8201 ;010;109;RPP6J11;       4,42;    0,00;13/04/2024;72;PDV FECHADO (HORARIO COM.)    ;   ;aloisio    ;14:48
219633                            ;12/04/2024;    ;312266;007;    ;0053855;SUPER. VERDIM                                     ;(74) 3531-1452 ;010;109;RPP6J11;       4,42;    0,00;13/04/2024;68;TROCA (SEM SELO / QTDE. ERRADA;   ;aloisio    ;14:50
219633                            ;12/04/2024;    ;312280;007;    ;0056526;C. DE CARNES DANTAS                               ;(74)99940-9782 ;010;109;RPP6J11;       9,80;    0,01;13/04/2024;63;PRODUTO / QTDE. ERRADA        ;   ;aloisio    ;14:49
219639                            ;12/04/2024;    ;312445;007;    ;0057689;BAR DE IVONILDE                                   ;(74)99811-5487 ;010;107;PKK8518;     451,41;    0,47;12/04/2024;85;DIFICIL ACESSO                ;   ;teles      ;17:58
219639                            ;12/04/2024;    ;312446;007;    ;0057689;BAR DE IVONILDE                                   ;(74)99811-5487 ;010;107;PKK8518;      39,60;    0,12;12/04/2024;85;DIFICIL ACESSO                ;   ;teles      ;17:59
219644                            ;12/04/2024;    ;312587;007;    ;0025683;MERCADINHO DIAS                                   ;(74)98836-6425 ;010;104;NZM9993;    2284,82;    2,95;12/04/2024;72;PDV FECHADO (HORARIO COM.)    ;   ;teles      ;17:36
219644                            ;12/04/2024;    ;312588;007;    ;0025683;MERCADINHO DIAS                                   ;(74)98836-6425 ;010;104;NZM9993;      92,70;    0,12;12/04/2024;72;PDV FECHADO (HORARIO COM.)    ;   ;teles      ;17:36
219644                            ;12/04/2024;    ;312590;007;    ;0058466;MERC E DIATR MIRANDA                              ;(74)99148-1232 ;010;104;NZM9993;     119,94;    0,18;12/04/2024;72;PDV FECHADO (HORARIO COM.)    ;   ;teles      ;17:36
219644                            ;12/04/2024;    ;312591;007;    ;0058466;MERC E DIATR MIRANDA                              ;(74)99148-1232 ;010;104;NZM9993;     987,00;    1,26;12/04/2024;72;PDV FECHADO (HORARIO COM.)    ;   ;teles      ;17:36
219644                            ;12/04/2024;    ;312592;007;    ;0058466;MERC E DIATR MIRANDA                              ;(74)99148-1232 ;010;104;NZM9993;     728,90;    0,90;12/04/2024;72;PDV FECHADO (HORARIO COM.)    ;   ;teles      ;17:35
219644                            ;12/04/2024;    ;312593;007;    ;0058466;MERC E DIATR MIRANDA                              ;(74)99148-1232 ;010;104;NZM9993;       9,56;    0,01;12/04/2024;72;PDV FECHADO (HORARIO COM.)    ;   ;teles      ;17:35
219644                            ;12/04/2024;    ;312594;007;    ;0058466;MERC E DIATR MIRANDA                              ;(74)99148-1232 ;010;104;NZM9993;       6,79;    0,00;12/04/2024;72;PDV FECHADO (HORARIO COM.)    ;   ;teles      ;17:35
219644                            ;12/04/2024;    ;312595;007;    ;0058466;MERC E DIATR MIRANDA                              ;(74)99148-1232 ;010;104;NZM9993;       9,56;    0,01;12/04/2024;72;PDV FECHADO (HORARIO COM.)    ;   ;teles      ;17:35
219644                            ;12/04/2024;    ;312596;007;    ;0058466;MERC E DIATR MIRANDA                              ;(74)99148-1232 ;010;104;NZM9993;       6,79;    0,00;12/04/2024;72;PDV FECHADO (HORARIO COM.)    ;   ;teles      ;17:36
219644                            ;12/04/2024;    ;312597;007;    ;0050065;CALDINHO AVENIDA                                  ;(87)98849-7442 ;010;104;NZM9993;     896,65;    1,18;12/04/2024;71;SEM DINHEIRO/CHEQUE           ;   ;teles      ;17:37
219644                            ;12/04/2024;    ;312598;007;    ;0050065;CALDINHO AVENIDA                                  ;(87)98849-7442 ;010;104;NZM9993;     103,16;    0,07;12/04/2024;71;SEM DINHEIRO/CHEQUE           ;   ;teles      ;17:36
219648                            ;12/04/2024;    ;312704;007;    ;0062313;LANCH SABOREAR                                    ;(74)98834-8006 ;010;105;RPR6D25;     365,88;    0,69;12/04/2024;71;SEM DINHEIRO/CHEQUE           ;   ;teles      ;13:23
219648                            ;12/04/2024;    ;312705;007;    ;0062313;LANCH SABOREAR                                    ;(74)98834-8006 ;010;105;RPR6D25;      84,22;    0,13;12/04/2024;71;SEM DINHEIRO/CHEQUE           ;   ;teles      ;13:23
219654                            ;12/04/2024;    ;312807;007;    ;0057594;DAYANE PESSOA                                     ;(74)98835-5758 ;010;100;KJP3656;     509,00;    0,69;12/04/2024;85;DIFICIL ACESSO                ;   ;teles      ;18:40
219654                            ;12/04/2024;    ;312808;007;    ;0057594;DAYANE PESSOA                                     ;(74)98835-5758 ;010;100;KJP3656;     164,78;    0,22;12/04/2024;85;DIFICIL ACESSO                ;   ;teles      ;18:40
219654                            ;12/04/2024;    ;312820;007;    ;0025244;MERCEARIA AVENIDA                                 ;(74) 0618-3091 ;010;100;KJP3656;     441,33;    0,51;12/04/2024;64;SEM VASILHAME                 ;   ;teles      ;18:41
219654                            ;12/04/2024;    ;312845;007;    ;0058477;DISTRIBUIDORA                                     ;(74)98804-3691 ;010;100;KJP3656;     254,50;    0,34;12/04/2024;71;SEM DINHEIRO/CHEQUE           ;   ;teles      ;18:40
219656                            ;12/04/2024;    ;312877;007;    ;0056951;ZELIA FERNANDES                                   ;(74)99945-2945 ;010;107;JII1442;     113,50;    0,57;12/04/2024;71;SEM DINHEIRO/CHEQUE           ;   ;teles      ;16:37
219657                            ;12/04/2024;    ;312932;007;    ;0050837;MERCADINHO DINOSSAUR                              ;(74)99984-1254 ;080;810;OFB8B68;    1018,00;    1,38;12/04/2024;42;Produto/Quantidade Errada     ;   ;teles      ;15:59
219724                            ;15/04/2024;    ;313118;007;    ;0053996;ARTE PAES                                         ;(74)99809-6193 ;020;205;RDC8F64;     640,26;    1,66;16/04/2024;42;Produto/Quantidade Errada     ;   ;teles      ;16:01
219724                            ;15/04/2024;    ;313122;007;    ;0054034;LANCHO. DUTIQUIM                                  ;(74)99986-6030 ;020;205;RDC8F64;     659,69;    0,88;16/04/2024;71;SEM DINHEIRO/CHEQUE           ;   ;teles      ;16:01
219727                            ;15/04/2024;    ;313197;007;    ;0055547;BAR DO PAULO                                      ;(74)98147-6671 ;020;202;OVB5042;     137,45;    0,30;15/04/2024;72;PDV FECHADO (HORARIO COM.)    ;   ;silva      ;19:35
219727                            ;15/04/2024;    ;313198;007;    ;0055547;BAR DO PAULO                                      ;(74)98147-6671 ;020;202;OVB5042;      44,49;    0,06;15/04/2024;72;PDV FECHADO (HORARIO COM.)    ;   ;silva      ;19:36
219727                            ;15/04/2024;    ;313199;007;    ;0055547;BAR DO PAULO                                      ;(74)98147-6671 ;020;202;OVB5042;      44,16;    0,12;15/04/2024;72;PDV FECHADO (HORARIO COM.)    ;   ;silva      ;19:34
219731                            ;15/04/2024;    ;313390;007;    ;0055745;Verdurao Silva                                    ;(74)99924-4383 ;020;200;SJQ9B60;     182,34;    0,59;15/04/2024;71;SEM DINHEIRO/CHEQUE           ;   ;aloisio    ;14:39
219731                            ;15/04/2024;    ;313391;007;    ;0055745;Verdurao Silva                                    ;(74)99924-4383 ;020;200;SJQ9B60;       8,80;    0,01;15/04/2024;71;SEM DINHEIRO/CHEQUE           ;   ;aloisio    ;14:41
219733                            ;15/04/2024;    ;313479;007;    ;0062749;BAR HARAS DO VALLE                                ;(74)99809-4305 ;020;204;RPP7B52;     315,18;    0,39;17/04/2024;72;PDV FECHADO (HORARIO COM.)    ;   ;aloisio    ;09:02
219733                            ;15/04/2024;    ;313483;007;    ;0057177;Bar Maria Do Bina                                 ;(74)99901-2013 ;020;204;RPP7B52;     167,17;    0,60;17/04/2024;50;CARGA ERRADA ARMAZEM          ;   ;aloisio    ;08:59
219733                            ;15/04/2024;    ;313484;007;    ;0050310;MERCEARIA BOM JESUS                               ;(74) 3527-2103 ;020;204;RPP7B52;     274,98;    0,84;17/04/2024;50;CARGA ERRADA ARMAZEM          ;   ;aloisio    ;09:01
219733                            ;15/04/2024;    ;313486;007;    ;0062494;MERC EDNILSON                                     ;(74)99910-0116 ;020;204;RPP7B52;     243,28;    0,88;17/04/2024;72;PDV FECHADO (HORARIO COM.)    ;   ;aloisio    ;09:01
219733                            ;15/04/2024;    ;313533;007;    ;0062427;DISTRI OLIVEIRA                                   ;(74)99116-5508 ;020;204;RPP7B52;     537,11;    1,51;17/04/2024;71;SEM DINHEIRO/CHEQUE           ;   ;aloisio    ;09:03
219737                            ;15/04/2024;    ;313599;007;    ;0064529;JOSE ANTONISMAR  DA                               ;(74)98861-3202 ;020;201;NZM7723;     390,91;    0,47;16/04/2024;72;PDV FECHADO (HORARIO COM.)    ;   ;teles      ;16:57
219737                            ;15/04/2024;    ;313600;007;    ;0064529;JOSE ANTONISMAR  DA                               ;(74)98861-3202 ;020;201;NZM7723;     146,06;    0,28;16/04/2024;72;PDV FECHADO (HORARIO COM.)    ;   ;teles      ;16:56
219737                            ;15/04/2024;    ;313629;007;    ;0056093;Dep.costa                                         ;(74)98861-8661 ;020;202;NZM7723;    1953,50;    2,32;16/04/2024;71;SEM DINHEIRO/CHEQUE           ;   ;teles      ;16:56
219737                            ;15/04/2024;    ;313630;007;    ;0056093;Dep.costa                                         ;(74)98861-8661 ;020;202;NZM7723;      56,06;    0,12;16/04/2024;71;SEM DINHEIRO/CHEQUE           ;   ;teles      ;16:56
219740                            ;15/04/2024;    ;313667;007;    ;0025992;BAR DO JUNIOR                                     ;(74) 8824-4911 ;010;101;RPR6D25;     282,88;    0,33;15/04/2024;72;PDV FECHADO (HORARIO COM.)    ;   ;aloisio    ;14:48
219742                            ;15/04/2024;    ;313716;007;    ;0056556;MARCIA DE CASTRO SAN                              ;(74)98822-6921 ;010;106;PKL6654;     325,00;    0,50;15/04/2024;72;PDV FECHADO (HORARIO COM.)    ;   ;aloisio    ;17:53
219743                            ;15/04/2024;    ;313732;007;    ;0063620;ADEGA DISTRIBUIDORA                               ;(74)98857-2031 ;010;103;OZF1202;     247,10;    0,33;15/04/2024;72;PDV FECHADO (HORARIO COM.)    ;   ;aloisio    ;17:32
219743                            ;15/04/2024;    ;313742;007;    ;0062316;VAPOR242                                          ;(74)98802-8806 ;010;110;OZF1202;    1287,98;    1,41;15/04/2024;72;PDV FECHADO (HORARIO COM.)    ;   ;aloisio    ;17:33
219743                            ;15/04/2024;    ;313744;007;    ;0024450;BAR DO JACARE                                     ;(74)98829-9244 ;010;110;OZF1202;     178,44;    0,03;15/04/2024;32;ENTREGA ATRASADA (BUFFER)     ;   ;aloisio    ;17:34
219744                            ;15/04/2024;    ;313771;007;    ;0058426;Adega Bebidas                                     ;(74)98857-5122 ;010;107;RDN1D46;     503,50;    0,63;15/04/2024;71;SEM DINHEIRO/CHEQUE           ;   ;aloisio    ;17:39
219744                            ;15/04/2024;    ;313773;007;    ;0055884;DISTRIB DO BAIXINHO                               ;(74)98843-3416 ;010;107;RDN1D46;     115,42;    0,14;15/04/2024;72;PDV FECHADO (HORARIO COM.)    ;   ;aloisio    ;17:40
219744                            ;15/04/2024;    ;313781;007;    ;0060688;DEP SITO DO ROBERTO                               ;(74)99906-3451 ;010;100;RDN1D46;     135,70;    0,18;15/04/2024;72;PDV FECHADO (HORARIO COM.)    ;   ;aloisio    ;17:38
219744                            ;15/04/2024;    ;313790;007;    ;0055373;DISTRI DO RONALDO                                 ;(74)98832-6790 ;010;111;RDN1D46;      25,36;    0,02;15/04/2024;71;SEM DINHEIRO/CHEQUE           ;DER;aloisio    ;17:39
219745                            ;15/04/2024;    ;313814;007;    ;0057007;MERCADINHO IRACEMA                                ;(74)98849-3321 ;010;103;RDN7A69;     203,60;    0,27;15/04/2024;72;PDV FECHADO (HORARIO COM.)    ;   ;aloisio    ;15:48
219745                            ;15/04/2024;    ;313816;007;    ;0058603;AN DISTRI DO VALE                                 ;(74)98143-8032 ;010;111;RDN7A69;     122,92;    0,14;15/04/2024;72;PDV FECHADO (HORARIO COM.)    ;   ;aloisio    ;15:49
219747                            ;15/04/2024;    ;313893;007;    ;0063255;DUUH DISTRIBUIDORA                                ;(74)98823-5179 ;010;102;OZE4956;     373,85;    0,72;15/04/2024;70;CLIENTE CANCELOU              ;   ;aloisio    ;13:36
219749                            ;15/04/2024;    ;313954;007;    ;0058611;MERCADO NOVA OPCaO                                ;(74)99155-0486 ;010;107;RCQ9D86;    1018,00;    1,38;15/04/2024;72;PDV FECHADO (HORARIO COM.)    ;   ;aloisio    ;17:58
219749                            ;15/04/2024;    ;313958;007;    ;0050858;PETISCAL                                          ;(74)99131-3472 ;010;100;RCQ9D86;     954,81;    1,44;15/04/2024;64;SEM VASILHAME                 ;   ;aloisio    ;17:57
219750                            ;15/04/2024;    ;314014;007;    ;0063431;Donna do espeto                                   ;(74)99108-5622 ;010;104;RPP6J11;      78,90;    0,12;15/04/2024;64;SEM VASILHAME                 ;   ;silva      ;18:59
219751                            ;15/04/2024;    ;314023;007;    ;0056232;CITY MERC E DISTRIBU                              ;(74)99140-0715 ;010;104;NZM5543;    1019,85;    1,41;15/04/2024;32;ENTREGA ATRASADA (BUFFER)     ;   ;aloisio    ;15:42
219751                            ;15/04/2024;    ;314048;007;    ;0052401;GPS BAR                                           ;(74) 3611-3919 ;010;110;NZM5543;    1207,10;    1,71;15/04/2024;71;SEM DINHEIRO/CHEQUE           ;   ;aloisio    ;15:41
219782                            ;16/04/2024;    ;314212;007;    ;0058267;BAR DO CACAU                                      ;(74)99922-5884 ;020;202;NZM4666;     464,91;    0,83;17/04/2024;71;SEM DINHEIRO/CHEQUE           ;   ;ediziene   ;02:28
219782                            ;16/04/2024;    ;314220;007;    ;0055919;DEP. LARISA                                       ;(74)98143-2775 ;020;202;NZM4666;     410,00;    1,20;17/04/2024;72;PDV FECHADO (HORARIO COM.)    ;   ;ediziene   ;02:28
219795                            ;16/04/2024;    ;314645;007;    ;0053086;DEP. DA PRISCILA                                  ;(74)98872-9567 ;010;105;PKK8518;     283,60;    0,10;16/04/2024;72;PDV FECHADO (HORARIO COM.)    ;   ;teles      ;15:50
219795                            ;16/04/2024;    ;314646;007;    ;0053086;DEP. DA PRISCILA                                  ;(74)98872-9567 ;010;105;PKK8518;     282,84;    0,37;16/04/2024;72;PDV FECHADO (HORARIO COM.)    ;   ;teles      ;15:51
219799                            ;16/04/2024;    ;314748;007;    ;0060247;ALTAS HORAS                                       ;(74)98137-5704 ;010;106;RDN1D46;     458,10;    0,62;16/04/2024;72;PDV FECHADO (HORARIO COM.)    ;   ;teles      ;11:42
219802                            ;16/04/2024;    ;314797;007;    ;0058466;MERC E DIATR MIRANDA                              ;(74)99148-1232 ;010;104;LKI1H89;       9,56;    0,01;16/04/2024;72;PDV FECHADO (HORARIO COM.)    ;   ;teles      ;18:17
219802                            ;16/04/2024;    ;314798;007;    ;0058466;MERC E DIATR MIRANDA                              ;(74)99148-1232 ;010;104;LKI1H89;       6,79;    0,00;16/04/2024;72;PDV FECHADO (HORARIO COM.)    ;   ;teles      ;18:16
219802                            ;16/04/2024;    ;314803;007;    ;0063431;Donna do espeto                                   ;(74)99108-5622 ;010;104;LKI1H89;      69,58;    0,06;16/04/2024;72;PDV FECHADO (HORARIO COM.)    ;   ;teles      ;18:16
219836                            ;17/04/2024;    ;315054;007;    ;0060405;DIST DO JO                                        ;(74)98834-5962 ;020;203;RDC8F64;      24,00;    0,02;18/04/2024;42;Produto/Quantidade Errada     ;   ;ediziene   ;18:21
219837                            ;17/04/2024;    ;315143;007;    ;0054679;WM DISTRIBUIDORA                                  ;(74)99977-6707 ;020;205;RPM8D89;     919,50;    1,51;19/04/2024;70;CLIENTE CANCELOU              ;   ;aloisio    ;15:24
219837                            ;17/04/2024;    ;315144;007;    ;0054679;WM DISTRIBUIDORA                                  ;(74)99977-6707 ;020;205;RPM8D89;     130,68;    0,18;19/04/2024;70;CLIENTE CANCELOU              ;   ;aloisio    ;15:24
219837                            ;17/04/2024;    ;315145;007;    ;0054679;WM DISTRIBUIDORA                                  ;(74)99977-6707 ;020;205;RPM8D89;      38,24;    0,04;19/04/2024;70;CLIENTE CANCELOU              ;DER;aloisio    ;15:25
219837                            ;17/04/2024;    ;315151;007;    ;0050714;MERCADINHO BORGES                                 ;(74)99981-1637 ;020;205;RPM8D89;     414,56;    1,08;19/04/2024;72;PDV FECHADO (HORARIO COM.)    ;   ;aloisio    ;15:23
219837                            ;17/04/2024;    ;315164;007;    ;0057858;DANIEL BEBIDAS                                    ;(74)99814-0505 ;020;203;RPM8D89;     160,46;    0,03;19/04/2024;71;SEM DINHEIRO/CHEQUE           ;   ;aloisio    ;15:21
219837                            ;17/04/2024;    ;315170;007;    ;0063135;DIST LIGEIRINHO                                   ;(11)95933-6851 ;020;204;RPM8D89;     182,50;    0,23;19/04/2024;72;PDV FECHADO (HORARIO COM.)    ;   ;aloisio    ;15:20
219837                            ;17/04/2024;    ;315171;007;    ;0063135;DIST LIGEIRINHO                                   ;(11)95933-6851 ;020;204;RPM8D89;      50,90;    0,06;19/04/2024;72;PDV FECHADO (HORARIO COM.)    ;   ;aloisio    ;15:20
219838                            ;17/04/2024;    ;315203;007;    ;0055723;VAREJAO PAGUE MENOS                               ;(74)99104-0161 ;020;202;OVB5042;      39,51;    0,05;17/04/2024;71;SEM DINHEIRO/CHEQUE           ;   ;silva      ;20:27
219838                            ;17/04/2024;    ;315204;007;    ;0055723;VAREJAO PAGUE MENOS                               ;(74)99104-0161 ;020;202;OVB5042;      37,30;    0,12;17/04/2024;71;SEM DINHEIRO/CHEQUE           ;   ;silva      ;20:28
219839                            ;17/04/2024;    ;315214;007;    ;0056868;OSTENTA BAR                                       ;(74) 8862-5256 ;020;200;RPP0E77;      43,96;    0,01;17/04/2024;42;Produto/Quantidade Errada     ;   ;aloisio    ;14:54
219841                            ;17/04/2024;    ;315302;007;    ;0063070;COMERCIAL GENOVEZ                                 ;(74)98143-5771 ;010;109;NZM9993;       8,80;    0,01;18/04/2024;42;Produto/Quantidade Errada     ;   ;idute      ;14:50
219842                            ;17/04/2024;    ;315357;007;    ;0064596;BAR DA PRETINHA                                   ;(74)98833-3318 ;020;201;RPP7B52;     622,74;    0,62;19/04/2024;71;SEM DINHEIRO/CHEQUE           ;   ;aloisio    ;13:27
219842                            ;17/04/2024;    ;315362;007;    ;0063912;BAR DOS IRMAO CORAGE                              ;(87)98859-0023 ;020;201;RPP7B52;     544,30;    0,61;19/04/2024;72;PDV FECHADO (HORARIO COM.)    ;   ;aloisio    ;13:29
219842                            ;17/04/2024;    ;315363;007;    ;0063912;BAR DOS IRMAO CORAGE                              ;(87)98859-0023 ;020;201;RPP7B52;       7,29;    0,00;19/04/2024;72;PDV FECHADO (HORARIO COM.)    ;   ;aloisio    ;13:30
219842                            ;17/04/2024;    ;315368;007;    ;0056121;RICARDO DISTRIBUIDOR                              ;(74)98813-4362 ;020;201;RPP7B52;      46,44;    0,06;19/04/2024;72;PDV FECHADO (HORARIO COM.)    ;   ;aloisio    ;13:30
219842                            ;17/04/2024;    ;315405;007;    ;0025556;DEPOSITO LIMOEIRO                                 ;(74)98807-5378 ;020;201;RPP7B52;     169,50;    0,21;19/04/2024;70;CLIENTE CANCELOU              ;   ;aloisio    ;13:28
219842                            ;17/04/2024;    ;315406;007;    ;0025556;DEPOSITO LIMOEIRO                                 ;(74)98807-5378 ;020;201;RPP7B52;      65,80;    0,08;19/04/2024;70;CLIENTE CANCELOU              ;   ;aloisio    ;13:28
219842                            ;17/04/2024;    ;315407;007;    ;0025556;DEPOSITO LIMOEIRO                                 ;(74)98807-5378 ;020;201;RPP7B52;      26,88;    0,04;19/04/2024;70;CLIENTE CANCELOU              ;   ;aloisio    ;13:29
219844                            ;17/04/2024;    ;315465;007;    ;0050470;MERCADINHO MENEZES                                ;(74)98839-5263 ;010;101;RDN1D46;     123,71;    0,18;17/04/2024;71;SEM DINHEIRO/CHEQUE           ;   ;aloisio    ;17:56
219844                            ;17/04/2024;    ;315467;007;    ;0055494;KANTINHO DO BOM                                   ;(74)99121-2802 ;010;101;RDN1D46;     114,33;    0,14;17/04/2024;72;PDV FECHADO (HORARIO COM.)    ;   ;aloisio    ;17:56
219846                            ;17/04/2024;    ;315504;007;    ;0051939;DEPOSITO 2 IRMAS                                  ;(74) 3611-6379 ;010;111;PKK8518;     515,57;    0,69;17/04/2024;42;Produto/Quantidade Errada     ;DER;silva      ;19:22
219846                            ;17/04/2024;    ;315505;007;    ;0051939;DEPOSITO 2 IRMAS                                  ;(74) 3611-6379 ;010;111;PKK8518;     362,77;    1,20;17/04/2024;42;Produto/Quantidade Errada     ;   ;silva      ;19:23
219846                            ;17/04/2024;    ;315506;007;    ;0051939;DEPOSITO 2 IRMAS                                  ;(74) 3611-6379 ;010;111;PKK8518;     217,66;    0,72;17/04/2024;42;Produto/Quantidade Errada     ;   ;silva      ;19:23
219846                            ;17/04/2024;    ;315507;007;    ;0051939;DEPOSITO 2 IRMAS                                  ;(74) 3611-6379 ;010;111;PKK8518;      54,42;    0,24;17/04/2024;42;Produto/Quantidade Errada     ;   ;silva      ;19:24
219846                            ;17/04/2024;    ;315508;007;    ;0051939;DEPOSITO 2 IRMAS                                  ;(74) 3611-6379 ;010;111;PKK8518;     219,59;    0,72;17/04/2024;42;Produto/Quantidade Errada     ;   ;silva      ;19:24
219848                            ;17/04/2024;    ;315568;007;    ;0062438;BAR DA GIL                                        ;(74)98807-7643 ;010;110;PKK0690;     254,50;    0,34;17/04/2024;87;TEMPO INSUFICIENTE            ;   ;silva      ;19:30
219848                            ;17/04/2024;    ;315569;007;    ;0062438;BAR DA GIL                                        ;(74)98807-7643 ;010;110;PKK0690;     509,00;    0,69;17/04/2024;87;TEMPO INSUFICIENTE            ;   ;silva      ;19:30
219848                            ;17/04/2024;    ;315570;007;    ;0062438;BAR DA GIL                                        ;(74)98807-7643 ;010;110;PKK0690;     152,70;    0,20;17/04/2024;87;TEMPO INSUFICIENTE            ;   ;silva      ;19:30
219853                            ;17/04/2024;    ;315680;007;    ;0059010;ADEGA PAI E FILHO                                 ;(74)99196-1258 ;010;100;LKI1H89;      93,80;    0,12;17/04/2024;42;Produto/Quantidade Errada     ;   ;silva      ;18:09
219853                            ;17/04/2024;    ;315681;007;    ;0059010;ADEGA PAI E FILHO                                 ;(74)99196-1258 ;010;100;LKI1H89;      79,48;    0,24;17/04/2024;42;Produto/Quantidade Errada     ;   ;silva      ;18:10
219853                            ;17/04/2024;    ;315685;007;    ;0053289;MERCAD E DISTRI LIMA                              ;(74)98823-4799 ;010;107;LKI1H89;      13,16;    0,09;17/04/2024;42;Produto/Quantidade Errada     ;   ;silva      ;18:10
219854                            ;17/04/2024;    ;315711;007;    ;0055373;DISTRI DO RONALDO                                 ;(74)98832-6790 ;010;111;RPR6D25;      51,16;    0,06;17/04/2024;63;PRODUTO / QTDE. ERRADA        ;   ;silva      ;18:41
219854                            ;17/04/2024;    ;315712;007;    ;0055373;DISTRI DO RONALDO                                 ;(74)98832-6790 ;010;111;RPR6D25;     199,08;    0,20;17/04/2024;63;PRODUTO / QTDE. ERRADA        ;   ;silva      ;18:41
219854                            ;17/04/2024;    ;315713;007;    ;0055373;DISTRI DO RONALDO                                 ;(74)98832-6790 ;010;111;RPR6D25;     285,95;    0,34;17/04/2024;63;PRODUTO / QTDE. ERRADA        ;   ;silva      ;18:42
219854                            ;17/04/2024;    ;315714;007;    ;0055373;DISTRI DO RONALDO                                 ;(74)98832-6790 ;010;111;RPR6D25;     459,86;    0,56;17/04/2024;63;PRODUTO / QTDE. ERRADA        ;   ;silva      ;18:42
219856                            ;17/04/2024;    ;315747;007;    ;0051725;SUPERMERCADO EURO                                 ;(74) 3612-4999 ;080;810;OZE4956;    1584,81;    2,34;17/04/2024;42;Produto/Quantidade Errada     ;   ;aloisio    ;15:30
219856                            ;17/04/2024;    ;315748;007;    ;0053188;DIST PATY BOMBOM                                  ;(74)98848-1647 ;010;100;OZE4956;    1695,00;    2,10;17/04/2024;42;Produto/Quantidade Errada     ;   ;aloisio    ;15:33
219856                            ;17/04/2024;    ;315749;007;    ;0062245;ADEGA PAI E FILHO                                 ;(74)98145-9270 ;010;111;OZE4956;     150,33;    0,14;17/04/2024;42;Produto/Quantidade Errada     ;   ;aloisio    ;15:31
219856                            ;17/04/2024;    ;315750;007;    ;0062245;ADEGA PAI E FILHO                                 ;(74)98145-9270 ;010;111;OZE4956;    1315,70;    1,60;17/04/2024;42;Produto/Quantidade Errada     ;   ;aloisio    ;15:32
219856                            ;17/04/2024;    ;315765;007;    ;0054345;DIST. E PETIS DANTAS                              ;(74)98841-8442 ;010;111;OZE4956;    1502,79;    1,88;17/04/2024;42;Produto/Quantidade Errada     ;   ;aloisio    ;15:31
219857                            ;17/04/2024;    ;315794;007;    ;0055213;MERCEARIA GIRASSOL                                ;(74)98843-3175 ;010;104;NZM7723;    1073,43;    1,67;17/04/2024;70;CLIENTE CANCELOU              ;   ;aloisio    ;16:59
219857                            ;17/04/2024;    ;315803;007;    ;0058153;CE KI SABE                                        ;(74)98847-5024 ;010;106;NZM7723;    1116,52;    1,38;17/04/2024;71;SEM DINHEIRO/CHEQUE           ;   ;aloisio    ;17:
219857                            ;17/04/2024;    ;315804;007;    ;0058153;CE KI SABE                                        ;(74)98847-5024 ;010;106;NZM7723;     385,48;    0,54;17/04/2024;71;SEM DINHEIRO/CHEQUE           ;   ;aloisio    ;17:
219859                            ;17/04/2024;    ;315861;007;    ;0064240;BAR DO AMILTON                                    ;(74)98847-0883 ;010;103;RPE4C71;      20,62;    0,04;17/04/2024;82;ENDERECO NAO ENCONTRADO       ;   ;aloisio    ;14:06
219859                            ;17/04/2024;    ;315878;007;    ;0058480;DISTR PERSONAL                                    ;(74)98848-0240 ;010;111;RPE4C71;     311,40;    0,23;17/04/2024;70;CLIENTE CANCELOU              ;   ;aloisio    ;14:07
219859                            ;17/04/2024;    ;315879;007;    ;0058480;DISTR PERSONAL                                    ;(74)98848-0240 ;010;111;RPE4C71;     311,40;    0,23;17/04/2024;70;CLIENTE CANCELOU              ;   ;aloisio    ;14:07
219859                            ;17/04/2024;    ;315880;007;    ;0058480;DISTR PERSONAL                                    ;(74)98848-0240 ;010;111;RPE4C71;     129,42;    0,04;17/04/2024;70;CLIENTE CANCELOU              ;   ;aloisio    ;14:08
219859                            ;17/04/2024;    ;315881;007;    ;0058480;DISTR PERSONAL                                    ;(74)98848-0240 ;010;111;RPE4C71;     263,42;    0,21;17/04/2024;70;CLIENTE CANCELOU              ;   ;aloisio    ;14:08
219861                            ;17/04/2024;    ;315929;007;    ;0056365;MERCEARIA AVENIDA                                 ;(74)99125-4514 ;010;104;OZF1202;       8,80;    0,01;17/04/2024;42;Produto/Quantidade Errada     ;   ;aloisio    ;13:40
219880                            ;18/04/2024;    ;316078;007;    ;0050211;BAR DA RITA                                       ;(74) 3534-5004 ;020;205;OUX3F90;     259,20;    0,21;19/04/2024;70;CLIENTE CANCELOU              ;   ;aloisio    ;13:57
219880                            ;18/04/2024;    ;316097;007;    ;0050566;MERC. MARTINIANO                                  ;(74) 9948-6834 ;020;205;OUX3F90;     125,32;    0,20;19/04/2024;42;Produto/Quantidade Errada     ;   ;aloisio    ;14:47
219880                            ;18/04/2024;    ;316098;007;    ;0050566;MERC. MARTINIANO                                  ;(74) 9948-6834 ;020;205;OUX3F90;      27,88;    0,12;19/04/2024;42;Produto/Quantidade Errada     ;   ;aloisio    ;14:01
219880                            ;18/04/2024;    ;316100;007;    ;0050566;MERC. MARTINIANO                                  ;(74) 9948-6834 ;020;205;OUX3F90;      23,88;    0,04;19/04/2024;42;Produto/Quantidade Errada     ;   ;aloisio    ;14:48
219881                            ;18/04/2024;    ;316110;007;    ;0060866;PIZ. DOM GALVANNI                                 ;(74)98130-6410 ;020;202;NZM4666;     180,75;    0,30;18/04/2024;72;PDV FECHADO (HORARIO COM.)    ;   ;idute      ;17:03
219883                            ;18/04/2024;    ;316193;007;    ;0055004;DIST.BEB.GELO.CASA.N                              ;(74)98825-1707 ;020;200;RPP0E77;    4657,46;    4,68;18/04/2024;42;Produto/Quantidade Errada     ;   ;idute      ;15:14
219883                            ;18/04/2024;    ;316207;007;    ;0057077;DISTRIBUIDORA TIOFIO                              ;(74)98875-5814 ;020;200;RPP0E77;     255,80;    0,34;18/04/2024;72;PDV FECHADO (HORARIO COM.)    ;   ;idute      ;15:14
219888                            ;18/04/2024;    ;316343;007;    ;0058546;MERCADINHO HORTO                                  ;(74)99816-8528 ;020;201;OUG2987;     131,62;    0,27;18/04/2024;42;Produto/Quantidade Errada     ;   ;idute      ;16:47
219888                            ;18/04/2024;    ;316344;007;    ;0058546;MERCADINHO HORTO                                  ;(74)99816-8528 ;020;201;OUG2987;     414,57;    0,66;18/04/2024;42;Produto/Quantidade Errada     ;   ;idute      ;16:47
219888                            ;18/04/2024;    ;316345;007;    ;0058440;MT DISTRIBUIDORA                                  ;(74)99800-2470 ;020;201;OUG2987;      85,12;    0,07;18/04/2024;42;Produto/Quantidade Errada     ;   ;idute      ;16:46
219888                            ;18/04/2024;    ;316346;007;    ;0058440;MT DISTRIBUIDORA                                  ;(74)99800-2470 ;020;201;OUG2987;       3,40;    0,00;18/04/2024;42;Produto/Quantidade Errada     ;   ;idute      ;16:46
219889                            ;18/04/2024;    ;316403;007;    ;0052892;TROPICAL BAR                                      ;(74)98821-7288 ;010;108;NZM5543;     699,35;    0,69;18/04/2024;63;PRODUTO / QTDE. ERRADA        ;   ;ediziene   ;19:02
219899                            ;18/04/2024;    ;316697;007;    ;0064312;MICHEL BATISTA DA GA                              ;(74)98104-7427 ;010;106;RDN7A69;      83,98;    0,08;18/04/2024;72;PDV FECHADO (HORARIO COM.)    ;   ;idute      ;11:19
219899                            ;18/04/2024;    ;316698;007;    ;0064312;MICHEL BATISTA DA GA                              ;(74)98104-7427 ;010;106;RDN7A69;      29,75;    0,04;18/04/2024;72;PDV FECHADO (HORARIO COM.)    ;   ;idute      ;11:19
219899                            ;18/04/2024;    ;316699;007;    ;0064312;MICHEL BATISTA DA GA                              ;(74)98104-7427 ;010;106;RDN7A69;     401,15;    0,48;18/04/2024;72;PDV FECHADO (HORARIO COM.)    ;   ;idute      ;11:19
219906                            ;18/04/2024;    ;316833;007;    ;0056109;Cerv Distribuidora                                ;(74)98801-4507 ;010;111;KHL4414;    1018,00;    1,38;18/04/2024;72;PDV FECHADO (HORARIO COM.)    ;   ;idute      ;16:18
219924                            ;18/04/2024;    ;316863;007;    ;0063118;SERGIO LUIZ                                       ;(74)98804-8147 ;010;101;MSG0C01;    1960,00;    0,00;23/04/2024;70;CLIENTE CANCELOU              ;   ;aloisio    ;16:11
219936                            ;19/04/2024;    ;316871;007;    ;0026625;PERNALONGA                                        ;(74)98812-0875 ;010;110;RCU2C10;     658,00;    4,50;26/04/2024;91;CONSIGNACAO                   ;   ;alyson     ;12:12
219937                            ;19/04/2024;    ;316872;007;    ;0026625;PERNALONGA                                        ;(74)98812-0875 ;010;110;KJM7820;   85500,00;  120,00;26/04/2024;91;CONSIGNACAO                   ;   ;alyson     ;12:04
219940                            ;19/04/2024;    ;316901;007;    ;0055217;DISTRIBUIDORA AVENID                              ;(74)99920-7706 ;020;202;OVB5042;     546,40;    0,72;19/04/2024;71;SEM DINHEIRO/CHEQUE           ;   ;silva      ;22:20
219940                            ;19/04/2024;    ;316922;007;    ;0052090;MERCADINHO ANY                                    ;(74)98115-1289 ;020;202;OVB5042;     389,18;    1,30;19/04/2024;71;SEM DINHEIRO/CHEQUE           ;   ;silva      ;22:20
219941                            ;19/04/2024;    ;316952;007;    ;0053861;MERC. RODRIGUES                                   ;(74)98808-6317 ;020;200;RPP0E77;      68,00;    0,24;19/04/2024;42;Produto/Quantidade Errada     ;   ;aloisio    ;17:26
219941                            ;19/04/2024;    ;316953;007;    ;0053861;MERC. RODRIGUES                                   ;(74)98808-6317 ;020;200;RPP0E77;    1317,96;    1,17;19/04/2024;42;Produto/Quantidade Errada     ;   ;aloisio    ;17:27
219941                            ;19/04/2024;    ;316954;007;    ;0053861;MERC. RODRIGUES                                   ;(74)98808-6317 ;020;200;RPP0E77;     481,68;    1,29;19/04/2024;42;Produto/Quantidade Errada     ;   ;aloisio    ;17:28
219942                            ;19/04/2024;    ;316990;007;    ;0058258;RECANTO GREENS                                    ;(74)98822-5832 ;020;201;SJQ9B60;     113,74;    0,18;19/04/2024;42;Produto/Quantidade Errada     ;   ;silva      ;19:28
219943                            ;19/04/2024;    ;317053;007;    ;0053656;COMERCIAL TEM PRECO                               ;(74) 3531-1157 ;010;109;NZM9993;       4,42;    0,00;20/04/2024;42;Produto/Quantidade Errada     ;   ;teles      ;13:57
219943                            ;19/04/2024;    ;317069;007;    ;0055328;GELADAO MARTINS                                   ;(74)99928-6287 ;010;109;NZM9993;     953,88;    1,03;20/04/2024;42;Produto/Quantidade Errada     ;   ;teles      ;13:57
219944                            ;19/04/2024;    ;317077;007;    ;0062204;BAR DO JILDER                                     ;(74)99935-4577 ;020;205;RDC5J22;      39,74;    0,00;20/04/2024;42;Produto/Quantidade Errada     ;   ;teles      ;13:37
219944                            ;19/04/2024;    ;317099;007;    ;0063715;BAR CACHACA AMADA                                 ;(74)99148-3220 ;020;205;RDC5J22;      81,22;    0,14;20/04/2024;42;Produto/Quantidade Errada     ;   ;teles      ;13:38
219944                            ;19/04/2024;    ;317124;007;    ;0004294;LAUZINHO BAR                                      ;(74)99912-1100 ;020;203;RDC5J22;      72,60;    0,16;20/04/2024;42;Produto/Quantidade Errada     ;   ;teles      ;13:37
219944                            ;19/04/2024;    ;317125;007;    ;0004294;LAUZINHO BAR                                      ;(74)99912-1100 ;020;203;RDC5J22;     140,40;    0,16;20/04/2024;42;Produto/Quantidade Errada     ;   ;teles      ;13:36
219946                            ;19/04/2024;    ;317193;007;    ;0054584;BAR DO VALDEMAR                                   ;(74)99994-7872 ;010;107;OUG2987;     111,52;    0,07;19/04/2024;42;Produto/Quantidade Errada     ;   ;silva      ;18:13
219950                            ;19/04/2024;    ;317255;007;    ;0055760;MERCEARIA PEROLA                                  ;(74)98816-2736 ;010;105;RPR6D25;     159,52;    0,44;19/04/2024;50;CARGA ERRADA ARMAZEM          ;   ;aloisio    ;18:03
219950                            ;19/04/2024;    ;317256;007;    ;0055760;MERCEARIA PEROLA                                  ;(74)98816-2736 ;010;105;RPR6D25;      26,88;    0,04;19/04/2024;50;CARGA ERRADA ARMAZEM          ;   ;aloisio    ;18:04
219950                            ;19/04/2024;    ;317277;007;    ;0058284;MERCADINHO E BOMBONI                              ;(74)98149-4911 ;010;105;RPR6D25;     186,30;    0,60;19/04/2024;72;PDV FECHADO (HORARIO COM.)    ;   ;aloisio    ;18:02
219950                            ;19/04/2024;    ;317283;007;    ;0055820;SACOLA CHEIA                                      ;(74) 3611-1242 ;080;810;RPR6D25;     286,74;    0,68;19/04/2024;50;CARGA ERRADA ARMAZEM          ;   ;aloisio    ;18:01
219955                            ;19/04/2024;    ;317440;007;    ;0063255;DUUH DISTRIBUIDORA                                ;(74)98823-5179 ;010;102;LKI1H89;       7,31;    0,01;19/04/2024;42;Produto/Quantidade Errada     ;DER;aloisio    ;17:13
219955                            ;19/04/2024;    ;317447;007;    ;0057012;LC DISTRIBUIDORA                                  ;(74)98821-2588 ;010;102;LKI1H89;      24,16;    0,00;19/04/2024;72;PDV FECHADO (HORARIO COM.)    ;   ;aloisio    ;17:14
219956                            ;19/04/2024;    ;317476;007;    ;0062712;SATURNO BEBIDAS                                   ;(43)90000-0000 ;010;111;KJP3656;     671,10;    0,75;19/04/2024;71;SEM DINHEIRO/CHEQUE           ;   ;aloisio    ;18:06
219957                            ;19/04/2024;    ;317514;007;    ;0053265;MERCADINHO LORENA                                 ;(74)99918-0147 ;080;810;RPE4C71;    1505,70;    4,82;19/04/2024;71;SEM DINHEIRO/CHEQUE           ;   ;silva      ;18:56
219958                            ;19/04/2024;    ;317546;007;    ;0063903;CERVEJARIA SENTO SE                               ;(74)98140-7506 ;010;106;OZF1202;    1931,35;    2,24;19/04/2024;71;SEM DINHEIRO/CHEQUE           ;   ;aloisio    ;17:56
219958                            ;19/04/2024;    ;317547;007;    ;0063903;CERVEJARIA SENTO SE                               ;(74)98140-7506 ;010;106;OZF1202;    1053,14;    1,22;19/04/2024;71;SEM DINHEIRO/CHEQUE           ;   ;aloisio    ;17:55
219958                            ;19/04/2024;    ;317548;007;    ;0063903;CERVEJARIA SENTO SE                               ;(74)98140-7506 ;010;106;OZF1202;     236,54;    0,66;19/04/2024;71;SEM DINHEIRO/CHEQUE           ;   ;aloisio    ;17:54
219960                            ;19/04/2024;    ;317624;007;    ;0057992;POINT DA POLLY                                    ;(74)98825-8207 ;010;103;RCP2C35;      44,16;    0,12;19/04/2024;65;NAO FEZ PEDIDO                ;   ;aloisio    ;15:08
219962                            ;19/04/2024;    ;317714;007;    ;0055392;MEGA DISTRIBUIDORA                                ;(87)99151-2310 ;010;111;RPP6J11;       2,43;    0,00;19/04/2024;68;TROCA (SEM SELO / QTDE. ERRADA;   ;aloisio    ;17:20
219963                            ;19/04/2024;    ;317773;007;    ;0058472;MERCADINHO BR REPRES                              ;(74)99810-8879 ;020;204;OUX8B81;     907,40;    3,00;20/04/2024;50;CARGA ERRADA ARMAZEM          ;   ;idute      ;16:13
219963                            ;19/04/2024;    ;317774;007;    ;0058472;MERCADINHO BR REPRES                              ;(74)99810-8879 ;020;204;OUX8B81;     596,10;    1,80;20/04/2024;50;CARGA ERRADA ARMAZEM          ;   ;idute      ;16:14
219966                            ;19/04/2024;    ;316873;007;    ;0026625;PERNALONGA                                        ;(74)98812-0875 ;010;110;EFV3713;   48000,00;    0,00;26/04/2024;91;CONSIGNACAO                   ;   ;alyson     ;12:03
219966                            ;19/04/2024;    ;316877;007;    ;0026625;PERNALONGA                                        ;(74)98812-0875 ;010;110;EFV3713;   10789,30;   20,52;26/04/2024;91;CONSIGNACAO                   ;   ;alyson     ;12:12
219980                            ;19/04/2024;    ;317811;007;    ;0029043;CDR CAMACARI                                      ;(19) 3313-7039 ;091;986;MSG0C01;  126420,00;    0,00;19/04/2024;51;NF ERRADA                     ;   ;silva      ;18:40
219997                            ;20/04/2024;    ;317826;007;    ;0062814;GRUPO GARCIA DISTRIB                              ;(74)99807-1850 ;020;201;       ;    7335,04;    7,65;23/04/2024;60;PRECO ERRADO                  ;   ;yuri       ;09:28
220002                            ;22/04/2024;    ;317869;007;    ;0052706;BAR SAO PAULINO                                   ;(74) 3533-2157 ;020;203;RDC5J22;     275,62;    0,48;26/04/2024;42;Produto/Quantidade Errada     ;   ;yuri       ;18:
220007                            ;22/04/2024;    ;318051;007;    ;0057639;MERCADINHO ESTRELA                                ;(74)98801-2381 ;020;202;NZM9993;      10,94;    0,03;22/04/2024;62;FORMA PAGAMENTO ERRADA        ;   ;ediziene   ;19:03
220008                            ;22/04/2024;    ;318086;007;    ;0052411;MERCADINHO NAIARA                                 ;(74)99964-9570 ;020;205;RPM8D89;     299,04;    0,69;23/04/2024;72;PDV FECHADO (HORARIO COM.)    ;   ;silva      ;21:39
220013                            ;22/04/2024;    ;318358;007;    ;0025114;MERCADINHO BOM BOM                                ;(74) 3538-2147 ;020;201;NZM7723;     556,80;    0,78;23/04/2024;63;PRODUTO / QTDE. ERRADA        ;   ;aloisio    ;15:04
220023                            ;22/04/2024;    ;318531;007;    ;0053312;RAFAEL DIST. BEBIDAS                              ;(74)98803-5413 ;010;101;PKK8518;    1527,00;    2,07;23/04/2024;71;SEM DINHEIRO/CHEQUE           ;   ;silva      ;19:05
220023                            ;22/04/2024;    ;318539;007;    ;0055820;SACOLA CHEIA                                      ;(74) 3611-1242 ;080;810;PKK8518;     239,99;    0,79;23/04/2024;50;CARGA ERRADA ARMAZEM          ;   ;silva      ;19:04
220023                            ;22/04/2024;    ;318540;007;    ;0055820;SACOLA CHEIA                                      ;(74) 3611-1242 ;080;810;PKK8518;     336,37;    1,08;23/04/2024;50;CARGA ERRADA ARMAZEM          ;   ;silva      ;19:05
220027                            ;22/04/2024;    ;318644;007;    ;0024130;BAR ESTRELA                                       ;(74)99144-0808 ;010;103;RPR6D25;      40,52;    0,12;22/04/2024;72;PDV FECHADO (HORARIO COM.)    ;   ;idute      ;16:25
220027                            ;22/04/2024;    ;318645;007;    ;0024130;BAR ESTRELA                                       ;(74)99144-0808 ;010;103;RPR6D25;      87,87;    0,07;22/04/2024;72;PDV FECHADO (HORARIO COM.)    ;   ;idute      ;16:26
220028                            ;22/04/2024;    ;318674;007;    ;0024244;BAR TRES IRMAO                                    ;(74)98811-3962 ;010;101;RDN1D46;     140,20;    0,42;22/04/2024;71;SEM DINHEIRO/CHEQUE           ;   ;idute      ;13:22
220032                            ;22/04/2024;    ;318744;007;    ;0053053;MERCADINHO MUNIZ I                                ;(74) 3613-5712 ;080;810;OFB8B68;      31,96;    0,04;22/04/2024;50;CARGA ERRADA ARMAZEM          ;   ;ediziene   ;18:48
220034                            ;22/04/2024;    ;318825;007;    ;0057898;MERCADINHO JC                                     ;(74)98857-9766 ;010;101;KJP3656;     318,65;    0,43;22/04/2024;70;CLIENTE CANCELOU              ;   ;idute      ;16:36
220054                            ;23/04/2024;    ;318983;007;    ;0060279;PIZZARIA SOARES                                   ;(74)98837-4352 ;020;204;OUX3F90;     101,80;    0,13;24/04/2024;42;Produto/Quantidade Errada     ;   ;idute      ;16:54
220055                            ;23/04/2024;    ;319060;007;    ;0063977;LENA CAKES PANIFICAD                              ;(74)98123-6515 ;020;202;OVB5042;      52,14;    0,12;23/04/2024;42;Produto/Quantidade Errada     ;   ;silva      ;20:
220055                            ;23/04/2024;    ;319084;007;    ;0050420;POINT DO VERAO                                    ;(74) 3537-2015 ;020;202;OVB5042;    1527,84;    1,72;23/04/2024;71;SEM DINHEIRO/CHEQUE           ;   ;silva      ;19:59
220055                            ;23/04/2024;    ;319085;007;    ;0050420;POINT DO VERAO                                    ;(74) 3537-2015 ;020;202;OVB5042;      32,40;    0,04;23/04/2024;71;SEM DINHEIRO/CHEQUE           ;   ;silva      ;19:59
220059                            ;23/04/2024;    ;319265;007;    ;0063550;DISTRIBUIDORA DO RIB                              ;(74)98858-4604 ;020;201;OUX8B81;     795,30;    1,00;24/04/2024;42;Produto/Quantidade Errada     ;   ;idute      ;13:24
220059                            ;23/04/2024;    ;319284;007;    ;0050695;COMERCIAL SA                                      ;(74) 8805-5367 ;020;201;OUX8B81;     158,70;    0,20;24/04/2024;72;PDV FECHADO (HORARIO COM.)    ;   ;idute      ;13:23
220063                            ;23/04/2024;    ;319446;007;    ;0052590;CANTINHO DA IRMA                                  ;(74) 3617-6091 ;010;107;NZM5543;     631,14;    0,96;23/04/2024;70;CLIENTE CANCELOU              ;   ;silva      ;18:57
220065                            ;23/04/2024;    ;319479;007;    ;0064485;JB DISTRIBUIDORA                                  ;(74)98856-3916 ;010;100;OFB8B98;     661,70;    0,89;23/04/2024;85;DIFICIL ACESSO                ;   ;silva      ;18:40
220066                            ;23/04/2024;    ;319503;007;    ;0052686;ARMAZEM SAO PEDRO                                 ;(74) 3611-2855 ;010;105;RPR6D25;     326,20;    0,52;23/04/2024;63;PRODUTO / QTDE. ERRADA        ;   ;aloisio    ;16:32
220066                            ;23/04/2024;    ;319511;007;    ;0051049;NICE LANCHES                                      ;(74)98817-3231 ;010;105;RPR6D25;     254,50;    0,34;23/04/2024;71;SEM DINHEIRO/CHEQUE           ;   ;aloisio    ;16:33
220066                            ;23/04/2024;    ;319512;007;    ;0051049;NICE LANCHES                                      ;(74)98817-3231 ;010;105;RPR6D25;     203,60;    0,27;23/04/2024;71;SEM DINHEIRO/CHEQUE           ;   ;aloisio    ;16:33
220074                            ;23/04/2024;    ;319658;007;    ;0063581;CIA DO ABACATE                                    ;(74)99190-9068 ;010;104;RDN1D46;     203,60;    0,27;23/04/2024;72;PDV FECHADO (HORARIO COM.)    ;   ;silva      ;18:44
220074                            ;23/04/2024;    ;319659;007;    ;0063581;CIA DO ABACATE                                    ;(74)99190-9068 ;010;104;RDN1D46;     107,16;    0,07;23/04/2024;72;PDV FECHADO (HORARIO COM.)    ;   ;silva      ;18:44
220074                            ;23/04/2024;    ;319660;007;    ;0063184;MERCADO JH VAREJO                                 ;(74)99107-0285 ;010;104;RDN1D46;     437,00;    0,57;23/04/2024;72;PDV FECHADO (HORARIO COM.)    ;   ;silva      ;18:43
220074                            ;23/04/2024;    ;319661;007;    ;0063184;MERCADO JH VAREJO                                 ;(74)99107-0285 ;010;104;RDN1D46;      16,10;    0,06;23/04/2024;72;PDV FECHADO (HORARIO COM.)    ;   ;silva      ;18:43
220077                            ;23/04/2024;    ;319737;007;    ;0056192;Merc Melhor Opcao                                 ;(74)98819-2312 ;010;103;OZF1202;     271,60;    0,51;23/04/2024;72;PDV FECHADO (HORARIO COM.)    ;   ;aloisio    ;17:59
220080                            ;23/04/2024;    ;319899;007;    ;0060330;NF DISTRIBUIDORA                                  ;(74)99111-6684 ;010;103;KJP3656;     283,60;    0,51;23/04/2024;71;SEM DINHEIRO/CHEQUE           ;   ;aloisio    ;16:41
220111                            ;24/04/2024;    ;320298;007;    ;0057659;Stock Bar                                         ;(74)98156-0251 ;020;200;RPP0E77;     761,60;    0,76;24/04/2024;72;PDV FECHADO (HORARIO COM.)    ;   ;idute      ;16:30
220114                            ;24/04/2024;    ;320440;007;    ;0063384;MERCADINHO NERY S                                 ;(87)99602-7798 ;010;109;NZM9993;     271,38;    0,33;24/04/2024;71;SEM DINHEIRO/CHEQUE           ;   ;ediziene   ;19:36
220118                            ;24/04/2024;    ;320621;007;    ;0063553;DOLCE SUSHI LOUNGE                                ;(87)98873-5903 ;010;101;RPR6D25;     102,50;    0,12;25/04/2024;64;SEM VASILHAME                 ;DER;aloisio    ;15:13
220118                            ;24/04/2024;    ;320639;007;    ;0063301;POSTO JUAZEIRO                                    ;(74)99816-8619 ;010;105;RPR6D25;     630,26;    0,71;25/04/2024;50;CARGA ERRADA ARMAZEM          ;   ;aloisio    ;15:13
220122                            ;24/04/2024;    ;320696;007;    ;0050592;BAR DA JOSELICE                                   ;(74)99803-2980 ;010;105;RDN7A69;      82,00;    0,24;24/04/2024;42;Produto/Quantidade Errada     ;   ;idute      ;14:46
220124                            ;24/04/2024;    ;320764;007;    ;0058542;GRV DISTRIBUIDORA                                 ;(74)98863-5796 ;010;105;KJP3656;     144,96;    0,48;24/04/2024;87;TEMPO INSUFICIENTE            ;   ;ediziene   ;19:39
220126                            ;24/04/2024;    ;320803;007;    ;0025403;CERVEJA E CIA                                     ;(74)98827-4350 ;010;105;PKL6654;    1598,36;    2,40;24/04/2024;73;FALTA DE ATIVOS DE GIRO       ;   ;ediziene   ;19:14
220129                            ;24/04/2024;    ;320869;007;    ;0062672;SUPERMERCADO FRANGO                               ;(87)98139-1892 ;080;810;LKI1H89;     203,60;    0,27;24/04/2024;72;PDV FECHADO (HORARIO COM.)    ;   ;idute      ;15:54
220129                            ;24/04/2024;    ;320870;007;    ;0064396;CHOPERIA DOS AMIGOS                               ;(74)98826-8786 ;010;107;LKI1H89;     269,80;    0,28;24/04/2024;72;PDV FECHADO (HORARIO COM.)    ;DER;idute      ;15:53
220133                            ;24/04/2024;    ;321033;007;    ;0056419;DISTRIBUIDORA RUBaO                               ;(74)99909-3050 ;010;111;NZM5543;     631,20;    0,96;24/04/2024;63;PRODUTO / QTDE. ERRADA        ;   ;idute      ;17:17
220135                            ;24/04/2024;    ;321107;007;    ;0058603;AN DISTRI DO VALE                                 ;(74)98143-8032 ;010;111;RPP7B52;    2545,00;    3,45;24/04/2024;42;Produto/Quantidade Errada     ;   ;ediziene   ;19:26
220138                            ;24/04/2024;    ;321243;007;    ;0063259;LR DISTRIBUIDORA                                  ;(74)99934-2215 ;010;106;NKV3226;     203,60;    0,27;24/04/2024;42;Produto/Quantidade Errada     ;   ;ediziene   ;18:31
220138                            ;24/04/2024;    ;321244;007;    ;0063259;LR DISTRIBUIDORA                                  ;(74)99934-2215 ;010;106;NKV3226;     281,40;    0,24;24/04/2024;42;Produto/Quantidade Errada     ;   ;ediziene   ;18:31
220138                            ;24/04/2024;    ;321245;007;    ;0063259;LR DISTRIBUIDORA                                  ;(74)99934-2215 ;010;106;NKV3226;     509,00;    0,69;24/04/2024;42;Produto/Quantidade Errada     ;   ;ediziene   ;18:32
220138                            ;24/04/2024;    ;321246;007;    ;0063259;LR DISTRIBUIDORA                                  ;(74)99934-2215 ;010;106;NKV3226;     616,60;    0,97;24/04/2024;42;Produto/Quantidade Errada     ;   ;ediziene   ;18:32
220139                            ;24/04/2024;    ;321292;007;    ;0053482;BAR E DISTRIBUIDORA                               ;(74)98821-1043 ;010;102;OFB8B68;     203,60;    0,27;24/04/2024;87;TEMPO INSUFICIENTE            ;DER;ediziene   ;18:45
220139                            ;24/04/2024;    ;321293;007;    ;0057488;Distr Freitas                                     ;(74) 9905-6872 ;010;102;OFB8B68;     923,24;    1,03;24/04/2024;87;TEMPO INSUFICIENTE            ;   ;ediziene   ;18:45
220142                            ;24/04/2024;    ;321407;007;    ;0062694;RECANTO DOS AMIGOS                                ;(74)98804-7788 ;010;100;EFV3713;     247,76;    0,39;24/04/2024;64;SEM VASILHAME                 ;   ;idute      ;16:41
220142                            ;24/04/2024;    ;321408;007;    ;0062694;RECANTO DOS AMIGOS                                ;(74)98804-7788 ;010;100;EFV3713;     674,50;    0,72;24/04/2024;64;SEM VASILHAME                 ;   ;idute      ;16:42
220148                            ;24/04/2024;    ;320183;007;    ;0060723;BAR DO BAHIA                                      ;(11)98904-2820 ;020;203;RPM8D89;      37,63;    0,04;25/04/2024;70;CLIENTE CANCELOU              ;   ;teles      ;18:58
220150                            ;24/04/2024;    ;320215;007;    ;0064339;R A DISTRIBUIDORA                                 ;(74)98815-2996 ;020;203;NZN0E75;     509,00;    0,69;25/04/2024;71;SEM DINHEIRO/CHEQUE           ;   ;teles      ;19:05
220183                            ;25/04/2024;    ;321803;007;    ;0058255;CANTINHO CERTO                                    ;(74)98138-1195 ;010;107;NZM5543;    1841,24;    2,34;25/04/2024;70;CLIENTE CANCELOU              ;   ;teles      ;19:15
220192                            ;25/04/2024;    ;322162;007;    ;0051187;HORIZONTE DOS DOCES                               ;(74)99967-0947 ;020;204;RDC8F64;     120,41;    0,07;27/04/2024;42;Produto/Quantidade Errada     ;   ;aloisio    ;11:25
220192                            ;25/04/2024;    ;322164;007;    ;0059281;Mercadinho Bom Dia                                ;(74)98104-3525 ;020;204;RDC8F64;     378,08;    0,96;27/04/2024;71;SEM DINHEIRO/CHEQUE           ;   ;aloisio    ;11:23
220199                            ;25/04/2024;    ;322329;007;    ;0000713;CANTINHO DO CALDO                                 ;(74)98808-4330 ;010;102;RDN1D46;     447,26;    0,49;25/04/2024;32;ENTREGA ATRASADA (BUFFER)     ;   ;aloisio    ;15:19
220199                            ;25/04/2024;    ;322330;007;    ;0000713;CANTINHO DO CALDO                                 ;(74)98808-4330 ;010;102;RDN1D46;      14,86;    0,00;25/04/2024;32;ENTREGA ATRASADA (BUFFER)     ;   ;aloisio    ;15:18
220202                            ;25/04/2024;    ;322470;007;    ;0063936;MERC AVENIDA                                      ;(74)98833-0508 ;010;100;RPJ2H66;    1119,80;    1,51;25/04/2024;73;FALTA DE ATIVOS DE GIRO       ;DER;teles      ;18:21
220203                            ;25/04/2024;    ;322525;007;    ;0064103;LISLEY DISTRIBUIDORA                              ;(74)98809-5987 ;010;102;KHL4414;     134,90;    0,14;25/04/2024;72;PDV FECHADO (HORARIO COM.)    ;   ;aloisio    ;17:15
220210                            ;25/04/2024;    ;322244;007;    ;0064221;BAR DOS AMIGOS                                    ;(74)99924-0425 ;010;101;KJP3656;      18,38;    0,02;26/04/2024;72;PDV FECHADO (HORARIO COM.)    ;DER;idute      ;13:39
220237                            ;26/04/2024;    ;322668;007;    ;0050285;BAR  3 IRMAOS                                     ;(74)99965-6496 ;020;205;RDC5J22;     241,48;    0,38;27/04/2024;42;Produto/Quantidade Errada     ;   ;aloisio    ;15:17
220237                            ;26/04/2024;    ;322704;007;    ;0064472;DE MERCADINHO                                     ;(74)99972-3983 ;020;205;RDC5J22;      73,10;    0,14;27/04/2024;42;Produto/Quantidade Errada     ;   ;aloisio    ;15:18
220237                            ;26/04/2024;    ;322705;007;    ;0064472;DE MERCADINHO                                     ;(74)99972-3983 ;020;205;RDC5J22;      36,42;    0,02;27/04/2024;42;Produto/Quantidade Errada     ;   ;aloisio    ;15:16
220240                            ;26/04/2024;    ;322883;007;    ;0064030;BAR E DISTRIBUIDORA                               ;(74)98126-1522 ;020;202;RCP2C35;     413,34;    0,63;27/04/2024;64;SEM VASILHAME                 ;   ;aloisio    ;14:11
220240                            ;26/04/2024;    ;322884;007;    ;0064030;BAR E DISTRIBUIDORA                               ;(74)98126-1522 ;020;202;RCP2C35;      13,94;    0,06;27/04/2024;64;SEM VASILHAME                 ;   ;aloisio    ;14:13
220240                            ;26/04/2024;    ;322885;007;    ;0064030;BAR E DISTRIBUIDORA                               ;(74)98126-1522 ;020;202;RCP2C35;      18,38;    0,02;27/04/2024;64;SEM VASILHAME                 ;DER;aloisio    ;14:12
220240                            ;26/04/2024;    ;322935;007;    ;0050375;REST. RIO  MAR                                    ;(74)98128-1875 ;020;202;RCP2C35;      69,70;    0,30;27/04/2024;72;PDV FECHADO (HORARIO COM.)    ;DER;aloisio    ;14:10
220241                            ;26/04/2024;    ;322947;007;    ;0054158;DONNA ANA                                         ;(74)99944-8666 ;010;109;NZM9993;     571,80;    0,57;27/04/2024;71;SEM DINHEIRO/CHEQUE           ;   ;aloisio    ;13:28
220241                            ;26/04/2024;    ;322953;007;    ;0003730;BAR DO LAECIO                                     ;(74)99979-8145 ;010;109;NZM9993;     250,28;    0,32;27/04/2024;72;PDV FECHADO (HORARIO COM.)    ;   ;aloisio    ;13:29
220243                            ;26/04/2024;    ;323030;007;    ;0053402;BAR DA ZENAIDE                                    ;(74)98818-7309 ;020;200;RPP0E77;     237,54;    0,28;26/04/2024;42;Produto/Quantidade Errada     ;   ;ediziene   ;18:56
220243                            ;26/04/2024;    ;323031;007;    ;0053402;BAR DA ZENAIDE                                    ;(74)98818-7309 ;020;200;RPP0E77;     305,40;    0,41;26/04/2024;42;Produto/Quantidade Errada     ;   ;ediziene   ;18:57
220243                            ;26/04/2024;    ;323032;007;    ;0053402;BAR DA ZENAIDE                                    ;(74)98818-7309 ;020;200;RPP0E77;      96,62;    0,22;26/04/2024;42;Produto/Quantidade Errada     ;   ;ediziene   ;19:
220243                            ;26/04/2024;    ;323033;007;    ;0053402;BAR DA ZENAIDE                                    ;(74)98818-7309 ;020;200;RPP0E77;     257,80;    0,28;26/04/2024;42;Produto/Quantidade Errada     ;   ;ediziene   ;18:56
220245                            ;26/04/2024;    ;323160;007;    ;0064108;MERCADINHO BR 235                                 ;(74)99115-0421 ;020;200;RPP7B52;     203,80;    0,21;27/04/2024;42;Produto/Quantidade Errada     ;   ;aloisio    ;13:38
220245                            ;26/04/2024;    ;323161;007;    ;0064108;MERCADINHO BR 235                                 ;(74)99115-0421 ;020;200;RPP7B52;       6,79;    0,00;27/04/2024;42;Produto/Quantidade Errada     ;   ;aloisio    ;13:39
220245                            ;26/04/2024;    ;323173;007;    ;0062122;SUPERMERCADO OLIVEIR                              ;(74)98803-5398 ;020;200;RPP7B52;      13,46;    0,01;27/04/2024;50;CARGA ERRADA ARMAZEM          ;   ;aloisio    ;13:41
220249                            ;26/04/2024;    ;323299;007;    ;0054629;LINCOLN DISTRIBUIDOR                              ;(74)98835-9432 ;010;111;NTG4685;     913,66;    1,24;26/04/2024;72;PDV FECHADO (HORARIO COM.)    ;   ;idute      ;16:38
220250                            ;26/04/2024;    ;323321;007;    ;0057995;DISTRIBUIDORA D CRIS                              ;(74)98806-6156 ;010;108;OVB5042;     509,00;    0,69;26/04/2024;71;SEM DINHEIRO/CHEQUE           ;DER;ediziene   ;18:10
220250                            ;26/04/2024;    ;323322;007;    ;0057995;DISTRIBUIDORA D CRIS                              ;(74)98806-6156 ;010;108;OVB5042;      18,38;    0,02;26/04/2024;71;SEM DINHEIRO/CHEQUE           ;DER;ediziene   ;18:11
220251                            ;26/04/2024;    ;323367;007;    ;0057083;MERC DIST BENTO                                   ;(74)99952-4155 ;010;100;OZF1202;    1017,00;    1,26;26/04/2024;70;CLIENTE CANCELOU              ;   ;idute      ;16:02
220251                            ;26/04/2024;    ;323372;007;    ;0064556;DISTRIBUIDORA JD                                  ;(74)98848-3792 ;010;100;OZF1202;     250,68;    0,34;26/04/2024;70;CLIENTE CANCELOU              ;   ;idute      ;16:01
220253                            ;26/04/2024;    ;323460;007;    ;0025992;BAR DO JUNIOR                                     ;(74) 8824-4911 ;010;101;RPR6D25;     102,32;    0,13;26/04/2024;72;PDV FECHADO (HORARIO COM.)    ;   ;idute      ;16:58
220253                            ;26/04/2024;    ;323461;007;    ;0025992;BAR DO JUNIOR                                     ;(74) 8824-4911 ;010;101;RPR6D25;      86,00;    0,11;26/04/2024;72;PDV FECHADO (HORARIO COM.)    ;   ;idute      ;16:58
220258                            ;26/04/2024;    ;323548;007;    ;0062406;EMBAIXADOR BEBIDAS E                              ;(74)98872-5852 ;010;101;PKK8518;     341,40;    0,41;26/04/2024;64;SEM VASILHAME                 ;   ;ediziene   ;18:53
220263                            ;26/04/2024;    ;323659;007;    ;0064622;LANCHONETE                                        ;(74)98813-6749 ;010;110;LKI1H89;     111,80;    0,13;26/04/2024;72;PDV FECHADO (HORARIO COM.)    ;DER;idute      ;17:36
220266                            ;26/04/2024;    ;323775;007;    ;0063998;LIMA’S BAR ASSEMCO                                ;(87)99155-0255 ;010;106;JII1442;     139,16;    0,13;26/04/2024;37;PDV Fechado                   ;   ;idute      ;16:22
220304                            ;27/04/2024;    ;324044;007;    ;0058603;AN DISTRI DO VALE                                 ;(74)98143-8032 ;010;111;RDN1D46;      50,90;    0,06;27/04/2024;23;(C)Pedidos duplicados         ;   ;aloisio    ;14:52
220304                            ;27/04/2024;    ;324063;007;    ;0058463;TOQUE DE SABOR                                    ;(74)98874-2670 ;010;103;RDN1D46;      18,38;    0,02;27/04/2024;72;PDV FECHADO (HORARIO COM.)    ;DER;aloisio    ;14:52
220305                            ;27/04/2024;    ;324085;007;    ;0064396;CHOPERIA DOS AMIGOS                               ;(74)98826-8786 ;010;107;RDN7A69;     404,70;    0,43;27/04/2024;72;PDV FECHADO (HORARIO COM.)    ;   ;aloisio    ;16:06
220305                            ;27/04/2024;    ;324086;007;    ;0064396;CHOPERIA DOS AMIGOS                               ;(74)98826-8786 ;010;107;RDN7A69;      19,92;    0,02;27/04/2024;72;PDV FECHADO (HORARIO COM.)    ;   ;aloisio    ;16:07
220305                            ;27/04/2024;    ;324110;007;    ;0064509;MERC DIST LOOK                                    ;(74)98827-5539 ;010;111;RDN7A69;      89,16;    0,05;27/04/2024;42;Produto/Quantidade Errada     ;   ;aloisio    ;16:08
220305                            ;27/04/2024;    ;324116;007;    ;0050065;CALDINHO AVENIDA                                  ;(87)98849-7442 ;010;104;RDN7A69;      38,88;    0,04;27/04/2024;72;PDV FECHADO (HORARIO COM.)    ;DER;aloisio    ;16:07
220305                            ;27/04/2024;    ;324124;007;    ;0000144;MERCADINHO MARACANA                               ;(74)99971-4515 ;010;104;RDN7A69;     534,60;    0,67;27/04/2024;72;PDV FECHADO (HORARIO COM.)    ;   ;aloisio    ;16:08
220306                            ;27/04/2024;    ;324131;007;    ;0064642;M R DISTRIBUIDORA                                 ;(74)99129-9611 ;010;104;LKI1H89;      18,38;    0,02;27/04/2024;72;PDV FECHADO (HORARIO COM.)    ;DER;aloisio    ;15:52
220306                            ;27/04/2024;    ;324132;007;    ;0064642;M R DISTRIBUIDORA                                 ;(74)99129-9611 ;010;104;LKI1H89;      18,38;    0,02;27/04/2024;72;PDV FECHADO (HORARIO COM.)    ;DER;aloisio    ;15:53
220306                            ;27/04/2024;    ;324137;007;    ;0061320;MERC NOVO HORIZONTE                               ;(74)98826-6597 ;010;106;LKI1H89;     124,68;    0,30;27/04/2024;71;SEM DINHEIRO/CHEQUE           ;   ;aloisio    ;15:52
220306                            ;27/04/2024;    ;324144;007;    ;0057130;JOAO BOSCO                                        ;(74)98813-3752 ;010;106;LKI1H89;     233,44;    0,35;27/04/2024;72;PDV FECHADO (HORARIO COM.)    ;   ;aloisio    ;15:51
220306                            ;27/04/2024;    ;324145;007;    ;0057130;JOAO BOSCO                                        ;(74)98813-3752 ;010;106;LKI1H89;      50,90;    0,06;27/04/2024;72;PDV FECHADO (HORARIO COM.)    ;   ;aloisio    ;15:51
220311                            ;27/04/2024;    ;324230;007;    ;0056344;A BUDEGA                                          ;(74) 8846-3474 ;010;111;PKK0690;    1029,20;    0,82;27/04/2024;72;PDV FECHADO (HORARIO COM.)    ;   ;aloisio    ;16:27
220311                            ;27/04/2024;    ;324231;007;    ;0056344;A BUDEGA                                          ;(74) 8846-3474 ;010;111;PKK0690;      40,76;    0,04;27/04/2024;72;PDV FECHADO (HORARIO COM.)    ;   ;aloisio    ;16:27
220311                            ;27/04/2024;    ;324232;007;    ;0056344;A BUDEGA                                          ;(74) 8846-3474 ;010;111;PKK0690;       3,40;    0,00;27/04/2024;72;PDV FECHADO (HORARIO COM.)    ;   ;aloisio    ;16:27
220312                            ;27/04/2024;    ;324248;007;    ;0058437;MERCADINHO BOM PRECO                              ;(74)99927-1918 ;080;810;KJP3656;      26,07;    0,04;27/04/2024;64;SEM VASILHAME                 ;   ;aloisio    ;15:47
220312                            ;27/04/2024;    ;324249;007;    ;0058437;MERCADINHO BOM PRECO                              ;(74)99927-1918 ;080;810;KJP3656;    1493,01;    1,88;27/04/2024;64;SEM VASILHAME                 ;   ;aloisio    ;15:47
220314                            ;27/04/2024;    ;324335;007;    ;0054313;MERC. SOL NASCENT                                 ;(74)99958-7325 ;010;107;OZE4956;     514,24;    0,69;27/04/2024;72;PDV FECHADO (HORARIO COM.)    ;DER;aloisio    ;17:19
220314                            ;27/04/2024;    ;324336;007;    ;0054313;MERC. SOL NASCENT                                 ;(74)99958-7325 ;010;107;OZE4956;      31,28;    0,02;27/04/2024;72;PDV FECHADO (HORARIO COM.)    ;   ;aloisio    ;17:20
220319                            ;27/04/2024;    ;324539;007;    ;0025765;MERCADINHO SAO JOSE                               ;(74)98821-2565 ;010;103;NTG4685;     683,38;    0,99;27/04/2024;72;PDV FECHADO (HORARIO COM.)    ;   ;aloisio    ;14:20
220319                            ;27/04/2024;    ;324540;007;    ;0025765;MERCADINHO SAO JOSE                               ;(74)98821-2565 ;010;103;NTG4685;      34,90;    0,04;27/04/2024;72;PDV FECHADO (HORARIO COM.)    ;   ;aloisio    ;14:20
220319                            ;27/04/2024;    ;324543;007;    ;0057017;BARBOSA DISTRIBUIDOR                              ;(74)98815-1961 ;010;103;NTG4685;     152,70;    0,20;27/04/2024;71;SEM DINHEIRO/CHEQUE           ;   ;aloisio    ;14:19
220319                            ;27/04/2024;    ;324546;007;    ;0062782;PONTO DO BRAZ                                     ;(74)99104-5019 ;010;103;NTG4685;      89,62;    0,13;27/04/2024;71;SEM DINHEIRO/CHEQUE           ;   ;aloisio    ;14:21
220319                            ;27/04/2024;    ;324568;007;    ;0057485;Dist.Disk Gelada                                  ;(74)98809-7792 ;010;111;NTG4685;    1484,20;    1,38;27/04/2024;72;PDV FECHADO (HORARIO COM.)    ;   ;aloisio    ;14:19
220322                            ;27/04/2024;    ;324671;007;    ;0064150;GORDIM BEBIDAS                                    ;(74)98843-9195 ;010;106;JII1442;     374,44;    0,53;27/04/2024;70;CLIENTE CANCELOU              ;   ;aloisio    ;14:04
220335                            ;29/04/2024;    ;324765;007;    ;0051975;MERC MANGUEIRA                                    ;(74)99981-2268 ;020;205;OUX3F90;      64,40;    0,24;30/04/2024;50;CARGA ERRADA ARMAZEM          ;   ;idute      ;17:59
220339                            ;29/04/2024;    ;324899;007;    ;0052986;BAR DO RONA                                       ;(74)99989-2648 ;020;203;RPM8F89;     387,16;    0,03;02/05/2024;71;SEM DINHEIRO/CHEQUE           ;   ;silva      ;10:52
220339                            ;29/04/2024;    ;324900;007;    ;0052986;BAR DO RONA                                       ;(74)99989-2648 ;020;203;RPM8F89;     214,32;    0,15;02/05/2024;71;SEM DINHEIRO/CHEQUE           ;   ;silva      ;10:53
220341                            ;29/04/2024;    ;324974;007;    ;0057351;O BARATEIRO                                       ;(74)99945-7126 ;010;109;NZM9993;      35,04;    0,03;29/04/2024;68;TROCA (SEM SELO / QTDE. ERRADA;DER;silva      ;18:48
220344                            ;29/04/2024;    ;325142;007;    ;0050640;LUCAS BAR                                         ;(74)98143-1578 ;020;202;NZM4666;     677,38;    1,15;29/04/2024;32;ENTREGA ATRASADA (BUFFER)     ;DER;aloisio    ;15:58
220345                            ;29/04/2024;    ;325201;007;    ;0055475;LUCAS ESPETINHO                                   ;(74) 8827-5469 ;020;202;NZM7723;      60,36;    0,14;30/04/2024;82;ENDERECO NAO ENCONTRADO       ;DER;teles      ;14:32
220345                            ;29/04/2024;    ;325212;007;    ;0052384;BAR DA RENA                                       ;(87)99935-5351 ;020;202;NZM7723;     839,54;    0,95;30/04/2024;71;SEM DINHEIRO/CHEQUE           ;   ;teles      ;14:32
220345                            ;29/04/2024;    ;325213;007;    ;0052384;BAR DA RENA                                       ;(87)99935-5351 ;020;202;NZM7723;      39,74;    0,12;30/04/2024;71;SEM DINHEIRO/CHEQUE           ;   ;teles      ;14:32
220347                            ;29/04/2024;    ;325312;007;    ;0052548;MERC SHOW DE PRECO                                ;(74)98825-2391 ;020;201;OUX8B81;     326,84;    0,69;30/04/2024;71;SEM DINHEIRO/CHEQUE           ;   ;teles      ;16:20
220348                            ;29/04/2024;    ;325411;007;    ;0054885;BAR TOCA DAS ONCAS                                ;(74)99804-1541 ;020;204;RPP7B52;     589,48;    0,73;30/04/2024;89;PDV FECHADO APOS HORARIO      ;DER;ediziene   ;19:27
220359                            ;29/04/2024;    ;325601;007;    ;0063922;BUTECO DA LEIDEDAI                                ;(74)98835-7598 ;010;103;RDN1D46;     201,06;    0,27;29/04/2024;72;PDV FECHADO (HORARIO COM.)    ;   ;aloisio    ;13:20
220359                            ;29/04/2024;    ;325602;007;    ;0063922;BUTECO DA LEIDEDAI                                ;(74)98835-7598 ;010;103;RDN1D46;      79,34;    0,11;29/04/2024;72;PDV FECHADO (HORARIO COM.)    ;   ;aloisio    ;13:20
220362                            ;29/04/2024;    ;325660;007;    ;0050971;POINT DA ALGAROBA                                 ;(74)98846-6689 ;010;106;RDN1D46;     123,02;    0,26;29/04/2024;72;PDV FECHADO (HORARIO COM.)    ;   ;aloisio    ;18:11
220364                            ;29/04/2024;    ;325730;007;    ;0056726;BAR E REST 7 PORTAS                               ;(74)98817-3734 ;010;105;OVB5042;      44,16;    0,12;29/04/2024;72;PDV FECHADO (HORARIO COM.)    ;   ;aloisio    ;17:14
220364                            ;29/04/2024;    ;325731;007;    ;0056726;BAR E REST 7 PORTAS                               ;(74)98817-3734 ;010;105;OVB5042;     200,64;    0,49;29/04/2024;72;PDV FECHADO (HORARIO COM.)    ;   ;aloisio    ;17:15
220364                            ;29/04/2024;    ;325732;007;    ;0056726;BAR E REST 7 PORTAS                               ;(74)98817-3734 ;010;105;OVB5042;      95,10;    0,20;29/04/2024;72;PDV FECHADO (HORARIO COM.)    ;   ;aloisio    ;17:15
220368                            ;29/04/2024;    ;325837;007;    ;0062093;IMPERIO DISTRIBUIDOR                              ;(74)98832-7537 ;010;111;JII1442;     610,80;    0,82;29/04/2024;64;SEM VASILHAME                 ;   ;aloisio    ;15:17
220371                            ;29/04/2024;    ;325627;007;    ;0062756;JL DISTRIBUIDORA DE                               ;(74)98836-8022 ;010;102;RDN7A69;     132,19;    0,20;29/04/2024;72;PDV FECHADO (HORARIO COM.)    ;   ;aloisio    ;18:
220371                            ;29/04/2024;    ;325628;007;    ;0062756;JL DISTRIBUIDORA DE                               ;(74)98836-8022 ;010;102;RDN7A69;     306,96;    0,41;29/04/2024;72;PDV FECHADO (HORARIO COM.)    ;   ;aloisio    ;18:01
220371                            ;29/04/2024;    ;325629;007;    ;0056717;JANES SOARES                                      ;(74)98822-2345 ;010;102;RDN7A69;     136,90;    0,18;29/04/2024;72;PDV FECHADO (HORARIO COM.)    ;   ;aloisio    ;17:59
220388                            ;30/04/2024;    ;325931;007;    ;0064663;MERCADINHO DO CLAUDI                              ;(74)99123-8310 ;020;204;NZN0E75;     263,58;    0,44;02/05/2024;72;PDV FECHADO (HORARIO COM.)    ;   ;silva      ;17:43
220393                            ;30/04/2024;    ;326286;007;    ;0055668;MERCADINHO POPULAR                                ;(74)98838-0744 ;020;201;RDC8F64;     460,44;    0,62;02/05/2024;72;PDV FECHADO (HORARIO COM.)    ;DER;aloisio    ;18:49
220393                            ;30/04/2024;    ;326287;007;    ;0055668;MERCADINHO POPULAR                                ;(74)98838-0744 ;020;201;RDC8F64;     287,47;    0,57;02/05/2024;72;PDV FECHADO (HORARIO COM.)    ;   ;aloisio    ;18:50
220395                            ;30/04/2024;    ;326328;007;    ;0024186;CHUR FOLHA SECA                                   ;(74) 3617-6054 ;010;107;NZM5543;     751,06;    1,87;30/04/2024;63;PRODUTO / QTDE. ERRADA        ;   ;ediziene   ;19:12
220398                            ;30/04/2024;    ;326431;007;    ;0051707;BAR DA CRISTINA                                   ;(74)98147-0132 ;010;100;OUG2987;     144,00;    0,24;02/05/2024;71;SEM DINHEIRO/CHEQUE           ;   ;silva      ;10:40
220398                            ;30/04/2024;    ;326436;007;    ;0058411;M PARADA OBRIGATORIA                              ;(74)98808-7414 ;010;100;OUG2987;      93,61;    0,11;02/05/2024;72;PDV FECHADO (HORARIO COM.)    ;DER;silva      ;10:41
220398                            ;30/04/2024;    ;326440;007;    ;0064485;JB DISTRIBUIDORA                                  ;(74)98856-3916 ;010;100;OUG2987;     661,70;    0,89;02/05/2024;64;SEM VASILHAME                 ;AGE;silva      ;10:39
220399                            ;30/04/2024;    ;326449;007;    ;0064739;RESTAURANTE VARANDA                               ;(87)98181-9265 ;010;107;RPR6D25;     111,84;    0,28;30/04/2024;82;ENDERECO NAO ENCONTRADO       ;   ;teles      ;15:24
220409                            ;30/04/2024;    ;326793;007;    ;0055746;MRC E DISTR TODO DIA                              ;(74)98805-0932 ;010;104;NZM9993;     548,60;    0,81;30/04/2024;50;CARGA ERRADA ARMAZEM          ;   ;ediziene   ;19:05
220409                            ;30/04/2024;    ;326794;007;    ;0050577;BOMBONIERE BOM DOCE                               ;(74) 8808-0644 ;010;103;NZM9993;     214,60;    0,52;30/04/2024;87;TEMPO INSUFICIENTE            ;   ;ediziene   ;19:05
220411                            ;30/04/2024;    ;326893;007;    ;0063239;RENILSON SANTOS                                   ;(87)98139-0010 ;010;102;JII1442;     588,48;    0,69;30/04/2024;42;Produto/Quantidade Errada     ;DER;teles      ;15:56
220412                            ;30/04/2024;    ;326925;007;    ;0053335;MAX ANDREY                                        ;(74)98818-8906 ;010;106;OFB8B68;    1527,00;    2,07;30/04/2024;71;SEM DINHEIRO/CHEQUE           ;   ;idute      ;17:43
