Mapa                     ;Data;Unb Nota;Nota;Serie;Unb Cliente;Cod. Cliente;Nome Cliente;Telefone;Area;Setor;Placa;Valor;Volume;Data Devol.;Cod. Motivo;Desc. Motivo;Orig. Pedido;Usuario;Hora 
232835                            ;01/03/2025;    ;576339;007;    ;0057738;PAIXaO MERCADINHO                                 ;(74)98837-3145 ;010;105;PKK0690;      54,48;    0,05;01/03/2025;42;Produto/Quantidade Errada     ;   ;ediziene   ;13:39
232835                            ;01/03/2025;    ;576349;007;    ;0050592;BAR DA JOSELICE                                   ;(74)99803-2980 ;010;105;PKK0690;    1696,30;    2,08;01/03/2025;42;Produto/Quantidade Errada     ;   ;ediziene   ;13:39
232836                            ;01/03/2025;    ;576355;007;    ;0063975;MERCEARIA HONORATO                                ;(74)98801-1847 ;010;101;RDJ0G42;       4,58;    0,00;01/03/2025;42;Produto/Quantidade Errada     ;   ;ediziene   ;14:05
232836                            ;01/03/2025;    ;576362;007;    ;0025901;MERCEARIA DA LU                                   ;(74) 3611-6810 ;010;101;RDJ0G42;      18,38;    0,02;01/03/2025;42;Produto/Quantidade Errada     ;   ;ediziene   ;14:07
232836                            ;01/03/2025;    ;576363;007;    ;0025901;MERCEARIA DA LU                                   ;(74) 3611-6810 ;010;101;RDJ0G42;       4,54;    0,00;01/03/2025;42;Produto/Quantidade Errada     ;   ;ediziene   ;14:06
232838                            ;01/03/2025;    ;576430;007;    ;0056850;SIDVAN FERREIRA DA S                              ;(74)98834-6992 ;010;106;PKK8518;     559,30;    0,84;01/03/2025;73;FALTA DE ATIVOS DE GIRO       ;DER;ediziene   ;14:10
232842                            ;01/03/2025;    ;576514;007;    ;0056195;BAR DO SEU ZE                                     ;(74)98831-4919 ;010;100;OZE4956;    1767,96;    2,09;01/03/2025;85;DIFICIL ACESSO                ;   ;ediziene   ;16:49
232842                            ;01/03/2025;    ;576515;007;    ;0056195;BAR DO SEU ZE                                     ;(74)98831-4919 ;010;100;OZE4956;     292,50;    0,34;01/03/2025;85;DIFICIL ACESSO                ;   ;ediziene   ;16:49
232846                            ;01/03/2025;    ;576610;007;    ;0058559;MERCADINHO PARAISO                                ;(74)98128-0076 ;010;103;NZM4666;     269,50;    0,34;01/03/2025;87;TEMPO INSUFICIENTE            ;DER;teles      ;20:05
232846                            ;01/03/2025;    ;576621;007;    ;0062383;NO PONTO DISTRIBUIDO                              ;(74)98842-8433 ;010;111;NZM4666;    2720,42;    3,72;01/03/2025;87;TEMPO INSUFICIENTE            ;DER;teles      ;20:05
232846                            ;01/03/2025;    ;576624;007;    ;0056344;A BUDEGA                                          ;(74) 8846-3474 ;010;111;NZM4666;       9,43;    0,00;01/03/2025;42;Produto/Quantidade Errada     ;   ;teles      ;20:06
232847                            ;01/03/2025;    ;576650;007;    ;0057012;LC DISTRIBUIDORA                                  ;(74)98821-2588 ;010;102;LKI1H89;      42,86;    0,11;01/03/2025;72;PDV FECHADO (HORARIO COM.)    ;   ;ediziene   ;11:50
232848                            ;01/03/2025;    ;576657;007;    ;0065046;M.M DISTRIBUIDORA                                 ;(74)98841-4602 ;010;103;LKI1H89;      84,78;    0,09;01/03/2025;72;PDV FECHADO (HORARIO COM.)    ;   ;ediziene   ;15:45
232848                            ;01/03/2025;    ;576658;007;    ;0065046;M.M DISTRIBUIDORA                                 ;(74)98841-4602 ;010;103;LKI1H89;      92,76;    0,10;01/03/2025;72;PDV FECHADO (HORARIO COM.)    ;   ;ediziene   ;15:46
232867                            ;03/03/2025;    ;576766;007;    ;0053408;SUPERMERCADO RENAN                                ;(74)93533-2010 ;020;205;NZN0E75;    3244,78;    3,62;04/03/2025;72;PDV FECHADO (HORARIO COM.)    ;   ;silva      ;17:29
232867                            ;03/03/2025;    ;576792;007;    ;0060406;DISTRIBUIDORA JIQUIT                              ;(74)99941-6970 ;020;203;NZN0E75;       8,60;    0,00;04/03/2025;42;Produto/Quantidade Errada     ;   ;silva      ;17:30
232868                            ;03/03/2025;    ;576802;007;    ;0057101;CEARA BEBIDAS                                     ;(74)99959-6132 ;020;203;OUX3F90;      11,20;    0,01;03/03/2025;42;Produto/Quantidade Errada     ;   ;ediziene   ;18:33
232868                            ;03/03/2025;    ;576803;007;    ;0057101;CEARA BEBIDAS                                     ;(74)99959-6132 ;020;203;OUX3F90;      45,00;    0,02;03/03/2025;42;Produto/Quantidade Errada     ;   ;ediziene   ;18:32
232871                            ;03/03/2025;    ;576868;007;    ;0063665;BAR DA LAGE 235                                   ;(74)99938-4573 ;020;203;OUX8B81;     389,08;    0,62;04/03/2025;71;SEM DINHEIRO/CHEQUE           ;   ;silva      ;14:21
232871                            ;03/03/2025;    ;576876;007;    ;0051771;DISTRIBUIDORA KARIRI                              ;(74)99945-9958 ;020;205;OUX8B81;   11639,05;   13,06;04/03/2025;72;PDV FECHADO (HORARIO COM.)    ;   ;silva      ;14:22
232871                            ;03/03/2025;    ;576877;007;    ;0051771;DISTRIBUIDORA KARIRI                              ;(74)99945-9958 ;020;205;OUX8B81;     336,42;    0,36;04/03/2025;72;PDV FECHADO (HORARIO COM.)    ;   ;silva      ;14:23
232871                            ;03/03/2025;    ;576878;007;    ;0051771;DISTRIBUIDORA KARIRI                              ;(74)99945-9958 ;020;205;OUX8B81;       4,37;    0,00;04/03/2025;72;PDV FECHADO (HORARIO COM.)    ;   ;silva      ;14:22
232872                            ;03/03/2025;    ;576887;007;    ;0064252;DISTRIB GUGU POINT                                ;(74)99954-7469 ;020;203;RDC5J22;      33,75;    0,01;04/03/2025;42;Produto/Quantidade Errada     ;   ;aloisio    ;20:53
232872                            ;03/03/2025;    ;576893;007;    ;0057967;MACEDONIA                                         ;(74)99956-9377 ;020;203;RDC5J22;     274,68;    0,55;04/03/2025;72;PDV FECHADO (HORARIO COM.)    ;   ;aloisio    ;20:51
232872                            ;03/03/2025;    ;576913;007;    ;0050993;AQUARELA RESTAURANTE                              ;(74)99967-9492 ;020;203;RDC5J22;     102,48;    0,18;04/03/2025;72;PDV FECHADO (HORARIO COM.)    ;   ;aloisio    ;20:51
232872                            ;03/03/2025;    ;576918;007;    ;0057704;CHURRASCARIA REMANSO                              ;(74)99913-3803 ;020;203;RDC5J22;       5,60;    0,00;04/03/2025;42;Produto/Quantidade Errada     ;   ;aloisio    ;20:53
232873                            ;03/03/2025;    ;576952;007;    ;0054257;GELAD. TOCA DOS GATO                              ;(74)99962-3125 ;010;109;RCP2C35;       3,19;    0,00;03/03/2025;42;Produto/Quantidade Errada     ;   ;teles      ;20:33
232873                            ;03/03/2025;    ;576953;007;    ;0054257;GELAD. TOCA DOS GATO                              ;(74)99962-3125 ;010;109;RCP2C35;      44,35;    0,05;03/03/2025;42;Produto/Quantidade Errada     ;   ;teles      ;20:33
232876                            ;03/03/2025;    ;577102;007;    ;0063488;BAR DO BEM BEM                                    ;(74)98833-0546 ;020;200;RPP0E77;      33,91;    0,03;03/03/2025;72;PDV FECHADO (HORARIO COM.)    ;   ;ediziene   ;18:35
232878                            ;03/03/2025;    ;577157;007;    ;0055017;DIST. EZEQUIEL                                    ;(74)98812-7696 ;020;201;RPP7B52;     815,67;    1,18;04/03/2025;72;PDV FECHADO (HORARIO COM.)    ;   ;silva      ;13:57
232878                            ;03/03/2025;    ;577176;007;    ;0055007;COMERCIAL BRITO                                   ;(74)98811-4696 ;020;201;RPP7B52;       8,80;    0,01;04/03/2025;42;Produto/Quantidade Errada     ;   ;silva      ;13:56
232879                            ;03/03/2025;    ;577226;007;    ;0059295;BAR DA MARLENE                                    ;(74)98859-8302 ;020;202;NZM4666;      38,98;    0,04;04/03/2025;42;Produto/Quantidade Errada     ;   ;silva      ;14:03
232880                            ;03/03/2025;    ;577251;007;    ;0025279;POSTO RIBEIRAO II                                 ;(74)98103-0463 ;020;202;NZM7723;     685,32;    1,64;04/03/2025;71;SEM DINHEIRO/CHEQUE           ;   ;silva      ;13:53
232882                            ;03/03/2025;    ;577282;007;    ;0058152;DISTRIBUIDORA PRIME                               ;(74)98831-0744 ;010;108;PKK8518;      39,13;    0,04;03/03/2025;42;Produto/Quantidade Errada     ;   ;teles      ;19:20
232884                            ;03/03/2025;    ;577330;007;    ;0062876;DISTRIBUIDORA ALCANT                              ;(87)99206-1411 ;010;108;PKL6654;      36,52;    0,04;03/03/2025;42;Produto/Quantidade Errada     ;   ;ediziene   ;15:43
232884                            ;03/03/2025;    ;577331;007;    ;0062876;DISTRIBUIDORA ALCANT                              ;(87)99206-1411 ;010;108;PKL6654;      13,59;    0,01;03/03/2025;42;Produto/Quantidade Errada     ;   ;ediziene   ;15:44
232885                            ;03/03/2025;    ;577346;007;    ;0062922;DISTRIBUIDORA VJ                                  ;(74)99981-8954 ;010;108;OVB5042;    1149,20;    1,39;03/03/2025;42;Produto/Quantidade Errada     ;   ;ediziene   ;17:36
232885                            ;03/03/2025;    ;577348;007;    ;0062922;DISTRIBUIDORA VJ                                  ;(74)99981-8954 ;010;108;OVB5042;      10,43;    0,01;03/03/2025;42;Produto/Quantidade Errada     ;   ;ediziene   ;17:36
232885                            ;03/03/2025;    ;577349;007;    ;0062922;DISTRIBUIDORA VJ                                  ;(74)99981-8954 ;010;108;OVB5042;      40,76;    0,04;03/03/2025;42;Produto/Quantidade Errada     ;   ;ediziene   ;17:37
232885                            ;03/03/2025;    ;577351;007;    ;0057641;RECANTO DAS BEBIDAS                               ;(74)98873-9329 ;010;108;OVB5042;       5,22;    0,00;03/03/2025;42;Produto/Quantidade Errada     ;   ;ediziene   ;17:35
232885                            ;03/03/2025;    ;577352;007;    ;0057641;RECANTO DAS BEBIDAS                               ;(74)98873-9329 ;010;108;OVB5042;       2,61;    0,00;03/03/2025;42;Produto/Quantidade Errada     ;   ;ediziene   ;17:35
232889                            ;03/03/2025;    ;577438;007;    ;0052298;MERCEARIA DA GALEGA                               ;(74) 3612-5239 ;010;101;RDJ0G42;     887,40;    1,15;03/03/2025;73;FALTA DE ATIVOS DE GIRO       ;   ;ediziene   ;14:13
232903                            ;04/03/2025;    ;577467;007;    ;0054665;LD DISTRIBUIDORA                                  ;(74)99923-1205 ;020;205;OUX3F90;    1069,83;    1,66;05/03/2025;71;SEM DINHEIRO/CHEQUE           ;   ;ediziene   ;16:07
232903                            ;04/03/2025;    ;577472;007;    ;0057536;Papa s DISTRIBUIDORA                              ;(74)98103-2161 ;020;205;OUX3F90;      13,04;    0,01;05/03/2025;42;Produto/Quantidade Errada     ;   ;ediziene   ;16:10
232903                            ;04/03/2025;    ;577473;007;    ;0057536;Papa s DISTRIBUIDORA                              ;(74)98103-2161 ;020;205;OUX3F90;      34,96;    0,07;05/03/2025;42;Produto/Quantidade Errada     ;   ;ediziene   ;16:09
232903                            ;04/03/2025;    ;577475;007;    ;0057536;Papa s DISTRIBUIDORA                              ;(74)98103-2161 ;020;205;OUX3F90;      20,07;    0,01;05/03/2025;42;Produto/Quantidade Errada     ;   ;ediziene   ;16:08
232903                            ;04/03/2025;    ;577481;007;    ;0050953;RALF MERCEARIA                                    ;(74)98122-4333 ;020;205;OUX3F90;       7,83;    0,00;05/03/2025;42;Produto/Quantidade Errada     ;   ;ediziene   ;16:05
232903                            ;04/03/2025;    ;577482;007;    ;0050953;RALF MERCEARIA                                    ;(74)98122-4333 ;020;205;OUX3F90;      18,26;    0,02;05/03/2025;42;Produto/Quantidade Errada     ;   ;ediziene   ;16:04
232903                            ;04/03/2025;    ;577483;007;    ;0050953;RALF MERCEARIA                                    ;(74)98122-4333 ;020;205;OUX3F90;      15,65;    0,01;05/03/2025;42;Produto/Quantidade Errada     ;   ;ediziene   ;16:05
232904                            ;04/03/2025;    ;577518;007;    ;0062929;HILTON BAR                                        ;(74)98828-0328 ;020;203;RDC8F64;       2,87;    0,00;05/03/2025;42;Produto/Quantidade Errada     ;   ;ediziene   ;13:26
232904                            ;04/03/2025;    ;577521;007;    ;0053777;PIZZARIA DA NONNA                                 ;(74)98851-1082 ;020;203;RDC8F64;       2,66;    0,00;05/03/2025;42;Produto/Quantidade Errada     ;   ;ediziene   ;13:25
232904                            ;04/03/2025;    ;577537;007;    ;0063355;BAR E MERC SILVA                                  ;(74)99994-7137 ;020;203;RDC8F64;      13,04;    0,01;05/03/2025;42;Produto/Quantidade Errada     ;   ;ediziene   ;13:27
232904                            ;04/03/2025;    ;577538;007;    ;0063355;BAR E MERC SILVA                                  ;(74)99994-7137 ;020;203;RDC8F64;       2,61;    0,00;05/03/2025;42;Produto/Quantidade Errada     ;   ;ediziene   ;13:27
232905                            ;04/03/2025;    ;577554;007;    ;0057746;Mercadinho Pagueleve                              ;(74)98851-8741 ;020;204;RPJ2H66;     533,02;    0,69;05/03/2025;73;FALTA DE ATIVOS DE GIRO       ;   ;ediziene   ;15:32
232907                            ;04/03/2025;    ;577609;007;    ;0052079;COMERCIAL CENTRAL                                 ;(87)99622-9948 ;010;109;RPP6J11;    1457,77;    2,11;04/03/2025;72;PDV FECHADO (HORARIO COM.)    ;   ;aloisio    ;18:20
232907                            ;04/03/2025;    ;577610;007;    ;0052079;COMERCIAL CENTRAL                                 ;(87)99622-9948 ;010;109;RPP6J11;     547,35;    0,69;04/03/2025;72;PDV FECHADO (HORARIO COM.)    ;   ;aloisio    ;18:21
232908                            ;04/03/2025;    ;577645;007;    ;0058622;CHAPA QUENTE                                      ;(74)98829-3028 ;020;200;RPP0E77;       5,22;    0,00;04/03/2025;72;PDV FECHADO (HORARIO COM.)    ;   ;aloisio    ;18:39
232908                            ;04/03/2025;    ;577646;007;    ;0024014;BAR DO PAQUERA                                    ;(74)98862-9167 ;020;200;RPP0E77;     364,36;    0,14;04/03/2025;72;PDV FECHADO (HORARIO COM.)    ;   ;aloisio    ;18:38
232909                            ;04/03/2025;    ;577716;007;    ;0065138;TEMPERO DE MAINHA                                 ;(74)99930-0340 ;020;201;PKK8518;     269,50;    0,34;04/03/2025;72;PDV FECHADO (HORARIO COM.)    ;   ;aloisio    ;19:52
232911                            ;04/03/2025;    ;577746;007;    ;0055451;GELADaO BEB. E ALIME                              ;(74) 3618-1006 ;080;810;OZE4956;      10,43;    0,01;04/03/2025;42;Produto/Quantidade Errada     ;   ;silva      ;16:24
232914                            ;04/03/2025;    ;577792;007;    ;0064492;MERCADINHO JUREMA                                 ;(74)99931-4809 ;010;107;RCP2C35;       2,61;    0,00;04/03/2025;42;Produto/Quantidade Errada     ;   ;silva      ;13:28
232915                            ;04/03/2025;    ;577817;007;    ;0051692;MERCADINHO 2 IRMAOS                               ;(74)99900-7802 ;010;101;OUG2987;    1439,70;    1,99;04/03/2025;72;PDV FECHADO (HORARIO COM.)    ;   ;silva      ;15:02
232916                            ;04/03/2025;    ;577855;007;    ;0024583;BAR NARA DRINKS                                   ;(74)98803-4532 ;010;105;OZF1202;       1,33;    0,00;04/03/2025;42;Produto/Quantidade Errada     ;   ;silva      ;13:39
232916                            ;04/03/2025;    ;577856;007;    ;0053388;MERCADINHO ECONOMICO                              ;(87)98857-7856 ;080;810;OZF1202;   11440,24;   22,51;04/03/2025;72;PDV FECHADO (HORARIO COM.)    ;   ;silva      ;13:39
232916                            ;04/03/2025;    ;577857;007;    ;0053388;MERCADINHO ECONOMICO                              ;(87)98857-7856 ;080;810;OZF1202;      13,26;    0,02;04/03/2025;72;PDV FECHADO (HORARIO COM.)    ;   ;silva      ;13:40
232917                            ;04/03/2025;    ;577881;007;    ;0055991;Panificadora  Moraes                              ;(74)98803-3865 ;010;101;SKK9J61;    1583,26;    2,00;04/03/2025;73;FALTA DE ATIVOS DE GIRO       ;   ;silva      ;16:27
232917                            ;04/03/2025;    ;577882;007;    ;0055991;Panificadora  Moraes                              ;(74)98803-3865 ;010;101;SKK9J61;    2102,78;    2,76;04/03/2025;73;FALTA DE ATIVOS DE GIRO       ;   ;silva      ;16:26
232917                            ;04/03/2025;    ;577883;007;    ;0051324;SUPERMER FRANG BRILH                              ;(74) 3611-3706 ;080;810;SKK9J61;     399,00;    0,42;04/03/2025;72;PDV FECHADO (HORARIO COM.)    ;   ;silva      ;16:25
232917                            ;04/03/2025;    ;577884;007;    ;0051324;SUPERMER FRANG BRILH                              ;(74) 3611-3706 ;080;810;SKK9J61;     349,00;    0,42;04/03/2025;72;PDV FECHADO (HORARIO COM.)    ;   ;silva      ;16:25
232917                            ;04/03/2025;    ;577885;007;    ;0051324;SUPERMER FRANG BRILH                              ;(74) 3611-3706 ;080;810;SKK9J61;    1146,24;    1,29;04/03/2025;72;PDV FECHADO (HORARIO COM.)    ;   ;silva      ;16:26
232918                            ;04/03/2025;    ;577921;007;    ;0064247;MERC WEVERTY                                      ;(74)98873-5046 ;010;103;SKK4A24;       4,26;    0,00;04/03/2025;42;Produto/Quantidade Errada     ;   ;silva      ;17:31
232920                            ;04/03/2025;    ;577953;007;    ;0003312;COMERCIAL VITORIA                                 ;(74)98816-2309 ;010;111;RPM8F89;   14777,00;   18,12;04/03/2025;72;PDV FECHADO (HORARIO COM.)    ;   ;silva      ;13:30
232920                            ;04/03/2025;    ;577954;007;    ;0003312;COMERCIAL VITORIA                                 ;(74)98816-2309 ;010;111;RPM8F89;      61,68;    0,06;04/03/2025;72;PDV FECHADO (HORARIO COM.)    ;   ;silva      ;13:30
232920                            ;04/03/2025;    ;577955;007;    ;0003312;COMERCIAL VITORIA                                 ;(74)98816-2309 ;010;111;RPM8F89;    4137,20;    5,88;04/03/2025;72;PDV FECHADO (HORARIO COM.)    ;   ;silva      ;13:31
232920                            ;04/03/2025;    ;577956;007;    ;0003312;COMERCIAL VITORIA                                 ;(74)98816-2309 ;010;111;RPM8F89;      40,76;    0,04;04/03/2025;72;PDV FECHADO (HORARIO COM.)    ;   ;silva      ;13:31
232920                            ;04/03/2025;    ;577957;007;    ;0003312;COMERCIAL VITORIA                                 ;(74)98816-2309 ;010;111;RPM8F89;      54,48;    0,05;04/03/2025;72;PDV FECHADO (HORARIO COM.)    ;   ;silva      ;13:31
232921                            ;04/03/2025;    ;577969;007;    ;0053551;DISTRIBUID SaO BENTO                              ;(74)98832-1864 ;010;105;RDJ0G42;      10,43;    0,01;04/03/2025;72;PDV FECHADO (HORARIO COM.)    ;   ;silva      ;14:19
232921                            ;04/03/2025;    ;577970;007;    ;0054768;KI PAO                                            ;(74)98848-7130 ;010;105;RDJ0G42;     335,39;    0,57;04/03/2025;72;PDV FECHADO (HORARIO COM.)    ;   ;silva      ;14:18
232921                            ;04/03/2025;    ;577971;007;    ;0054768;KI PAO                                            ;(74)98848-7130 ;010;105;RDJ0G42;      31,96;    0,04;04/03/2025;42;Produto/Quantidade Errada     ;   ;silva      ;14:19
232922                            ;04/03/2025;    ;577988;007;    ;0057298;DIST DA JAIDETE                                   ;(74)98827-0791 ;010;108;RPR6D25;      27,17;    0,02;04/03/2025;42;Produto/Quantidade Errada     ;   ;silva      ;11:36
232935                            ;05/03/2025;    ;578061;007;    ;0051467;DEPOSITO SANTOS                                   ;(74)98122-7659 ;020;205;NZN0E75;       5,33;    0,00;06/03/2025;42;Produto/Quantidade Errada     ;   ;silva      ;14:59
232936                            ;05/03/2025;    ;578075;007;    ;0062471;PANIFIC VITÓRIA                                   ;(74)99807-6977 ;020;205;RDC5J22;       3,75;    0,00;06/03/2025;42;Produto/Quantidade Errada     ;   ;silva      ;15:14
232936                            ;05/03/2025;    ;578084;007;    ;0054014;se sobrar eu vendo                                ;(74)98106-2557 ;020;205;RDC5J22;      30,36;    0,01;06/03/2025;42;Produto/Quantidade Errada     ;   ;silva      ;15:13
232936                            ;05/03/2025;    ;578085;007;    ;0054014;se sobrar eu vendo                                ;(74)98106-2557 ;020;205;RDC5J22;      15,18;    0,00;06/03/2025;42;Produto/Quantidade Errada     ;   ;silva      ;15:  
232936                            ;05/03/2025;    ;578124;007;    ;0064024;WL DISTRIBUIDORA                                  ;(74)98107-8195 ;020;205;RDC5J22;       5,22;    0,00;06/03/2025;42;Produto/Quantidade Errada     ;   ;silva      ;15:14
232937                            ;05/03/2025;    ;578160;007;    ;0063399;DISTRI 3 AMIGOS                                   ;(74)99930-3600 ;020;204;RPM8D89;       7,83;    0,00;07/03/2025;42;Produto/Quantidade Errada     ;   ;ediziene   ;17:01
232937                            ;05/03/2025;    ;578182;007;    ;0052357;LANCHONETE VERSALES                               ;(74)98126-1276 ;020;203;RPM8D89;       6,50;    0,00;07/03/2025;42;Produto/Quantidade Errada     ;   ;ediziene   ;17:  
232937                            ;05/03/2025;    ;578183;007;    ;0052357;LANCHONETE VERSALES                               ;(74)98126-1276 ;020;203;RPM8D89;       9,70;    0,00;07/03/2025;42;Produto/Quantidade Errada     ;   ;ediziene   ;17:  
232940                            ;05/03/2025;    ;578238;007;    ;0063216;MERCADINHO SaO JOSE                               ;(87)99607-7826 ;010;109;RCP2C35;     297,00;    0,39;05/03/2025;42;Produto/Quantidade Errada     ;   ;teles      ;19:22
232942                            ;05/03/2025;    ;578292;007;    ;0063328;DISTRIBUIDORA SOUZA                               ;(74)98859-4632 ;020;201;RPP7B52;    1695,00;    2,10;06/03/2025;42;Produto/Quantidade Errada     ;   ;silva      ;14:24
232943                            ;05/03/2025;    ;578342;007;    ;0055919;DEP. LARISA                                       ;(74)98143-2775 ;020;202;NZM4666;     379,20;    0,81;06/03/2025;72;PDV FECHADO (HORARIO COM.)    ;   ;silva      ;11:50
232943                            ;05/03/2025;    ;578343;007;    ;0055919;DEP. LARISA                                       ;(74)98143-2775 ;020;202;NZM4666;     708,90;    0,83;06/03/2025;72;PDV FECHADO (HORARIO COM.)    ;   ;silva      ;11:51
232943                            ;05/03/2025;    ;578344;007;    ;0055919;DEP. LARISA                                       ;(74)98143-2775 ;020;202;NZM4666;     309,50;    0,34;06/03/2025;72;PDV FECHADO (HORARIO COM.)    ;   ;silva      ;11:51
232943                            ;05/03/2025;    ;578347;007;    ;0059716;MERCADINHO VIEIRA                                 ;(74)98109-3802 ;020;202;NZM4666;      15,18;    0,00;06/03/2025;42;Produto/Quantidade Errada     ;   ;silva      ;11:50
232943                            ;05/03/2025;    ;578353;007;    ;0055200;PONTO DO ACAI GOUMER                              ;(74)98116-4940 ;020;202;NZM4666;     201,34;    0,48;06/03/2025;72;PDV FECHADO (HORARIO COM.)    ;   ;silva      ;11:52
232943                            ;05/03/2025;    ;578361;007;    ;0026553;MERCADINHO BRUNO                                  ;(74)98106-8483 ;020;202;NZM4666;       5,47;    0,01;06/03/2025;42;Produto/Quantidade Errada     ;   ;silva      ;11:49
232943                            ;05/03/2025;    ;578364;007;    ;0064558;BOTECO DA IRENEIDE                                ;(74) 8862-6984 ;020;202;NZM4666;     255,78;    0,72;06/03/2025;72;PDV FECHADO (HORARIO COM.)    ;   ;silva      ;11:52
232945                            ;05/03/2025;    ;578385;007;    ;0050470;MERCADINHO MENEZES                                ;(74)98839-5263 ;010;101;PKK0690;     178,84;    0,35;05/03/2025;72;PDV FECHADO (HORARIO COM.)    ;   ;ediziene   ;16:48
232945                            ;05/03/2025;    ;578396;007;    ;0051722;CANTINHO DO PEIXE                                 ;(74) 8801-8936 ;010;105;PKK0690;     361,00;    0,34;05/03/2025;73;FALTA DE ATIVOS DE GIRO       ;   ;ediziene   ;16:48
232946                            ;05/03/2025;    ;578413;007;    ;0051528;SUPER. SUPERMAX                                   ;(74) 3612-9898 ;010;107;OVB5042;      53,90;    0,06;05/03/2025;65;NAO FEZ PEDIDO                ;   ;ediziene   ;16:24
232946                            ;05/03/2025;    ;578418;007;    ;0064125;MIX LANCHES                                       ;(74)98829-9623 ;010;107;OVB5042;       5,47;    0,01;05/03/2025;42;Produto/Quantidade Errada     ;   ;ediziene   ;16:25
232946                            ;05/03/2025;    ;578424;007;    ;0063000;BAR DO CARLOS                                     ;(74)98103-7934 ;010;100;OVB5042;       5,22;    0,00;05/03/2025;42;Produto/Quantidade Errada     ;   ;ediziene   ;16:25
232947                            ;05/03/2025;    ;578445;007;    ;0054861;MERCAD E FRIGORIF MS                              ;(74)98843-8246 ;010;110;OZE4956;     339,10;    0,40;05/03/2025;71;SEM DINHEIRO/CHEQUE           ;   ;teles      ;18:19
232949                            ;05/03/2025;    ;578502;007;    ;0058025;RANCHO NORDESTINO                                 ;(74)98816-2849 ;010;102;OUG2987;     323,40;    0,41;05/03/2025;72;PDV FECHADO (HORARIO COM.)    ;   ;ediziene   ;16:56
232953                            ;05/03/2025;    ;578585;007;    ;0065250;REST AGUA VIVA                                    ;(74)98125-9570 ;010;103;RPR6D25;      94,01;    0,30;05/03/2025;72;PDV FECHADO (HORARIO COM.)    ;   ;ediziene   ;13:22
232966                            ;06/03/2025;    ;578620;007;    ;0050155;BAR DO MARCOS                                     ;(74)99912-1950 ;020;205;RPJ2H66;     466,10;    0,56;07/03/2025;71;SEM DINHEIRO/CHEQUE           ;   ;ediziene   ;13:54
232966                            ;06/03/2025;    ;578625;007;    ;0058094;PONTO CERTO                                       ;(74)98841-9758 ;020;205;RPJ2H66;       2,66;    0,00;07/03/2025;42;Produto/Quantidade Errada     ;   ;ediziene   ;13:54
232967                            ;06/03/2025;    ;578714;007;    ;0054421;LANCHONETE DONA ROSY                              ;(74)98818-5953 ;020;203;OUX3F90;     195,04;    0,37;07/03/2025;71;SEM DINHEIRO/CHEQUE           ;   ;teles      ;18:36
232968                            ;06/03/2025;    ;578735;007;    ;0064392;ARMAZEM ROBERTO                                   ;(74)98827-6047 ;020;204;RDC8F64;      31,96;    0,04;07/03/2025;42;Produto/Quantidade Errada     ;   ;teles      ;18:33
232972                            ;06/03/2025;    ;578860;007;    ;0055960;PANIF E MERC CRISTAL                              ;(74)99943-1435 ;010;109;RCP2C35;      26,76;    0,04;06/03/2025;50;CARGA ERRADA ARMAZEM          ;   ;silva      ;16:17
232973                            ;06/03/2025;    ;578874;007;    ;0064198;MERCADINHO 3 IRMaOS                               ;(74)98875-3507 ;010;101;NZM5543;    5190,00;    6,90;06/03/2025;73;FALTA DE ATIVOS DE GIRO       ;   ;aloisio    ;18:15
232973                            ;06/03/2025;    ;578875;007;    ;0064198;MERCADINHO 3 IRMaOS                               ;(74)98875-3507 ;010;101;NZM5543;      87,84;    0,07;06/03/2025;73;FALTA DE ATIVOS DE GIRO       ;   ;aloisio    ;18:15
232974                            ;06/03/2025;    ;578914;007;    ;0056287;DIST. 3 IRMaOS                                    ;(74)98110-0191 ;010;101;NZM7723;     329,62;    0,29;06/03/2025;50;CARGA ERRADA ARMAZEM          ;   ;silva      ;17:37
232975                            ;06/03/2025;    ;578952;007;    ;0064179;DESTIBRUIDORA  DA SI                              ;(74)98858-2644 ;010;108;NZM9993;     367,30;    0,48;06/03/2025;72;PDV FECHADO (HORARIO COM.)    ;   ;aloisio    ;19:31
232980                            ;06/03/2025;    ;579076;007;    ;0064831;MINE DISTRIBUIDORA S                              ;(74)98819-4852 ;010;104;PKL6654;       1,33;    0,00;07/03/2025;42;Produto/Quantidade Errada     ;   ;ediziene   ;09:38
232981                            ;06/03/2025;    ;579088;007;    ;0057833;Oxente  Petiscaria                                ;(74)99195-8200 ;010;107;SKK9J61;      12,50;    0,00;06/03/2025;42;Produto/Quantidade Errada     ;   ;aloisio    ;20:31
232981                            ;06/03/2025;    ;579089;007;    ;0057833;Oxente  Petiscaria                                ;(74)99195-8200 ;010;107;SKK9J61;      50,00;    0,02;06/03/2025;42;Produto/Quantidade Errada     ;   ;aloisio    ;20:32
232981                            ;06/03/2025;    ;579093;007;    ;0064860;BAR DA JOSY                                       ;(74)98835-1995 ;010;107;SKK9J61;     250,17;    0,28;06/03/2025;71;SEM DINHEIRO/CHEQUE           ;   ;aloisio    ;20:22
232981                            ;06/03/2025;    ;579094;007;    ;0064860;BAR DA JOSY                                       ;(74)98835-1995 ;010;107;SKK9J61;      39,62;    0,02;06/03/2025;71;SEM DINHEIRO/CHEQUE           ;   ;aloisio    ;20:23
232988                            ;06/03/2025;    ;579291;007;    ;0058017;ACOSTAMENTODISTRIBUI                              ;(55)74988-2312 ;010;111;OUX8B81;       2,87;    0,00;06/03/2025;42;Produto/Quantidade Errada     ;   ;aloisio    ;18:21
232989                            ;06/03/2025;    ;579306;007;    ;0024501;BAR GOMES                                         ;(74)98806-6764 ;010;110;SJQ6G42;       2,61;    0,00;06/03/2025;42;Produto/Quantidade Errada     ;   ;aloisio    ;19:18
232989                            ;06/03/2025;    ;579332;007;    ;0057769;MERCEARIA SERVE BEM                               ;(74)99907-2073 ;010;104;SJQ6G42;     359,30;    0,45;06/03/2025;87;TEMPO INSUFICIENTE            ;   ;aloisio    ;19:17
232990                            ;06/03/2025;    ;579353;007;    ;0064270;MERC CHAIL                                        ;(74)99958-9147 ;010;100;SKK4A24;       7,83;    0,00;07/03/2025;42;Produto/Quantidade Errada     ;   ;ediziene   ;15:52
232990                            ;06/03/2025;    ;579360;007;    ;0056872;Deposito Do Odair                                 ;(74)98828-6697 ;010;102;SKK4A24;      17,08;    0,01;07/03/2025;42;Produto/Quantidade Errada     ;   ;ediziene   ;15:51
232991                            ;06/03/2025;    ;579389;007;    ;0064312;MICHEL BATISTA DA GA                              ;(74)98104-7427 ;010;106;KJP3656;    1022,18;    1,14;06/03/2025;42;Produto/Quantidade Errada     ;   ;silva      ;16:49
232993                            ;06/03/2025;    ;579467;007;    ;0064353;ESP DO CRISTIANO                                  ;(74)98804-7941 ;020;201;HXN3A97;      38,24;    0,04;06/03/2025;42;Produto/Quantidade Errada     ;   ;silva      ;16:12
232994                            ;06/03/2025;    ;579501;007;    ;0062221;DISK BEBIDAS                                      ;(74)98852-6220 ;010;103;RPM8F89;    1535,30;    2,08;06/03/2025;72;PDV FECHADO (HORARIO COM.)    ;   ;aloisio    ;19:05
233019                            ;07/03/2025;    ;579583;007;    ;0050142;MERC E PAD 12 DE JUN                              ;(74)99902-8680 ;020;205;NZN0E75;       4,35;    0,00;08/03/2025;50;CARGA ERRADA ARMAZEM          ;   ;silva      ;15:25
233019                            ;07/03/2025;    ;579604;007;    ;0054193;BAR DA ISSINHA                                    ;(74)99993-4454 ;020;205;NZN0E75;      60,00;    0,06;08/03/2025;42;Produto/Quantidade Errada     ;   ;silva      ;15:24
233021                            ;07/03/2025;    ;579647;007;    ;0064835;ESPETINHO DO VAILTON                              ;(74)98142-2038 ;020;204;RDC5J22;       1,33;    0,00;08/03/2025;42;Produto/Quantidade Errada     ;   ;silva      ;13:58
233022                            ;07/03/2025;    ;579728;007;    ;0057418;MERCADINHO AVENIDA                                ;(74)98832-6252 ;020;200;RPP0E77;       5,70;    0,01;08/03/2025;50;CARGA ERRADA ARMAZEM          ;   ;silva      ;13:53
233026                            ;07/03/2025;    ;579928;007;    ;0052589;MERCADINHO BARBOSA                                ;(74)99928-8201 ;010;109;RPP6J11;     381,02;    0,57;07/03/2025;72;PDV FECHADO (HORARIO COM.)    ;   ;teles      ;18:39
233030                            ;07/03/2025;    ;580076;007;    ;0063117;BML QUEIROZ                                       ;(11)98057-0032 ;010;103;SKK0A55;      60,00;    0,06;07/03/2025;42;Produto/Quantidade Errada     ;   ;teles      ;19:13
233033                            ;07/03/2025;    ;580119;007;    ;0024828;REVALLE JUAZEIRO                                  ;(74) 3611-5066 ;085;998;RPR6D25;       6,94;    0,01;07/03/2025;32;ENTREGA ATRASADA (BUFFER)     ;   ;ediziene   ;14:26
233034                            ;07/03/2025;    ;580133;007;    ;0000713;CANTINHO DO CALDO                                 ;(74)98808-4330 ;010;110;RPR6D25;     430,87;    0,49;07/03/2025;86;HORARIO DE ENTREGA            ;   ;teles      ;19:39
233040                            ;07/03/2025;    ;580273;007;    ;0056104;DEPOSITO RODRIGUES                                ;(74) 8846-3472 ;020;200;RPP7B52;      17,59;    0,03;07/03/2025;42;Produto/Quantidade Errada     ;   ;teles      ;18:55
233042                            ;07/03/2025;    ;580312;007;    ;0057784;MERCADINHO TODO DIA                               ;(74)98807-0991 ;080;810;OVB5042;     517,20;    0,84;08/03/2025;50;CARGA ERRADA ARMAZEM          ;   ;silva      ;13:32
233042                            ;07/03/2025;    ;580313;007;    ;0057784;MERCADINHO TODO DIA                               ;(74)98807-0991 ;080;810;OVB5042;      43,75;    0,06;08/03/2025;50;CARGA ERRADA ARMAZEM          ;DER;silva      ;13:32
233042                            ;07/03/2025;    ;580314;007;    ;0057784;MERCADINHO TODO DIA                               ;(74)98807-0991 ;080;810;OVB5042;       8,52;    0,00;08/03/2025;50;CARGA ERRADA ARMAZEM          ;   ;silva      ;13:32
233042                            ;07/03/2025;    ;580338;007;    ;0056077;MEC E DIST NOV OPCAO                              ;(74)98854-2047 ;010;106;OVB5042;      16,00;    0,06;08/03/2025;42;Produto/Quantidade Errada     ;   ;silva      ;13:33
233043                            ;07/03/2025;    ;580362;007;    ;0057774;CHACARA DONA ROSA                                 ;(74)98106-0802 ;010;104;NZM5543;     544,96;    0,72;07/03/2025;73;FALTA DE ATIVOS DE GIRO       ;   ;teles      ;19:49
233045                            ;07/03/2025;    ;580414;007;    ;0065251;DISTRIBUIDORA VIP                                 ;(74)99906-4628 ;010;103;SKK4A24;    1227,50;    1,56;08/03/2025;72;PDV FECHADO (HORARIO COM.)    ;   ;silva      ;15:  
233046                            ;07/03/2025;    ;580472;007;    ;0064854;CLAUDETE BEBIDAS                                  ;(74)99988-5538 ;010;107;KHL4414;     539,00;    0,69;08/03/2025;50;CARGA ERRADA ARMAZEM          ;   ;silva      ;14:42
233048                            ;07/03/2025;    ;580525;007;    ;0056554;DISTRIBUIDORA RAMOS                               ;(74)98834-1336 ;010;106;EFV3713;     326,30;    0,46;07/03/2025;73;FALTA DE ATIVOS DE GIRO       ;   ;teles      ;18:46
233048                            ;07/03/2025;    ;580533;007;    ;0056184;GUIMARAES SUPERMERCA                              ;(87)98843-5927 ;080;810;EFV3713;       3,40;    0,00;07/03/2025;42;Produto/Quantidade Errada     ;   ;teles      ;18:47
233063                            ;08/03/2025;    ;580565;007;    ;0053040;ARMAZEM ARAUJO                                    ;(74)98804-4331 ;010;101;RDJ0G42;       7,83;    0,00;08/03/2025;42;Produto/Quantidade Errada     ;   ;silva      ;16:15
233064                            ;08/03/2025;    ;580577;007;    ;0000605;SORVET  BOLA DE NEVE                              ;(74)98805-7064 ;010;105;PKK0690;       3,40;    0,00;08/03/2025;42;Produto/Quantidade Errada     ;   ;aloisio    ;18:43
233064                            ;08/03/2025;    ;580578;007;    ;0000605;SORVET  BOLA DE NEVE                              ;(74)98805-7064 ;010;105;PKK0690;       2,87;    0,00;08/03/2025;42;Produto/Quantidade Errada     ;   ;aloisio    ;18:43
233067                            ;08/03/2025;    ;580639;007;    ;0058265;Bar da Sonia                                      ;(74)98817-0284 ;010;111;RPR6D25;     206,63;    0,32;08/03/2025;72;PDV FECHADO (HORARIO COM.)    ;   ;silva      ;14:29
233069                            ;08/03/2025;    ;580717;007;    ;0050858;PETISCAL                                          ;(74)99131-3472 ;010;110;NZM9993;     821,37;    0,98;08/03/2025;72;PDV FECHADO (HORARIO COM.)    ;   ;silva      ;17:31
233072                            ;08/03/2025;    ;580822;007;    ;0024450;BAR DO JACARE                                     ;(74)98829-9244 ;010;110;SKK0A55;       8,54;    0,00;08/03/2025;42;Produto/Quantidade Errada     ;   ;silva      ;17:42
233073                            ;08/03/2025;    ;580873;007;    ;0058646;MERCEARIA SOARES                                  ;(74)98835-4220 ;010;103;OZF1202;    1078,00;    1,38;08/03/2025;71;SEM DINHEIRO/CHEQUE           ;   ;silva      ;15:19
233073                            ;08/03/2025;    ;580874;007;    ;0058646;MERCEARIA SOARES                                  ;(74)98835-4220 ;010;103;OZF1202;     208,22;    0,35;08/03/2025;71;SEM DINHEIRO/CHEQUE           ;   ;silva      ;15:21
233073                            ;08/03/2025;    ;580875;007;    ;0058646;MERCEARIA SOARES                                  ;(74)98835-4220 ;010;103;OZF1202;     301,32;    0,48;08/03/2025;71;SEM DINHEIRO/CHEQUE           ;   ;silva      ;15:20
233073                            ;08/03/2025;    ;580876;007;    ;0058646;MERCEARIA SOARES                                  ;(74)98835-4220 ;010;103;OZF1202;     257,28;    0,02;08/03/2025;71;SEM DINHEIRO/CHEQUE           ;   ;silva      ;15:19
233073                            ;08/03/2025;    ;580877;007;    ;0058646;MERCEARIA SOARES                                  ;(74)98835-4220 ;010;103;OZF1202;     401,94;    0,49;08/03/2025;71;SEM DINHEIRO/CHEQUE           ;   ;silva      ;15:21
233074                            ;08/03/2025;    ;580885;007;    ;0001781;VERONICE                                          ;(74)98857-9079 ;010;107;SJQ6G42;     534,60;    0,57;10/03/2025;87;TEMPO INSUFICIENTE            ;   ;silva      ;08:47
233074                            ;08/03/2025;    ;580886;007;    ;0057007;MERCADINHO IRACEMA                                ;(74)98849-3321 ;010;103;SJQ6G42;     415,20;    0,55;10/03/2025;87;TEMPO INSUFICIENTE            ;   ;silva      ;08:41
233074                            ;08/03/2025;    ;580887;007;    ;0057007;MERCADINHO IRACEMA                                ;(74)98849-3321 ;010;103;SJQ6G42;      36,16;    0,12;10/03/2025;87;TEMPO INSUFICIENTE            ;   ;silva      ;08:41
233074                            ;08/03/2025;    ;580888;007;    ;0057007;MERCADINHO IRACEMA                                ;(74)98849-3321 ;010;103;SJQ6G42;      69,60;    0,07;10/03/2025;87;TEMPO INSUFICIENTE            ;   ;silva      ;08:42
233074                            ;08/03/2025;    ;580895;007;    ;0065314;BOI E BRASA                                       ;(74)99977-4103 ;010;110;SJQ6G42;    2607,64;    3,10;10/03/2025;87;TEMPO INSUFICIENTE            ;   ;silva      ;08:44
233074                            ;08/03/2025;    ;580896;007;    ;0065314;BOI E BRASA                                       ;(74)99977-4103 ;010;110;SJQ6G42;     302,89;    0,28;10/03/2025;87;TEMPO INSUFICIENTE            ;   ;silva      ;08:44
233074                            ;08/03/2025;    ;580901;007;    ;0052456;MERCADINHO MUNIZ                                  ;(74)98862-2754 ;080;810;SJQ6G42;    2212,26;    2,70;10/03/2025;87;TEMPO INSUFICIENTE            ;   ;silva      ;08:43
233074                            ;08/03/2025;    ;580902;007;    ;0052456;MERCADINHO MUNIZ                                  ;(74)98862-2754 ;080;810;SJQ6G42;      65,05;    0,06;10/03/2025;87;TEMPO INSUFICIENTE            ;DER;silva      ;08:42
233074                            ;08/03/2025;    ;580903;007;    ;0062128;DISTRIB GALEGO                                    ;(74)99116-0356 ;010;111;SJQ6G42;    8272,80;   10,25;10/03/2025;87;TEMPO INSUFICIENTE            ;   ;silva      ;08:43
233074                            ;08/03/2025;    ;580906;007;    ;0056932;DISTRIB. SENINHA                                  ;(74)98836-4593 ;080;810;SJQ6G42;    2178,21;    2,76;10/03/2025;87;TEMPO INSUFICIENTE            ;   ;silva      ;08:48
233074                            ;08/03/2025;    ;580907;007;    ;0056932;DISTRIB. SENINHA                                  ;(74)98836-4593 ;080;810;SJQ6G42;    2729,77;    3,45;10/03/2025;87;TEMPO INSUFICIENTE            ;   ;silva      ;08:49
233074                            ;08/03/2025;    ;580908;007;    ;0054304;REST SANTA RITA                                   ;(74)98863-4377 ;010;103;SJQ6G42;     902,11;    1,13;10/03/2025;87;TEMPO INSUFICIENTE            ;DER;silva      ;08:48
233074                            ;08/03/2025;    ;580909;007;    ;0063707;LANCHONETE SaO FRANC                              ;(74)98807-0385 ;010;103;SJQ6G42;     539,00;    0,69;10/03/2025;87;TEMPO INSUFICIENTE            ;DER;silva      ;08:48
233074                            ;08/03/2025;    ;580910;007;    ;0053092;MERCADINHO JUAZEIRO                               ;(74)98836-7475 ;080;810;SJQ6G42;     699,73;    1,46;10/03/2025;87;TEMPO INSUFICIENTE            ;   ;silva      ;08:47
233077                            ;08/03/2025;    ;580995;007;    ;0051562;MERCEARIA MATEUS                                  ;(74) 9881-1226 ;010;104;RPP7B52;     269,50;    0,34;08/03/2025;87;TEMPO INSUFICIENTE            ;DER;aloisio    ;18:26
233077                            ;08/03/2025;    ;580996;007;    ;0055312;MERC ATUAL                                        ;(74)98856-7308 ;010;104;RPP7B52;     975,25;    1,31;08/03/2025;87;TEMPO INSUFICIENTE            ;DER;aloisio    ;18:25
233077                            ;08/03/2025;    ;580997;007;    ;0053180;MERCEARIA ISABEL                                  ;(74)98862-9171 ;010;111;RPP7B52;    5439,61;    7,13;08/03/2025;87;TEMPO INSUFICIENTE            ;DER;aloisio    ;18:26
233099                            ;10/03/2025;    ;581067;007;    ;0065477;PIZZARIA FORNERIA                                 ;(74)99920-7876 ;020;203;RDC8F64;     659,70;    0,96;11/03/2025;72;PDV FECHADO (HORARIO COM.)    ;   ;ediziene   ;13:52
233099                            ;10/03/2025;    ;581079;007;    ;0050528;DEPOSITO DO MAURICIO                              ;(74)99968-9673 ;020;203;RDC8F64;    9703,60;   13,30;11/03/2025;42;Produto/Quantidade Errada     ;   ;ediziene   ;13:52
233102                            ;10/03/2025;    ;581170;007;    ;0053128;DEPOSITO SOARES                                   ;(74)99953-9550 ;020;203;NZN0E75;       4,35;    0,00;11/03/2025;42;Produto/Quantidade Errada     ;   ;ediziene   ;13:58
233102                            ;10/03/2025;    ;581202;007;    ;0050059;LANCH SAO SEBASTIAO                               ;(74) 9965-1470 ;020;205;NZN0E75;       8,40;    0,00;11/03/2025;42;Produto/Quantidade Errada     ;   ;ediziene   ;13:57
233102                            ;10/03/2025;    ;581203;007;    ;0050059;LANCH SAO SEBASTIAO                               ;(74) 9965-1470 ;020;205;NZN0E75;       2,87;    0,00;11/03/2025;42;Produto/Quantidade Errada     ;   ;ediziene   ;13:57
233103                            ;10/03/2025;    ;581214;007;    ;0050059;LANCH SAO SEBASTIAO                               ;(74) 9965-1470 ;020;205;OUX8B81;      42,00;    0,04;11/03/2025;42;Produto/Quantidade Errada     ;   ;gabriel.jz ;17:53
233104                            ;10/03/2025;    ;581247;007;    ;0051243;COMERCIAL MAIA                                    ;(89)98138-2153 ;020;203;RPJ2H66;       2,67;    0,00;10/03/2025;42;Produto/Quantidade Errada     ;   ;aloisio    ;19:12
233108                            ;10/03/2025;    ;581413;007;    ;0064302;ENCONTRO DOS AMIGOS                               ;(74)99940-2988 ;020;200;SKK9J61;     377,30;    0,48;12/03/2025;71;SEM DINHEIRO/CHEQUE           ;   ;silva      ;11:33
233108                            ;10/03/2025;    ;581415;007;    ;0055745;Verdurao Silva                                    ;(74)99924-4383 ;020;200;SKK9J61;       8,80;    0,01;12/03/2025;72;PDV FECHADO (HORARIO COM.)    ;   ;silva      ;11:40
233110                            ;10/03/2025;    ;581513;007;    ;0056694;DEP. MAE FILHO                                    ;(74)98113-6007 ;020;202;SKK4A24;       8,80;    0,01;11/03/2025;42;Produto/Quantidade Errada     ;   ;ediziene   ;13:23
233110                            ;10/03/2025;    ;581528;007;    ;0054242;BAR DA LETICIA                                    ;(74)99928-5096 ;020;201;SKK4A24;      13,04;    0,01;11/03/2025;42;Produto/Quantidade Errada     ;   ;ediziene   ;13:23
233114                            ;10/03/2025;    ;581713;007;    ;0055608;ATIVA DISTRIBUIDORA                               ;(74)98854-2703 ;020;200;NZM5543;     540,00;    0,54;10/03/2025;42;Produto/Quantidade Errada     ;   ;silva      ;16:26
233117                            ;10/03/2025;    ;581766;007;    ;0063038;DISTRIBUIDORA BARBOS                              ;(71)99982-7749 ;010;108;OVB5042;    2335,50;    3,10;10/03/2025;73;FALTA DE ATIVOS DE GIRO       ;   ;silva      ;16:57
233117                            ;10/03/2025;    ;581775;007;    ;0065783;SOUZA DISTRIBUIDORA                               ;(74)98119-0123 ;010;108;OVB5042;    1628,56;    2,08;10/03/2025;65;NAO FEZ PEDIDO                ;   ;silva      ;16:59
233117                            ;10/03/2025;    ;581776;007;    ;0062763;CANTINHO NORDESTINO                               ;(74)98135-8519 ;010;108;OVB5042;     670,60;    0,83;10/03/2025;72;PDV FECHADO (HORARIO COM.)    ;   ;silva      ;16:58
233117                            ;10/03/2025;    ;581777;007;    ;0064932;RECANTO DO SABOR                                  ;(74)98128-8253 ;010;108;OVB5042;     680,76;    1,00;10/03/2025;72;PDV FECHADO (HORARIO COM.)    ;   ;silva      ;16:59
233117                            ;10/03/2025;    ;581778;007;    ;0064932;RECANTO DO SABOR                                  ;(74)98128-8253 ;010;108;OVB5042;      12,28;    0,06;10/03/2025;72;PDV FECHADO (HORARIO COM.)    ;   ;silva      ;16:59
233123                            ;10/03/2025;    ;581881;007;    ;0051270;O AVISTaO NORDESTINO                              ;(74) 9101-7907 ;010;104;PKL6654;     143,41;    0,43;10/03/2025;72;PDV FECHADO (HORARIO COM.)    ;   ;aloisio    ;18:41
233123                            ;10/03/2025;    ;581882;007;    ;0051270;O AVISTaO NORDESTINO                              ;(74) 9101-7907 ;010;104;PKL6654;    1347,50;    1,72;10/03/2025;72;PDV FECHADO (HORARIO COM.)    ;   ;aloisio    ;18:42
233124                            ;10/03/2025;    ;581918;007;    ;0057599;DISTRI DO BERE                                    ;(74)98838-3810 ;010;111;SKK0A55;      15,65;    0,01;10/03/2025;42;Produto/Quantidade Errada     ;   ;aloisio    ;19:22
233125                            ;10/03/2025;    ;581935;007;    ;0053049;SUNSHINE BAR                                      ;(74)98802-4720 ;010;101;RDJ0G42;     232,78;    0,48;10/03/2025;32;ENTREGA ATRASADA (BUFFER)     ;   ;silva      ;14:55
233138                            ;10/03/2025;    ;581989;007;    ;0065366;DIST PAI E FILHO                                  ;(74)98133-3709 ;020;201;       ;    1675,00;    0,00;11/03/2025;77;Devolucao NFe.                ;   ;gabriel.jz ;17:29
233138                            ;10/03/2025;    ;581990;007;    ;0065366;DIST PAI E FILHO                                  ;(74)98133-3709 ;020;201;       ;    1800,00;    0,00;11/03/2025;77;Devolucao NFe.                ;   ;gabriel.jz ;17:30
233138                            ;10/03/2025;    ;581991;007;    ;0065366;DIST PAI E FILHO                                  ;(74)98133-3709 ;020;201;       ;     714,28;    0,00;11/03/2025;77;Devolucao NFe.                ;   ;gabriel.jz ;17:30
233139                            ;10/03/2025;    ;581992;007;    ;0052095;MERCADINHO DA SILVAN                              ;(74)98828-5283 ;020;201;       ;     714,28;    0,00;12/03/2025;08;Mapa nao carregado / nao canc.;   ;silva      ;16:13
233148                            ;11/03/2025;    ;582869;007;    ;0052241;CHURRASCARIA GOMES                                ;(74)98847-9071 ;020;205;OUX3F90;     262,33;    0,28;13/03/2025;71;SEM DINHEIRO/CHEQUE           ;   ;gabriel.jz ;16:13
233148                            ;11/03/2025;    ;582870;007;    ;0052241;CHURRASCARIA GOMES                                ;(74)98847-9071 ;020;205;OUX3F90;     300,71;    0,34;13/03/2025;71;SEM DINHEIRO/CHEQUE           ;   ;gabriel.jz ;16:13
233148                            ;11/03/2025;    ;582871;007;    ;0052241;CHURRASCARIA GOMES                                ;(74)98847-9071 ;020;205;OUX3F90;     119,28;    0,16;13/03/2025;71;SEM DINHEIRO/CHEQUE           ;   ;gabriel.jz ;16:12
233148                            ;11/03/2025;    ;582872;007;    ;0052241;CHURRASCARIA GOMES                                ;(74)98847-9071 ;020;205;OUX3F90;     182,20;    0,60;13/03/2025;71;SEM DINHEIRO/CHEQUE           ;   ;gabriel.jz ;16:13
233148                            ;11/03/2025;    ;582874;007;    ;0052241;CHURRASCARIA GOMES                                ;(74)98847-9071 ;020;205;OUX3F90;       2,34;    0,00;13/03/2025;71;SEM DINHEIRO/CHEQUE           ;   ;gabriel.jz ;16:14
233148                            ;11/03/2025;    ;582877;007;    ;0064948;BAR LOPES                                         ;(74)99947-5530 ;020;205;OUX3F90;     395,04;    0,53;13/03/2025;71;SEM DINHEIRO/CHEQUE           ;   ;gabriel.jz ;16:15
233149                            ;11/03/2025;    ;582041;007;    ;0062066;pousada e posto gran                              ;(74)98104-3525 ;020;204;RPJ2H66;      33,91;    0,03;12/03/2025;42;Produto/Quantidade Errada     ;   ;silva      ;14:50
233149                            ;11/03/2025;    ;582042;007;    ;0062066;pousada e posto gran                              ;(74)98104-3525 ;020;204;RPJ2H66;      23,48;    0,02;12/03/2025;42;Produto/Quantidade Errada     ;   ;silva      ;14:49
233149                            ;11/03/2025;    ;582063;007;    ;0057600;PIZZARIA ITALIA                                   ;(74)99931-6349 ;020;203;RPJ2H66;       8,80;    0,01;12/03/2025;42;Produto/Quantidade Errada     ;   ;silva      ;14:49
233150                            ;11/03/2025;    ;582099;007;    ;0065052;BOTECO BATE PAPO K E                              ;(87)99117-8571 ;010;109;RPP6J11;       4,54;    0,00;12/03/2025;42;Produto/Quantidade Errada     ;   ;silva      ;16:51
233153                            ;11/03/2025;    ;582212;007;    ;0056228;SUPERM. DO VALLE                                  ;(74)98817-4945 ;020;200;RPM8D89;       8,80;    0,01;12/03/2025;42;Produto/Quantidade Errada     ;   ;aloisio    ;19:47
233153                            ;11/03/2025;    ;582223;007;    ;0053306;MERC DIST DO SAVIO                                ;(74)98811-7381 ;020;200;RPM8D89;     476,79;    0,59;12/03/2025;71;SEM DINHEIRO/CHEQUE           ;   ;aloisio    ;19:45
233153                            ;11/03/2025;    ;582224;007;    ;0053306;MERC DIST DO SAVIO                                ;(74)98811-7381 ;020;200;RPM8D89;      41,28;    0,12;12/03/2025;71;SEM DINHEIRO/CHEQUE           ;   ;aloisio    ;19:46
233157                            ;11/03/2025;    ;582395;007;    ;0054209;COM. DE BEB. C e C                                ;(74)99975-8638 ;010;100;NZM9993;       5,22;    0,00;12/03/2025;50;CARGA ERRADA ARMAZEM          ;   ;silva      ;15:24
233157                            ;11/03/2025;    ;582399;007;    ;0065576;DH BEBIDAS                                        ;(74)98845-9006 ;010;100;NZM9993;       2,61;    0,00;12/03/2025;50;CARGA ERRADA ARMAZEM          ;   ;silva      ;15:23
233157                            ;11/03/2025;    ;582425;007;    ;0063304;MERCEARIA E DISTRIBU                              ;(74)99920-1966 ;010;100;NZM9993;      23,48;    0,02;12/03/2025;50;CARGA ERRADA ARMAZEM          ;DER;silva      ;15:24
233157                            ;11/03/2025;    ;582435;007;    ;0056805;ISNAK COSTA                                       ;(74)99802-7752 ;010;100;NZM9993;      26,09;    0,02;12/03/2025;50;CARGA ERRADA ARMAZEM          ;DER;silva      ;15:25
233157                            ;11/03/2025;    ;582442;007;    ;0063695;BAR DE ELIANA                                     ;(75)99870-8073 ;010;100;NZM9993;     128,78;    0,18;12/03/2025;71;SEM DINHEIRO/CHEQUE           ;   ;silva      ;15:23
233158                            ;11/03/2025;    ;582470;007;    ;0024148;BAR DO DITINHO                                    ;(74)98805-6028 ;010;100;OZE4956;    3992,60;    5,11;11/03/2025;42;Produto/Quantidade Errada     ;   ;gabriel.jz ;15:14
233166                            ;11/03/2025;    ;582597;007;    ;0062314;874 RESTAURANTE                                   ;(87)99907-1465 ;010;101;PKK0690;     339,64;    0,76;11/03/2025;72;PDV FECHADO (HORARIO COM.)    ;   ;gabriel.jz ;17:58
233166                            ;11/03/2025;    ;582598;007;    ;0062314;874 RESTAURANTE                                   ;(87)99907-1465 ;010;101;PKK0690;      53,90;    0,06;11/03/2025;72;PDV FECHADO (HORARIO COM.)    ;   ;gabriel.jz ;17:59
233168                            ;11/03/2025;    ;582633;007;    ;0025821;MERC DEUS E FIEL                                  ;(74)98104-9845 ;080;810;RDJ0G42;       4,58;    0,00;11/03/2025;42;Produto/Quantidade Errada     ;   ;ediziene   ;13:29
233170                            ;11/03/2025;    ;582685;007;    ;0062769;SUPER CASA DE CARNES                              ;(74)99110-6283 ;080;810;KJP3656;      60,00;    0,06;11/03/2025;42;Produto/Quantidade Errada     ;   ;gabriel.jz ;17:41
233171                            ;11/03/2025;    ;582694;007;    ;0055842;Zena Bar e Mercearia                              ;(74)98839-0452 ;010;108;KJP6186;       3,40;    0,00;11/03/2025;42;Produto/Quantidade Errada     ;   ;ediziene   ;14:26
233175                            ;11/03/2025;    ;582797;007;    ;0053019;DISTRIBUIDORA POLLAR                              ;(74)98813-3614 ;010;111;HXN3A97;       5,73;    0,00;11/03/2025;42;Produto/Quantidade Errada     ;   ;gabriel.jz ;18:06
233196                            ;12/03/2025;    ;583027;007;    ;0050028;SKALA SHOW                                        ;(74) 3535-1660 ;020;203;OUX8B81;     889,40;    0,86;13/03/2025;42;Produto/Quantidade Errada     ;   ;gabriel.jz ;17:49
233197                            ;12/03/2025;    ;583112;007;    ;0050193;BAR DO VALTER                                     ;(74)99974-8105 ;020;205;RDC8F64;     161,70;    0,20;13/03/2025;42;Produto/Quantidade Errada     ;   ;gabriel.jz ;17:54
233197                            ;12/03/2025;    ;583113;007;    ;0050193;BAR DO VALTER                                     ;(74)99974-8105 ;020;205;RDC8F64;     161,70;    0,20;13/03/2025;42;Produto/Quantidade Errada     ;   ;gabriel.jz ;17:54
233197                            ;12/03/2025;    ;583122;007;    ;0053805;BUTECO DO ZI                                      ;(74)99803-7084 ;020;205;RDC8F64;      60,71;    0,02;13/03/2025;42;Produto/Quantidade Errada     ;   ;gabriel.jz ;17:53
233197                            ;12/03/2025;    ;583123;007;    ;0053805;BUTECO DO ZI                                      ;(74)99803-7084 ;020;205;RDC8F64;       9,70;    0,00;13/03/2025;42;Produto/Quantidade Errada     ;   ;gabriel.jz ;17:53
233197                            ;12/03/2025;    ;583124;007;    ;0053805;BUTECO DO ZI                                      ;(74)99803-7084 ;020;205;RDC8F64;      30,36;    0,01;13/03/2025;42;Produto/Quantidade Errada     ;   ;gabriel.jz ;17:52
233197                            ;12/03/2025;    ;583125;007;    ;0053805;BUTECO DO ZI                                      ;(74)99803-7084 ;020;205;RDC8F64;      15,18;    0,00;13/03/2025;42;Produto/Quantidade Errada     ;   ;gabriel.jz ;17:53
233198                            ;12/03/2025;    ;583167;007;    ;0064629;DISTRIBUI NOVA OPCAO                              ;(87)98164-8415 ;010;109;RCP2C35;      72,92;    0,02;13/03/2025;50;CARGA ERRADA ARMAZEM          ;DER;teles      ;20:15
233199                            ;12/03/2025;    ;583237;007;    ;0055002;BAR DO DIEGO                                      ;(74)98809-3593 ;020;200;SJQ9B60;       9,56;    0,01;12/03/2025;42;Produto/Quantidade Errada     ;   ;aloisio    ;18:26
233200                            ;12/03/2025;    ;583263;007;    ;0064786;ESPETINHO DO LAMPIAO                              ;(74)98815-6408 ;020;200;RPP0E77;     868,89;    1,14;14/03/2025;32;ENTREGA ATRASADA (BUFFER)     ;   ;silva      ;09:56
233201                            ;12/03/2025;    ;583276;007;    ;0063832;BAR DO FUSQUINHA                                  ;(74)99915-2714 ;020;201;RPP7B52;       8,80;    0,01;14/03/2025;42;Produto/Quantidade Errada     ;   ;silva      ;13:47
233202                            ;12/03/2025;    ;583365;007;    ;0064237;BAR DA CRISLARIA                                  ;(74)99135-2729 ;020;202;NZM4666;     102,60;    0,13;13/03/2025;72;PDV FECHADO (HORARIO COM.)    ;   ;teles      ;19:26
233202                            ;12/03/2025;    ;583366;007;    ;0064237;BAR DA CRISLARIA                                  ;(74)99135-2729 ;020;202;NZM4666;      51,59;    0,08;13/03/2025;72;PDV FECHADO (HORARIO COM.)    ;   ;teles      ;19:26
233202                            ;12/03/2025;    ;583371;007;    ;0051932;BAR DO LEGAL                                      ;(74)98115-3779 ;020;202;NZM4666;       7,83;    0,01;13/03/2025;42;Produto/Quantidade Errada     ;   ;teles      ;19:25
233202                            ;12/03/2025;    ;583372;007;    ;0051932;BAR DO LEGAL                                      ;(74)98115-3779 ;020;202;NZM4666;       3,75;    0,00;13/03/2025;42;Produto/Quantidade Errada     ;   ;teles      ;19:25
233202                            ;12/03/2025;    ;583373;007;    ;0051932;BAR DO LEGAL                                      ;(74)98115-3779 ;020;202;NZM4666;       4,37;    0,00;13/03/2025;42;Produto/Quantidade Errada     ;   ;teles      ;19:25
233202                            ;12/03/2025;    ;583379;007;    ;0054449;MERCADINHO GABRIEL                                ;(74)98113-0969 ;020;202;NZM4666;       5,33;    0,02;13/03/2025;42;Produto/Quantidade Errada     ;   ;teles      ;19:26
233202                            ;12/03/2025;    ;583399;007;    ;0051844;MERCADINHO FELIX                                  ;(74)98131-3011 ;020;202;NZM4666;     184,84;    0,66;13/03/2025;72;PDV FECHADO (HORARIO COM.)    ;DER;teles      ;19:26
233204                            ;12/03/2025;    ;583438;007;    ;0050064;ATACADAO MURILO                                   ;(74)98123-9836 ;020;203;RPM8F89;    1557,00;    2,07;13/03/2025;42;Produto/Quantidade Errada     ;   ;teles      ;18:09
233204                            ;12/03/2025;    ;583439;007;    ;0050064;ATACADAO MURILO                                   ;(74)98123-9836 ;020;203;RPM8F89;     726,60;    0,96;13/03/2025;42;Produto/Quantidade Errada     ;   ;teles      ;18:09
233204                            ;12/03/2025;    ;583440;007;    ;0050064;ATACADAO MURILO                                   ;(74)98123-9836 ;020;203;RPM8F89;     113,94;    0,36;13/03/2025;42;Produto/Quantidade Errada     ;   ;teles      ;18:09
233204                            ;12/03/2025;    ;583441;007;    ;0050064;ATACADAO MURILO                                   ;(74)98123-9836 ;020;203;RPM8F89;      96,42;    0,14;13/03/2025;42;Produto/Quantidade Errada     ;   ;teles      ;18:09
233204                            ;12/03/2025;    ;583442;007;    ;0050064;ATACADAO MURILO                                   ;(74)98123-9836 ;020;203;RPM8F89;     116,40;    0,36;13/03/2025;42;Produto/Quantidade Errada     ;   ;teles      ;18:08
233204                            ;12/03/2025;    ;583443;007;    ;0050064;ATACADAO MURILO                                   ;(74)98123-9836 ;020;203;RPM8F89;      76,30;    0,12;13/03/2025;42;Produto/Quantidade Errada     ;   ;teles      ;18:08
233204                            ;12/03/2025;    ;583444;007;    ;0050064;ATACADAO MURILO                                   ;(74)98123-9836 ;020;203;RPM8F89;      76,30;    0,12;13/03/2025;42;Produto/Quantidade Errada     ;   ;teles      ;18:08
233205                            ;12/03/2025;    ;583453;007;    ;0056237;BOTECO DO CARANGUEJO                              ;(74)98802-7527 ;010;110;PKK0690;      10,65;    0,01;12/03/2025;42;Produto/Quantidade Errada     ;   ;aloisio    ;19:11
233205                            ;12/03/2025;    ;583454;007;    ;0056237;BOTECO DO CARANGUEJO                              ;(74)98802-7527 ;010;110;PKK0690;      56,86;    0,02;12/03/2025;42;Produto/Quantidade Errada     ;   ;aloisio    ;19:10
233207                            ;12/03/2025;    ;583498;007;    ;0065758;ESQUINA DO ESPETO                                 ;(87)98114-2379 ;010;101;OUG2987;     117,00;    0,13;12/03/2025;73;FALTA DE ATIVOS DE GIRO       ;   ;silva      ;17:25
233208                            ;12/03/2025;    ;583542;007;    ;0057987;GELADAO HDL                                       ;(74)98812-8391 ;010;111;PKL6654;       6,79;    0,00;12/03/2025;42;Produto/Quantidade Errada     ;   ;aloisio    ;18:45
233211                            ;12/03/2025;    ;583618;007;    ;0051045;POINT DO PASTEL                                   ;(74)98828-0446 ;010;106;OZF1202;      94,27;    0,13;12/03/2025;72;PDV FECHADO (HORARIO COM.)    ;   ;silva      ;17:18
233211                            ;12/03/2025;    ;583629;007;    ;0063996;POWER SOM EQUIPADORA                              ;(74)98149-4146 ;010;106;OZF1202;       3,40;    0,00;12/03/2025;42;Produto/Quantidade Errada     ;   ;silva      ;17:18
233218                            ;12/03/2025;    ;583748;007;    ;0062920;CHINA REAL                                        ;(74)98831-6305 ;010;110;KJP3656;     484,68;    0,70;12/03/2025;72;PDV FECHADO (HORARIO COM.)    ;DER;aloisio    ;19:  
233218                            ;12/03/2025;    ;583753;007;    ;0055820;SACOLA CHEIA                                      ;(74) 3611-1242 ;080;810;KJP3656;     110,00;    0,08;12/03/2025;42;Produto/Quantidade Errada     ;   ;aloisio    ;19:  
233218                            ;12/03/2025;    ;583763;007;    ;0052329;RIO CALDOS                                        ;(74)98804-4335 ;010;110;KJP3656;      37,50;    0,01;12/03/2025;42;Produto/Quantidade Errada     ;   ;aloisio    ;19:01
233219                            ;12/03/2025;    ;583770;007;    ;0056973;BOTECO DA LU                                      ;(74)98839-5062 ;010;105;JII1442;       3,25;    0,00;12/03/2025;42;Produto/Quantidade Errada     ;   ;silva      ;17:44
233219                            ;12/03/2025;    ;583787;007;    ;0053445;TOP DISTRIBUIDORA                                 ;(74)98804-0955 ;010;111;JII1442;       4,45;    0,00;12/03/2025;42;Produto/Quantidade Errada     ;   ;silva      ;17:44
233222                            ;12/03/2025;    ;583845;007;    ;0062578;DEPOSITO ANDRESSA                                 ;(74)98872-7958 ;010;111;KJP6186;       6,79;    0,00;12/03/2025;42;Produto/Quantidade Errada     ;   ;silva      ;15:31
233222                            ;12/03/2025;    ;583863;007;    ;0058395;MERCADINHO CARDOSO                                ;(74)98845-1218 ;010;104;KJP6186;     238,15;    0,53;12/03/2025;73;FALTA DE ATIVOS DE GIRO       ;   ;silva      ;15:30
233223                            ;12/03/2025;    ;583879;007;    ;0051528;SUPER. SUPERMAX                                   ;(74) 3612-9898 ;010;107;LKI1H89;      35,60;    0,11;12/03/2025;72;PDV FECHADO (HORARIO COM.)    ;   ;aloisio    ;20:33
233245                            ;13/03/2025;    ;583926;007;    ;0065656;Emporio das bebidas                               ;(74)99932-4457 ;020;205;RPJ2H66;       8,80;    0,01;14/03/2025;42;Produto/Quantidade Errada     ;   ;silva      ;14:11
233245                            ;13/03/2025;    ;583927;007;    ;0050155;BAR DO MARCOS                                     ;(74)99912-1950 ;020;205;RPJ2H66;     335,40;    0,35;14/03/2025;71;SEM DINHEIRO/CHEQUE           ;   ;silva      ;14:10
233245                            ;13/03/2025;    ;583943;007;    ;0063742;REST BOM SUCESSO                                  ;(74)98818-3154 ;020;205;RPJ2H66;      52,78;    0,12;14/03/2025;50;CARGA ERRADA ARMAZEM          ;   ;silva      ;14:12
233247                            ;13/03/2025;    ;584023;007;    ;0024091;BEL BAR                                           ;(74)98815-5419 ;020;200;SKK9J61;      25,00;    0,02;13/03/2025;72;PDV FECHADO (HORARIO COM.)    ;   ;teles      ;18:32
233248                            ;13/03/2025;    ;584047;007;    ;0058632;RESTAURANTE  CHEILA                               ;(74)99981-1628 ;010;109;RPP6J11;      11,25;    0,00;14/03/2025;42;Produto/Quantidade Errada     ;   ;aloisio    ;18:23
233248                            ;13/03/2025;    ;584084;007;    ;0064298;PANIFICADORA BRASIL                               ;(74)98805-1713 ;010;109;RPP6J11;       2,50;    0,00;14/03/2025;42;Produto/Quantidade Errada     ;   ;aloisio    ;18:23
233249                            ;13/03/2025;    ;584122;007;    ;0062055;BAR E REST DA ROSA                                ;(74)98833-7534 ;020;203;RPM8D89;      18,26;    0,02;15/03/2025;42;Produto/Quantidade Errada     ;   ;ediziene   ;14:05
233249                            ;13/03/2025;    ;584124;007;    ;0054421;LANCHONETE DONA ROSY                              ;(74)98818-5953 ;020;203;RPM8D89;     215,60;    0,27;15/03/2025;71;SEM DINHEIRO/CHEQUE           ;   ;ediziene   ;14:05
233249                            ;13/03/2025;    ;584125;007;    ;0054421;LANCHONETE DONA ROSY                              ;(74)98818-5953 ;020;203;RPM8D89;     129,90;    0,14;15/03/2025;71;SEM DINHEIRO/CHEQUE           ;DER;ediziene   ;14:06
233253                            ;13/03/2025;    ;584241;007;    ;0003537;JOSE MEDRADO                                      ;(74)98838-1381 ;010;105;RDJ0G42;      12,28;    0,06;13/03/2025;72;PDV FECHADO (HORARIO COM.)    ;   ;teles      ;18:55
233253                            ;13/03/2025;    ;584242;007;    ;0003537;JOSE MEDRADO                                      ;(74)98838-1381 ;010;105;RDJ0G42;      36,48;    0,12;13/03/2025;72;PDV FECHADO (HORARIO COM.)    ;   ;teles      ;18:55
233254                            ;13/03/2025;    ;584254;007;    ;0051432;WL DISTRIBUIDORA                                  ;(74)98845-7330 ;010;106;SKK0A55;     121,47;    0,14;13/03/2025;73;FALTA DE ATIVOS DE GIRO       ;   ;gabriel.jz ;17:12
233256                            ;13/03/2025;    ;584320;007;    ;0056907;ELAINE PATRICIA                                   ;(74)98859-9894 ;010;102;PKL6654;     560,10;    0,77;13/03/2025;71;SEM DINHEIRO/CHEQUE           ;   ;gabriel.jz ;16:05
233260                            ;13/03/2025;    ;584430;007;    ;0064179;DESTIBRUIDORA  DA SI                              ;(74)98858-2644 ;010;108;OZF1202;     377,30;    0,48;13/03/2025;87;TEMPO INSUFICIENTE            ;   ;teles      ;20:14
233261                            ;13/03/2025;    ;584461;007;    ;0065343;BAR DO WS                                         ;(74)98824-9294 ;010;103;PKK8518;     175,50;    0,20;13/03/2025;72;PDV FECHADO (HORARIO COM.)    ;   ;gabriel.jz ;16:58
233261                            ;13/03/2025;    ;584472;007;    ;0062221;DISK BEBIDAS                                      ;(74)98852-6220 ;010;103;PKK8518;     646,70;    0,81;13/03/2025;72;PDV FECHADO (HORARIO COM.)    ;   ;gabriel.jz ;16:58
233261                            ;13/03/2025;    ;584473;007;    ;0062221;DISK BEBIDAS                                      ;(74)98852-6220 ;010;103;PKK8518;      71,80;    0,08;13/03/2025;72;PDV FECHADO (HORARIO COM.)    ;   ;gabriel.jz ;16:59
233263                            ;13/03/2025;    ;584500;007;    ;0060086;DIST PONTO DO ESP                                 ;(74)99104-9851 ;010;102;RPR6D25;      69,73;    0,11;13/03/2025;50;CARGA ERRADA ARMAZEM          ;   ;teles      ;20:09
233263                            ;13/03/2025;    ;584501;007;    ;0060086;DIST PONTO DO ESP                                 ;(74)99104-9851 ;010;102;RPR6D25;      58,46;    0,13;13/03/2025;50;CARGA ERRADA ARMAZEM          ;   ;teles      ;20:09
233263                            ;13/03/2025;    ;584502;007;    ;0060086;DIST PONTO DO ESP                                 ;(74)99104-9851 ;010;102;RPR6D25;     149,90;    0,14;13/03/2025;50;CARGA ERRADA ARMAZEM          ;   ;teles      ;20:09
233263                            ;13/03/2025;    ;584503;007;    ;0060086;DIST PONTO DO ESP                                 ;(74)99104-9851 ;010;102;RPR6D25;     123,80;    0,07;13/03/2025;50;CARGA ERRADA ARMAZEM          ;   ;teles      ;20:11
233263                            ;13/03/2025;    ;584505;007;    ;0060086;DIST PONTO DO ESP                                 ;(74)99104-9851 ;010;102;RPR6D25;     159,90;    0,14;13/03/2025;50;CARGA ERRADA ARMAZEM          ;   ;teles      ;20:08
233263                            ;13/03/2025;    ;584506;007;    ;0060086;DIST PONTO DO ESP                                 ;(74)99104-9851 ;010;102;RPR6D25;      77,88;    0,16;13/03/2025;50;CARGA ERRADA ARMAZEM          ;   ;teles      ;20:09
233263                            ;13/03/2025;    ;584507;007;    ;0060086;DIST PONTO DO ESP                                 ;(74)99104-9851 ;010;102;RPR6D25;      25,92;    0,04;13/03/2025;50;CARGA ERRADA ARMAZEM          ;   ;teles      ;20:09
233265                            ;13/03/2025;    ;584551;007;    ;0058223;DISQUE PINGA                                      ;(74)98849-4314 ;010;111;JII1442;       2,61;    0,00;13/03/2025;42;Produto/Quantidade Errada     ;   ;gabriel.jz ;17:21
233266                            ;13/03/2025;    ;584566;007;    ;0025662;MERCEARIA DO JOAO                                 ;(74)98824-3222 ;010;104;OFB8B68;      95,04;    0,18;13/03/2025;42;Produto/Quantidade Errada     ;   ;gabriel.jz ;17:17
233268                            ;13/03/2025;    ;584619;007;    ;0025628;SABOR DA CASA                                     ;(74)99960-8328 ;010;110;KGU0H03;     963,09;    0,89;13/03/2025;73;FALTA DE ATIVOS DE GIRO       ;   ;teles      ;18:42
233269                            ;13/03/2025;    ;584660;007;    ;0051198;BAR DO ELINAILTON                                 ;(74)99930-0278 ;020;201;HXN3A97;     377,30;    0,48;13/03/2025;71;SEM DINHEIRO/CHEQUE           ;   ;teles      ;19:28
233289                            ;14/03/2025;    ;584976;007;    ;0056141;rest dona menina                                  ;(74)98841-2794 ;020;200;SJQ9B60;      45,82;    0,06;15/03/2025;72;PDV FECHADO (HORARIO COM.)    ;   ;ediziene   ;09:57
233289                            ;14/03/2025;    ;585006;007;    ;0056228;SUPERM. DO VALLE                                  ;(74)98817-4945 ;020;200;SJQ9B60;      23,50;    0,06;15/03/2025;42;Produto/Quantidade Errada     ;   ;ediziene   ;09:56
233289                            ;14/03/2025;    ;585008;007;    ;0062891;CAFOFO S BAR                                      ;(74)98811-5314 ;020;200;SJQ9B60;      18,62;    0,00;15/03/2025;42;Produto/Quantidade Errada     ;   ;ediziene   ;09:57
233290                            ;14/03/2025;    ;585060;007;    ;0053692;BAR ZEZINHO SOLDADO                               ;(74)98834-3381 ;020;201;SKK9J61;     360,24;    0,59;15/03/2025;73;FALTA DE ATIVOS DE GIRO       ;   ;ediziene   ;13:32
233290                            ;14/03/2025;    ;585061;007;    ;0053692;BAR ZEZINHO SOLDADO                               ;(74)98834-3381 ;020;201;SKK9J61;      15,70;    0,00;15/03/2025;73;FALTA DE ATIVOS DE GIRO       ;   ;ediziene   ;13:31
233293                            ;14/03/2025;    ;585212;007;    ;0057289;BAR E LACH. AVENIDA                               ;(74)99916-9439 ;020;202;SKK0A55;     292,50;    0,34;15/03/2025;32;ENTREGA ATRASADA (BUFFER)     ;   ;ediziene   ;15:20
233295                            ;14/03/2025;    ;585215;007;    ;0025279;POSTO RIBEIRAO II                                 ;(74)98103-0463 ;020;202;       ;    1675,00;    0,00;17/03/2025;03;Devolucao NFe                 ;   ;gabriel.jz ;14:37
233298                            ;14/03/2025;    ;585277;007;    ;0050858;PETISCAL                                          ;(74)99131-3472 ;010;110;OZE4956;   14218,42;   14,08;22/03/2025;91;CONSIGNACAO                   ;   ;marcelio   ;10:45
233299                            ;14/03/2025;    ;585294;007;    ;0056104;DEPOSITO RODRIGUES                                ;(74) 8846-3472 ;020;200;NZM5543;       9,74;    0,01;14/03/2025;42;Produto/Quantidade Errada     ;   ;aloisio    ;19:44
233300                            ;14/03/2025;    ;585314;007;    ;0065226;BAR DA MIRIAN                                     ;(74)98131-1010 ;010;101;NZM9993;    1659,50;    1,88;14/03/2025;32;ENTREGA ATRASADA (BUFFER)     ;DER;silva      ;17:58
233302                            ;14/03/2025;    ;585382;007;    ;0064204;BOX 90                                            ;(74)98806-0847 ;010;105;PKK0690;     793,49;    1,05;14/03/2025;71;SEM DINHEIRO/CHEQUE           ;   ;aloisio    ;19:23
233302                            ;14/03/2025;    ;585386;007;    ;0064110;REST CHEIRO VERDE                                 ;(74)98140-2370 ;010;105;PKK0690;      76,80;    0,16;14/03/2025;72;PDV FECHADO (HORARIO COM.)    ;   ;aloisio    ;19:24
233302                            ;14/03/2025;    ;585398;007;    ;0065197;DISTRIBUIDORA DOIS I                              ;(74)99978-8153 ;010;105;PKK0690;    2629,38;    4,02;14/03/2025;72;PDV FECHADO (HORARIO COM.)    ;   ;aloisio    ;19:22
233304                            ;14/03/2025;    ;585471;007;    ;0062697;Lanch e hamb Area vi                              ;(74)98813-6749 ;010;110;OVB5042;       2,66;    0,00;15/03/2025;42;Produto/Quantidade Errada     ;   ;ediziene   ;13:20
233306                            ;14/03/2025;    ;585539;007;    ;0056455;DISTRIBUIDORA W E N                               ;(74)98875-1317 ;010;111;RCP2C35;    1251,25;    2,03;14/03/2025;72;PDV FECHADO (HORARIO COM.)    ;   ;silva      ;17:19
233306                            ;14/03/2025;    ;585542;007;    ;0065661;MERCADO DA RENATA                                 ;(74)98858-6691 ;010;103;RCP2C35;     107,80;    0,13;14/03/2025;73;FALTA DE ATIVOS DE GIRO       ;   ;silva      ;17:20
233308                            ;14/03/2025;    ;585578;007;    ;0064062;CHINA BEBIDAS                                     ;(74)98843-8557 ;010;104;PKK8518;      18,38;    0,02;14/03/2025;42;Produto/Quantidade Errada     ;   ;aloisio    ;19:13
233308                            ;14/03/2025;    ;585586;007;    ;0055576;Merc Do Geanderson                                ;(74)98822-8919 ;010;104;PKK8518;      10,43;    0,01;14/03/2025;42;Produto/Quantidade Errada     ;   ;aloisio    ;19:14
233308                            ;14/03/2025;    ;585599;007;    ;0054048;PIZZARIA BOM SABOR                                ;(74)98862-8741 ;010;110;PKK8518;       5,22;    0,00;14/03/2025;42;Produto/Quantidade Errada     ;   ;aloisio    ;19:15
233310                            ;14/03/2025;    ;585629;007;    ;0025322;CALDINHOS BAR                                     ;(74)99142-5906 ;010;110;RPR6D25;     693,13;    0,80;14/03/2025;72;PDV FECHADO (HORARIO COM.)    ;   ;silva      ;16:30
233311                            ;14/03/2025;    ;585644;007;    ;0058466;MERC E DIATR MIRANDA                              ;(74)99148-1232 ;010;104;RPP0E77;     362,54;    0,13;15/03/2025;71;SEM DINHEIRO/CHEQUE           ;   ;ediziene   ;13:37
233311                            ;14/03/2025;    ;585645;007;    ;0058466;MERC E DIATR MIRANDA                              ;(74)99148-1232 ;010;104;RPP0E77;    1892,88;    2,40;15/03/2025;71;SEM DINHEIRO/CHEQUE           ;   ;ediziene   ;13:37
233311                            ;14/03/2025;    ;585646;007;    ;0058466;MERC E DIATR MIRANDA                              ;(74)99148-1232 ;010;104;RPP0E77;     161,70;    0,20;15/03/2025;71;SEM DINHEIRO/CHEQUE           ;   ;ediziene   ;13:38
233311                            ;14/03/2025;    ;585647;007;    ;0058466;MERC E DIATR MIRANDA                              ;(74)99148-1232 ;010;104;RPP0E77;    1185,80;    1,51;15/03/2025;71;SEM DINHEIRO/CHEQUE           ;   ;ediziene   ;13:36
233311                            ;14/03/2025;    ;585648;007;    ;0058466;MERC E DIATR MIRANDA                              ;(74)99148-1232 ;010;104;RPP0E77;    1513,80;    1,46;15/03/2025;71;SEM DINHEIRO/CHEQUE           ;   ;ediziene   ;13:38
233311                            ;14/03/2025;    ;585649;007;    ;0058466;MERC E DIATR MIRANDA                              ;(74)99148-1232 ;010;104;RPP0E77;     218,21;    0,35;15/03/2025;71;SEM DINHEIRO/CHEQUE           ;   ;ediziene   ;13:38
233315                            ;14/03/2025;    ;585765;007;    ;0058022;PARADA OBRIGATORIA                                ;(74)98844-4736 ;010;108;JII1442;    1568,26;    2,06;14/03/2025;72;PDV FECHADO (HORARIO COM.)    ;   ;silva      ;15:42
233316                            ;14/03/2025;    ;585788;007;    ;0057898;MERCADINHO JC                                     ;(74)98857-9766 ;010;101;KJP6186;       2,67;    0,01;14/03/2025;42;Produto/Quantidade Errada     ;   ;silva      ;16:32
233317                            ;14/03/2025;    ;585831;007;    ;0057240;DIST TIAGO                                        ;(74)99963-5601 ;010;111;LKI1H89;      45,36;    0,12;14/03/2025;72;PDV FECHADO (HORARIO COM.)    ;   ;silva      ;13:24
233317                            ;14/03/2025;    ;585832;007;    ;0057240;DIST TIAGO                                        ;(74)99963-5601 ;010;111;LKI1H89;      45,36;    0,12;14/03/2025;72;PDV FECHADO (HORARIO COM.)    ;   ;silva      ;13:24
233317                            ;14/03/2025;    ;585833;007;    ;0057240;DIST TIAGO                                        ;(74)99963-5601 ;010;111;LKI1H89;      41,75;    0,12;14/03/2025;72;PDV FECHADO (HORARIO COM.)    ;   ;silva      ;13:23
233317                            ;14/03/2025;    ;585834;007;    ;0057240;DIST TIAGO                                        ;(74)99963-5601 ;010;111;LKI1H89;     382,88;    0,04;14/03/2025;72;PDV FECHADO (HORARIO COM.)    ;   ;silva      ;13:23
233317                            ;14/03/2025;    ;585835;007;    ;0057240;DIST TIAGO                                        ;(74)99963-5601 ;010;111;LKI1H89;      45,82;    0,06;14/03/2025;72;PDV FECHADO (HORARIO COM.)    ;   ;silva      ;13:23
233317                            ;14/03/2025;    ;585836;007;    ;0057240;DIST TIAGO                                        ;(74)99963-5601 ;010;111;LKI1H89;      26,50;    0,02;14/03/2025;72;PDV FECHADO (HORARIO COM.)    ;   ;silva      ;13:24
233338                            ;15/03/2025;    ;585883;007;    ;0025194;BAR DO WILSON                                     ;(74) 8802-7509 ;010;106;RCP2C35;     808,50;    1,03;15/03/2025;71;SEM DINHEIRO/CHEQUE           ;   ;ediziene   ;17:26
233338                            ;15/03/2025;    ;585893;007;    ;0063903;CERVEJARIA SENTO SE                               ;(74)98140-7506 ;010;106;RCP2C35;    1347,50;    1,72;15/03/2025;73;FALTA DE ATIVOS DE GIRO       ;DER;ediziene   ;17:25
233339                            ;15/03/2025;    ;585920;007;    ;0057540;Amorim  Bebidas                                   ;(74)99915-6755 ;010;102;RPP6J11;      55,00;    0,04;15/03/2025;42;Produto/Quantidade Errada     ;   ;ediziene   ;15:04
233342                            ;15/03/2025;    ;586029;007;    ;0059817;GIL SUPERMERCADO                                  ;(74)98843-8420 ;080;810;OZE4956;       9,57;    0,02;15/03/2025;50;CARGA ERRADA ARMAZEM          ;   ;ediziene   ;15:09
233343                            ;15/03/2025;    ;586035;007;    ;0057812;DAN DISTRIBUIDORA                                 ;(74)98147-0418 ;010;111;NZM5543;      82,82;    0,01;15/03/2025;50;CARGA ERRADA ARMAZEM          ;   ;ediziene   ;16:27
233346                            ;15/03/2025;    ;586141;007;    ;0065046;M.M DISTRIBUIDORA                                 ;(74)98841-4602 ;010;103;PKK0690;    1022,17;    1,36;15/03/2025;82;ENDERECO NAO ENCONTRADO       ;   ;ediziene   ;15:24
233369                            ;17/03/2025;    ;586306;007;    ;0050728;EMPORIO BOTAFOGO                                  ;(74)99977-6853 ;020;203;RPP7B52;      33,75;    0,01;17/03/2025;42;Produto/Quantidade Errada     ;   ;teles      ;19:22
233370                            ;17/03/2025;    ;586339;007;    ;0065126;LOCAL                                             ;(74)99911-2465 ;020;205;NZN0E75;    3426,48;    4,18;18/03/2025;72;PDV FECHADO (HORARIO COM.)    ;   ;gabriel.jz ;15:  
233370                            ;17/03/2025;    ;586340;007;    ;0065126;LOCAL                                             ;(74)99911-2465 ;020;205;NZN0E75;     122,80;    0,60;18/03/2025;72;PDV FECHADO (HORARIO COM.)    ;   ;gabriel.jz ;15:01
233370                            ;17/03/2025;    ;586341;007;    ;0065126;LOCAL                                             ;(74)99911-2465 ;020;205;NZN0E75;      84,00;    0,08;18/03/2025;72;PDV FECHADO (HORARIO COM.)    ;   ;gabriel.jz ;15:01
233370                            ;17/03/2025;    ;586342;007;    ;0065126;LOCAL                                             ;(74)99911-2465 ;020;205;NZN0E75;       5,60;    0,00;18/03/2025;72;PDV FECHADO (HORARIO COM.)    ;   ;gabriel.jz ;15:  
233371                            ;17/03/2025;    ;586372;007;    ;0065123;ADEMARCOS OLIVEIRA                                ;(74)99940-0228 ;020;205;RDC5J22;      17,20;    0,01;18/03/2025;42;Produto/Quantidade Errada     ;   ;aloisio    ;19:09
233371                            ;17/03/2025;    ;586401;007;    ;0057506;BAR DISTR. MANGUEIRA                              ;(74)99963-6455 ;020;203;RDC5J22;      15,18;    0,00;18/03/2025;42;Produto/Quantidade Errada     ;   ;aloisio    ;18:47
233371                            ;17/03/2025;    ;586402;007;    ;0057506;BAR DISTR. MANGUEIRA                              ;(74)99963-6455 ;020;203;RDC5J22;      18,54;    0,00;18/03/2025;42;Produto/Quantidade Errada     ;   ;aloisio    ;18:47
233372                            ;17/03/2025;    ;586449;007;    ;0057704;CHURRASCARIA REMANSO                              ;(74)99913-3803 ;020;203;RDC8F64;      60,00;    0,06;18/03/2025;42;Produto/Quantidade Errada     ;   ;gabriel.jz ;15:09
233372                            ;17/03/2025;    ;586450;007;    ;0057704;CHURRASCARIA REMANSO                              ;(74)99913-3803 ;020;203;RDC8F64;      12,50;    0,00;18/03/2025;42;Produto/Quantidade Errada     ;   ;gabriel.jz ;15:07
233372                            ;17/03/2025;    ;586465;007;    ;0063014;SUPERMERCADO BRITO                                ;(74)99943-7901 ;020;203;RDC8F64;     733,60;    1,30;18/03/2025;72;PDV FECHADO (HORARIO COM.)    ;   ;gabriel.jz ;15:08
233372                            ;17/03/2025;    ;586466;007;    ;0063014;SUPERMERCADO BRITO                                ;(74)99943-7901 ;020;203;RDC8F64;     103,10;    0,30;18/03/2025;72;PDV FECHADO (HORARIO COM.)    ;   ;gabriel.jz ;15:08
233372                            ;17/03/2025;    ;586467;007;    ;0063014;SUPERMERCADO BRITO                                ;(74)99943-7901 ;020;203;RDC8F64;       5,60;    0,00;18/03/2025;42;Produto/Quantidade Errada     ;   ;gabriel.jz ;15:09
233372                            ;17/03/2025;    ;586468;007;    ;0063014;SUPERMERCADO BRITO                                ;(74)99943-7901 ;020;203;RDC8F64;      53,00;    0,05;18/03/2025;42;Produto/Quantidade Errada     ;   ;gabriel.jz ;15:09
233377                            ;17/03/2025;    ;586704;007;    ;0055224;ABRIGO ZE LELE                                    ;(74)99120-0849 ;020;203;RPM8D89;     128,42;    0,19;18/03/2025;72;PDV FECHADO (HORARIO COM.)    ;   ;silva      ;13:40
233378                            ;17/03/2025;    ;586721;007;    ;0057677;DISTRIBUIDORA                                     ;(74)98815-2897 ;020;200;RPP0E77;       7,83;    0,00;18/03/2025;42;Produto/Quantidade Errada     ;   ;silva      ;14:27
233379                            ;17/03/2025;    ;586786;007;    ;0057639;MERCADINHO ESTRELA                                ;(74)98801-2381 ;020;202;NZM4666;      10,94;    0,03;18/03/2025;42;Produto/Quantidade Errada     ;   ;gabriel.jz ;17:51
233384                            ;17/03/2025;    ;586922;007;    ;0064838;CLUBE ASSOCIACaO                                  ;(87)98144-4561 ;010;108;PKK8518;      13,59;    0,01;17/03/2025;42;Produto/Quantidade Errada     ;   ;gabriel.jz ;17:33
233386                            ;17/03/2025;    ;586987;007;    ;0064262;HORA DO LANCHE                                    ;(87)99115-3456 ;010;108;OZE4956;    1120,97;    1,77;17/03/2025;71;SEM DINHEIRO/CHEQUE           ;   ;teles      ;18:12
233390                            ;17/03/2025;    ;587073;007;    ;0063537;ILDE DISTRIBUIDORA                                ;(74)98873-2849 ;010;104;OVB5042;       4,54;    0,00;17/03/2025;42;Produto/Quantidade Errada     ;   ;gabriel.jz ;14:30
233391                            ;17/03/2025;    ;587109;007;    ;0053561;DISTRI. J. L. A.                                  ;(74)98811-6355 ;010;106;SKK0A55;    1078,00;    1,38;17/03/2025;72;PDV FECHADO (HORARIO COM.)    ;   ;ediziene   ;13:54
233392                            ;17/03/2025;    ;587128;007;    ;0056850;SIDVAN FERREIRA DA S                              ;(74)98834-6992 ;010;106;PKK0690;     660,00;    0,96;17/03/2025;42;Produto/Quantidade Errada     ;DER;ediziene   ;13:21
233392                            ;17/03/2025;    ;587133;007;    ;0058412;Caldinho 74                                       ;(87)98838-4367 ;085;997;PKK0690;     147,70;    0,14;17/03/2025;72;PDV FECHADO (HORARIO COM.)    ;   ;ediziene   ;13:21
233393                            ;17/03/2025;    ;587144;007;    ;0057538;MERCADINHO LI                                     ;(74)98845-3052 ;010;101;RPR6D25;     970,68;    1,30;17/03/2025;72;PDV FECHADO (HORARIO COM.)    ;   ;ediziene   ;13:25
233408                            ;18/03/2025;    ;587319;007;    ;0052994;BAR E MER DO LUCIANO                              ;(74)98110-8004 ;020;204;OUX8B81;    5929,00;    7,59;20/03/2025;73;FALTA DE ATIVOS DE GIRO       ;   ;silva      ;14:57
233414                            ;18/03/2025;    ;587541;007;    ;0062405;SUPERMERCADO GADELHA                              ;(74)98819-2044 ;010;100;OZE4956;       8,03;    0,01;18/03/2025;42;Produto/Quantidade Errada     ;   ;gabriel.jz ;17:34
233415                            ;18/03/2025;    ;587579;007;    ;0062315;RESTAURANTE CEARENSE                              ;(74)99104-1457 ;010;107;OVB5042;      89,52;    0,12;18/03/2025;72;PDV FECHADO (HORARIO COM.)    ;DER;gabriel.jz ;17:36
233415                            ;18/03/2025;    ;587581;007;    ;0065718;DIST RUBÃO                                        ;(74)99197-0297 ;010;111;OVB5042;      13,36;    0,01;18/03/2025;42;Produto/Quantidade Errada     ;   ;gabriel.jz ;17:36
233417                            ;18/03/2025;    ;587631;007;    ;0063189;JP DISTRIBUIDORA                                  ;(74)99940-0335 ;010;101;PKK8518;     323,40;    0,41;18/03/2025;42;Produto/Quantidade Errada     ;   ;gabriel.jz ;17:28
233417                            ;18/03/2025;    ;587633;007;    ;0063189;JP DISTRIBUIDORA                                  ;(74)99940-0335 ;010;101;PKK8518;      35,00;    0,06;18/03/2025;42;Produto/Quantidade Errada     ;   ;gabriel.jz ;17:28
233418                            ;18/03/2025;    ;587660;007;    ;0025973;DISTRIBUIDORA DO LAU                              ;(74) 8811-9482 ;010;106;PKK0690;     864,57;    0,83;18/03/2025;72;PDV FECHADO (HORARIO COM.)    ;   ;gabriel.jz ;16:51
233418                            ;18/03/2025;    ;587661;007;    ;0025973;DISTRIBUIDORA DO LAU                              ;(74) 8811-9482 ;010;106;PKK0690;      12,28;    0,06;18/03/2025;72;PDV FECHADO (HORARIO COM.)    ;   ;gabriel.jz ;16:53
233418                            ;18/03/2025;    ;587662;007;    ;0025973;DISTRIBUIDORA DO LAU                              ;(74) 8811-9482 ;010;106;PKK0690;     129,78;    0,04;18/03/2025;72;PDV FECHADO (HORARIO COM.)    ;   ;gabriel.jz ;16:54
233426                            ;18/03/2025;    ;587821;007;    ;0000715;ARARIPINA BAR                                     ;(74)98872-3549 ;010;110;KJP3656;      15,18;    0,00;18/03/2025;42;Produto/Quantidade Errada     ;   ;gabriel.jz ;16:23
233429                            ;18/03/2025;    ;587884;007;    ;0055311;MERCADINHO DE TOINHO                              ;(74)98837-4910 ;010;104;RDN1D46;       3,27;    0,00;18/03/2025;42;Produto/Quantidade Errada     ;   ;gabriel.jz ;17:12
233429                            ;18/03/2025;    ;587885;007;    ;0055311;MERCADINHO DE TOINHO                              ;(74)98837-4910 ;010;104;RDN1D46;       8,80;    0,01;18/03/2025;42;Produto/Quantidade Errada     ;   ;gabriel.jz ;17:13
233454                            ;18/03/2025;    ;587910;007;    ;0063120;MERCADINHO SARAIVA                                ;(74)98827-1221 ;080;810;       ;    1800,00;    0,00;19/03/2025;03;Devolucao NFe                 ;   ;gabriel.jz ;09:11
233454                            ;18/03/2025;    ;587911;007;    ;0063120;MERCADINHO SARAIVA                                ;(74)98827-1221 ;080;810;       ;    1800,00;    0,00;19/03/2025;03;Devolucao NFe                 ;   ;gabriel.jz ;09:11
233454                            ;18/03/2025;    ;587912;007;    ;0063120;MERCADINHO SARAIVA                                ;(74)98827-1221 ;080;810;       ;    1800,00;    0,00;19/03/2025;03;Devolucao NFe                 ;   ;gabriel.jz ;09:12
233454                            ;18/03/2025;    ;587913;007;    ;0063120;MERCADINHO SARAIVA                                ;(74)98827-1221 ;080;810;       ;     960,00;    0,00;19/03/2025;03;Devolucao NFe                 ;   ;gabriel.jz ;09:12
233454                            ;18/03/2025;    ;587914;007;    ;0063120;MERCADINHO SARAIVA                                ;(74)98827-1221 ;080;810;       ;   13500,00;    0,00;19/03/2025;03;Devolucao NFe                 ;   ;gabriel.jz ;09:13
233471                            ;19/03/2025;    ;588123;007;    ;0063308;BALNEÁRIO DO MAZINHO                              ;(87)99206-7454 ;010;109;RCP2C35;       5,00;    0,00;21/03/2025;42;Produto/Quantidade Errada     ;   ;silva      ;13:36
233471                            ;19/03/2025;    ;588171;007;    ;0063216;MERCADINHO SaO JOSE                               ;(87)99607-7826 ;010;109;RCP2C35;     211,04;    0,29;21/03/2025;50;CARGA ERRADA ARMAZEM          ;   ;silva      ;13:36
233474                            ;19/03/2025;    ;588242;007;    ;0055200;PONTO DO ACAI GOUMER                              ;(74)98116-4940 ;020;202;NZM4666;     114,46;    0,24;20/03/2025;71;SEM DINHEIRO/CHEQUE           ;   ;aloisio    ;19:47
233474                            ;19/03/2025;    ;588247;007;    ;0060866;PIZ. DOM GALVANNI                                 ;(74)98130-6410 ;020;202;NZM4666;     295,70;    0,42;20/03/2025;72;PDV FECHADO (HORARIO COM.)    ;   ;aloisio    ;19:45
233474                            ;19/03/2025;    ;588248;007;    ;0060866;PIZ. DOM GALVANNI                                 ;(74)98130-6410 ;020;202;NZM4666;      29,76;    0,04;20/03/2025;72;PDV FECHADO (HORARIO COM.)    ;   ;aloisio    ;19:44
233474                            ;19/03/2025;    ;588276;007;    ;0057318;BAR E MERC.ALMEIDA                                ;(77)99878-3098 ;020;202;NZM4666;     321,30;    0,40;20/03/2025;43;Forma de Pagamento            ;   ;aloisio    ;19:46
233475                            ;19/03/2025;    ;588329;007;    ;0061024;MERCADINHO ECONOMICO                              ;(74)98816-3548 ;020;201;RPM8D89;     292,10;    0,49;20/03/2025;72;PDV FECHADO (HORARIO COM.)    ;   ;silva      ;14:41
233478                            ;19/03/2025;    ;588415;007;    ;0056237;BOTECO DO CARANGUEJO                              ;(74)98802-7527 ;010;110;PKK0690;    6723,50;    6,48;19/03/2025;87;TEMPO INSUFICIENTE            ;   ;aloisio    ;18:55
233481                            ;19/03/2025;    ;588487;007;    ;0062258;SUPERMERCADO UNIPREC                              ;(74)98836-8023 ;080;810;SKK4A24;      10,19;    0,01;20/03/2025;42;Produto/Quantidade Errada     ;   ;silva      ;16:43
233481                            ;19/03/2025;    ;588488;007;    ;0062258;SUPERMERCADO UNIPREC                              ;(74)98836-8023 ;080;810;SKK4A24;      52,78;    0,12;20/03/2025;42;Produto/Quantidade Errada     ;   ;silva      ;16:44
233482                            ;19/03/2025;    ;588508;007;    ;0063836;BAR DO NENEZAO                                    ;(71)98680-2553 ;010;100;OVB5042;     539,00;    0,69;19/03/2025;85;DIFICIL ACESSO                ;DER;aloisio    ;18:06
233485                            ;19/03/2025;    ;588612;007;    ;0058153;CE KI SABE                                        ;(74)98847-5024 ;010;106;OZF1202;    1430,11;    1,70;19/03/2025;71;SEM DINHEIRO/CHEQUE           ;   ;gabriel.jz ;16:12
233488                            ;19/03/2025;    ;588694;007;    ;0057092;MERC E DIST LAURA                                 ;(74)98818-4258 ;010;107;RPR6D25;     539,00;    0,69;19/03/2025;71;SEM DINHEIRO/CHEQUE           ;   ;gabriel.jz ;14:28
233489                            ;19/03/2025;    ;588719;007;    ;0065411;BAR DA GAIOLA                                     ;(74)98103-4419 ;010;103;RDN1D46;     424,68;    0,77;19/03/2025;72;PDV FECHADO (HORARIO COM.)    ;   ;ediziene   ;13:29
233489                            ;19/03/2025;    ;588732;007;    ;0057116;Bar Da Simone                                     ;(74)98835-3454 ;010;108;RDN1D46;       2,61;    0,00;19/03/2025;42;Produto/Quantidade Errada     ;   ;ediziene   ;13:28
233489                            ;19/03/2025;    ;588750;007;    ;0057673;Carlos Peixe                                      ;(74)99125-0220 ;010;103;RDN1D46;     231,41;    0,40;19/03/2025;82;ENDERECO NAO ENCONTRADO       ;   ;ediziene   ;13:27
233492                            ;19/03/2025;    ;588794;007;    ;0061230;MERCADINHO NOVA OPCA                              ;(74)98835-7053 ;010;106;NZM5543;    4139,40;    5,01;19/03/2025;43;Forma de Pagamento            ;DER;aloisio    ;19:06
233505                            ;20/03/2025;    ;588833;007;    ;0051250;MERC CARVALHO                                     ;(74) 3541-2716 ;020;205;RPP7B52;      43,00;    0,04;21/03/2025;42;Produto/Quantidade Errada     ;DER;silva      ;14:27
233508                            ;20/03/2025;    ;588979;007;    ;0053960;MER. E VERDU. VIEIRA                              ;(74)98857-2857 ;020;200;SJQ9B60;      20,87;    0,02;20/03/2025;42;Produto/Quantidade Errada     ;   ;silva      ;17:36
233509                            ;20/03/2025;    ;589000;007;    ;0053367;MERCADINHO COSTA                                  ;(74)99966-9243 ;010;109;RPP6J11;      51,14;    0,04;21/03/2025;42;Produto/Quantidade Errada     ;   ;teles      ;20:23
233512                            ;20/03/2025;    ;589115;007;    ;0055875;DISTRIBUIDORA DRINKS                              ;(87)99134-1444 ;010;111;RPE4C71;       4,37;    0,00;20/03/2025;42;Produto/Quantidade Errada     ;   ;aloisio    ;19:01
233513                            ;20/03/2025;    ;589141;007;    ;0061056;MERCADINHO MARCELO                                ;(74)98843-0250 ;080;810;NZM5543;       5,58;    0,01;21/03/2025;42;Produto/Quantidade Errada     ;   ;gabriel.jz ;16:21
233513                            ;20/03/2025;    ;589142;007;    ;0064870;DISTRIBUIDORA SOUZA                               ;(74)98147-8455 ;010;108;NZM5543;      42,96;    0,12;21/03/2025;42;Produto/Quantidade Errada     ;   ;gabriel.jz ;16:20
233513                            ;20/03/2025;    ;589143;007;    ;0064870;DISTRIBUIDORA SOUZA                               ;(74)98147-8455 ;010;108;NZM5543;    6468,00;    8,28;21/03/2025;42;Produto/Quantidade Errada     ;   ;gabriel.jz ;16:21
233513                            ;20/03/2025;    ;589144;007;    ;0064870;DISTRIBUIDORA SOUZA                               ;(74)98147-8455 ;010;108;NZM5543;      53,90;    0,06;21/03/2025;42;Produto/Quantidade Errada     ;   ;gabriel.jz ;16:20
233514                            ;20/03/2025;    ;589179;007;    ;0054629;LINCOLN DISTRIBUIDOR                              ;(74)98835-9432 ;010;111;SKK0A55;      60,00;    0,06;20/03/2025;42;Produto/Quantidade Errada     ;   ;aloisio    ;18:23
233519                            ;20/03/2025;    ;589343;007;    ;0056907;ELAINE PATRICIA                                   ;(74)98859-9894 ;010;102;RDN7A69;     200,76;    0,36;20/03/2025;71;SEM DINHEIRO/CHEQUE           ;   ;silva      ;13:23
233519                            ;20/03/2025;    ;589344;007;    ;0056907;ELAINE PATRICIA                                   ;(74)98859-9894 ;010;102;RDN7A69;      12,28;    0,06;20/03/2025;71;SEM DINHEIRO/CHEQUE           ;   ;silva      ;13:23
233521                            ;20/03/2025;    ;589402;007;    ;0065343;BAR DO WS                                         ;(74)98824-9294 ;010;103;PKL6654;     254,83;    0,31;20/03/2025;72;PDV FECHADO (HORARIO COM.)    ;   ;silva      ;17:20
233523                            ;20/03/2025;    ;589472;007;    ;0060295;DISTRIBUIDORA  J A                                ;(74)98858-6903 ;010;111;RPJ2H66;     159,90;    0,14;20/03/2025;73;FALTA DE ATIVOS DE GIRO       ;   ;aloisio    ;18:18
233524                            ;20/03/2025;    ;589499;007;    ;0056662;JM Distribuidora                                  ;(74)98806-5400 ;010;106;PKK0690;     807,80;    1,16;20/03/2025;42;Produto/Quantidade Errada     ;   ;silva      ;17:35
233525                            ;20/03/2025;    ;589517;007;    ;0051869;DEPOSITO DA DANIELLA                              ;(74)98856-4731 ;010;111;SKK9J61;     226,10;    0,34;20/03/2025;72;PDV FECHADO (HORARIO COM.)    ;   ;silva      ;16:57
233527                            ;20/03/2025;    ;589558;007;    ;0054471;BISTRO FLOR DE CAROA                              ;(87)98173-0015 ;010;107;JII1442;     587,46;    0,72;20/03/2025;73;FALTA DE ATIVOS DE GIRO       ;   ;aloisio    ;18:14
233527                            ;20/03/2025;    ;589576;007;    ;0058440;MT DISTRIBUIDORA                                  ;(74)99800-2470 ;085;997;JII1442;       3,40;    0,00;20/03/2025;42;Produto/Quantidade Errada     ;   ;aloisio    ;18:12
233549                            ;20/03/2025;    ;589684;007;    ;0029043;CDR CAMACARI                                      ;(19) 3313-7039 ;085;998;       ;  126420,00;    0,00;20/03/2025;51;NF ERRADA                     ;   ;aloisio    ;19:36
233552                            ;21/03/2025;    ;589701;007;    ;0064281;MERCADINHO MIRANDA                                ;(61)99591-2572 ;020;205;RDC5J22;       7,83;    0,01;22/03/2025;42;Produto/Quantidade Errada     ;   ;silva      ;13:39
233556                            ;21/03/2025;    ;589841;007;    ;0062227;DIST JOaO E MARIA                                 ;(74)98136-3263 ;020;200;RPP0E77;     377,30;    0,48;22/03/2025;42;Produto/Quantidade Errada     ;   ;silva      ;10:50
233556                            ;21/03/2025;    ;589842;007;    ;0062227;DIST JOaO E MARIA                                 ;(74)98136-3263 ;020;200;RPP0E77;     160,62;    0,20;22/03/2025;42;Produto/Quantidade Errada     ;   ;silva      ;10:50
233556                            ;21/03/2025;    ;589850;007;    ;0055512;MERCEARIA DA NEINHA                               ;(74)98848-0824 ;020;200;RPP0E77;     377,30;    0,48;22/03/2025;42;Produto/Quantidade Errada     ;   ;silva      ;10:49
233556                            ;21/03/2025;    ;589851;007;    ;0055512;MERCEARIA DA NEINHA                               ;(74)98848-0824 ;020;200;RPP0E77;     107,80;    0,13;22/03/2025;42;Produto/Quantidade Errada     ;   ;silva      ;10:53
233556                            ;21/03/2025;    ;589871;007;    ;0053402;BAR DA ZENAIDE                                    ;(74)98818-7309 ;020;200;RPP0E77;     978,40;    1,27;22/03/2025;42;Produto/Quantidade Errada     ;   ;silva      ;10:49
233556                            ;21/03/2025;    ;589872;007;    ;0053402;BAR DA ZENAIDE                                    ;(74)98818-7309 ;020;200;RPP0E77;     101,76;    0,18;22/03/2025;42;Produto/Quantidade Errada     ;   ;silva      ;10:51
233556                            ;21/03/2025;    ;589873;007;    ;0053402;BAR DA ZENAIDE                                    ;(74)98818-7309 ;020;200;RPP0E77;      58,50;    0,06;22/03/2025;42;Produto/Quantidade Errada     ;   ;silva      ;10:51
233556                            ;21/03/2025;    ;589874;007;    ;0053402;BAR DA ZENAIDE                                    ;(74)98818-7309 ;020;200;RPP0E77;      37,10;    0,04;22/03/2025;42;Produto/Quantidade Errada     ;   ;silva      ;10:52
233557                            ;21/03/2025;    ;589904;007;    ;0058291;SBLU                                              ;(74)99814-0885 ;010;109;RPE4C71;     122,28;    0,12;22/03/2025;42;Produto/Quantidade Errada     ;   ;silva      ;13:59
233557                            ;21/03/2025;    ;589905;007;    ;0058291;SBLU                                              ;(74)99814-0885 ;010;109;RPE4C71;     114,72;    0,12;22/03/2025;42;Produto/Quantidade Errada     ;   ;silva      ;13:59
233557                            ;21/03/2025;    ;589906;007;    ;0058291;SBLU                                              ;(74)99814-0885 ;010;109;RPE4C71;      52,14;    0,12;22/03/2025;42;Produto/Quantidade Errada     ;   ;silva      ;13:58
233560                            ;21/03/2025;    ;590021;007;    ;0025285;SUP. COMPRE BEM                                   ;(74)98122-3050 ;020;202;SKK4A24;      45,00;    0,12;22/03/2025;42;Produto/Quantidade Errada     ;   ;silva      ;17:28
233560                            ;21/03/2025;    ;590022;007;    ;0025285;SUP. COMPRE BEM                                   ;(74)98122-3050 ;020;202;SKK4A24;       3,75;    0,00;22/03/2025;42;Produto/Quantidade Errada     ;   ;silva      ;17:29
233561                            ;21/03/2025;    ;590055;007;    ;0059287;DISTRIBUIDORA E MERC                              ;(74)99971-6258 ;010;107;OZE4956;     404,06;    1,03;21/03/2025;85;DIFICIL ACESSO                ;   ;gabriel.jz ;15:46
233561                            ;21/03/2025;    ;590056;007;    ;0059287;DISTRIBUIDORA E MERC                              ;(74)99971-6258 ;010;107;OZE4956;     117,72;    0,28;21/03/2025;85;DIFICIL ACESSO                ;   ;gabriel.jz ;15:46
233561                            ;21/03/2025;    ;590057;007;    ;0063994;DIST BELA VISTA                                   ;(74)99971-6258 ;010;107;OZE4956;     798,80;    0,97;21/03/2025;85;DIFICIL ACESSO                ;   ;gabriel.jz ;15:47
233561                            ;21/03/2025;    ;590058;007;    ;0063994;DIST BELA VISTA                                   ;(74)99971-6258 ;010;107;OZE4956;     221,40;    0,25;21/03/2025;85;DIFICIL ACESSO                ;   ;gabriel.jz ;15:47
233571                            ;21/03/2025;    ;590320;007;    ;0064150;GORDIM BEBIDAS                                    ;(74)98843-9195 ;010;106;SJQ6G42;       4,37;    0,00;21/03/2025;42;Produto/Quantidade Errada     ;   ;gabriel.jz ;17:48
233571                            ;21/03/2025;    ;590323;007;    ;0055945;SUPERMERCADO UNIPREC                              ;(74) 3611-1177 ;080;810;SJQ6G42;       4,37;    0,00;21/03/2025;42;Produto/Quantidade Errada     ;   ;gabriel.jz ;17:49
233579                            ;21/03/2025;    ;590489;007;    ;0064071;DISTRIBUIDORA CARDIM                              ;(74)98846-0021 ;010;102;LKI1H89;     323,40;    0,41;21/03/2025;73;FALTA DE ATIVOS DE GIRO       ;   ;gabriel.jz ;17:29
233579                            ;21/03/2025;    ;590492;007;    ;0065436;BAR DA ESQUINA                                    ;(74)98125-2219 ;010;102;LKI1H89;     107,80;    0,13;21/03/2025;72;PDV FECHADO (HORARIO COM.)    ;   ;gabriel.jz ;17:28
233579                            ;21/03/2025;    ;590493;007;    ;0065436;BAR DA ESQUINA                                    ;(74)98125-2219 ;010;102;LKI1H89;      53,90;    0,06;21/03/2025;72;PDV FECHADO (HORARIO COM.)    ;   ;gabriel.jz ;17:28
233579                            ;21/03/2025;    ;590495;007;    ;0057673;Carlos Peixe                                      ;(74)99125-0220 ;010;103;LKI1H89;     244,05;    0,40;21/03/2025;72;PDV FECHADO (HORARIO COM.)    ;DER;gabriel.jz ;17:27
233580                            ;21/03/2025;    ;590510;007;    ;0058459;KAYLA CAIANNE                                     ;(74)98825-3060 ;010;111;RPR6D25;     808,50;    1,03;21/03/2025;43;Forma de Pagamento            ;   ;teles      ;18:32
233582                            ;21/03/2025;    ;590533;007;    ;0063892;MERCADINHO E DISTRIB                              ;(74)99199-0304 ;010;104;RDN1D46;    1778,70;    2,27;21/03/2025;72;PDV FECHADO (HORARIO COM.)    ;   ;gabriel.jz ;15:41
233582                            ;21/03/2025;    ;590534;007;    ;0063892;MERCADINHO E DISTRIB                              ;(74)99199-0304 ;010;104;RDN1D46;     556,20;    0,80;21/03/2025;72;PDV FECHADO (HORARIO COM.)    ;   ;gabriel.jz ;15:42
233582                            ;21/03/2025;    ;590535;007;    ;0063892;MERCADINHO E DISTRIB                              ;(74)99199-0304 ;010;104;RDN1D46;     290,77;    0,31;21/03/2025;72;PDV FECHADO (HORARIO COM.)    ;   ;gabriel.jz ;15:42
233602                            ;22/03/2025;    ;590555;007;    ;0056448;CARDOSO BEBIDAS                                   ;(74)98822-8302 ;010;111;SKK9J61;     908,96;    1,10;22/03/2025;72;PDV FECHADO (HORARIO COM.)    ;   ;silva      ;14:25
233602                            ;22/03/2025;    ;590556;007;    ;0056448;CARDOSO BEBIDAS                                   ;(74)98822-8302 ;010;111;SKK9J61;      96,36;    0,20;22/03/2025;72;PDV FECHADO (HORARIO COM.)    ;   ;silva      ;14:25
233605                            ;22/03/2025;    ;590633;007;    ;0063737;MIX FALCAO                                        ;(87)99818-2478 ;010;107;OVB5042;       7,99;    0,01;22/03/2025;42;Produto/Quantidade Errada     ;   ;silva      ;13:53
233605                            ;22/03/2025;    ;590651;007;    ;0057812;DAN DISTRIBUIDORA                                 ;(74)98147-0418 ;010;111;OVB5042;      38,64;    0,04;22/03/2025;42;Produto/Quantidade Errada     ;   ;silva      ;13:53
233609                            ;22/03/2025;    ;590741;007;    ;0056232;CITY MERC E DISTRIBU                              ;(74)99140-0715 ;010;104;NZM7723;    1234,88;    1,97;22/03/2025;72;PDV FECHADO (HORARIO COM.)    ;   ;silva      ;15:12
233613                            ;22/03/2025;    ;590855;007;    ;0061999;LIGIA DISTRIBUIDORA                               ;(74)99141-3467 ;010;111;RDN1D46;     312,90;    0,34;22/03/2025;82;ENDERECO NAO ENCONTRADO       ;   ;silva      ;13:41
233613                            ;22/03/2025;    ;590856;007;    ;0061999;LIGIA DISTRIBUIDORA                               ;(74)99141-3467 ;010;111;RDN1D46;     815,25;    1,09;22/03/2025;82;ENDERECO NAO ENCONTRADO       ;   ;silva      ;13:40
233613                            ;22/03/2025;    ;590857;007;    ;0061999;LIGIA DISTRIBUIDORA                               ;(74)99141-3467 ;010;111;RDN1D46;       8,13;    0,00;22/03/2025;82;ENDERECO NAO ENCONTRADO       ;   ;silva      ;13:41
233614                            ;22/03/2025;    ;590870;007;    ;0062679;DIST CRISTIANA                                    ;(74)98848-4698 ;010;106;RDN7A69;      40,76;    0,04;22/03/2025;50;CARGA ERRADA ARMAZEM          ;DER;silva      ;13:24
233615                            ;22/03/2025;    ;590891;007;    ;0063105;REI DO DOG OFICIAL J                              ;(87)99809-6128 ;010;110;RPR6D25;      52,14;    0,12;22/03/2025;42;Produto/Quantidade Errada     ;   ;silva      ;15:32
233632                            ;24/03/2025;    ;590990;007;    ;0051171;DEPOSITO BEB CENTRAL                              ;(74)99192-5899 ;020;203;RDC8F64;       2,66;    0,00;25/03/2025;42;Produto/Quantidade Errada     ;   ;gabriel.jz ;14:31
233633                            ;24/03/2025;    ;591032;007;    ;0065648;BAR RECANTO SERTANEJ                              ;(75)99957-2502 ;020;205;RDC5J22;     469,90;    0,55;25/03/2025;32;ENTREGA ATRASADA (BUFFER)     ;   ;gabriel.jz ;15:46
233634                            ;24/03/2025;    ;591119;007;    ;0065123;ADEMARCOS OLIVEIRA                                ;(74)99940-0228 ;020;205;NZN0E75;      13,32;    0,01;25/03/2025;42;Produto/Quantidade Errada     ;   ;gabriel.jz ;17:03
233635                            ;24/03/2025;    ;591182;007;    ;0062150;PANIFIC DELDOTRIGO                                ;(74)99106-0038 ;020;204;SJQ9B60;     245,52;    0,53;25/03/2025;71;SEM DINHEIRO/CHEQUE           ;   ;gabriel.jz ;14:25
233640                            ;24/03/2025;    ;591356;007;    ;0057456;Mercearia Do Nerinho                              ;(74)98848-0133 ;020;200;RPP7B52;       6,37;    0,00;25/03/2025;42;Produto/Quantidade Errada     ;   ;teles      ;20:33
233640                            ;24/03/2025;    ;591357;007;    ;0057456;Mercearia Do Nerinho                              ;(74)98848-0133 ;020;200;RPP7B52;       3,40;    0,00;25/03/2025;42;Produto/Quantidade Errada     ;   ;teles      ;20:33
233643                            ;24/03/2025;    ;591479;007;    ;0056938;CENTRAL BAR                                       ;(74)98107-8997 ;020;202;NZM4666;      60,00;    0,00;25/03/2025;42;Produto/Quantidade Errada     ;   ;gabriel.jz ;13:28
233645                            ;24/03/2025;    ;591555;007;    ;0050643;MERCADINHO ALMEIDA                                ;(74) 3617-3068 ;010;108;PKK8518;      10,19;    0,01;24/03/2025;42;Produto/Quantidade Errada     ;   ;silva      ;17:57
233646                            ;24/03/2025;    ;591574;007;    ;0064510;PAIZaO DISTRIBUIDORA                              ;(74)99958-3275 ;010;108;NZM9993;      53,90;    0,06;24/03/2025;42;Produto/Quantidade Errada     ;DER;aloisio    ;18:50
233648                            ;24/03/2025;    ;591628;007;    ;0051510;MERC ASA BRANCA                                   ;(74)98809-8355 ;080;810;PKL6654;       3,19;    0,00;24/03/2025;42;Produto/Quantidade Errada     ;   ;silva      ;15:52
233648                            ;24/03/2025;    ;591629;007;    ;0051510;MERC ASA BRANCA                                   ;(74)98809-8355 ;080;810;PKL6654;       6,37;    0,00;24/03/2025;42;Produto/Quantidade Errada     ;   ;silva      ;15:52
233652                            ;24/03/2025;    ;591696;007;    ;0051311;RANCHO MANDACARU                                  ;(74) 3613-8701 ;010;110;RDN7A69;     890,70;    0,86;24/03/2025;72;PDV FECHADO (HORARIO COM.)    ;   ;silva      ;14:36
233652                            ;24/03/2025;    ;591713;007;    ;0057540;Amorim  Bebidas                                   ;(74)99915-6755 ;010;102;RDN7A69;      55,00;    0,04;24/03/2025;42;Produto/Quantidade Errada     ;   ;silva      ;14:36
233655                            ;24/03/2025;    ;591751;007;    ;0065344;JOSÉ PRIMO                                        ;(74)98841-1619 ;012;012;RPR6D25;      58,50;    0,06;24/03/2025;82;ENDERECO NAO ENCONTRADO       ;   ;aloisio    ;19:27
233666                            ;24/03/2025;    ;591768;007;    ;0063120;MERCADINHO SARAIVA                                ;(74)98827-1221 ;080;810;       ;    3588,00;    0,00;25/03/2025;04;Devolucao NFe                 ;   ;gabriel.jz ;16:17
233666                            ;24/03/2025;    ;591769;007;    ;0063120;MERCADINHO SARAIVA                                ;(74)98827-1221 ;080;810;       ;    1960,00;    0,00;25/03/2025;04;Devolucao NFe                 ;   ;gabriel.jz ;16:17
233667                            ;24/03/2025;    ;591770;007;    ;0063120;MERCADINHO SARAIVA                                ;(74)98827-1221 ;080;810;MSG0C01;    1675,00;    0,00;25/03/2025;08;Mapa nao carregado / nao canc.;   ;gabriel.jz ;16:18
233668                            ;24/03/2025;    ;591771;007;    ;0063120;MERCADINHO SARAIVA                                ;(74)98827-1221 ;080;810;MSG0C01;    1800,00;    0,00;25/03/2025;08;Mapa nao carregado / nao canc.;   ;gabriel.jz ;16:18
233669                            ;24/03/2025;    ;591772;007;    ;0063120;MERCADINHO SARAIVA                                ;(74)98827-1221 ;080;810;MSG0C01;    1800,00;    0,00;25/03/2025;08;Mapa nao carregado / nao canc.;   ;gabriel.jz ;16:19
233670                            ;24/03/2025;    ;591773;007;    ;0063120;MERCADINHO SARAIVA                                ;(74)98827-1221 ;080;810;MSG0C01;    1800,00;    0,00;25/03/2025;08;Mapa nao carregado / nao canc.;   ;gabriel.jz ;16:19
233671                            ;24/03/2025;    ;591774;007;    ;0063120;MERCADINHO SARAIVA                                ;(74)98827-1221 ;080;810;MSG0C01;    1800,00;    0,00;25/03/2025;08;Mapa nao carregado / nao canc.;   ;gabriel.jz ;16:20
233672                            ;24/03/2025;    ;591775;007;    ;0063120;MERCADINHO SARAIVA                                ;(74)98827-1221 ;080;810;MSG0C01;     960,00;    0,00;25/03/2025;08;Mapa nao carregado / nao canc.;   ;gabriel.jz ;16:21
233673                            ;24/03/2025;    ;591776;007;    ;0063120;MERCADINHO SARAIVA                                ;(74)98827-1221 ;080;810;MSG0C01;     270,00;    0,00;25/03/2025;08;Mapa nao carregado / nao canc.;   ;gabriel.jz ;16:22
233674                            ;24/03/2025;    ;591777;007;    ;0063120;MERCADINHO SARAIVA                                ;(74)98827-1221 ;080;810;MSG0C01;   13500,00;    0,00;25/03/2025;08;Mapa nao carregado / nao canc.;   ;gabriel.jz ;16:22
233677                            ;25/03/2025;    ;591849;007;    ;0052814;MINE MERC N.SRA. APA                              ;(74) 3535-0343 ;020;203;OUX3F90;     161,04;    0,48;26/03/2025;72;PDV FECHADO (HORARIO COM.)    ;   ;aloisio    ;18:36
233680                            ;25/03/2025;    ;591971;007;    ;0057445;COM. REI DA GELA                                  ;(74)98873-9039 ;020;201;SKK0A55;    1108,60;    1,27;26/03/2025;42;Produto/Quantidade Errada     ;   ;aloisio    ;19:35
233680                            ;25/03/2025;    ;591983;007;    ;0052575;MERCADINHO ALDO                                   ;(74)98806-0751 ;020;201;SKK0A55;     269,50;    0,34;26/03/2025;72;PDV FECHADO (HORARIO COM.)    ;   ;aloisio    ;19:33
233682                            ;25/03/2025;    ;592079;007;    ;0024014;BAR DO PAQUERA                                    ;(74)98862-9167 ;020;200;SKK9J61;      67,50;    0,03;26/03/2025;42;Produto/Quantidade Errada     ;   ;silva      ;14:49
233683                            ;25/03/2025;    ;592136;007;    ;0054858;BAR DA CLEIDIMAR                                  ;(74)99978-5885 ;010;107;NZM5543;      15,65;    0,01;25/03/2025;42;Produto/Quantidade Errada     ;   ;gabriel.jz ;17:09
233685                            ;25/03/2025;    ;592184;007;    ;0064508;JACARE BAR                                        ;(74)98829-9244 ;010;110;RCQ9D86;     140,72;    0,14;25/03/2025;72;PDV FECHADO (HORARIO COM.)    ;   ;teles      ;19:21
233685                            ;25/03/2025;    ;592185;007;    ;0064508;JACARE BAR                                        ;(74)98829-9244 ;010;110;RCQ9D86;      53,90;    0,06;25/03/2025;72;PDV FECHADO (HORARIO COM.)    ;   ;teles      ;19:21
233691                            ;25/03/2025;    ;592341;007;    ;0065389;JÔNATAS OLIVEIRA                                  ;(11)95476-4693 ;010;102;PKK0690;      10,43;    0,01;25/03/2025;42;Produto/Quantidade Errada     ;   ;gabriel.jz ;18:01
233695                            ;25/03/2025;    ;592395;007;    ;0057082;BAR DO BODINHO                                    ;(74)98848-0396 ;010;108;RDN7A69;     215,60;    0,27;25/03/2025;72;PDV FECHADO (HORARIO COM.)    ;   ;teles      ;18:10
233695                            ;25/03/2025;    ;592396;007;    ;0057082;BAR DO BODINHO                                    ;(74)98848-0396 ;010;108;RDN7A69;      12,28;    0,06;25/03/2025;72;PDV FECHADO (HORARIO COM.)    ;   ;teles      ;18:11
233696                            ;25/03/2025;    ;592415;007;    ;0052940;MERCAD PRECO BOM                                  ;(74)98833-8994 ;010;104;RPR6D25;      13,66;    0,02;25/03/2025;42;Produto/Quantidade Errada     ;DER;gabriel.jz ;17:17
233699                            ;25/03/2025;    ;592500;007;    ;0057038;MERCADINHO L J                                    ;(74)98813-5649 ;010;108;JII1442;      16,98;    0,01;25/03/2025;42;Produto/Quantidade Errada     ;   ;gabriel.jz ;15:59
233727                            ;26/03/2025;    ;592570;007;    ;0065586;DISTRIBUIDORA WA                                  ;(87)99918-9219 ;010;109;NZN0E75;    1391,60;    1,91;27/03/2025;82;ENDERECO NAO ENCONTRADO       ;   ;gabriel.jz ;16:38
233727                            ;26/03/2025;    ;592571;007;    ;0065586;DISTRIBUIDORA WA                                  ;(87)99918-9219 ;010;109;NZN0E75;     107,80;    0,13;27/03/2025;82;ENDERECO NAO ENCONTRADO       ;   ;gabriel.jz ;16:38
233734                            ;26/03/2025;    ;592940;007;    ;0064237;BAR DA CRISLARIA                                  ;(74)99135-2729 ;020;202;NZM4666;      42,04;    0,06;27/03/2025;72;PDV FECHADO (HORARIO COM.)    ;   ;teles      ;19:22
233734                            ;26/03/2025;    ;592962;007;    ;0062127;DRINKS BAR                                        ;(74)98141-4954 ;020;202;NZM4666;       7,83;    0,00;27/03/2025;42;Produto/Quantidade Errada     ;   ;teles      ;19:22
233734                            ;26/03/2025;    ;592989;007;    ;0053970;MERCAD. REIS                                      ;(74)99942-0231 ;020;202;NZM4666;      52,44;    0,12;27/03/2025;42;Produto/Quantidade Errada     ;   ;teles      ;19:22
233737                            ;26/03/2025;    ;593028;007;    ;0056256;DISTRIBUID. TERLICE                               ;(74)98805-4088 ;010;101;PKL6654;       2,61;    0,00;26/03/2025;42;Produto/Quantidade Errada     ;   ;silva      ;16:54
233738                            ;26/03/2025;    ;593050;007;    ;0055494;KANTINHO DO BOM                                   ;(74)99121-2802 ;010;101;PKK0690;    1003,70;    0,93;26/03/2025;73;FALTA DE ATIVOS DE GIRO       ;   ;aloisio    ;19:12
233738                            ;26/03/2025;    ;593051;007;    ;0055494;KANTINHO DO BOM                                   ;(74)99121-2802 ;010;101;PKK0690;      61,40;    0,30;26/03/2025;73;FALTA DE ATIVOS DE GIRO       ;   ;aloisio    ;19:13
233742                            ;26/03/2025;    ;593126;007;    ;0062408;MERCADINHO MIGUEL                                 ;(74)98130-0899 ;010;103;SKK2A65;       6,79;    0,00;26/03/2025;42;Produto/Quantidade Errada     ;   ;silva      ;14:06
233745                            ;26/03/2025;    ;593229;007;    ;0065739;CERVEJEIROS                                       ;(74)98825-2050 ;010;108;OZF1202;    1537,00;    1,93;26/03/2025;72;PDV FECHADO (HORARIO COM.)    ;   ;silva      ;15:37
233745                            ;26/03/2025;    ;593230;007;    ;0065739;CERVEJEIROS                                       ;(74)98825-2050 ;010;108;OZF1202;      12,28;    0,06;26/03/2025;72;PDV FECHADO (HORARIO COM.)    ;   ;silva      ;15:37
233748                            ;26/03/2025;    ;593285;007;    ;0056546;DIST LH                                           ;(74)98843-9033 ;010;101;RDN1D46;       8,80;    0,01;26/03/2025;42;Produto/Quantidade Errada     ;DER;silva      ;11:34
233750                            ;26/03/2025;    ;593316;007;    ;0064726;ATACADAO DO QUEIJO                                ;(74)98836-4061 ;010;103;RDN7A69;     357,48;    0,96;26/03/2025;71;SEM DINHEIRO/CHEQUE           ;   ;silva      ;13:59
233756                            ;26/03/2025;    ;593437;007;    ;0064031;CANTINHO DO SABOR                                 ;(74)99914-2203 ;010;106;KJP6186;       2,66;    0,00;26/03/2025;42;Produto/Quantidade Errada     ;   ;silva      ;16:20
233756                            ;26/03/2025;    ;593438;007;    ;0051915;BAR RASTA FARY                                    ;(74) 8808-0605 ;010;106;KJP6186;    1302,10;    1,87;26/03/2025;71;SEM DINHEIRO/CHEQUE           ;DER;silva      ;16:21
233770                            ;27/03/2025;    ;593472;007;    ;0063268;ATACADAO DAS CARNES                               ;(74)99956-3192 ;020;203;RPJ2H66;     385,85;    1,03;29/03/2025;42;Produto/Quantidade Errada     ;DER;gabriel.jz ;10:13
233770                            ;27/03/2025;    ;593541;007;    ;0057858;DANIEL BEBIDAS                                    ;(74)99814-0505 ;020;203;RPJ2H66;      72,58;    0,27;29/03/2025;42;Produto/Quantidade Errada     ;DER;gabriel.jz ;10:13
233772                            ;27/03/2025;    ;593601;007;    ;0063999;AMANTE DE TODOS                                   ;(74)98844-0039 ;020;200;SJQ9B60;       2,61;    0,00;27/03/2025;42;Produto/Quantidade Errada     ;   ;teles      ;18:20
233773                            ;27/03/2025;    ;593640;007;    ;0051677;ATACADaO DAS BEBIDAS                              ;(74)90000-0000 ;020;200;SKK9J61;     155,70;    0,24;27/03/2025;42;Produto/Quantidade Errada     ;   ;teles      ;19:44
233773                            ;27/03/2025;    ;593658;007;    ;0056864;Comercial Correia                                 ;(74)99147-4499 ;020;200;SKK9J61;     995,66;    1,24;27/03/2025;72;PDV FECHADO (HORARIO COM.)    ;   ;teles      ;19:45
233774                            ;27/03/2025;    ;593685;007;    ;0053367;MERCADINHO COSTA                                  ;(74)99966-9243 ;010;109;RPE4C71;      51,14;    0,04;28/03/2025;42;Produto/Quantidade Errada     ;   ;silva      ;11:44
233782                            ;27/03/2025;    ;593886;007;    ;0065894;BAR DA YANE                                       ;(74)98105-5326 ;010;105;RDJ0G42;     203,06;    0,32;27/03/2025;72;PDV FECHADO (HORARIO COM.)    ;   ;teles      ;19:46
233782                            ;27/03/2025;    ;593893;007;    ;0065464;VENDINHA DO ZE                                    ;(74)99900-2121 ;010;105;RDJ0G42;       8,80;    0,01;27/03/2025;42;Produto/Quantidade Errada     ;   ;teles      ;19:47
233783                            ;27/03/2025;    ;593917;007;    ;0065127;RUTH MARY SANTOS SIL                              ;(74)98807-9931 ;010;105;PKK0690;       4,42;    0,00;27/03/2025;42;Produto/Quantidade Errada     ;   ;teles      ;18:47
233783                            ;27/03/2025;    ;593929;007;    ;0064871;ADEGA SETE                                        ;(74)98833-5351 ;010;110;PKK0690;    2846,72;    4,54;27/03/2025;72;PDV FECHADO (HORARIO COM.)    ;   ;teles      ;18:48
233784                            ;27/03/2025;    ;593952;007;    ;0063794;DISTRIBUIDORA ARAUJO                              ;(74)98838-2148 ;010;102;OVB5042;      53,90;    0,06;27/03/2025;73;FALTA DE ATIVOS DE GIRO       ;   ;gabriel.jz ;16:16
233795                            ;27/03/2025;    ;594199;007;    ;0065816;VIXE PETISCARIA                                   ;(87)98821-9872 ;010;110;LKI1H89;     125,40;    0,13;27/03/2025;71;SEM DINHEIRO/CHEQUE           ;DER;teles      ;18:26
233797                            ;27/03/2025;    ;594257;007;    ;0050995;BARRACA DO TOINHO                                 ;(74) 3867-0877 ;010;107;OFB8B68;     272,80;    0,28;27/03/2025;72;PDV FECHADO (HORARIO COM.)    ;   ;teles      ;18:46
233797                            ;27/03/2025;    ;594258;007;    ;0050995;BARRACA DO TOINHO                                 ;(74) 3867-0877 ;010;107;OFB8B68;      48,00;    0,12;27/03/2025;72;PDV FECHADO (HORARIO COM.)    ;   ;teles      ;18:46
233805                            ;27/03/2025;    ;594276;007;    ;0065888;RESTA BAHAMAS                                     ;(74)98856-0662 ;010;110;       ;    4650,00;    0,00;31/03/2025;03;Devolucao NFe                 ;   ;ediziene   ;10:11
233805                            ;27/03/2025;    ;594277;007;    ;0065888;RESTA BAHAMAS                                     ;(74)98856-0662 ;010;110;       ;    3588,00;    0,00;31/03/2025;03;Devolucao NFe                 ;   ;ediziene   ;10:12
233805                            ;27/03/2025;    ;594278;007;    ;0065888;RESTA BAHAMAS                                     ;(74)98856-0662 ;010;110;       ;    3588,00;    0,00;31/03/2025;03;Devolucao NFe                 ;   ;ediziene   ;10:13
233811                            ;27/03/2025;    ;594279;007;    ;0063440;BOTECO DO REGIS                                   ;(74)98818-8392 ;010;106;       ;    1800,00;    0,00;31/03/2025;03;Devolucao NFe                 ;   ;ediziene   ;10:14
233811                            ;27/03/2025;    ;594280;007;    ;0063440;BOTECO DO REGIS                                   ;(74)98818-8392 ;010;106;       ;    1980,00;    0,00;31/03/2025;03;Devolucao NFe                 ;   ;ediziene   ;10:14
233811                            ;27/03/2025;    ;594281;007;    ;0063440;BOTECO DO REGIS                                   ;(74)98818-8392 ;010;106;       ;     160,00;    0,00;31/03/2025;03;Devolucao NFe                 ;   ;ediziene   ;10:15
233811                            ;27/03/2025;    ;594282;007;    ;0063440;BOTECO DO REGIS                                   ;(74)98818-8392 ;010;106;       ;     320,00;    0,00;31/03/2025;03;Devolucao NFe                 ;   ;ediziene   ;10:15
233824                            ;28/03/2025;    ;594336;007;    ;0063512;SUPER RAMOS 2                                     ;(74)98811-1292 ;020;205;RDC8F64;    1792,36;    4,46;29/03/2025;42;Produto/Quantidade Errada     ;   ;gabriel.jz ;14:03
233824                            ;28/03/2025;    ;594340;007;    ;0054193;BAR DA ISSINHA                                    ;(74)99993-4454 ;020;205;RDC8F64;      40,76;    0,04;29/03/2025;42;Produto/Quantidade Errada     ;DER;gabriel.jz ;14:03
233827                            ;28/03/2025;    ;594512;007;    ;0055512;MERCEARIA DA NEINHA                               ;(74)98848-0824 ;020;200;SJQ9B60;     273,74;    0,55;29/03/2025;86;HORARIO DE ENTREGA            ;   ;gabriel.jz ;13:59
233832                            ;28/03/2025;    ;594657;007;    ;0065333;ADEGA MeT                                         ;(88)98181-3886 ;010;100;OVB5042;      92,42;    0,07;28/03/2025;71;SEM DINHEIRO/CHEQUE           ;   ;silva      ;17:53
233832                            ;28/03/2025;    ;594658;007;    ;0065333;ADEGA MeT                                         ;(88)98181-3886 ;010;100;OVB5042;      22,43;    0,04;28/03/2025;71;SEM DINHEIRO/CHEQUE           ;   ;silva      ;17:53
233836                            ;28/03/2025;    ;594799;007;    ;0063105;REI DO DOG OFICIAL J                              ;(87)99809-6128 ;010;110;SKK2A65;     608,16;    1,40;28/03/2025;42;Produto/Quantidade Errada     ;DER;silva      ;18:03
233839                            ;28/03/2025;    ;594877;007;    ;0055829;REST SABOR BAIANO                                 ;(74)98831-4550 ;010;105;RDJ0G42;     165,26;    0,19;28/03/2025;42;Produto/Quantidade Errada     ;   ;silva      ;17:23
233840                            ;28/03/2025;    ;594901;007;    ;0054655;POINT DA EDI                                      ;(74)98843-8852 ;010;105;PKK0690;     140,00;    0,13;28/03/2025;42;Produto/Quantidade Errada     ;   ;aloisio    ;18:16
233841                            ;28/03/2025;    ;594913;007;    ;0063508;LANCHONETE E RESTAUR                              ;(74)98819-8953 ;010;104;SKK9J61;     107,80;    0,13;28/03/2025;50;CARGA ERRADA ARMAZEM          ;   ;silva      ;17:57
233848                            ;28/03/2025;    ;595060;007;    ;0064824;LUCIRENE DIST                                     ;(74)99989-0991 ;010;103;RDN7A69;     107,80;    0,13;28/03/2025;87;TEMPO INSUFICIENTE            ;   ;aloisio    ;18:39
233848                            ;28/03/2025;    ;595061;007;    ;0065034;MERCADINHO SANTOS                                 ;(74)98856-2050 ;010;103;RDN7A69;      20,94;    0,04;28/03/2025;87;TEMPO INSUFICIENTE            ;   ;aloisio    ;18:39
233848                            ;28/03/2025;    ;595063;007;    ;0062957;MERCEARIA                                         ;(74)99930-1431 ;010;103;RDN7A69;     343,60;    0,48;28/03/2025;87;TEMPO INSUFICIENTE            ;   ;aloisio    ;18:38
233848                            ;28/03/2025;    ;595066;007;    ;0064607;LOREN DISTRIBUIDORA                               ;(74)99970-9108 ;010;103;RDN7A69;     431,20;    0,55;28/03/2025;87;TEMPO INSUFICIENTE            ;   ;aloisio    ;18:40
233852                            ;28/03/2025;    ;595167;007;    ;0054632;BAR E RESTAURANTE UA                              ;(74)99918-6274 ;010;107;KJP3656;     314,98;    0,55;28/03/2025;71;SEM DINHEIRO/CHEQUE           ;   ;aloisio    ;18:27
233852                            ;28/03/2025;    ;595168;007;    ;0054632;BAR E RESTAURANTE UA                              ;(74)99918-6274 ;010;107;KJP3656;       2,61;    0,00;28/03/2025;71;SEM DINHEIRO/CHEQUE           ;   ;aloisio    ;18:28
233862                            ;28/03/2025;    ;595184;007;    ;0029043;CDR CAMACARI                                      ;(19) 3313-7039 ;085;998;       ;   49812,00;    0,00;28/03/2025;73;FALTA DE ATIVOS DE GIRO       ;   ;aloisio    ;18:34
233869                            ;29/03/2025;    ;595288;007;    ;0058646;MERCEARIA SOARES                                  ;(74)98835-4220 ;010;103;OZF1202;     539,00;    0,69;29/03/2025;71;SEM DINHEIRO/CHEQUE           ;   ;gabriel.jz ;13:36
233873                            ;29/03/2025;    ;595381;007;    ;0000605;SORVET  BOLA DE NEVE                              ;(74)98805-7064 ;010;105;PKK0690;     976,36;    1,47;29/03/2025;50;CARGA ERRADA ARMAZEM          ;   ;gabriel.jz ;15:27
233873                            ;29/03/2025;    ;595382;007;    ;0000605;SORVET  BOLA DE NEVE                              ;(74)98805-7064 ;010;105;PKK0690;      26,06;    0,12;29/03/2025;50;CARGA ERRADA ARMAZEM          ;   ;gabriel.jz ;15:28
233875                            ;29/03/2025;    ;595422;007;    ;0063428;REINO DO DOG LOJA 3                               ;(43)90000-0000 ;010;103;OUG2987;     203,52;    0,32;29/03/2025;71;SEM DINHEIRO/CHEQUE           ;   ;gabriel.jz ;13:57
233876                            ;29/03/2025;    ;595455;007;    ;0053384;PANIFICADORA ESTRELA                              ;(74)98809-5888 ;010;105;RDJ0G42;     158,80;    0,23;29/03/2025;71;SEM DINHEIRO/CHEQUE           ;   ;gabriel.jz ;15:50
233876                            ;29/03/2025;    ;595457;007;    ;0065611;CONVENIÊNCIA VITORIA                              ;(74)98156-0550 ;010;105;RDJ0G42;     141,96;    0,40;29/03/2025;71;SEM DINHEIRO/CHEQUE           ;   ;gabriel.jz ;15:49
233879                            ;29/03/2025;    ;595539;007;    ;0057559;Andreza Distribuidor                              ;(74)98145-8727 ;010;104;LKI1H89;     539,00;    0,69;29/03/2025;73;FALTA DE ATIVOS DE GIRO       ;   ;gabriel.jz ;14:01
233899                            ;31/03/2025;    ;595624;007;    ;0064906;SUPERMERCADO OPCAO F                              ;(74)99965-9033 ;020;203;OUX8B81;      98,46;    0,36;01/04/2025;42;Produto/Quantidade Errada     ;   ;aloisio    ;14:32
233899                            ;31/03/2025;    ;595625;007;    ;0064906;SUPERMERCADO OPCAO F                              ;(74)99965-9033 ;020;203;OUX8B81;       5,47;    0,01;01/04/2025;42;Produto/Quantidade Errada     ;   ;aloisio    ;14:33
233902                            ;31/03/2025;    ;595736;007;    ;0061022;MERCADINHO OPCAO                                  ;(74)99971-0689 ;020;203;RDC8F64;      33,75;    0,01;01/04/2025;42;Produto/Quantidade Errada     ;   ;aloisio    ;14:54
233903                            ;31/03/2025;    ;595766;007;    ;0050184;MERCADINHO SAO JORGE                              ;(74)99192-9452 ;020;204;SJQ6G42;     177,76;    0,20;02/04/2025;72;PDV FECHADO (HORARIO COM.)    ;   ;gabriel.jz ;11:30
233903                            ;31/03/2025;    ;595808;007;    ;0057458;Padaria Cantin Do Pa                              ;(74)99158-5110 ;020;204;SJQ6G42;     488,28;    1,01;02/04/2025;42;Produto/Quantidade Errada     ;   ;gabriel.jz ;11:29
233906                            ;31/03/2025;    ;595915;007;    ;0050060;MERCD.  BARBOSA                                   ;(74)98140-0476 ;020;204;RCQ9D86;      25,20;    0,02;01/04/2025;42;Produto/Quantidade Errada     ;   ;aloisio    ;13:21
233908                            ;31/03/2025;    ;595966;007;    ;0064223;PEDRO HENRRIQUE DE J                              ;(74)98827-9311 ;020;201;RPP7B52;     162,10;    0,09;01/04/2025;72;PDV FECHADO (HORARIO COM.)    ;   ;aloisio    ;14:51
233909                            ;31/03/2025;    ;596018;007;    ;0050992;PIRI CENTER                                       ;(74) 3523-8024 ;020;202;NZM4666;      27,36;    0,12;01/04/2025;50;CARGA ERRADA ARMAZEM          ;   ;aloisio    ;17:55
233910                            ;31/03/2025;    ;596096;007;    ;0054040;BAR DO GENESIO.                                   ;(74)98833-4043 ;020;201;NZM9993;       2,61;    0,00;01/04/2025;42;Produto/Quantidade Errada     ;   ;aloisio    ;13:25
233912                            ;31/03/2025;    ;596145;007;    ;0064402;BAR JD                                            ;(74)98804-7537 ;010;108;OZE4956;     156,80;    0,24;31/03/2025;42;Produto/Quantidade Errada     ;   ;gabriel.jz ;16:25
233912                            ;31/03/2025;    ;596146;007;    ;0050643;MERCADINHO ALMEIDA                                ;(74) 3617-3068 ;010;108;OZE4956;     924,30;    1,17;31/03/2025;73;FALTA DE ATIVOS DE GIRO       ;   ;gabriel.jz ;16:25
233912                            ;31/03/2025;    ;596147;007;    ;0050643;MERCADINHO ALMEIDA                                ;(74) 3617-3068 ;010;108;OZE4956;      51,32;    0,04;31/03/2025;73;FALTA DE ATIVOS DE GIRO       ;   ;gabriel.jz ;16:26
233917                            ;31/03/2025;    ;596235;007;    ;0062294;ESPETINHO DA GALEGA                               ;(87)99186-1666 ;010;110;OZF1202;      49,12;    0,24;31/03/2025;50;CARGA ERRADA ARMAZEM          ;   ;gabriel.jz ;15:18
233917                            ;31/03/2025;    ;596246;007;    ;0057779;DISTRIBUIDORAANNITA                               ;(74)98127-5466 ;010;103;OZF1202;    1078,00;    1,38;31/03/2025;72;PDV FECHADO (HORARIO COM.)    ;   ;gabriel.jz ;15:18
233920                            ;31/03/2025;    ;596308;007;    ;0062613;DESTRIBUIDORA DA NIL                              ;(74)98829-0429 ;010;101;RDN7A69;     743,70;    0,99;31/03/2025;42;Produto/Quantidade Errada     ;   ;gabriel.jz ;11:26
233922                            ;31/03/2025;    ;596330;007;    ;0052401;GPS BAR                                           ;(74) 3611-3919 ;010;110;RPR6D25;     539,00;    0,69;31/03/2025;72;PDV FECHADO (HORARIO COM.)    ;DER;teles      ;18:41
233950                            ;31/03/2025;    ;596346;007;    ;0064550;LANCHONETE PREDILETA                              ;(74)98802-1861 ;010;103;RDN1D46;      18,38;    0,02;01/04/2025;72;PDV FECHADO (HORARIO COM.)    ;   ;aloisio    ;15:21
