Mapa                     ;Data;Unb Nota;Nota;Serie;Unb Cliente;Cod. Cliente;Nome Cliente;Telefone;Area;Setor;Placa;Valor;Volume;Data Devol.;Cod. Motivo;Desc. Motivo;Orig. Pedido;Usuario;Hora 
021651                            ;02/05/2026;    ;328285;003;    ;0050280;DISTRIBUIDORA SAO JO                              ;(07)59845-5470 ;030;304;SJQ8D11;    4757,45;    5,29;04/05/2026;71;SEM DINHEIRO/CHEQUE           ;   ;emerson.al ;18:14
021651                            ;02/05/2026;    ;328286;003;    ;0050280;DISTRIBUIDORA SAO JO                              ;(07)59845-5470 ;030;304;SJQ8D11;      75,90;    0,06;04/05/2026;71;SEM DINHEIRO/CHEQUE           ;   ;emerson.al ;18:14
021651                            ;02/05/2026;    ;328287;003;    ;0050705;CA DISTRIBUIDORA                                  ;(75)99829-3508 ;020;209;SJQ8D11;    3291,55;    4,14;04/05/2026;71;SEM DINHEIRO/CHEQUE           ;   ;emerson.al ;18:13
021699                            ;04/05/2026;    ;328437;003;    ;0040332;CANTINHO DA ROCA                                  ;(75)99994-2585 ;020;206;SKS9J44;     411,30;    0,43;04/05/2026;86;HORARIO DE ENTREGA            ;   ;tailan.al  ;21:06
021699                            ;04/05/2026;    ;328438;003;    ;0040338;BAR DO ZE EDI                                     ;(75)99908-3569 ;020;206;SKS9J44;     350,88;    0,43;04/05/2026;86;HORARIO DE ENTREGA            ;   ;tailan.al  ;21:07
021701                            ;04/05/2026;    ;328520;003;    ;0019479;BAR JS                                            ;(75)99941-6026 ;020;208;TMM3F04;     189,18;    0,22;04/05/2026;72;PDV FECHADO (HORARIO COM.)    ;   ;tailan.al  ;18:44
021701                            ;04/05/2026;    ;328521;003;    ;0019479;BAR JS                                            ;(75)99941-6026 ;020;208;TMM3F04;      22,40;    0,00;04/05/2026;72;PDV FECHADO (HORARIO COM.)    ;   ;tailan.al  ;18:44
021701                            ;04/05/2026;    ;328525;003;    ;0060402;DEPOSITO DA PRACA                                 ;(17)19616-7289 ;020;208;TMM3F04;    1427,95;    1,85;04/05/2026;72;PDV FECHADO (HORARIO COM.)    ;   ;tailan.al  ;18:43
021701                            ;04/05/2026;    ;328526;003;    ;0060402;DEPOSITO DA PRACA                                 ;(17)19616-7289 ;020;208;TMM3F04;      26,62;    0,02;04/05/2026;72;PDV FECHADO (HORARIO COM.)    ;   ;tailan.al  ;18:43
021701                            ;04/05/2026;    ;328529;003;    ;0060631;BAR DO EDINHO                                     ;(07)19707-2634 ;020;201;TMM3F04;     294,88;    0,40;04/05/2026;72;PDV FECHADO (HORARIO COM.)    ;   ;tailan.al  ;18:43
021703                            ;04/05/2026;    ;328574;003;    ;0018470;JM DISTRIBUIDORA                                  ;(75)98115-6211 ;030;305;SJQ7E10;    3234,00;    4,14;04/05/2026;71;SEM DINHEIRO/CHEQUE           ;   ;tailan.al  ;20:30
021705                            ;04/05/2026;    ;328631;003;    ;0018403;MERCADO MENOR PRECO                               ;(71)99996-2219 ;010;108;SJQ0C73;     435,70;    0,43;04/05/2026;71;SEM DINHEIRO/CHEQUE           ;   ;romario.al ;16:27
021705                            ;04/05/2026;    ;328634;003;    ;0092711;BAR DA ANDREIA                                    ;(42)31000-0000 ;010;108;SJQ0C73;     412,28;    0,59;04/05/2026;72;PDV FECHADO (HORARIO COM.)    ;   ;romario.al ;16:28
021706                            ;04/05/2026;    ;328686;003;    ;0048545;JL LANCHES                                        ;               ;010;101;SKS3C50;     121,46;    0,18;04/05/2026;72;PDV FECHADO (HORARIO COM.)    ;   ;romario.al ;15:40
021706                            ;04/05/2026;    ;328687;003;    ;0048545;JL LANCHES                                        ;               ;010;101;SKS3C50;      13,53;    0,06;04/05/2026;72;PDV FECHADO (HORARIO COM.)    ;   ;romario.al ;15:39
021706                            ;04/05/2026;    ;328692;003;    ;0020484;NOVO POINT                                        ;(71)99621-9894 ;010;108;SKS3C50;     301,70;    0,46;04/05/2026;72;PDV FECHADO (HORARIO COM.)    ;   ;romario.al ;15:39
021708                            ;04/05/2026;    ;328711;003;    ;0020715;PINNGO DISTRIBUIDORA                              ;(75)99885-1894 ;030;306;SJQ3B63;    2193,29;    1,83;04/05/2026;76;Produto Proximo ao Vencimento ;   ;romario.al ;17:29
021708                            ;04/05/2026;    ;328712;003;    ;0020715;PINNGO DISTRIBUIDORA                              ;(75)99885-1894 ;030;306;SJQ3B63;      32,20;    0,12;04/05/2026;76;Produto Proximo ao Vencimento ;   ;romario.al ;17:28
021709                            ;04/05/2026;    ;328727;003;    ;0021297;HILDEMAR DE SOUZA NA                              ;(43)90000-0000 ;090;997;SJQ4A23;     356,88;    0,07;04/05/2026;46;Endereco Nao Encontrado       ;   ;romario.al ;17:18
021709                            ;04/05/2026;    ;328728;003;    ;0021297;HILDEMAR DE SOUZA NA                              ;(43)90000-0000 ;090;997;SJQ4A23;     610,26;    0,77;04/05/2026;46;Endereco Nao Encontrado       ;   ;romario.al ;17:20
021709                            ;04/05/2026;    ;328729;003;    ;0021297;HILDEMAR DE SOUZA NA                              ;(43)90000-0000 ;090;997;SJQ4A23;      48,21;    0,10;04/05/2026;46;Endereco Nao Encontrado       ;   ;romario.al ;17:20
021710                            ;04/05/2026;    ;328763;003;    ;0018750;FENIX BAR                                         ;(75)99977-0852 ;020;206;SJQ1F85;     253,92;    0,42;05/05/2026;37;PDV Fechado                   ;   ;romario.al ;15:41
021710                            ;04/05/2026;    ;328785;003;    ;0040092;MF                                                ;(75)99809-6880 ;030;304;SJQ1F85;    1086,49;    1,77;05/05/2026;58;Carga Errada                  ;   ;romario.al ;15:44
021711                            ;04/05/2026;    ;328792;003;    ;0020727;JN DISTRIBUIDORA                                  ;(75)99928-2348 ;020;203;SJQ1F85;    2062,20;    0,00;05/05/2026;93;DEVOLUCAO DE COMODATO         ;   ;romario.al ;16:36
021712                            ;04/05/2026;    ;328799;003;    ;0047053;MERCEARIA DA EVA                                  ;(75)98251-8457 ;010;106;SJQ5E98;    1317,98;    1,56;04/05/2026;71;SEM DINHEIRO/CHEQUE           ;   ;tailan.al  ;20:08
021714                            ;04/05/2026;    ;328881;003;    ;0019983;VITORIA SANTANA                                   ;(71)99252-8108 ;020;204;TMM5E06;     106,05;    0,18;04/05/2026;42;Produto/Quantidade Errada     ;   ;tailan.al  ;20:10
021714                            ;04/05/2026;    ;328884;003;    ;0050226;CHURRASCARIA BARROS                               ;(75)90000-0000 ;020;204;TMM5E06;     217,62;    0,57;04/05/2026;71;SEM DINHEIRO/CHEQUE           ;   ;tailan.al  ;20:10
021714                            ;04/05/2026;    ;328885;003;    ;0027466;POINT FIM DE TARDE                                ;(75)98257-2205 ;010;104;TMM5E06;     374,86;    0,45;04/05/2026;42;Produto/Quantidade Errada     ;   ;tailan.al  ;20:09
021716                            ;04/05/2026;    ;328943;003;    ;0053868;BAR DA LIU                                        ;(75)99297-1561 ;010;105;TMM9J07;     106,54;    0,10;04/05/2026;71;SEM DINHEIRO/CHEQUE           ;   ;tailan.al  ;20:13
021716                            ;04/05/2026;    ;328944;003;    ;0053868;BAR DA LIU                                        ;(75)99297-1561 ;010;105;TMM9J07;      69,54;    0,03;04/05/2026;71;SEM DINHEIRO/CHEQUE           ;   ;tailan.al  ;20:14
021716                            ;04/05/2026;    ;328948;003;    ;0043710;QUERO PAO                                         ;(75)98355-6834 ;010;105;TMM9J07;    1200,52;    2,58;04/05/2026;87;TEMPO INSUFICIENTE            ;   ;tailan.al  ;20:13
021718                            ;04/05/2026;    ;328975;003;    ;0047212;LIRIOS BAR                                        ;(71)99696-4424 ;010;109;PJX0435;     267,58;    0,30;04/05/2026;71;SEM DINHEIRO/CHEQUE           ;   ;romario.al ;17:39
021718                            ;04/05/2026;    ;328983;003;    ;0020307;MERCEARIA LANCHE DEU                              ;(77)99809-3440 ;010;101;PJX0435;     215,60;    0,27;04/05/2026;72;PDV FECHADO (HORARIO COM.)    ;   ;romario.al ;17:40
021718                            ;04/05/2026;    ;328984;003;    ;0020307;MERCEARIA LANCHE DEU                              ;(77)99809-3440 ;010;101;PJX0435;      34,76;    0,04;04/05/2026;72;PDV FECHADO (HORARIO COM.)    ;   ;romario.al ;17:41
021719                            ;04/05/2026;    ;328994;003;    ;0056671;SOL PANIFICAa‡a O E                               ;(75)99230-5419 ;010;107;NYM9I27;     179,37;    0,31;04/05/2026;71;SEM DINHEIRO/CHEQUE           ;   ;tailan.al  ;18:24
021719                            ;04/05/2026;    ;328995;003;    ;0050786;BAR SKINA DRINK S                                 ;(75)99995-6165 ;010;107;NYM9I27;     400,86;    0,36;04/05/2026;72;PDV FECHADO (HORARIO COM.)    ;   ;tailan.al  ;18:24
021719                            ;04/05/2026;    ;329013;003;    ;0021143;ACARAJE DA SIL                                    ;(75)98137-8954 ;010;107;NYM9I27;     266,36;    0,33;04/05/2026;72;PDV FECHADO (HORARIO COM.)    ;   ;tailan.al  ;18:24
021719                            ;04/05/2026;    ;329014;003;    ;0018671;TO NO BABA BEER                                   ;(75)98867-6321 ;010;111;NYM9I27;     107,51;    0,07;04/05/2026;72;PDV FECHADO (HORARIO COM.)    ;   ;tailan.al  ;18:23
021720                            ;04/05/2026;    ;329040;003;    ;0084177;PANIFICACAO CENTRAL                               ;(75)56656-5656 ;010;110;SKB4I83;    1835,15;    2,74;04/05/2026;47;Dificil Acesso                ;   ;tailan.al  ;20:33
021748                            ;05/05/2026;    ;329157;003;    ;0034248;DEPOSITO GELA GUELA                               ;(75)99958-7880 ;030;305;SKS2H93;    2398,40;    2,59;05/05/2026;73;FALTA DE ATIVOS DE GIRO       ;   ;emerson.al ;21:13
021749                            ;05/05/2026;    ;329176;003;    ;0018934;QUIOSQUE DO VICENTE                               ;(75)99887-9647 ;020;202;SKS7B90;     236,84;    0,32;07/05/2026;72;PDV FECHADO (HORARIO COM.)    ;   ;emerson.al ;20:54
021749                            ;05/05/2026;    ;329181;003;    ;0030233;PONTA DE INHAMBUPE H                              ;(75)99884-7467 ;020;202;SKS7B90;     273,12;    0,06;07/05/2026;71;SEM DINHEIRO/CHEQUE           ;   ;emerson.al ;20:55
021749                            ;05/05/2026;    ;329187;003;    ;0040160;BAR BEIRA RIO BAIXIO                              ;(75)99998-3846 ;020;203;SKS7B90;     552,04;    0,63;07/05/2026;82;ENDERECO NAO ENCONTRADO       ;   ;emerson.al ;20:54
021749                            ;05/05/2026;    ;329192;003;    ;0020551;BAR DA IARA                                       ;(75)99831-3693 ;020;208;SKS7B90;     466,62;    0,50;07/05/2026;85;DIFICIL ACESSO                ;   ;emerson.al ;20:55
021754                            ;05/05/2026;    ;329315;003;    ;0020702;ATAKADO DAS BEBIDAS                               ;(71)99938-3273 ;030;306;SJQ3B12;     858,60;    0,75;05/05/2026;71;SEM DINHEIRO/CHEQUE           ;   ;emerson.al ;19:32
021754                            ;05/05/2026;    ;329316;003;    ;0020702;ATAKADO DAS BEBIDAS                               ;(71)99938-3273 ;030;306;SJQ3B12;     276,48;    0,36;05/05/2026;71;SEM DINHEIRO/CHEQUE           ;   ;emerson.al ;19:32
021754                            ;05/05/2026;    ;329320;003;    ;0033247;MERC CARINA                                       ;(71)99910-7267 ;010;109;SJQ3B12;     126,21;    0,32;05/05/2026;58;Carga Errada                  ;   ;emerson.al ;19:32
021755                            ;05/05/2026;    ;329338;003;    ;0032116;SUPERMERCADO DELICIA                              ;(75) 3247-2021 ;030;305;SJQ7E10;    2652,39;    4,25;05/05/2026;87;TEMPO INSUFICIENTE            ;   ;emerson.al ;19:51
021755                            ;05/05/2026;    ;329341;003;    ;0092387;MERCEARIA DA SIMONE                               ;(75)98162-1896 ;010;106;SJQ7E10;     582,20;    0,84;05/05/2026;46;Endereco Nao Encontrado       ;   ;emerson.al ;19:50
021756                            ;05/05/2026;    ;329362;003;    ;0039703;JOCIVAL DE JESUS                                  ;(75)98142-5368 ;010;106;SJQ1F85;     177,50;    0,21;06/05/2026;47;Dificil Acesso                ;   ;romario.al ;17:06
021756                            ;05/05/2026;    ;329363;003;    ;0039703;JOCIVAL DE JESUS                                  ;(75)98142-5368 ;010;106;SJQ1F85;      50,81;    0,06;06/05/2026;47;Dificil Acesso                ;   ;romario.al ;17:05
021758                            ;05/05/2026;    ;329417;003;    ;0041100;QUIOSQUE CANTINHO DA                              ;(71)98192-4150 ;010;103;TMM3F04;     437,51;    0,54;05/05/2026;71;SEM DINHEIRO/CHEQUE           ;   ;emerson.al ;19:34
021760                            ;05/05/2026;    ;329472;003;    ;0021329;LAUGE 57                                          ;(71)98127-3807 ;020;209;TMM9J07;     486,65;    0,43;05/05/2026;72;PDV FECHADO (HORARIO COM.)    ;   ;emerson.al ;19:43
021761                            ;05/05/2026;    ;329510;003;    ;0039294;QUIOSQUE DA PRACA                                 ;(22)99982-3123 ;010;111;TMM4F43;     756,27;    0,89;05/05/2026;64;SEM VASILHAME                 ;   ;emerson.al ;19:55
021763                            ;05/05/2026;    ;329614;003;    ;0051475;BAR 2 DE JULHO                                    ;(75)98332-0140 ;010;111;PJX0435;     117,00;    0,13;05/05/2026;72;PDV FECHADO (HORARIO COM.)    ;   ;romario.al ;16:59
021764                            ;05/05/2026;    ;329653;003;    ;0052466;DBD TRAILER                                       ;(75)98822-7715 ;010;110;NYM9I27;     969,04;    1,11;05/05/2026;39;Cliente Cancelou.             ;   ;romario.al ;16:55
021764                            ;05/05/2026;    ;329654;003;    ;0052466;DBD TRAILER                                       ;(75)98822-7715 ;010;110;NYM9I27;     215,02;    0,14;05/05/2026;39;Cliente Cancelou.             ;   ;romario.al ;16:54
021764                            ;05/05/2026;    ;329658;003;    ;0083151;BAR DO BELO                                       ;(75)98361-3529 ;010;111;NYM9I27;     596,00;    0,60;05/05/2026;81;PRODUTO DANIFICADO / FALTA    ;   ;romario.al ;16:57
021764                            ;05/05/2026;    ;329659;003;    ;0025992;BOMB ALIANcA                                      ;(75)99900-0915 ;010;111;NYM9I27;      28,08;    0,04;05/05/2026;81;PRODUTO DANIFICADO / FALTA    ;   ;romario.al ;16:57
021765                            ;05/05/2026;    ;329286;003;    ;0029189;CHURRASQUINHO B                                   ;(71)99908-9874 ;010;109;SJQ0C73;    3468,66;    0,00;05/05/2026;50;CARGA ERRADA ARMAZEM          ;   ;romario.al ;17:39
021772                            ;06/05/2026;    ;329672;003;    ;0036599;IMPERIO DA BEBIDA                                 ;(71)99608-1211 ;010;109;NZF6F00;    3535,53;    4,27;07/05/2026;45;Tempo Insuficiente.           ;   ;romario.al ;14:13
021772                            ;06/05/2026;    ;329673;003;    ;0036599;IMPERIO DA BEBIDA                                 ;(71)99608-1211 ;010;109;NZF6F00;      43,13;    0,01;07/05/2026;45;Tempo Insuficiente.           ;   ;romario.al ;14:12
021772                            ;06/05/2026;    ;329674;003;    ;0029035;DEPOSITO DO SOARES                                ;(71)99692-3676 ;030;306;NZF6F00;     506,04;    0,39;07/05/2026;45;Tempo Insuficiente.           ;   ;romario.al ;14:14
021772                            ;06/05/2026;    ;329675;003;    ;0029035;DEPOSITO DO SOARES                                ;(71)99692-3676 ;030;306;NZF6F00;   10007,70;   10,67;07/05/2026;45;Tempo Insuficiente.           ;   ;romario.al ;14:12
021772                            ;06/05/2026;    ;329676;003;    ;0046413;SUPERMERCADO ATRATIV                              ;(71)99634-2663 ;030;306;NZF6F00;    2238,81;    4,37;07/05/2026;45;Tempo Insuficiente.           ;   ;romario.al ;14:14
021772                            ;06/05/2026;    ;329677;003;    ;0087394;BARRACA ZE LUIZ                                   ;(71) 3199-9002 ;010;108;NZF6F00;    3372,49;    4,86;07/05/2026;45;Tempo Insuficiente.           ;   ;romario.al ;14:11
021772                            ;06/05/2026;    ;329678;003;    ;0087394;BARRACA ZE LUIZ                                   ;(71) 3199-9002 ;010;108;NZF6F00;     148,16;    0,08;07/05/2026;45;Tempo Insuficiente.           ;   ;romario.al ;14:10
021778                            ;06/05/2026;    ;329910;003;    ;0030301;BARRACA TIA SOL                                   ;(71)99665-1333 ;020;202;SKS5C26;     309,74;    0,33;07/05/2026;72;PDV FECHADO (HORARIO COM.)    ;   ;romario.al ;16:15
021779                            ;06/05/2026;    ;329925;003;    ;0020943;MERCADO SANTOS                                    ;(75)99807-5059 ;010;104;SJQ8D11;     308,73;    0,32;07/05/2026;46;Endereco Nao Encontrado       ;   ;emerson.al ;20:13
021779                            ;06/05/2026;    ;329955;003;    ;0050675;ADEGA DA NICE                                     ;(75)99107-0721 ;020;204;SJQ8D11;    1755,82;    1,85;07/05/2026;41;Sem Vasilhame.                ;   ;emerson.al ;20:12
021779                            ;06/05/2026;    ;329956;003;    ;0050675;ADEGA DA NICE                                     ;(75)99107-0721 ;020;204;SJQ8D11;     831,89;    1,05;07/05/2026;41;Sem Vasilhame.                ;   ;emerson.al ;20:12
021779                            ;06/05/2026;    ;329957;003;    ;0050675;ADEGA DA NICE                                     ;(75)99107-0721 ;020;204;SJQ8D11;     656,12;    0,69;07/05/2026;41;Sem Vasilhame.                ;   ;emerson.al ;20:12
021783                            ;06/05/2026;    ;330136;003;    ;0020690;BAR POINT DO PARRUDO                              ;(75)98286-4590 ;010;106;SJQ7E10;     359,40;    0,44;06/05/2026;55;QUALIDADE DO PRODUTO          ;   ;tailan.al  ;20:02
021786                            ;06/05/2026;    ;330272;003;    ;0019698;DR DISTRIBUIDORA                                  ;(75)99952-2955 ;020;209;TMM3F04;    1490,62;    1,85;06/05/2026;87;TEMPO INSUFICIENTE            ;   ;tailan.al  ;20:16
021787                            ;06/05/2026;    ;330308;003;    ;0051138;BAR E PETISCARIA PL                               ;(75)98288-4060 ;010;105;TMM4F43;     145,10;    0,30;06/05/2026;71;SEM DINHEIRO/CHEQUE           ;   ;tailan.al  ;18:56
021789                            ;06/05/2026;    ;330358;003;    ;0021247;BAR FERNANDO                                      ;(75)99714-0528 ;020;209;TMM9J07;     355,59;    0,35;06/05/2026;72;PDV FECHADO (HORARIO COM.)    ;   ;tailan.al  ;20:12
021789                            ;06/05/2026;    ;330373;003;    ;0019228;BAR DA PRAÇA                                      ;(11)98160-7139 ;020;209;TMM9J07;     373,89;    0,49;06/05/2026;72;PDV FECHADO (HORARIO COM.)    ;   ;tailan.al  ;20:12
021789                            ;06/05/2026;    ;330378;003;    ;0050487;MERCADO DO BETINHO                                ;(75)99944-5661 ;020;209;TMM9J07;     702,73;    1,03;06/05/2026;72;PDV FECHADO (HORARIO COM.)    ;   ;tailan.al  ;20:12
021790                            ;06/05/2026;    ;330382;003;    ;0019123;RESTAURANTE SILVA                                 ;(75)99896-7335 ;010;107;SKB4I83;     406,56;    0,42;06/05/2026;71;SEM DINHEIRO/CHEQUE           ;   ;romario.al ;15:04
021791                            ;06/05/2026;    ;330445;003;    ;0040194;lanchonete ki sabore                              ;(75)98132-8236 ;020;203;PJX0435;     163,11;    0,11;07/05/2026;72;PDV FECHADO (HORARIO COM.)    ;   ;romario.al ;15:21
021791                            ;06/05/2026;    ;330449;003;    ;0040344;BAR DA RAY                                        ;(75)99840-9883 ;020;203;PJX0435;     161,70;    0,20;07/05/2026;71;SEM DINHEIRO/CHEQUE           ;   ;romario.al ;15:21
021791                            ;06/05/2026;    ;330453;003;    ;0040429;BAR DA CREUZA                                     ;(75)99877-4265 ;020;203;PJX0435;     480,87;    0,53;07/05/2026;72;PDV FECHADO (HORARIO COM.)    ;   ;romario.al ;15:22
021791                            ;06/05/2026;    ;330454;003;    ;0040429;BAR DA CREUZA                                     ;(75)99877-4265 ;020;203;PJX0435;      16,10;    0,06;07/05/2026;72;PDV FECHADO (HORARIO COM.)    ;   ;romario.al ;15:22
021792                            ;06/05/2026;    ;330479;003;    ;0019717;POINT DOS AMIGOS                                  ;(71)99925-4333 ;010;108;TMU6H51;     177,50;    0,21;07/05/2026;45;Tempo Insuficiente.           ;   ;romario.al ;14:16
021792                            ;06/05/2026;    ;330495;003;    ;0030456;BOX DA MIRIAM                                     ;(71) 9953-3097 ;010;108;TMU6H51;     196,80;    0,21;07/05/2026;72;PDV FECHADO (HORARIO COM.)    ;   ;romario.al ;14:18
021792                            ;06/05/2026;    ;330501;003;    ;0083570;MERC.MENOR PRECO                                  ;(71)99716-4029 ;010;108;TMU6H51;     186,24;    0,48;07/05/2026;45;Tempo Insuficiente.           ;   ;romario.al ;14:17
021792                            ;06/05/2026;    ;330502;003;    ;0082650;TRAILER PALADAR                                   ;(71)99923-2090 ;010;108;TMU6H51;     459,80;    0,43;07/05/2026;45;Tempo Insuficiente.           ;   ;romario.al ;14:17
021792                            ;06/05/2026;    ;330503;003;    ;0023667;DISTRIBUIDOR PEREIRA                              ;(71)99612-5042 ;030;306;TMU6H51;     122,77;    0,30;07/05/2026;45;Tempo Insuficiente.           ;   ;romario.al ;14:20
021792                            ;06/05/2026;    ;330504;003;    ;0023667;DISTRIBUIDOR PEREIRA                              ;(71)99612-5042 ;030;306;TMU6H51;      30,72;    0,12;07/05/2026;45;Tempo Insuficiente.           ;   ;romario.al ;14:20
021792                            ;06/05/2026;    ;330505;003;    ;0019739;EMPÓRIO BEBIDAS                                   ;(71)99636-0532 ;010;109;TMU6H51;     112,34;    0,21;07/05/2026;45;Tempo Insuficiente.           ;   ;romario.al ;14:18
021792                            ;06/05/2026;    ;330506;003;    ;0019739;EMPÓRIO BEBIDAS                                   ;(71)99636-0532 ;010;109;TMU6H51;     161,70;    0,20;07/05/2026;45;Tempo Insuficiente.           ;   ;romario.al ;14:19
021792                            ;06/05/2026;    ;330507;003;    ;0044700;BAR DA INDIA                                      ;(75)99949-3820 ;010;101;TMU6H51;     259,52;    0,29;07/05/2026;45;Tempo Insuficiente.           ;   ;romario.al ;14:19
021792                            ;06/05/2026;    ;330508;003;    ;0056332;POINT DA ANA                                      ;               ;010;101;TMU6H51;     161,70;    0,20;07/05/2026;45;Tempo Insuficiente.           ;   ;romario.al ;14:21
021792                            ;06/05/2026;    ;330509;003;    ;0035713;CASA DA GALEGA                                    ;(71)99659-9537 ;010;101;TMU6H51;     107,80;    0,13;07/05/2026;45;Tempo Insuficiente.           ;   ;romario.al ;14:22
021792                            ;06/05/2026;    ;330510;003;    ;0035713;CASA DA GALEGA                                    ;(71)99659-9537 ;010;101;TMU6H51;      91,80;    0,11;07/05/2026;45;Tempo Insuficiente.           ;   ;romario.al ;14:21
021793                            ;06/05/2026;    ;330518;003;    ;0021289;PAGUE FACIL COMERCIA                              ;(75)98327-2832 ;020;201;NYM9I27;     458,41;    0,34;08/05/2026;56;Caminhao Quebrado             ;   ;romario.al ;09:31
021793                            ;06/05/2026;    ;330519;003;    ;0018714;MERCEARIA DO BIRA                                 ;(75)98803-5935 ;010;111;NYM9I27;     419,34;    0,84;08/05/2026;56;Caminhao Quebrado             ;   ;romario.al ;09:30
021793                            ;06/05/2026;    ;330520;003;    ;0018714;MERCEARIA DO BIRA                                 ;(75)98803-5935 ;010;111;NYM9I27;      75,00;    0,12;08/05/2026;56;Caminhao Quebrado             ;   ;romario.al ;09:30
021793                            ;06/05/2026;    ;330521;003;    ;0019829;DEPOSITO DO BEIJU                                 ;(75)98813-5490 ;010;111;NYM9I27;     238,89;    0,44;08/05/2026;56;Caminhao Quebrado             ;   ;romario.al ;09:29
021793                            ;06/05/2026;    ;330522;003;    ;0020337;EMPORIO CENTRAL                                   ;(75)98330-2746 ;010;111;NYM9I27;     566,20;    0,60;08/05/2026;56;Caminhao Quebrado             ;   ;romario.al ;09:27
021793                            ;06/05/2026;    ;330523;003;    ;0040198;DEPOSITO 10 FLORESTA                              ;(75)98814-5269 ;010;111;NYM9I27;     512,90;    0,62;08/05/2026;56;Caminhao Quebrado             ;   ;romario.al ;09:26
021793                            ;06/05/2026;    ;330524;003;    ;0040198;DEPOSITO 10 FLORESTA                              ;(75)98814-5269 ;010;111;NYM9I27;     178,29;    0,25;08/05/2026;56;Caminhao Quebrado             ;   ;romario.al ;09:26
021793                            ;06/05/2026;    ;330525;003;    ;0040447;MERCEARIA DOIS RIACH                              ;(75)98879-1425 ;010;111;NYM9I27;     229,83;    0,35;08/05/2026;56;Caminhao Quebrado             ;   ;romario.al ;09:31
021793                            ;06/05/2026;    ;330537;003;    ;0039701;RESTAURANTE BETUS                                 ;(75)99929-9511 ;010;111;NYM9I27;     521,92;    0,76;08/05/2026;56;Caminhao Quebrado             ;   ;romario.al ;09:33
021813                            ;07/05/2026;    ;330614;003;    ;0020710;MERCAD PRECO BOM 2                                ;(75)99974-2855 ;010;104;SJQ3B12;     108,10;    0,12;07/05/2026;72;PDV FECHADO (HORARIO COM.)    ;   ;emerson.al ;21:03
021813                            ;07/05/2026;    ;330627;003;    ;0026017;KIOSK DO RAMINHO                                  ;(75) 9916-0040 ;010;104;SJQ3B12;     419,68;    0,78;07/05/2026;72;PDV FECHADO (HORARIO COM.)    ;   ;emerson.al ;21:03
021815                            ;07/05/2026;    ;330701;003;    ;0040246;DISTRIBUIDORA CLASSE                              ;(07)58225-9096 ;030;304;SKS3C50;    1310,94;    1,39;08/05/2026;65;NAO FEZ PEDIDO                ;   ;emerson.al ;  :50
021817                            ;07/05/2026;    ;330771;003;    ;0019038;COMPRE BEM BARREIRO                               ;(75)99946-8968 ;030;305;SJQ0A82;      36,25;    0,03;08/05/2026;50;CARGA ERRADA ARMAZEM          ;   ;cunha.se   ;11:51
021817                            ;07/05/2026;    ;330772;003;    ;0019038;COMPRE BEM BARREIRO                               ;(75)99946-8968 ;030;305;SJQ0A82;      22,71;    0,01;08/05/2026;50;CARGA ERRADA ARMAZEM          ;   ;cunha.se   ;11:53
021817                            ;07/05/2026;    ;330775;003;    ;0019041;COMPRE BEM DO 21                                  ;(75)99946-8968 ;030;305;SJQ0A82;      24,80;    0,02;08/05/2026;50;CARGA ERRADA ARMAZEM          ;   ;cunha.se   ;11:52
021818                            ;07/05/2026;    ;330804;003;    ;0021276;AGATA HOTEL                                       ;(71)99626-5871 ;030;306;SKS2H93;     153,51;    0,28;07/05/2026;34;Pedido Duplicado              ;   ;romario.al ;16:25
021819                            ;07/05/2026;    ;330832;003;    ;0029790;MERCEARIA DO ROQUE                                ;(75)98112-0547 ;010;106;SJQ7E10;     554,22;    0,73;07/05/2026;72;PDV FECHADO (HORARIO COM.)    ;   ;emerson.al ;20:25
021822                            ;07/05/2026;    ;330944;003;    ;0083553;KIOSK TIA RAI                                     ;(71)99931-9436 ;010;101;TMM9J07;    1943,55;    1,72;07/05/2026;41;Sem Vasilhame.                ;   ;romario.al ;17:55
021822                            ;07/05/2026;    ;330945;003;    ;0083553;KIOSK TIA RAI                                     ;(71)99931-9436 ;010;101;TMM9J07;     444,51;    0,47;07/05/2026;41;Sem Vasilhame.                ;   ;romario.al ;17:55
021824                            ;07/05/2026;    ;331035;003;    ;0019643;RESTAURANTE ANTONIUS                              ;(75)98818-3679 ;010;110;TMM4F43;    1516,69;    1,73;08/05/2026;64;SEM VASILHAME                 ;   ;romario.al ;13:49
021824                            ;07/05/2026;    ;331036;003;    ;0019643;RESTAURANTE ANTONIUS                              ;(75)98818-3679 ;010;110;TMM4F43;      50,00;    0,01;08/05/2026;64;SEM VASILHAME                 ;   ;romario.al ;13:49
021825                            ;07/05/2026;    ;331050;003;    ;0019029;DIVINA MASSA                                      ;(74)99147-6010 ;010;110;TMM3F04;     291,07;    0,72;07/05/2026;82;ENDERECO NAO ENCONTRADO       ;   ;emerson.al ;20:15
021826                            ;07/05/2026;    ;331083;003;    ;0030627;PONTO DO DINHO                                    ;(75)99800-1463 ;010;107;SKB4I83;     107,80;    0,13;07/05/2026;71;SEM DINHEIRO/CHEQUE           ;   ;romario.al ;16:45
021826                            ;07/05/2026;    ;331086;003;    ;0084129;RESTAURANTE DA ROSE                               ;(75)99975-6061 ;010;107;SKB4I83;     107,60;    0,24;07/05/2026;71;SEM DINHEIRO/CHEQUE           ;   ;romario.al ;16:46
021826                            ;07/05/2026;    ;331103;003;    ;0083212;BOX ST ANTONIO                                    ;(75)98110-2925 ;010;111;SKB4I83;     170,03;    0,20;07/05/2026;72;PDV FECHADO (HORARIO COM.)    ;   ;romario.al ;16:46
021827                            ;07/05/2026;    ;331138;003;    ;0035442;JB DISTRIBUIDORA                                  ;(75)99801-6546 ;010;107;SJQ5E98;     396,40;    0,46;07/05/2026;34;Pedido Duplicado              ;   ;romario.al ;17:37
021848                            ;07/05/2026;    ;331148;003;    ;0019439;JOSE JORGE                                        ;(75)99978-2001 ;090;992;MSG0C01;     321,00;    0,27;12/05/2026;51;NF ERRADA                     ;   ;alyson     ;16:35
021861                            ;08/05/2026;    ;331207;003;    ;0030130;PEDRAS BAR                                        ;(75)99989-2479 ;020;207;SKS5C26;     851,98;    1,20;09/05/2026;86;HORARIO DE ENTREGA            ;   ;romario.al ;17:02
021863                            ;08/05/2026;    ;331301;003;    ;0050225;BAR TIRA GOSTO                                    ;(75)99962-8485 ;020;204;SJQ3B12;     663,70;    0,69;08/05/2026;65;NAO FEZ PEDIDO                ;   ;tailan.al  ;21:24
021863                            ;08/05/2026;    ;331302;003;    ;0050225;BAR TIRA GOSTO                                    ;(75)99962-8485 ;020;204;SJQ3B12;     546,96;    0,80;08/05/2026;65;NAO FEZ PEDIDO                ;   ;tailan.al  ;21:24
021865                            ;08/05/2026;    ;331392;003;    ;0060837;QUIOSQ ESTRELA DALVA                              ;(75) 8611-5954 ;020;208;SKS9J44;     196,06;    0,26;09/05/2026;72;PDV FECHADO (HORARIO COM.)    ;   ;romario.al ;15:19
021865                            ;08/05/2026;    ;331399;003;    ;0060923;BARRACA POR DO SOL                                ;(75)59870-0098 ;020;208;SKS9J44;     598,62;    0,61;09/05/2026;72;PDV FECHADO (HORARIO COM.)    ;   ;romario.al ;15:20
021865                            ;08/05/2026;    ;331400;003;    ;0060923;BARRACA POR DO SOL                                ;(75)59870-0098 ;020;208;SKS9J44;     142,90;    0,14;09/05/2026;72;PDV FECHADO (HORARIO COM.)    ;   ;romario.al ;15:20
021865                            ;08/05/2026;    ;331443;003;    ;0018730;BOTECARIA RIOS                                    ;(71)99945-1106 ;020;201;SKS9J44;     228,95;    0,14;09/05/2026;72;PDV FECHADO (HORARIO COM.)    ;   ;romario.al ;15:19
021873                            ;08/05/2026;    ;331729;003;    ;0040197;ESPACO VERDE ARACAS                               ;(07)58827-7666 ;010;111;SKS7B90;     111,02;    0,30;09/05/2026;87;TEMPO INSUFICIENTE            ;   ;bispo.se   ;08:16
021873                            ;08/05/2026;    ;331736;003;    ;0084338;MERC FERREIRA                                     ;(75)98843-8414 ;010;111;SKS7B90;     623,54;    0,61;09/05/2026;87;TEMPO INSUFICIENTE            ;   ;bispo.se   ;08:19
021873                            ;08/05/2026;    ;331739;003;    ;0038493;Q. SABOR                                          ;(75)98833-8774 ;010;111;SKS7B90;     325,20;    0,35;09/05/2026;87;TEMPO INSUFICIENTE            ;   ;bispo.se   ;08:17
021873                            ;08/05/2026;    ;331740;003;    ;0020994;SITIO SaO JOSE                                    ;(75)98704-0113 ;010;111;SKS7B90;     605,47;    0,58;09/05/2026;87;TEMPO INSUFICIENTE            ;   ;bispo.se   ;08:17
021873                            ;08/05/2026;    ;331741;003;    ;0029178;BAR DE NILZETE                                    ;(75) 8818-7631 ;010;111;SKS7B90;     106,13;    0,17;09/05/2026;87;TEMPO INSUFICIENTE            ;   ;bispo.se   ;08:18
021873                            ;08/05/2026;    ;331742;003;    ;0029178;BAR DE NILZETE                                    ;(75) 8818-7631 ;010;111;SKS7B90;      20,00;    0,03;09/05/2026;87;TEMPO INSUFICIENTE            ;   ;bispo.se   ;08:18
021873                            ;08/05/2026;    ;331743;003;    ;0055309;RESTAURANTE TROPICAL                              ;(75)98100-6247 ;010;111;SKS7B90;     153,70;    0,26;09/05/2026;87;TEMPO INSUFICIENTE            ;   ;bispo.se   ;08:19
021873                            ;08/05/2026;    ;331749;003;    ;0020771;BOX 02 MARCIA                                     ;(75)98239-3795 ;010;111;SKS7B90;     206,20;    0,21;09/05/2026;87;TEMPO INSUFICIENTE            ;   ;bispo.se   ;08:20
021873                            ;08/05/2026;    ;331763;003;    ;0019369;BAR AREA VERDE                                    ;(75)99990-5377 ;010;111;SKS7B90;     284,51;    0,24;09/05/2026;87;TEMPO INSUFICIENTE            ;   ;bispo.se   ;08:18
021876                            ;08/05/2026;    ;331828;003;    ;0083389;BAR DOS AMIGOS                                    ;(75)98834-1159 ;010;105;SKB4I83;     426,30;    0,54;08/05/2026;62;FORMA PAGAMENTO ERRADA        ;   ;romario.al ;14:38
021879                            ;08/05/2026;    ;331880;003;    ;0019036;COMPRE BEM AL V                                   ;(75)99946-8968 ;030;305;SJQ0A82;      53,75;    0,06;08/05/2026;50;CARGA ERRADA ARMAZEM          ;   ;tailan.al  ;20:13
021879                            ;08/05/2026;    ;331881;003;    ;0019036;COMPRE BEM AL V                                   ;(75)99946-8968 ;030;305;SJQ0A82;      41,67;    0,03;08/05/2026;50;CARGA ERRADA ARMAZEM          ;   ;tailan.al  ;20:13
021883                            ;08/05/2026;    ;331787;003;    ;0030083;REST TEMP DA BAIANA                               ;(75)98219-0804 ;020;207;TMM9J07;     123,37;    0,20;08/05/2026;72;PDV FECHADO (HORARIO COM.)    ;   ;tailan.al  ;18:59
021883                            ;08/05/2026;    ;331788;003;    ;0030083;REST TEMP DA BAIANA                               ;(75)98219-0804 ;020;207;TMM9J07;      13,53;    0,06;08/05/2026;72;PDV FECHADO (HORARIO COM.)    ;   ;tailan.al  ;18:58
021905                            ;09/05/2026;    ;331982;003;    ;0040141;Bar Dos Amigos 2                                  ;(75) 9000-9000 ;020;203;SKS3C50;     303,44;    0,34;09/05/2026;71;SEM DINHEIRO/CHEQUE           ;   ;emerson.al ;18:13
021905                            ;09/05/2026;    ;331983;003;    ;0040141;Bar Dos Amigos 2                                  ;(75) 9000-9000 ;020;203;SKS3C50;       8,77;    0,02;09/05/2026;71;SEM DINHEIRO/CHEQUE           ;   ;emerson.al ;18:13
021908                            ;09/05/2026;    ;332056;003;    ;0020760;BAR DA NEM                                        ;(71)99641-9876 ;010;109;SJQ3B12;     104,77;    0,23;09/05/2026;71;SEM DINHEIRO/CHEQUE           ;   ;romario.al ;16:22
021914                            ;09/05/2026;    ;332215;003;    ;0050210;BAR DA NEA                                        ;(07)59846-2576 ;020;209;SJQ1F85;     181,53;    0,21;09/05/2026;71;SEM DINHEIRO/CHEQUE           ;   ;romario.al ;17:07
021914                            ;09/05/2026;    ;332216;003;    ;0019159;MERCEARIA JM                                      ;(75)99880-4020 ;020;209;SJQ1F85;     139,60;    0,16;09/05/2026;71;SEM DINHEIRO/CHEQUE           ;   ;romario.al ;17:07
021914                            ;09/05/2026;    ;332234;003;    ;0019074;BAR DO LEONARDO                                   ;(11)95784-0216 ;020;209;SJQ1F85;     209,64;    0,25;09/05/2026;71;SEM DINHEIRO/CHEQUE           ;   ;romario.al ;17:08
021914                            ;09/05/2026;    ;332235;003;    ;0019074;BAR DO LEONARDO                                   ;(11)95784-0216 ;020;209;SJQ1F85;       8,77;    0,02;09/05/2026;71;SEM DINHEIRO/CHEQUE           ;   ;romario.al ;17:08
021917                            ;09/05/2026;    ;332291;003;    ;0039674;MERCEARI PI DE LORO                               ;(71)98185-2573 ;010;102;SKS7B90;     107,80;    0,13;09/05/2026;72;PDV FECHADO (HORARIO COM.)    ;   ;emerson.al ;20:14
021917                            ;09/05/2026;    ;332292;003;    ;0039674;MERCEARI PI DE LORO                               ;(71)98185-2573 ;010;102;SKS7B90;      29,63;    0,12;09/05/2026;72;PDV FECHADO (HORARIO COM.)    ;   ;emerson.al ;20:14
021917                            ;09/05/2026;    ;332293;003;    ;0055304;Anderson Rosario                                  ;(75)98211-2416 ;010;102;SKS7B90;     467,13;    0,54;09/05/2026;72;PDV FECHADO (HORARIO COM.)    ;   ;emerson.al ;20:15
021917                            ;09/05/2026;    ;332294;003;    ;0019918;MERC PI DE LORO                                   ;(71)98185-2573 ;010;102;SKS7B90;     107,80;    0,13;09/05/2026;72;PDV FECHADO (HORARIO COM.)    ;   ;emerson.al ;20:15
021917                            ;09/05/2026;    ;332295;003;    ;0019918;MERC PI DE LORO                                   ;(71)98185-2573 ;010;102;SKS7B90;      43,37;    0,12;09/05/2026;72;PDV FECHADO (HORARIO COM.)    ;   ;emerson.al ;20:14
021919                            ;09/05/2026;    ;332389;003;    ;0018502;BOTECO MC                                         ;(79)99987-0770 ;010;110;TMM5E06;     122,51;    0,17;09/05/2026;71;SEM DINHEIRO/CHEQUE           ;   ;emerson.al ;20:12
021921                            ;09/05/2026;    ;332457;003;    ;0053868;BAR DA LIU                                        ;(75)99297-1561 ;010;105;PJX0435;     139,92;    0,33;09/05/2026;72;PDV FECHADO (HORARIO COM.)    ;   ;romario.al ;16:55
021922                            ;09/05/2026;    ;332472;003;    ;0020134;BAR DA ESQUINA                                    ;(75)98172-8367 ;010;103;TMM4F43;     161,70;    0,20;09/05/2026;72;PDV FECHADO (HORARIO COM.)    ;   ;romario.al ;17:34
021922                            ;09/05/2026;    ;332476;003;    ;0027563;LIMA BAR                                          ;(75)99200-8021 ;010;103;TMM4F43;     161,70;    0,20;09/05/2026;72;PDV FECHADO (HORARIO COM.)    ;   ;romario.al ;17:35
021923                            ;09/05/2026;    ;331999;003;    ;0049668;SABOR DA TERRA                                    ;(75)98366-2853 ;010;104;SKS2H93;     530,52;    1,03;11/05/2026;42;Produto/Quantidade Errada     ;   ;emerson.al ;22:40
021936                            ;11/05/2026;    ;332517;003;    ;0030316;BORRACHARIA DO ATOLE                              ;(75)99949-8435 ;020;202;SKS5C26;     415,02;    0,40;12/05/2026;72;PDV FECHADO (HORARIO COM.)    ;   ;tailan.al  ;20:55
021936                            ;11/05/2026;    ;332518;003;    ;0030316;BORRACHARIA DO ATOLE                              ;(75)99949-8435 ;020;202;SKS5C26;     186,49;    0,29;12/05/2026;72;PDV FECHADO (HORARIO COM.)    ;   ;tailan.al  ;20:55
021936                            ;11/05/2026;    ;332533;003;    ;0030207;MERCEARIA PAI E FILH                              ;(75)99935-3885 ;020;202;SKS5C26;     698,00;    0,84;12/05/2026;71;SEM DINHEIRO/CHEQUE           ;   ;tailan.al  ;20:57
021936                            ;11/05/2026;    ;332534;003;    ;0030207;MERCEARIA PAI E FILH                              ;(75)99935-3885 ;020;202;SKS5C26;    1151,75;    1,75;12/05/2026;71;SEM DINHEIRO/CHEQUE           ;   ;tailan.al  ;20:56
021936                            ;11/05/2026;    ;332536;003;    ;0030198;RESTAURANTE PIONEIRO                              ;(75)99841-9786 ;020;202;SKS5C26;     150,98;    0,32;12/05/2026;71;SEM DINHEIRO/CHEQUE           ;   ;tailan.al  ;20:56
021936                            ;11/05/2026;    ;332537;003;    ;0030198;RESTAURANTE PIONEIRO                              ;(75)99841-9786 ;020;202;SKS5C26;      39,10;    0,04;12/05/2026;71;SEM DINHEIRO/CHEQUE           ;   ;tailan.al  ;20:55
021936                            ;11/05/2026;    ;332562;003;    ;0020999;BAR DA LITA                                       ;(71)98343-4924 ;020;207;SKS5C26;      97,60;    0,11;12/05/2026;72;PDV FECHADO (HORARIO COM.)    ;   ;tailan.al  ;20:54
021936                            ;11/05/2026;    ;332563;003;    ;0020999;BAR DA LITA                                       ;(71)98343-4924 ;020;207;SKS5C26;      16,10;    0,06;12/05/2026;72;PDV FECHADO (HORARIO COM.)    ;   ;tailan.al  ;20:54
021936                            ;11/05/2026;    ;332565;003;    ;0060054;DEP. BEBIDAS DO DUDA                              ;(75)99988-2074 ;020;207;SKS5C26;     415,20;    0,24;12/05/2026;72;PDV FECHADO (HORARIO COM.)    ;   ;tailan.al  ;20:54
021936                            ;11/05/2026;    ;332566;003;    ;0060054;DEP. BEBIDAS DO DUDA                              ;(75)99988-2074 ;020;207;SKS5C26;      22,92;    0,01;12/05/2026;72;PDV FECHADO (HORARIO COM.)    ;   ;tailan.al  ;20:54
021936                            ;11/05/2026;    ;332567;003;    ;0060054;DEP. BEBIDAS DO DUDA                              ;(75)99988-2074 ;020;207;SKS5C26;       6,25;    0,00;12/05/2026;72;PDV FECHADO (HORARIO COM.)    ;   ;tailan.al  ;20:55
021936                            ;11/05/2026;    ;332571;003;    ;0030399;JUNBEL LITORAL GOURM                              ;(75)18358-4423 ;020;207;SKS5C26;     166,35;    0,26;12/05/2026;65;NAO FEZ PEDIDO                ;   ;tailan.al  ;20:57
021936                            ;11/05/2026;    ;332572;003;    ;0030399;JUNBEL LITORAL GOURM                              ;(75)18358-4423 ;020;207;SKS5C26;      16,10;    0,06;12/05/2026;65;NAO FEZ PEDIDO                ;   ;tailan.al  ;20:57
021939                            ;11/05/2026;    ;332642;003;    ;0060894;SOL E MARINHEIRO                                  ;(75)99169-1041 ;020;208;SKS7B90;     105,24;    0,36;12/05/2026;71;SEM DINHEIRO/CHEQUE           ;   ;romario.al ;15:29
021940                            ;11/05/2026;    ;332685;003;    ;0047053;MERCEARIA DA EVA                                  ;(75)98251-8457 ;010;106;TMM5E06;    2024,92;    2,06;11/05/2026;33;Nao Fez Pedido                ;   ;emerson.al ;20:04
021940                            ;11/05/2026;    ;332686;003;    ;0047053;MERCEARIA DA EVA                                  ;(75)98251-8457 ;010;106;TMM5E06;     458,82;    0,43;11/05/2026;33;Nao Fez Pedido                ;   ;emerson.al ;20:05
021941                            ;11/05/2026;    ;332730;003;    ;0019129;DROGARIA MAIS BRASIL                              ;(75)99210-5587 ;010;107;TMM4F43;     647,27;    0,42;11/05/2026;71;SEM DINHEIRO/CHEQUE           ;   ;emerson.al ;18:14
021942                            ;11/05/2026;    ;332749;003;    ;0051258;BIROSCA                                           ;(75)99897-3609 ;010;102;SJQ5E98;     257,18;    0,35;12/05/2026;47;Dificil Acesso                ;   ;romario.al ;16:16
021942                            ;11/05/2026;    ;332750;003;    ;0051258;BIROSCA                                           ;(75)99897-3609 ;010;102;SJQ5E98;     139,80;    0,18;12/05/2026;47;Dificil Acesso                ;   ;romario.al ;16:16
021955                            ;12/05/2026;    ;332816;003;    ;0040469;GELA GUELA 3                                      ;(07)59829-7938 ;020;206;SKS3C50;     293,36;    0,27;12/05/2026;71;SEM DINHEIRO/CHEQUE           ;   ;tailan.al  ;21:19
021955                            ;12/05/2026;    ;332817;003;    ;0040469;GELA GUELA 3                                      ;(07)59829-7938 ;020;206;SKS3C50;      71,06;    0,09;12/05/2026;71;SEM DINHEIRO/CHEQUE           ;   ;tailan.al  ;21:19
021955                            ;12/05/2026;    ;332847;003;    ;0020460;ALTAS HORAS                                       ;(75)99299-1749 ;030;304;SKS3C50;    2572,33;    2,40;12/05/2026;71;SEM DINHEIRO/CHEQUE           ;   ;tailan.al  ;21:18
021959                            ;12/05/2026;    ;332954;003;    ;0060388;MERCADO DA PONTE                                  ;(75)99875-5914 ;020;208;SJQ1F85;     332,35;    0,46;13/05/2026;71;SEM DINHEIRO/CHEQUE           ;   ;romario.al ;14:59
021959                            ;12/05/2026;    ;332955;003;    ;0060388;MERCADO DA PONTE                                  ;(75)99875-5914 ;020;208;SJQ1F85;      15,03;    0,09;13/05/2026;71;SEM DINHEIRO/CHEQUE           ;   ;romario.al ;14:59
021959                            ;12/05/2026;    ;332956;003;    ;0060426;RESTAU DONA DA PRAIA                              ;(75)99926-5586 ;020;201;SJQ1F85;     500,54;    0,72;13/05/2026;71;SEM DINHEIRO/CHEQUE           ;   ;romario.al ;15:  
021959                            ;12/05/2026;    ;332957;003;    ;0060426;RESTAU DONA DA PRAIA                              ;(75)99926-5586 ;020;201;SJQ1F85;      66,90;    0,06;13/05/2026;71;SEM DINHEIRO/CHEQUE           ;   ;romario.al ;15:  
021959                            ;12/05/2026;    ;332958;003;    ;0060404;BAR DOS AMIGOS                                    ;(75)99000-9000 ;020;208;SJQ1F85;     474,50;    0,71;13/05/2026;72;PDV FECHADO (HORARIO COM.)    ;   ;romario.al ;14:58
021959                            ;12/05/2026;    ;332963;003;    ;0018994;PONTO DA CRISPINA                                 ;(71)99901-9122 ;020;208;SJQ1F85;     250,16;    0,40;13/05/2026;72;PDV FECHADO (HORARIO COM.)    ;   ;romario.al ;14:58
021960                            ;12/05/2026;    ;332967;003;    ;0019971;CANTINHO DA CARLA                                 ;(75)98367-3697 ;020;203;TMM9J07;     565,93;    0,60;12/05/2026;72;PDV FECHADO (HORARIO COM.)    ;   ;tailan.al  ;21:08
021960                            ;12/05/2026;    ;332968;003;    ;0019971;CANTINHO DA CARLA                                 ;(75)98367-3697 ;020;203;TMM9J07;      34,77;    0,02;12/05/2026;72;PDV FECHADO (HORARIO COM.)    ;   ;tailan.al  ;21:08
021960                            ;12/05/2026;    ;332999;003;    ;0089192;MERC AKI TEM                                      ;(75) 9846-4846 ;030;305;TMM9J07;     427,19;    0,38;12/05/2026;87;TEMPO INSUFICIENTE            ;   ;tailan.al  ;21:09
021960                            ;12/05/2026;    ;333000;003;    ;0089192;MERC AKI TEM                                      ;(75) 9846-4846 ;030;305;TMM9J07;      46,08;    0,06;12/05/2026;87;TEMPO INSUFICIENTE            ;   ;tailan.al  ;21:08
021966                            ;12/05/2026;    ;333172;003;    ;0021222;RECANTO DO TANQUE                                 ;(75)98154-3579 ;010;106;SJQ7E10;     355,00;    0,42;12/05/2026;34;Pedido Duplicado              ;   ;tailan.al  ;18:19
021967                            ;12/05/2026;    ;333201;003;    ;0018747;DEPOSITO JOADER                                   ;(75)99985-5662 ;010;111;TMM4F43;     210,12;    0,32;12/05/2026;72;PDV FECHADO (HORARIO COM.)    ;   ;tailan.al  ;20:44
021967                            ;12/05/2026;    ;333202;003;    ;0018747;DEPOSITO JOADER                                   ;(75)99985-5662 ;010;111;TMM4F43;       8,77;    0,02;12/05/2026;72;PDV FECHADO (HORARIO COM.)    ;   ;tailan.al  ;20:44
021968                            ;12/05/2026;    ;333258;003;    ;0030002;TEM DE TUDO P M                                   ;(75)99849-7625 ;020;202;SKB4I83;      85,54;    0,24;12/05/2026;43;Forma de Pagamento            ;   ;romario.al ;17:19
021969                            ;12/05/2026;    ;333308;003;    ;0027890;VS MERCEA                                         ;(75) 3181-6199 ;010;110;PJX0435;     110,30;    0,12;12/05/2026;72;PDV FECHADO (HORARIO COM.)    ;   ;romario.al ;17:26
021969                            ;12/05/2026;    ;333309;003;    ;0027890;VS MERCEA                                         ;(75) 3181-6199 ;010;110;PJX0435;     106,58;    0,10;12/05/2026;72;PDV FECHADO (HORARIO COM.)    ;   ;romario.al ;17:26
021969                            ;12/05/2026;    ;333310;003;    ;0027890;VS MERCEA                                         ;(75) 3181-6199 ;010;110;PJX0435;       3,85;    0,00;12/05/2026;72;PDV FECHADO (HORARIO COM.)    ;   ;romario.al ;17:26
021970                            ;12/05/2026;    ;333336;003;    ;0020612;COMPRE BEM MATRIZ                                 ;(75)99946-8968 ;030;305;MSG0C01;    1755,00;    0,00;19/05/2026;08;Mapa nao carregado / nao canc.;   ;tailan.al  ;21:25
021970                            ;12/05/2026;    ;333338;003;    ;0020611;ATACADAO COMPRE BEM                               ;(75)99946-8968 ;030;305;MSG0C01;     945,00;    0,00;19/05/2026;08;Mapa nao carregado / nao canc.;   ;tailan.al  ;21:25
021981                            ;12/05/2026;    ;333340;003;    ;0018296;CDR CAMACARI                                      ;(19) 3313-7039 ;090;998;RPK5A52;    7445,00;    0,00;12/05/2026;51;NF ERRADA                     ;   ;alyson     ;16:53
021994                            ;13/05/2026;    ;333374;003;    ;0050391;MERC ESTACAO BEBIDAS                              ;(75)99806-8691 ;020;205;SJQ4A23;      99,27;    0,28;13/05/2026;71;SEM DINHEIRO/CHEQUE           ;   ;emerson.al ;21:08
021999                            ;13/05/2026;    ;333589;003;    ;0018858;MERCADINHO ANJOS                                  ;(75)99212-6582 ;010;104;SJQ5B35;     645,51;    0,56;15/05/2026;71;SEM DINHEIRO/CHEQUE           ;   ;emerson.al ;18:18
021999                            ;13/05/2026;    ;333623;003;    ;0018590;BAR DA BAIANA                                     ;(75)99802-3786 ;020;204;SJQ5B35;     387,91;    0,45;15/05/2026;50;CARGA ERRADA ARMAZEM          ;   ;emerson.al ;18:18
022002                            ;13/05/2026;    ;333780;003;    ;0020821;SKINA DO SABOR                                    ;(71)99739-9107 ;010;109;SJQ3B12;     115,31;    0,24;13/05/2026;71;SEM DINHEIRO/CHEQUE           ;   ;emerson.al ;19:11
022003                            ;13/05/2026;    ;333806;003;    ;0038705;BAR DO PAULO                                      ;(71)99672-3236 ;010;109;SKS2H93;     520,06;    0,83;13/05/2026;72;PDV FECHADO (HORARIO COM.)    ;   ;emerson.al ;20:19
022003                            ;13/05/2026;    ;333807;003;    ;0038705;BAR DO PAULO                                      ;(71)99672-3236 ;010;109;SKS2H93;      46,73;    0,12;13/05/2026;72;PDV FECHADO (HORARIO COM.)    ;   ;emerson.al ;20:19
022003                            ;13/05/2026;    ;333808;003;    ;0038705;BAR DO PAULO                                      ;(71)99672-3236 ;010;109;SKS2H93;      15,03;    0,09;13/05/2026;72;PDV FECHADO (HORARIO COM.)    ;   ;emerson.al ;20:19
022008                            ;13/05/2026;    ;333994;003;    ;0018986;LAS'BAR                                           ;(75)98818-8752 ;010;111;TMM5E06;     335,78;    0,35;13/05/2026;71;SEM DINHEIRO/CHEQUE           ;   ;emerson.al ;19:08
022008                            ;13/05/2026;    ;333995;003;    ;0046514;BAR DO CARECA                                     ;(75)98841-5166 ;010;111;TMM5E06;     226,91;    0,33;13/05/2026;71;SEM DINHEIRO/CHEQUE           ;   ;emerson.al ;19:07
022008                            ;13/05/2026;    ;334007;003;    ;0021044;BAR DE VILMA                                      ;(75)98284-4458 ;010;111;TMM5E06;     143,40;    0,18;13/05/2026;64;SEM VASILHAME                 ;   ;emerson.al ;19:08
022009                            ;13/05/2026;    ;334051;003;    ;0041100;QUIOSQUE CANTINHO DA                              ;(71)98192-4150 ;010;103;SKB4I83;     161,70;    0,20;13/05/2026;86;HORARIO DE ENTREGA            ;   ;romario.al ;17:08
022009                            ;13/05/2026;    ;334052;003;    ;0041100;QUIOSQUE CANTINHO DA                              ;(71)98192-4150 ;010;103;SKB4I83;      34,90;    0,04;13/05/2026;86;HORARIO DE ENTREGA            ;   ;romario.al ;17:07
022011                            ;13/05/2026;    ;334139;003;    ;0049712;QUERO MAIS PIZZA                                  ;(71)99310-6454 ;010;110;SKB4I83;     599,75;    1,58;13/05/2026;39;Cliente Cancelou.             ;   ;emerson.al ;22:32
022015                            ;13/05/2026;    ;333713;003;    ;0019788;CAJA DO MEZENGA                                   ;(75)98186-6038 ;010;102;SJQ7E10;     122,96;    0,14;14/05/2026;71;SEM DINHEIRO/CHEQUE           ;   ;romario.al ;17:34
022015                            ;13/05/2026;    ;333714;003;    ;0019788;CAJA DO MEZENGA                                   ;(75)98186-6038 ;010;102;SJQ7E10;      20,88;    0,02;14/05/2026;71;SEM DINHEIRO/CHEQUE           ;   ;romario.al ;17:34
022015                            ;13/05/2026;    ;333752;003;    ;0083717;DEPOSITO DA TORRE                                 ;(75)99989-6399 ;010;102;SJQ7E10;     999,46;    0,00;14/05/2026;87;TEMPO INSUFICIENTE            ;   ;romario.al ;17:53
022033                            ;14/05/2026;    ;334263;003;    ;0050134;MERCADINHO ARAUJO                                 ;(75)99989-1548 ;020;204;SJQ3B12;      34,03;    0,02;15/05/2026;71;SEM DINHEIRO/CHEQUE           ;   ;tailan.al  ;05:14
022033                            ;14/05/2026;    ;334264;003;    ;0050134;MERCADINHO ARAUJO                                 ;(75)99989-1548 ;020;204;SJQ3B12;    1052,77;    1,78;15/05/2026;71;SEM DINHEIRO/CHEQUE           ;   ;tailan.al  ;05:14
022033                            ;14/05/2026;    ;334265;003;    ;0050690;DISTRIBUIDORA OMA 1                               ;(75)99869-2087 ;030;304;SJQ3B12;     874,58;    1,62;15/05/2026;71;SEM DINHEIRO/CHEQUE           ;   ;tailan.al  ;05:14
022033                            ;14/05/2026;    ;334266;003;    ;0050690;DISTRIBUIDORA OMA 1                               ;(75)99869-2087 ;030;304;SJQ3B12;      45,96;    0,01;15/05/2026;71;SEM DINHEIRO/CHEQUE           ;   ;tailan.al  ;05:15
022033                            ;14/05/2026;    ;334268;003;    ;0020400;DISTRI MAIS TEM                                   ;(75)99810-2990 ;020;204;SJQ3B12;     779,40;    0,86;15/05/2026;71;SEM DINHEIRO/CHEQUE           ;   ;tailan.al  ;05:16
022033                            ;14/05/2026;    ;334271;003;    ;0050125;MERCADO DO BOCA                                   ;(75)99869-2087 ;030;304;SJQ3B12;     110,89;    0,33;15/05/2026;71;SEM DINHEIRO/CHEQUE           ;   ;tailan.al  ;05:15
022033                            ;14/05/2026;    ;334272;003;    ;0050125;MERCADO DO BOCA                                   ;(75)99869-2087 ;030;304;SJQ3B12;     208,92;    0,68;15/05/2026;71;SEM DINHEIRO/CHEQUE           ;   ;tailan.al  ;05:15
022033                            ;14/05/2026;    ;334273;003;    ;0050125;MERCADO DO BOCA                                   ;(75)99869-2087 ;030;304;SJQ3B12;     100,84;    0,07;15/05/2026;71;SEM DINHEIRO/CHEQUE           ;   ;tailan.al  ;05:15
022034                            ;14/05/2026;    ;334295;003;    ;0020343;CASA DO ESPETINHO                                 ;(75)98154-9613 ;020;203;SKS3C50;      40,95;    0,00;15/05/2026;65;NAO FEZ PEDIDO                ;   ;tailan.al  ;01:01
022038                            ;14/05/2026;    ;334431;003;    ;0020419;BARCA BAR                                         ;(71)99923-6483 ;010;108;SJQ1F85;     168,81;    0,33;14/05/2026;71;SEM DINHEIRO/CHEQUE           ;   ;tailan.al  ;18:01
022038                            ;14/05/2026;    ;334432;003;    ;0026566;BOX GELA GUELA                                    ;(71)99727-8419 ;010;108;SJQ1F85;     130,34;    0,16;14/05/2026;71;SEM DINHEIRO/CHEQUE           ;   ;tailan.al  ;18:02
022040                            ;14/05/2026;    ;334490;003;    ;0054283;BAR TO NA VISQUEIRA                               ;(75)98262-7483 ;010;103;SKS9J44;    1089,74;    1,24;14/05/2026;71;SEM DINHEIRO/CHEQUE           ;   ;romario.al ;15:33
022042                            ;14/05/2026;    ;334554;003;    ;0020099;ARMAZEN BEBIDAS                                   ;(75)98326-9533 ;010;106;SKS7B90;     320,84;    0,64;14/05/2026;87;TEMPO INSUFICIENTE            ;   ;tailan.al  ;20:51
022042                            ;14/05/2026;    ;334555;003;    ;0020099;ARMAZEN BEBIDAS                                   ;(75)98326-9533 ;010;106;SKS7B90;       7,50;    0,00;14/05/2026;87;TEMPO INSUFICIENTE            ;   ;tailan.al  ;20:51
022042                            ;14/05/2026;    ;334562;003;    ;0021098;NADSON SILVA BRITO                                ;(75)98174-8161 ;010;106;SKS7B90;     795,13;    0,98;14/05/2026;87;TEMPO INSUFICIENTE            ;   ;tailan.al  ;20:52
022042                            ;14/05/2026;    ;334563;003;    ;0021098;NADSON SILVA BRITO                                ;(75)98174-8161 ;010;106;SKS7B90;       2,92;    0,00;14/05/2026;87;TEMPO INSUFICIENTE            ;   ;tailan.al  ;20:52
022042                            ;14/05/2026;    ;334567;003;    ;0035210;MERCADINHO ALEXANDRE                              ;(75)98113-3079 ;010;106;SKS7B90;     312,39;    0,72;14/05/2026;87;TEMPO INSUFICIENTE            ;   ;tailan.al  ;20:50
022042                            ;14/05/2026;    ;334568;003;    ;0018957;MUQUIADO DISTRIBUIDO                              ;(75)99996-7275 ;010;106;SKS7B90;    1411,80;    1,80;14/05/2026;87;TEMPO INSUFICIENTE            ;   ;tailan.al  ;20:49
022042                            ;14/05/2026;    ;334569;003;    ;0018957;MUQUIADO DISTRIBUIDO                              ;(75)99996-7275 ;010;106;SKS7B90;      10,00;    0,01;14/05/2026;87;TEMPO INSUFICIENTE            ;   ;tailan.al  ;20:50
022042                            ;14/05/2026;    ;334570;003;    ;0021391;IMPERIO DAS BEBIDAS                               ;(35)98471-1831 ;010;106;SKS7B90;     906,06;    0,72;14/05/2026;87;TEMPO INSUFICIENTE            ;   ;tailan.al  ;20:50
022042                            ;14/05/2026;    ;334571;003;    ;0035456;DONNA PIZZARIA E RES                              ;(71)99943-4187 ;010;106;SKS7B90;      24,87;    0,02;14/05/2026;87;TEMPO INSUFICIENTE            ;   ;tailan.al  ;20:50
022042                            ;14/05/2026;    ;334572;003;    ;0035456;DONNA PIZZARIA E RES                              ;(71)99943-4187 ;010;106;SKS7B90;     412,03;    0,79;14/05/2026;87;TEMPO INSUFICIENTE            ;   ;tailan.al  ;20:51
022042                            ;14/05/2026;    ;334573;003;    ;0035456;DONNA PIZZARIA E RES                              ;(71)99943-4187 ;010;106;SKS7B90;      26,01;    0,04;14/05/2026;87;TEMPO INSUFICIENTE            ;   ;tailan.al  ;20:51
022043                            ;14/05/2026;    ;334614;003;    ;0060636;KIOSQUE ESTRELA                                   ;(75)99869-7027 ;020;208;TMM5E06;     147,86;    0,36;14/05/2026;72;PDV FECHADO (HORARIO COM.)    ;   ;romario.al ;16:02
022044                            ;14/05/2026;    ;334643;003;    ;0021247;BAR FERNANDO                                      ;(75)99714-0528 ;020;209;TMM3F04;     386,28;    0,39;14/05/2026;72;PDV FECHADO (HORARIO COM.)    ;   ;tailan.al  ;20:33
022045                            ;14/05/2026;    ;334663;003;    ;0023775;ZE MIRIN                                          ;(75)99945-2424 ;010;110;TMM4F43;     767,46;    0,89;14/05/2026;72;PDV FECHADO (HORARIO COM.)    ;   ;tailan.al  ;20:26
022045                            ;14/05/2026;    ;334675;003;    ;0082594;PONTO QUENTE                                      ;(75)99826-9478 ;010;105;TMM4F43;     126,86;    0,20;14/05/2026;72;PDV FECHADO (HORARIO COM.)    ;   ;tailan.al  ;20:26
022047                            ;14/05/2026;    ;334732;003;    ;0036983;SAMUKA FEST                                       ;(71)99952-4431 ;010;101;PJX0435;     100,26;    0,20;14/05/2026;71;SEM DINHEIRO/CHEQUE           ;   ;tailan.al  ;18:39
022048                            ;14/05/2026;    ;334754;003;    ;0041395;QUERO MAIS                                        ;(75)99968-2860 ;010;110;TMU6H51;     111,09;    0,22;14/05/2026;71;SEM DINHEIRO/CHEQUE           ;   ;tailan.al  ;20:44
022048                            ;14/05/2026;    ;334755;003;    ;0041395;QUERO MAIS                                        ;(75)99968-2860 ;010;110;TMU6H51;      99,20;    0,12;14/05/2026;71;SEM DINHEIRO/CHEQUE           ;   ;tailan.al  ;20:44
022048                            ;14/05/2026;    ;334769;003;    ;0088026;MEL LANCH. E RESTAUR                              ;(75) 9921-1071 ;010;111;TMU6H51;     141,28;    0,14;14/05/2026;81;PRODUTO DANIFICADO / FALTA    ;   ;tailan.al  ;20:43
022048                            ;14/05/2026;    ;334792;003;    ;0084579;TEMPERO REGIONAL                                  ;(75)98107-4950 ;010;110;TMU6H51;     420,99;    0,87;14/05/2026;72;PDV FECHADO (HORARIO COM.)    ;   ;tailan.al  ;20:43
022048                            ;14/05/2026;    ;334793;003;    ;0084147;TICO DO ACARAJE                                   ;(75)99985-1315 ;010;110;TMU6H51;     235,58;    0,23;14/05/2026;81;PRODUTO DANIFICADO / FALTA    ;   ;tailan.al  ;20:43
022049                            ;14/05/2026;    ;334802;003;    ;0020107;ESPETINHO DO CUNHA                                ;(75)99289-9180 ;010;110;SKB4I83;     787,50;    0,72;14/05/2026;72;PDV FECHADO (HORARIO COM.)    ;   ;tailan.al  ;21:08
022049                            ;14/05/2026;    ;334803;003;    ;0020107;ESPETINHO DO CUNHA                                ;(75)99289-9180 ;010;110;SKB4I83;      75,90;    0,06;14/05/2026;72;PDV FECHADO (HORARIO COM.)    ;   ;tailan.al  ;21:08
022049                            ;14/05/2026;    ;334804;003;    ;0027304;BAR DO ALEX                                       ;(75)99915-9777 ;010;110;SKB4I83;     599,11;    0,67;14/05/2026;71;SEM DINHEIRO/CHEQUE           ;   ;tailan.al  ;21:09
022049                            ;14/05/2026;    ;334814;003;    ;0050745;LUIS COQUETEL E CERV                              ;(75)99968-2956 ;010;105;SKB4I83;     389,25;    0,22;14/05/2026;71;SEM DINHEIRO/CHEQUE           ;   ;tailan.al  ;21:09
022059                            ;15/05/2026;    ;334834;003;    ;0021054;MM CAFE E CIA                                     ;(75)99942-4315 ;020;207;TMM9J07;      75,75;    0,11;16/05/2026;42;Produto/Quantidade Errada     ;   ;romario.al ;17:  
022059                            ;15/05/2026;    ;334835;003;    ;0021054;MM CAFE E CIA                                     ;(75)99942-4315 ;020;207;TMM9J07;      30,36;    0,01;16/05/2026;42;Produto/Quantidade Errada     ;   ;romario.al ;17:01
022059                            ;15/05/2026;    ;334836;003;    ;0021054;MM CAFE E CIA                                     ;(75)99942-4315 ;020;207;TMM9J07;      16,10;    0,06;16/05/2026;42;Produto/Quantidade Errada     ;   ;romario.al ;17:01
022068                            ;15/05/2026;    ;335288;003;    ;0020025;CANTINHO DO SABOR                                 ;(71)99950-4983 ;010;108;SJQ0C73;     105,00;    0,30;15/05/2026;50;CARGA ERRADA ARMAZEM          ;   ;emerson.al ;18:29
022070                            ;15/05/2026;    ;335346;003;    ;0028334;MERCEARIA NOVA IDEIA                              ;(75)98159-6789 ;010;103;SJQ7E10;     272,91;    0,34;15/05/2026;58;Carga Errada                  ;   ;emerson.al ;20:22
022072                            ;15/05/2026;    ;335448;003;    ;0027497;CASA DE CARNE BIL                                 ;(71)99607-7451 ;010;101;SJQ1F85;     107,80;    0,13;15/05/2026;71;SEM DINHEIRO/CHEQUE           ;   ;romario.al ;16:53
022072                            ;15/05/2026;    ;335449;003;    ;0027497;CASA DE CARNE BIL                                 ;(71)99607-7451 ;010;101;SJQ1F85;      21,41;    0,02;15/05/2026;71;SEM DINHEIRO/CHEQUE           ;   ;romario.al ;16:53
022074                            ;15/05/2026;    ;335509;003;    ;0028007;RESTAURANTE BATISTA                               ;(75)98212-0048 ;010;103;SKS5C26;     147,32;    0,30;15/05/2026;71;SEM DINHEIRO/CHEQUE           ;   ;emerson.al ;20:14
022074                            ;15/05/2026;    ;335510;003;    ;0028007;RESTAURANTE BATISTA                               ;(75)98212-0048 ;010;103;SKS5C26;       9,51;    0,00;15/05/2026;71;SEM DINHEIRO/CHEQUE           ;   ;emerson.al ;20:13
022074                            ;15/05/2026;    ;335528;003;    ;0035185;RENAN PRODUCOES                                   ;(75)98367-8087 ;030;305;SKS5C26;    4277,27;    6,19;15/05/2026;71;SEM DINHEIRO/CHEQUE           ;   ;emerson.al ;20:15
022074                            ;15/05/2026;    ;335536;003;    ;0083147;LANCHONETE NEVES                                  ;(75)99362-1481 ;010;105;SKS5C26;    1346,78;    1,60;15/05/2026;87;TEMPO INSUFICIENTE            ;   ;emerson.al ;20:14
022076                            ;15/05/2026;    ;335619;003;    ;0038006;KYOSKY DO BYTA                                    ;(75)98132-0780 ;010;102;TMM3F04;     110,84;    0,07;16/05/2026;71;SEM DINHEIRO/CHEQUE           ;   ;romario.al ;14:48
022076                            ;15/05/2026;    ;335620;003;    ;0038006;KYOSKY DO BYTA                                    ;(75)98132-0780 ;010;102;TMM3F04;     261,28;    0,12;16/05/2026;71;SEM DINHEIRO/CHEQUE           ;   ;romario.al ;14:48
022076                            ;15/05/2026;    ;335621;003;    ;0038006;KYOSKY DO BYTA                                    ;(75)98132-0780 ;010;102;TMM3F04;     108,12;    0,20;16/05/2026;71;SEM DINHEIRO/CHEQUE           ;   ;romario.al ;14:47
022079                            ;15/05/2026;    ;335719;003;    ;0020993;ENCONTRO DOS AMIGOS                               ;(75)99939-0416 ;020;206;PJX0435;     351,00;    0,41;15/05/2026;72;PDV FECHADO (HORARIO COM.)    ;   ;emerson.al ;20:02
022081                            ;15/05/2026;    ;335756;003;    ;0020085;BAR DO ESTALA                                     ;(71)99928-8465 ;010;101;NYM9I27;     145,40;    0,25;16/05/2026;70;CLIENTE CANCELOU              ;   ;romario.al ;15:48
022081                            ;15/05/2026;    ;335757;003;    ;0020085;BAR DO ESTALA                                     ;(71)99928-8465 ;010;101;NYM9I27;      45,90;    0,12;16/05/2026;70;CLIENTE CANCELOU              ;   ;romario.al ;15:47
022082                            ;15/05/2026;    ;335779;003;    ;0035349;CASA DA COXINHA                                   ;(71)99960-7529 ;010;109;TMU6H51;     151,80;    0,24;16/05/2026;72;PDV FECHADO (HORARIO COM.)    ;   ;romario.al ;13:46
022082                            ;15/05/2026;    ;335784;003;    ;0083878;ACARAJE DA LINDAURA                               ;(71)99643-1499 ;010;109;TMU6H51;     558,71;    0,82;16/05/2026;62;FORMA PAGAMENTO ERRADA        ;   ;romario.al ;13:49
022082                            ;15/05/2026;    ;335785;003;    ;0083878;ACARAJE DA LINDAURA                               ;(71)99643-1499 ;010;109;TMU6H51;      34,90;    0,04;16/05/2026;62;FORMA PAGAMENTO ERRADA        ;   ;romario.al ;13:49
022082                            ;15/05/2026;    ;335809;003;    ;0020523;BOTECO DA CLEO                                    ;(71)99682-7248 ;010;108;TMU6H51;     229,43;    0,24;16/05/2026;32;ENTREGA ATRASADA (BUFFER)     ;   ;romario.al ;13:51
022082                            ;15/05/2026;    ;335811;003;    ;0087384;DEPOSITO DA LU                                    ;(71)99706-7756 ;010;108;TMU6H51;     149,47;    0,45;16/05/2026;72;PDV FECHADO (HORARIO COM.)    ;   ;romario.al ;13:53
022082                            ;15/05/2026;    ;335812;003;    ;0087384;DEPOSITO DA LU                                    ;(71)99706-7756 ;010;108;TMU6H51;      53,90;    0,06;16/05/2026;72;PDV FECHADO (HORARIO COM.)    ;   ;romario.al ;13:53
022082                            ;15/05/2026;    ;335813;003;    ;0087384;DEPOSITO DA LU                                    ;(71)99706-7756 ;010;108;TMU6H51;      53,90;    0,06;16/05/2026;72;PDV FECHADO (HORARIO COM.)    ;   ;romario.al ;13:53
022082                            ;15/05/2026;    ;335814;003;    ;0087384;DEPOSITO DA LU                                    ;(71)99706-7756 ;010;108;TMU6H51;      49,92;    0,12;16/05/2026;72;PDV FECHADO (HORARIO COM.)    ;   ;romario.al ;13:54
022082                            ;15/05/2026;    ;335816;003;    ;0084053;BAR DA CLARICE                                    ;(71)99714-6500 ;010;108;TMU6H51;     131,19;    0,16;16/05/2026;33;Nao Fez Pedido                ;   ;romario.al ;13:52
022083                            ;15/05/2026;    ;335821;003;    ;0082623;Bar chega mais                                    ;(75) 8813-5832 ;010;107;SKB4I83;     159,90;    0,14;16/05/2026;71;SEM DINHEIRO/CHEQUE           ;   ;romario.al ;13:30
022085                            ;15/05/2026;    ;335062;003;    ;0050367;MERCADINHO ALMEIDA                                ;(75)99929-0828 ;020;204;SKS2H93;    1262,59;    2,45;19/05/2026;50;CARGA ERRADA ARMAZEM          ;   ;tailan.al  ;01:45
022085                            ;15/05/2026;    ;335066;003;    ;0050403;BAR DO MANOEL                                     ;(75)99159-2854 ;020;204;SKS2H93;     378,60;    0,43;19/05/2026;32;ENTREGA ATRASADA (BUFFER)     ;   ;tailan.al  ;01:45
022085                            ;15/05/2026;    ;335142;003;    ;0020570;ADEGA DA SERRA                                    ;(75)98707-2072 ;030;304;SKS2H93;    2577,75;    0,00;19/05/2026;42;Produto/Quantidade Errada     ;   ;tailan.al  ;01:48
022086                            ;15/05/2026;    ;335149;003;    ;0050535;CASA ASA BRANCA                                   ;(75) 3427-1453 ;030;304;SJQ4A23;    1298,18;    2,46;16/05/2026;83;PROPRIETARIO AUSENTE          ;   ;tailan.al  ;18:16
022086                            ;15/05/2026;    ;335151;003;    ;0040163;RESTAURANTE BRASIL                                ;(75)99180-7152 ;020;209;SJQ4A23;     379,60;    0,44;16/05/2026;81;PRODUTO DANIFICADO / FALTA    ;   ;tailan.al  ;18:16
022086                            ;15/05/2026;    ;335152;003;    ;0050447;DISTR. DO JAIR LAVA                               ;(75)99834-6582 ;030;304;SJQ4A23;     959,85;    1,01;16/05/2026;39;Cliente Cancelou.             ;   ;tailan.al  ;18:15
022097                            ;16/05/2026;    ;335899;003;    ;0029330;BAR PAI E FILHO                                   ;(71)99699-3872 ;010;101;SJQ3B12;     895,12;    0,90;16/05/2026;86;HORARIO DE ENTREGA            ;   ;romario.al ;15:16
022099                            ;16/05/2026;    ;335927;003;    ;0083244;SUPER. MODELO II                                  ;(75)98242-7394 ;030;305;SJQ5E98;    1339,23;    2,09;18/05/2026;42;Produto/Quantidade Errada     ;   ;romario.al ;14:46
022099                            ;16/05/2026;    ;335928;003;    ;0083244;SUPER. MODELO II                                  ;(75)98242-7394 ;030;305;SJQ5E98;     780,89;    1,90;18/05/2026;42;Produto/Quantidade Errada     ;   ;romario.al ;14:47
022099                            ;16/05/2026;    ;335929;003;    ;0083244;SUPER. MODELO II                                  ;(75)98242-7394 ;030;305;SJQ5E98;      76,40;    0,10;18/05/2026;42;Produto/Quantidade Errada     ;   ;romario.al ;14:47
022099                            ;16/05/2026;    ;335930;003;    ;0083244;SUPER. MODELO II                                  ;(75)98242-7394 ;030;305;SJQ5E98;      37,00;    0,04;18/05/2026;42;Produto/Quantidade Errada     ;   ;romario.al ;14:47
022100                            ;16/05/2026;    ;335965;003;    ;0036709;BOTECO DO RAPOSA                                  ;(75)98369-1169 ;010;102;SKS7B90;     231,13;    0,29;16/05/2026;71;SEM DINHEIRO/CHEQUE           ;   ;romario.al ;16:18
022100                            ;16/05/2026;    ;335966;003;    ;0036709;BOTECO DO RAPOSA                                  ;(75)98369-1169 ;010;102;SKS7B90;      27,84;    0,04;16/05/2026;71;SEM DINHEIRO/CHEQUE           ;   ;romario.al ;16:17
022102                            ;16/05/2026;    ;336039;003;    ;0040320;FLUXO DO VAQUEIRO                                 ;(07)59944-3809 ;020;206;TMM5E06;     380,52;    0,51;16/05/2026;65;NAO FEZ PEDIDO                ;   ;tailan.al  ;18:40
022102                            ;16/05/2026;    ;336040;003;    ;0040320;FLUXO DO VAQUEIRO                                 ;(07)59944-3809 ;020;206;TMM5E06;      50,53;    0,06;16/05/2026;65;NAO FEZ PEDIDO                ;   ;tailan.al  ;18:40
022112                            ;16/05/2026;    ;336093;003;    ;0020270;ESLLEI SANTOS PINTO                               ;(74)98226-0458 ;090;992;       ;     124,53;    0,20;27/05/2026;51;NF ERRADA                     ;   ;maiara     ;17:56
022118                            ;18/05/2026;    ;336100;003;    ;0026643;SUPERMERCADO NUNES                                ;(71)99306-5512 ;030;306;NZF6F00;    5765,79;   14,09;18/05/2026;86;HORARIO DE ENTREGA            ;   ;tailan.al  ;18:21
022118                            ;18/05/2026;    ;336101;003;    ;0030469;BAR DO GORDO                                      ;(71)99643-5727 ;010;101;NZF6F00;    2111,12;    2,49;18/05/2026;72;PDV FECHADO (HORARIO COM.)    ;   ;tailan.al  ;18:20
022118                            ;18/05/2026;    ;336102;003;    ;0030469;BAR DO GORDO                                      ;(71)99643-5727 ;010;101;NZF6F00;     749,25;    0,69;18/05/2026;72;PDV FECHADO (HORARIO COM.)    ;   ;tailan.al  ;18:20
022119                            ;18/05/2026;    ;336143;003;    ;0019845;EMPORIO BEBIDAS                                   ;(75)99942-2254 ;020;207;SKS5C26;     418,02;    0,50;19/05/2026;42;Produto/Quantidade Errada     ;   ;tailan.al  ;21:16
022119                            ;18/05/2026;    ;336147;003;    ;0018736;PIZZARIA DEGUSTE                                  ;(75)99935-3790 ;020;207;SKS5C26;     447,60;    0,98;19/05/2026;72;PDV FECHADO (HORARIO COM.)    ;   ;tailan.al  ;21:16
022119                            ;18/05/2026;    ;336148;003;    ;0018736;PIZZARIA DEGUSTE                                  ;(75)99935-3790 ;020;207;SKS5C26;      47,46;    0,12;19/05/2026;72;PDV FECHADO (HORARIO COM.)    ;   ;tailan.al  ;21:16
022119                            ;18/05/2026;    ;336151;003;    ;0018517;BAR DA ZENE                                       ;(75)99952-7656 ;020;207;SKS5C26;     259,62;    0,24;19/05/2026;71;SEM DINHEIRO/CHEQUE           ;   ;tailan.al  ;21:16
022122                            ;18/05/2026;    ;336203;003;    ;0040503;POINT DA DIANA                                    ;(71)99953-1581 ;010;108;SJQ0C73;     432,92;    0,59;18/05/2026;71;SEM DINHEIRO/CHEQUE           ;   ;romario.al ;17:39
022122                            ;18/05/2026;    ;336204;003;    ;0040503;POINT DA DIANA                                    ;(71)99953-1581 ;010;108;SJQ0C73;     120,08;    0,14;18/05/2026;71;SEM DINHEIRO/CHEQUE           ;   ;romario.al ;17:39
022123                            ;18/05/2026;    ;336246;003;    ;0049157;DEPOSITO BAHIA                                    ;               ;030;306;SJQ3B12;     925,20;    1,26;18/05/2026;72;PDV FECHADO (HORARIO COM.)    ;   ;tailan.al  ;20:12
022123                            ;18/05/2026;    ;336247;003;    ;0049157;DEPOSITO BAHIA                                    ;               ;030;306;SJQ3B12;      32,20;    0,12;18/05/2026;72;PDV FECHADO (HORARIO COM.)    ;   ;tailan.al  ;20:11
022123                            ;18/05/2026;    ;336250;003;    ;0033320;DEPOSITO BEBIDAS SY                               ;(71) 9614-7146 ;030;306;SJQ3B12;     625,60;    0,94;18/05/2026;87;TEMPO INSUFICIENTE            ;   ;tailan.al  ;20:13
022123                            ;18/05/2026;    ;336251;003;    ;0019172;ADRIANA SOARES                                    ;(71)99916-1570 ;030;306;SJQ3B12;     304,32;    0,78;18/05/2026;87;TEMPO INSUFICIENTE            ;   ;tailan.al  ;20:13
022123                            ;18/05/2026;    ;336252;003;    ;0084723;DEPOSITO DO UBALDO                                ;(71)99645-0513 ;030;306;SJQ3B12;    1650,47;    2,07;18/05/2026;87;TEMPO INSUFICIENTE            ;   ;tailan.al  ;20:13
022123                            ;18/05/2026;    ;336253;003;    ;0084723;DEPOSITO DO UBALDO                                ;(71)99645-0513 ;030;306;SJQ3B12;      30,84;    0,04;18/05/2026;87;TEMPO INSUFICIENTE            ;   ;tailan.al  ;20:12
022124                            ;18/05/2026;    ;336280;003;    ;0054744;BAR DE MARESIA                                    ;(75)98132-0593 ;010;104;SJQ4A23;    1044,27;    1,10;18/05/2026;71;SEM DINHEIRO/CHEQUE           ;   ;romario.al ;16:45
022125                            ;18/05/2026;    ;336318;003;    ;0040092;MF                                                ;(75)99809-6880 ;030;304;SJQ0A82;    1234,73;    1,76;18/05/2026;45;Tempo Insuficiente.           ;   ;romario.al ;17:25
022126                            ;18/05/2026;    ;336344;003;    ;0023216;BAR ENC. DOS AMIGOS                               ;(75)98183-7883 ;010;106;SJQ7E10;     665,68;    0,88;18/05/2026;72;PDV FECHADO (HORARIO COM.)    ;   ;tailan.al  ;20:03
022126                            ;18/05/2026;    ;336345;003;    ;0023216;BAR ENC. DOS AMIGOS                               ;(75)98183-7883 ;010;106;SJQ7E10;      65,32;    0,14;18/05/2026;72;PDV FECHADO (HORARIO COM.)    ;   ;tailan.al  ;20:03
022127                            ;18/05/2026;    ;336370;003;    ;0087603;BAR BAMBUZAL                                      ;(75)98112-9887 ;010;102;SJQ1F85;     116,42;    0,18;18/05/2026;72;PDV FECHADO (HORARIO COM.)    ;   ;romario.al ;16:26
022127                            ;18/05/2026;    ;336371;003;    ;0087603;BAR BAMBUZAL                                      ;(75)98112-9887 ;010;102;SJQ1F85;       3,85;    0,00;18/05/2026;72;PDV FECHADO (HORARIO COM.)    ;   ;romario.al ;16:26
022129                            ;18/05/2026;    ;336437;003;    ;0020872;REAL PETISCARIA                                   ;(75)99152-5763 ;010;111;TMM9J07;    1191,08;    1,01;18/05/2026;72;PDV FECHADO (HORARIO COM.)    ;   ;romario.al ;16:47
022129                            ;18/05/2026;    ;336463;003;    ;0041442;COMERCIAL ALAGOINHAS                              ;(75)99973-2311 ;010;105;TMM9J07;     215,30;    0,33;18/05/2026;34;Pedido Duplicado              ;   ;romario.al ;16:48
022130                            ;18/05/2026;    ;336470;003;    ;0018502;BOTECO MC                                         ;(79)99987-0770 ;010;110;TMM3F04;     106,38;    0,29;18/05/2026;72;PDV FECHADO (HORARIO COM.)    ;   ;tailan.al  ;20:18
022130                            ;18/05/2026;    ;336478;003;    ;0027685;PADARIA VIToRIA                                   ;(75)99846-4462 ;010;103;TMM3F04;     317,95;    0,49;18/05/2026;71;SEM DINHEIRO/CHEQUE           ;   ;tailan.al  ;20:18
022130                            ;18/05/2026;    ;336495;003;    ;0019261;LANCHES E CIA                                     ;(75)98824-3444 ;010;107;TMM3F04;     105,46;    0,02;18/05/2026;86;HORARIO DE ENTREGA            ;   ;tailan.al  ;20:19
022130                            ;18/05/2026;    ;336498;003;    ;0018940;TIA MEIRE                                         ;(75)99113-8379 ;010;107;TMM3F04;     287,79;    0,44;18/05/2026;86;HORARIO DE ENTREGA            ;   ;tailan.al  ;20:18
022130                            ;18/05/2026;    ;336501;003;    ;0036855;DISTRIBUIDORA GUT                                 ;(75)98291-9779 ;010;107;TMM3F04;     340,68;    0,18;18/05/2026;86;HORARIO DE ENTREGA            ;   ;tailan.al  ;20:19
022130                            ;18/05/2026;    ;336503;003;    ;0020960;ANTONIO CARLOS FREIT                              ;(75)98332-2647 ;010;107;TMM3F04;     107,34;    0,11;18/05/2026;72;PDV FECHADO (HORARIO COM.)    ;   ;tailan.al  ;20:18
022131                            ;18/05/2026;    ;336519;003;    ;0020865;BAR DO SOSSEGO                                    ;(71)99730-3079 ;020;208;TMM5E06;     401,81;    0,61;18/05/2026;72;PDV FECHADO (HORARIO COM.)    ;   ;tailan.al  ;18:22
022133                            ;18/05/2026;    ;336580;003;    ;0031019;BAR DO PAPUDA                                     ;(75)98160-2832 ;010;110;TMU6H51;     423,20;    0,42;18/05/2026;72;PDV FECHADO (HORARIO COM.)    ;   ;tailan.al  ;18:31
022133                            ;18/05/2026;    ;336592;003;    ;0030581;CANTINHO Z                                        ;(75) 9839-6519 ;010;103;TMU6H51;     138,34;    0,18;18/05/2026;72;PDV FECHADO (HORARIO COM.)    ;   ;tailan.al  ;18:32
022133                            ;18/05/2026;    ;336600;003;    ;0018894;BAR RECANTO FAMILIAR                              ;(75)98329-4057 ;010;103;TMU6H51;     105,02;    0,18;18/05/2026;72;PDV FECHADO (HORARIO COM.)    ;   ;tailan.al  ;18:32
022133                            ;18/05/2026;    ;336602;003;    ;0018537;CHEGUE MAIS BAR                                   ;(75)99933-1156 ;010;103;TMU6H51;     111,72;    0,19;18/05/2026;72;PDV FECHADO (HORARIO COM.)    ;   ;tailan.al  ;18:32
022133                            ;18/05/2026;    ;336611;003;    ;0021334;VALCLECIA ROMANA DOS                              ;(75)99941-4253 ;010;110;TMU6H51;     177,50;    0,21;18/05/2026;72;PDV FECHADO (HORARIO COM.)    ;   ;tailan.al  ;18:32
022134                            ;18/05/2026;    ;336628;003;    ;0040106;MERCADINHO SANTANA                                ;(75)99703-7581 ;020;206;PJX0435;     194,56;    0,54;18/05/2026;71;SEM DINHEIRO/CHEQUE           ;   ;tailan.al  ;18:13
022134                            ;18/05/2026;    ;336629;003;    ;0040164;BOTECO DA MARIA                                   ;(75)99910-3286 ;020;206;PJX0435;     115,61;    0,13;18/05/2026;42;Produto/Quantidade Errada     ;   ;tailan.al  ;18:15
022134                            ;18/05/2026;    ;336630;003;    ;0040164;BOTECO DA MARIA                                   ;(75)99910-3286 ;020;206;PJX0435;      16,10;    0,06;18/05/2026;42;Produto/Quantidade Errada     ;   ;tailan.al  ;18:14
022134                            ;18/05/2026;    ;336638;003;    ;0019842;RESTAURANTE VITORIA                               ;(75)99180-8298 ;020;203;PJX0435;     186,96;    0,06;18/05/2026;33;Nao Fez Pedido                ;   ;tailan.al  ;18:14
022134                            ;18/05/2026;    ;336639;003;    ;0040350;BAR LUCINHA                                       ;(75)99892-6496 ;020;203;PJX0435;     100,87;    0,13;18/05/2026;71;SEM DINHEIRO/CHEQUE           ;   ;tailan.al  ;18:12
022134                            ;18/05/2026;    ;336654;003;    ;0040174;BARBEARIA TESOURA DE                              ;(75)99935-8279 ;020;203;PJX0435;     115,80;    0,13;18/05/2026;72;PDV FECHADO (HORARIO COM.)    ;   ;tailan.al  ;18:12
022134                            ;18/05/2026;    ;336660;003;    ;0040407;BAR DO VAQUEIRO                                   ;(75)99138-8097 ;020;206;PJX0435;     113,10;    0,12;18/05/2026;72;PDV FECHADO (HORARIO COM.)    ;   ;tailan.al  ;18:13
022155                            ;19/05/2026;    ;336684;003;    ;0020884;MERCEARIA TODA HORA                               ;(75)99923-5711 ;020;209;SJQ5B35;     500,17;    0,67;19/05/2026;71;SEM DINHEIRO/CHEQUE           ;   ;tailan.al  ;20:17
022155                            ;19/05/2026;    ;336685;003;    ;0020884;MERCEARIA TODA HORA                               ;(75)99923-5711 ;020;209;SJQ5B35;      19,20;    0,02;19/05/2026;71;SEM DINHEIRO/CHEQUE           ;   ;tailan.al  ;20:17
022156                            ;19/05/2026;    ;336692;003;    ;0050685;PONTO CERTO                                       ;(75)99919-6164 ;030;304;SJQ0A82;     197,08;    0,18;19/05/2026;41;Sem Vasilhame.                ;   ;tailan.al  ;22:04
022160                            ;19/05/2026;    ;336843;003;    ;0020551;BAR DA IARA                                       ;(75)99831-3693 ;020;208;SKS9J44;     472,63;    0,49;20/05/2026;85;DIFICIL ACESSO                ;   ;romario.al ;14:15
022165                            ;19/05/2026;    ;336995;003;    ;0028536;PRAIA TIO FAM                                     ;(75)99165-6637 ;010;103;SJQ7E10;    2329,65;    2,80;19/05/2026;72;PDV FECHADO (HORARIO COM.)    ;   ;tailan.al  ;20:15
022168                            ;19/05/2026;    ;337102;003;    ;0047794;BOX DA MARI                                       ;(75)98362-8135 ;010;103;SJQ1F85;     199,88;    0,26;19/05/2026;72;PDV FECHADO (HORARIO COM.)    ;   ;romario.al ;16:12
022170                            ;19/05/2026;    ;337165;003;    ;0051475;BAR 2 DE JULHO                                    ;(75)98332-0140 ;010;111;TMM5E06;     175,50;    0,20;19/05/2026;72;PDV FECHADO (HORARIO COM.)    ;   ;romario.al ;19:02
022172                            ;19/05/2026;    ;337240;003;    ;0018731;LC MERCADO                                        ;(71)99995-2430 ;020;207;SKB4I83;      32,36;    0,02;19/05/2026;42;Produto/Quantidade Errada     ;   ;romario.al ;18:21
022173                            ;19/05/2026;    ;337283;003;    ;0082126;BAR DO ZE DA AGUA                                 ;(71)99659-6528 ;010;101;PJX0435;     185,16;    0,48;19/05/2026;72;PDV FECHADO (HORARIO COM.)    ;   ;romario.al ;18:01
022173                            ;19/05/2026;    ;337284;003;    ;0082126;BAR DO ZE DA AGUA                                 ;(71)99659-6528 ;010;101;PJX0435;      20,88;    0,02;19/05/2026;72;PDV FECHADO (HORARIO COM.)    ;   ;romario.al ;18:01
022174                            ;19/05/2026;    ;337324;003;    ;0027890;VS MERCEA                                         ;(75) 3181-6199 ;010;110;TMU6H51;     111,80;    0,12;19/05/2026;86;HORARIO DE ENTREGA            ;   ;romario.al ;18:34
022174                            ;19/05/2026;    ;337354;003;    ;0034357;BAR DO BIRA                                       ;(75)99972-4532 ;010;107;TMU6H51;     183,74;    0,23;19/05/2026;86;HORARIO DE ENTREGA            ;   ;romario.al ;18:34
022196                            ;20/05/2026;    ;337390;003;    ;0030097;REST. TEMPERO BAIANO                              ;(75)99874-6101 ;020;207;TMM9J07;     297,88;    0,26;21/05/2026;71;SEM DINHEIRO/CHEQUE           ;   ;emerson.al ;21:02
022196                            ;20/05/2026;    ;337409;003;    ;0018741;SUPERMERCADO LIMA                                 ;(75)99971-2155 ;020;207;TMM9J07;    1084,55;    1,41;21/05/2026;42;Produto/Quantidade Errada     ;   ;emerson.al ;21:  
022196                            ;20/05/2026;    ;337410;003;    ;0020631;GS SUPERMERCADO                                   ;               ;020;207;TMM9J07;     135,80;    0,07;21/05/2026;42;Produto/Quantidade Errada     ;   ;emerson.al ;21:02
022196                            ;20/05/2026;    ;337411;003;    ;0020631;GS SUPERMERCADO                                   ;               ;020;207;TMM9J07;      13,53;    0,06;21/05/2026;42;Produto/Quantidade Errada     ;   ;emerson.al ;21:01
022206                            ;20/05/2026;    ;337726;003;    ;0018877;BAR DO MARCELO                                    ;(71)98355-7471 ;020;204;SJQ4A23;     573,05;    0,62;21/05/2026;72;PDV FECHADO (HORARIO COM.)    ;   ;romario.al ;07:14
022206                            ;20/05/2026;    ;337727;003;    ;0018877;BAR DO MARCELO                                    ;(71)98355-7471 ;020;204;SJQ4A23;      69,80;    0,08;21/05/2026;72;PDV FECHADO (HORARIO COM.)    ;   ;romario.al ;07:13
022212                            ;20/05/2026;    ;337907;003;    ;0038760;MERC CHAPEU DE COURO                              ;(71)99174-1667 ;010;101;SJQ5E98;    1428,72;    2,11;20/05/2026;50;CARGA ERRADA ARMAZEM          ;   ;emerson.al ;19:05
022212                            ;20/05/2026;    ;337911;003;    ;0033267;AGNALDO DA PAIXAO PI                              ;(71) 9174-1667 ;010;101;SJQ5E98;     396,32;    0,46;20/05/2026;50;CARGA ERRADA ARMAZEM          ;   ;emerson.al ;19:05
022212                            ;20/05/2026;    ;337912;003;    ;0033267;AGNALDO DA PAIXAO PI                              ;(71) 9174-1667 ;010;101;SJQ5E98;    1420,08;    1,87;20/05/2026;50;CARGA ERRADA ARMAZEM          ;   ;emerson.al ;19:05
022212                            ;20/05/2026;    ;337913;003;    ;0033267;AGNALDO DA PAIXAO PI                              ;(71) 9174-1667 ;010;101;SJQ5E98;       9,51;    0,00;20/05/2026;50;CARGA ERRADA ARMAZEM          ;   ;emerson.al ;19:05
022213                            ;20/05/2026;    ;337966;003;    ;0040016;Comercio De Materiai                              ;(07)59932-7520 ;020;201;SKS5C26;     247,92;    0,85;20/05/2026;72;PDV FECHADO (HORARIO COM.)    ;   ;emerson.al ;20:19
022215                            ;20/05/2026;    ;338011;003;    ;0019180;ARENA QUADRANGULAR                                ;(75)98864-5865 ;010;107;TMM4F43;     482,20;    0,44;21/05/2026;34;Pedido Duplicado              ;   ;bispo.se   ;12:40
022215                            ;20/05/2026;    ;338031;003;    ;0029493;RESTAURANTE DO LOBAO                              ;(75)99256-2657 ;010;107;TMM4F43;     154,95;    0,20;21/05/2026;34;Pedido Duplicado              ;   ;bispo.se   ;12:24
022215                            ;20/05/2026;    ;338038;003;    ;0020644;TRAILLER DO ADAILTON                              ;(75)99945-3052 ;010;105;TMM4F43;     107,80;    0,13;21/05/2026;72;PDV FECHADO (HORARIO COM.)    ;   ;bispo.se   ;12:23
022215                            ;20/05/2026;    ;338046;003;    ;0021017;MERC MAIS ECONOMICO                               ;(75)99100-6260 ;010;110;TMM4F43;     139,20;    0,32;21/05/2026;34;Pedido Duplicado              ;   ;bispo.se   ;12:22
022220                            ;20/05/2026;    ;338176;003;    ;0049954;LANCHONETE DA RODOV                               ;(71)99926-8291 ;010;109;PJX0435;     286,48;    0,33;20/05/2026;58;Carga Errada                  ;   ;romario.al ;17:53
022220                            ;20/05/2026;    ;338217;003;    ;0047008;SUPERM. SHALON                                    ;(71)99627-0476 ;010;101;PJX0435;     517,39;    1,00;20/05/2026;71;SEM DINHEIRO/CHEQUE           ;   ;romario.al ;17:53
022222                            ;20/05/2026;    ;337582;003;    ;0020338;BAR PONTO DA SINUCA                               ;(75)99148-5264 ;010;104;SJQ8D11;     197,56;    0,20;21/05/2026;72;PDV FECHADO (HORARIO COM.)    ;   ;emerson.al ;18:42
022224                            ;20/05/2026;    ;337473;003;    ;0019492;BAR DO ADE                                        ;(75)99891-0030 ;010;104;TMM3F04;     713,77;    0,84;20/05/2026;71;SEM DINHEIRO/CHEQUE           ;   ;emerson.al ;20:59
022227                            ;20/05/2026;    ;338057;003;    ;0082298;PRIMEIRA ESTACAO                                  ;(75)99931-1197 ;010;105;TMM5E06;     222,58;    0,36;21/05/2026;50;CARGA ERRADA ARMAZEM          ;   ;romario.al ;14:10
022227                            ;20/05/2026;    ;338058;003;    ;0082298;PRIMEIRA ESTACAO                                  ;(75)99931-1197 ;010;105;TMM5E06;      30,84;    0,04;21/05/2026;50;CARGA ERRADA ARMAZEM          ;   ;romario.al ;14:10
022227                            ;20/05/2026;    ;338062;003;    ;0030884;BAR DO NEZO                                       ;(75)98134-7255 ;010;105;TMM5E06;     235,31;    0,16;21/05/2026;72;PDV FECHADO (HORARIO COM.)    ;   ;romario.al ;14:11
022227                            ;20/05/2026;    ;338064;003;    ;0027357;BUTECO DO BAFO                                    ;(75)99927-0711 ;010;105;TMM5E06;     820,41;    0,80;21/05/2026;72;PDV FECHADO (HORARIO COM.)    ;   ;romario.al ;14:11
022227                            ;20/05/2026;    ;338073;003;    ;0030644;DEPoSITO DO JAIR                                  ;(75)98165-3406 ;030;305;TMM5E06;     303,38;    0,38;21/05/2026;50;CARGA ERRADA ARMAZEM          ;   ;romario.al ;14:12
022227                            ;20/05/2026;    ;338074;003;    ;0030644;DEPoSITO DO JAIR                                  ;(75)98165-3406 ;030;305;TMM5E06;     506,20;    0,70;21/05/2026;50;CARGA ERRADA ARMAZEM          ;   ;romario.al ;14:12
022227                            ;20/05/2026;    ;338082;003;    ;0082771;BAR E MERC. J.R.                                  ;(75)99967-7525 ;010;110;TMM5E06;     186,00;    0,25;21/05/2026;50;CARGA ERRADA ARMAZEM          ;   ;romario.al ;14:15
022227                            ;20/05/2026;    ;338083;003;    ;0082771;BAR E MERC. J.R.                                  ;(75)99967-7525 ;010;110;TMM5E06;      23,56;    0,00;21/05/2026;50;CARGA ERRADA ARMAZEM          ;   ;romario.al ;14:14
022227                            ;20/05/2026;    ;338084;003;    ;0030471;MERCEARIA ALVES                                   ;(75) 8702-4102 ;010;110;TMM5E06;     115,02;    0,11;21/05/2026;50;CARGA ERRADA ARMAZEM          ;   ;romario.al ;14:15
022227                            ;20/05/2026;    ;338085;003;    ;0030471;MERCEARIA ALVES                                   ;(75) 8702-4102 ;010;110;TMM5E06;      98,06;    0,12;21/05/2026;50;CARGA ERRADA ARMAZEM          ;   ;romario.al ;14:16
022227                            ;20/05/2026;    ;338086;003;    ;0020633;MERCADO ALECRIN                                   ;(75)99909-3100 ;010;110;TMM5E06;     102,02;    0,11;21/05/2026;50;CARGA ERRADA ARMAZEM          ;   ;romario.al ;14:14
022227                            ;20/05/2026;    ;338087;003;    ;0020633;MERCADO ALECRIN                                   ;(75)99909-3100 ;010;110;TMM5E06;      95,15;    0,11;21/05/2026;50;CARGA ERRADA ARMAZEM          ;   ;romario.al ;14:13
022248                            ;20/05/2026;    ;338224;003;    ;0030712;CONVERSA FIADA                                    ;(71)99727-7419 ;010;107;OUF6E81;    2825,00;    0,00;20/05/2026;39;Cliente Cancelou.             ;   ;romario.al ;18:09
022261                            ;21/05/2026;    ;338497;003;    ;0035185;RENAN PRODUCOES                                   ;(75)98367-8087 ;030;305;SJQ1F85;     771,00;    1,05;21/05/2026;71;SEM DINHEIRO/CHEQUE           ;   ;emerson.al ;18:35
022261                            ;21/05/2026;    ;338498;003;    ;0035185;RENAN PRODUCOES                                   ;(75)98367-8087 ;030;305;SJQ1F85;    4416,92;    6,57;21/05/2026;71;SEM DINHEIRO/CHEQUE           ;   ;emerson.al ;18:35
022261                            ;21/05/2026;    ;338511;003;    ;0019445;BAR DO ESTEVAM                                    ;(75)98274-9720 ;010;103;SJQ1F85;     111,48;    0,13;21/05/2026;71;SEM DINHEIRO/CHEQUE           ;   ;emerson.al ;18:35
022261                            ;21/05/2026;    ;338512;003;    ;0019444;BAR DO ATOLADO                                    ;(75)98133-5489 ;010;103;SJQ1F85;     276,77;    0,31;21/05/2026;71;SEM DINHEIRO/CHEQUE           ;   ;emerson.al ;18:36
022261                            ;21/05/2026;    ;338513;003;    ;0019444;BAR DO ATOLADO                                    ;(75)98133-5489 ;010;103;SJQ1F85;      17,39;    0,06;21/05/2026;71;SEM DINHEIRO/CHEQUE           ;   ;emerson.al ;18:36
022261                            ;21/05/2026;    ;338514;003;    ;0049094;BAR DE YURI                                       ;(75)98162-4710 ;010;103;SJQ1F85;     361,30;    0,45;21/05/2026;71;SEM DINHEIRO/CHEQUE           ;   ;emerson.al ;18:36
022261                            ;21/05/2026;    ;338515;003;    ;0019306;BAR DO KAL                                        ;(75)98133-0634 ;010;103;SJQ1F85;     169,04;    0,40;21/05/2026;71;SEM DINHEIRO/CHEQUE           ;   ;emerson.al ;18:37
022261                            ;21/05/2026;    ;338516;003;    ;0019306;BAR DO KAL                                        ;(75)98133-0634 ;010;103;SJQ1F85;       3,85;    0,00;21/05/2026;71;SEM DINHEIRO/CHEQUE           ;   ;emerson.al ;18:37
022261                            ;21/05/2026;    ;338517;003;    ;0055202;BAR EDVINANIA BISPO                               ;(75)98143-8422 ;010;103;SJQ1F85;     442,24;    0,53;21/05/2026;71;SEM DINHEIRO/CHEQUE           ;   ;emerson.al ;18:37
022261                            ;21/05/2026;    ;338518;003;    ;0019308;BAR DO BOLINHA                                    ;(75)98259-0965 ;010;103;SJQ1F85;     107,80;    0,13;21/05/2026;71;SEM DINHEIRO/CHEQUE           ;   ;emerson.al ;18:38
022261                            ;21/05/2026;    ;338519;003;    ;0019308;BAR DO BOLINHA                                    ;(75)98259-0965 ;010;103;SJQ1F85;       3,85;    0,00;21/05/2026;71;SEM DINHEIRO/CHEQUE           ;   ;emerson.al ;18:38
022262                            ;21/05/2026;    ;338524;003;    ;0037055;BAR DO LITRINHO                                   ;(75)98156-7588 ;010;102;SJQ5E98;     119,53;    0,08;21/05/2026;45;Tempo Insuficiente.           ;   ;emerson.al ;20:36
022262                            ;21/05/2026;    ;338525;003;    ;0037055;BAR DO LITRINHO                                   ;(75)98156-7588 ;010;102;SJQ5E98;     269,50;    0,34;21/05/2026;45;Tempo Insuficiente.           ;   ;emerson.al ;20:37
022262                            ;21/05/2026;    ;338526;003;    ;0038006;KYOSKY DO BYTA                                    ;(75)98132-0780 ;010;102;SJQ5E98;     103,08;    0,11;21/05/2026;45;Tempo Insuficiente.           ;   ;emerson.al ;20:36
022262                            ;21/05/2026;    ;338527;003;    ;0038006;KYOSKY DO BYTA                                    ;(75)98132-0780 ;010;102;SJQ5E98;     161,70;    0,20;21/05/2026;45;Tempo Insuficiente.           ;   ;emerson.al ;20:36
022262                            ;21/05/2026;    ;338566;003;    ;0034046;LIDIANE DE ALMEIDA                                ;(75)98297-3438 ;010;102;SJQ5E98;     334,95;    0,42;21/05/2026;45;Tempo Insuficiente.           ;   ;emerson.al ;20:43
022262                            ;21/05/2026;    ;338567;003;    ;0034046;LIDIANE DE ALMEIDA                                ;(75)98297-3438 ;010;102;SJQ5E98;      13,53;    0,06;21/05/2026;45;Tempo Insuficiente.           ;   ;emerson.al ;20:37
022264                            ;21/05/2026;    ;338617;003;    ;0083778;BAR DA NALVA                                      ;(71)99602-1970 ;010;109;SKS5C26;     300,39;    0,42;21/05/2026;45;Tempo Insuficiente.           ;   ;emerson.al ;20:48
022264                            ;21/05/2026;    ;338620;003;    ;0082758;QUIOSK DO JOSE                                    ;(75) 0645-3993 ;010;109;SKS5C26;     158,31;    0,14;21/05/2026;72;PDV FECHADO (HORARIO COM.)    ;   ;emerson.al ;20:46
022264                            ;21/05/2026;    ;338639;003;    ;0045010;QUIOSQUE DA POJUCA 2                              ;(71)99615-4910 ;010;108;SKS5C26;     775,44;    0,83;21/05/2026;72;PDV FECHADO (HORARIO COM.)    ;   ;emerson.al ;20:45
022264                            ;21/05/2026;    ;338646;003;    ;0026762;CACIQUE DEPOSITO                                  ;(71)99609-6605 ;010;108;SKS5C26;     214,62;    0,27;21/05/2026;45;Tempo Insuficiente.           ;   ;emerson.al ;20:47
022264                            ;21/05/2026;    ;338647;003;    ;0032224;LP HOUSE BAR                                      ;(71)98440-1790 ;010;108;SKS5C26;     645,76;    0,65;21/05/2026;45;Tempo Insuficiente.           ;   ;emerson.al ;20:47
022264                            ;21/05/2026;    ;338648;003;    ;0032224;LP HOUSE BAR                                      ;(71)98440-1790 ;010;108;SKS5C26;     141,80;    0,06;21/05/2026;45;Tempo Insuficiente.           ;   ;emerson.al ;20:47
022264                            ;21/05/2026;    ;338652;003;    ;0020557;CASA DO BOLO                                      ;(71)99229-1335 ;010;108;SKS5C26;     142,35;    0,42;21/05/2026;45;Tempo Insuficiente.           ;   ;emerson.al ;20:48
022267                            ;21/05/2026;    ;338724;003;    ;0037136;DELICIAS DA PRACA                                 ;(75)98802-8248 ;010;110;PJX0435;     324,68;    0,34;21/05/2026;72;PDV FECHADO (HORARIO COM.)    ;   ;romario.al ;16:47
022267                            ;21/05/2026;    ;338725;003;    ;0084147;TICO DO ACARAJE                                   ;(75)99985-1315 ;010;110;PJX0435;     411,33;    0,46;21/05/2026;64;SEM VASILHAME                 ;   ;romario.al ;16:48
022267                            ;21/05/2026;    ;338726;003;    ;0021043;EMPORIO BOM D                                     ;(75)99981-4083 ;030;305;PJX0435;     591,66;    0,61;21/05/2026;58;Carga Errada                  ;   ;romario.al ;16:47
022267                            ;21/05/2026;    ;338727;003;    ;0021043;EMPORIO BOM D                                     ;(75)99981-4083 ;030;305;PJX0435;      23,56;    0,00;21/05/2026;58;Carga Errada                  ;   ;romario.al ;16:47
022267                            ;21/05/2026;    ;338731;003;    ;0024433;MERC. 2 IRMAS                                     ;(75)98132-8499 ;010;107;PJX0435;     124,36;    0,15;21/05/2026;72;PDV FECHADO (HORARIO COM.)    ;   ;romario.al ;16:48
022268                            ;21/05/2026;    ;338756;003;    ;0021174;LANCHONET BOM JESUS                               ;(75)98339-0524 ;010;110;TMU6H51;      61,90;    0,06;21/05/2026;65;NAO FEZ PEDIDO                ;   ;romario.al ;17:31
022268                            ;21/05/2026;    ;338766;003;    ;0031910;DADOS NET CONVENIENC                              ;(75)99100-2879 ;010;111;TMU6H51;     212,20;    0,40;21/05/2026;71;SEM DINHEIRO/CHEQUE           ;   ;romario.al ;17:32
022268                            ;21/05/2026;    ;338776;003;    ;0083186;BOX DO FAUSTO                                     ;(75)90000-0000 ;010;111;TMU6H51;     168,37;    0,21;21/05/2026;72;PDV FECHADO (HORARIO COM.)    ;   ;romario.al ;17:31
022268                            ;21/05/2026;    ;338785;003;    ;0020156;SAMI BAR                                          ;(75)99842-7995 ;010;111;TMU6H51;     108,41;    0,17;21/05/2026;41;Sem Vasilhame.                ;   ;romario.al ;17:30
022269                            ;21/05/2026;    ;338790;003;    ;0032876;WP DEPOSITO                                       ;(75) 9993-4639 ;010;107;TMM5E06;     172,42;    0,27;21/05/2026;33;Nao Fez Pedido                ;   ;emerson.al ;20:31
022287                            ;22/05/2026;    ;338907;003;    ;0019140;GILMARIO SANTANA DA                               ;(75)99881-4890 ;020;202;SKS5C26;     309,69;    0,61;23/05/2026;86;HORARIO DE ENTREGA            ;   ;romario.al ;17:23
022287                            ;22/05/2026;    ;338924;003;    ;0019725;KIOSK RECANTO DO RIO                              ;(75)99116-1562 ;020;207;SKS5C26;     297,02;    0,40;23/05/2026;85;DIFICIL ACESSO                ;   ;romario.al ;17:23
022287                            ;22/05/2026;    ;338950;003;    ;0060057;RESTAURANTE FAMILIAR                              ;(71)99648-5990 ;020;207;SKS5C26;     100,91;    0,01;23/05/2026;50;CARGA ERRADA ARMAZEM          ;   ;romario.al ;17:25
022287                            ;22/05/2026;    ;338951;003;    ;0060057;RESTAURANTE FAMILIAR                              ;(71)99648-5990 ;020;207;SKS5C26;      14,95;    0,00;23/05/2026;50;CARGA ERRADA ARMAZEM          ;   ;romario.al ;17:25
022287                            ;22/05/2026;    ;338964;003;    ;0030083;REST TEMP DA BAIANA                               ;(75)98219-0804 ;020;207;SKS5C26;      99,18;    0,13;23/05/2026;73;FALTA DE ATIVOS DE GIRO       ;   ;romario.al ;17:24
022290                            ;22/05/2026;    ;339051;003;    ;0018604;SUPERMERCADO CEBRAL                               ;(75)99955-6880 ;020;203;SKS3C50;     220,00;    0,24;23/05/2026;36;Prazo Errado.                 ;   ;emerson.al ;23:15
022292                            ;22/05/2026;    ;339101;003;    ;0020722;BAR DE UDA                                        ;(71)99976-8599 ;010;101;SJQ8D11;     463,42;    0,56;22/05/2026;71;SEM DINHEIRO/CHEQUE           ;   ;tailan.al  ;19:13
022292                            ;22/05/2026;    ;339102;003;    ;0020722;BAR DE UDA                                        ;(71)99976-8599 ;010;101;SJQ8D11;       9,10;    0,00;22/05/2026;71;SEM DINHEIRO/CHEQUE           ;   ;tailan.al  ;19:14
022292                            ;22/05/2026;    ;339114;003;    ;0090109;MERC. VERCOZA                                     ;(71) 3641-2022 ;030;306;SJQ8D11;     387,37;    0,95;22/05/2026;72;PDV FECHADO (HORARIO COM.)    ;   ;tailan.al  ;19:15
022292                            ;22/05/2026;    ;339115;003;    ;0090109;MERC. VERCOZA                                     ;(71) 3641-2022 ;030;306;SJQ8D11;     489,84;    0,65;22/05/2026;72;PDV FECHADO (HORARIO COM.)    ;   ;tailan.al  ;19:15
022292                            ;22/05/2026;    ;339124;003;    ;0082328;ARTUR BAR                                         ;(71)99958-1130 ;010;101;SJQ8D11;     552,03;    0,58;22/05/2026;71;SEM DINHEIRO/CHEQUE           ;   ;tailan.al  ;19:14
022292                            ;22/05/2026;    ;339125;003;    ;0082328;ARTUR BAR                                         ;(71)99958-1130 ;010;101;SJQ8D11;     408,49;    0,39;22/05/2026;71;SEM DINHEIRO/CHEQUE           ;   ;tailan.al  ;19:14
022292                            ;22/05/2026;    ;339126;003;    ;0082328;ARTUR BAR                                         ;(71)99958-1130 ;010;101;SJQ8D11;     894,29;    1,43;22/05/2026;71;SEM DINHEIRO/CHEQUE           ;   ;tailan.al  ;19:15
022292                            ;22/05/2026;    ;339127;003;    ;0082328;ARTUR BAR                                         ;(71)99958-1130 ;010;101;SJQ8D11;     175,90;    0,14;22/05/2026;71;SEM DINHEIRO/CHEQUE           ;   ;tailan.al  ;19:15
022292                            ;22/05/2026;    ;339128;003;    ;0082328;ARTUR BAR                                         ;(71)99958-1130 ;010;101;SJQ8D11;      23,47;    0,02;22/05/2026;71;SEM DINHEIRO/CHEQUE           ;   ;tailan.al  ;19:15
022295                            ;22/05/2026;    ;339184;003;    ;0030975;MERCADIN DO DEVYSON                               ;(75)98171-6672 ;010;103;SJQ7E10;     189,35;    0,17;22/05/2026;72;PDV FECHADO (HORARIO COM.)    ;   ;tailan.al  ;20:38
022295                            ;22/05/2026;    ;339195;003;    ;0018470;JM DISTRIBUIDORA                                  ;(75)98115-6211 ;030;305;SJQ7E10;    1652,88;    6,07;22/05/2026;34;Pedido Duplicado              ;   ;tailan.al  ;20:39
022297                            ;22/05/2026;    ;339274;003;    ;0020105;BAR DE MARCIO                                     ;(75)98302-8804 ;010;104;SJQ5E98;     158,38;    0,17;22/05/2026;72;PDV FECHADO (HORARIO COM.)    ;   ;tailan.al  ;18:30
022298                            ;22/05/2026;    ;339291;003;    ;0020994;SITIO SaO JOSE                                    ;(75)98704-0113 ;010;111;SKS7B90;     775,07;    0,69;22/05/2026;87;TEMPO INSUFICIENTE            ;   ;tailan.al  ;20:27
022298                            ;22/05/2026;    ;339293;003;    ;0020835;ESPETINHO DA PRACA                                ;(75)98290-6338 ;010;111;SKS7B90;     381,70;    0,42;22/05/2026;72;PDV FECHADO (HORARIO COM.)    ;   ;tailan.al  ;20:27
022300                            ;22/05/2026;    ;339412;003;    ;0082573;POINT DO LANCHE                                   ;(75)99866-4858 ;010;110;TMM4F43;     188,91;    0,19;22/05/2026;72;PDV FECHADO (HORARIO COM.)    ;   ;tailan.al  ;18:55
022300                            ;22/05/2026;    ;339413;003;    ;0082573;POINT DO LANCHE                                   ;(75)99866-4858 ;010;110;TMM4F43;      37,90;    0,04;22/05/2026;72;PDV FECHADO (HORARIO COM.)    ;   ;tailan.al  ;18:55
022300                            ;22/05/2026;    ;339416;003;    ;0021273;O LANCHINHO                                       ;(71)99379-1593 ;010;110;TMM4F43;     295,82;    0,49;22/05/2026;72;PDV FECHADO (HORARIO COM.)    ;   ;tailan.al  ;18:56
022300                            ;22/05/2026;    ;339442;003;    ;0087857;ABATEDOURO 2 IRMAOS                               ;(75)99948-4276 ;010;103;TMM4F43;     339,59;    0,85;22/05/2026;87;TEMPO INSUFICIENTE            ;   ;tailan.al  ;18:56
022300                            ;22/05/2026;    ;339445;003;    ;0029101;GALEGO DRINKS                                     ;(75)99965-0320 ;010;110;TMM4F43;     915,05;    0,79;22/05/2026;87;TEMPO INSUFICIENTE            ;   ;tailan.al  ;18:54
022300                            ;22/05/2026;    ;339446;003;    ;0084141;PEU DRINKS                                        ;(75)99227-4852 ;010;110;TMM4F43;     316,97;    0,39;22/05/2026;87;TEMPO INSUFICIENTE            ;   ;tailan.al  ;18:56
022301                            ;22/05/2026;    ;339473;003;    ;0018813;DEPOSITO 3 IRMAOS                                 ;(75)99146-0967 ;010;105;TMM5E06;     554,11;    0,63;22/05/2026;41;Sem Vasilhame.                ;   ;tailan.al  ;18:33
022301                            ;22/05/2026;    ;339474;003;    ;0018813;DEPOSITO 3 IRMAOS                                 ;(75)99146-0967 ;010;105;TMM5E06;      13,74;    0,00;22/05/2026;41;Sem Vasilhame.                ;   ;tailan.al  ;18:32
022301                            ;22/05/2026;    ;339477;003;    ;0082543;CARRANCA                                          ;(75)98135-0710 ;010;105;TMM5E06;     160,17;    0,15;22/05/2026;71;SEM DINHEIRO/CHEQUE           ;   ;tailan.al  ;18:32
022301                            ;22/05/2026;    ;339478;003;    ;0047928;ROYAL FARMA                                       ;               ;010;105;TMM5E06;     539,07;    0,69;22/05/2026;55;QUALIDADE DO PRODUTO          ;   ;tailan.al  ;18:33
022301                            ;22/05/2026;    ;339486;003;    ;0018964;ACARAJE DA JOSI                                   ;(75)98367-5164 ;010;105;TMM5E06;     422,51;    0,67;22/05/2026;71;SEM DINHEIRO/CHEQUE           ;   ;tailan.al  ;18:32
022301                            ;22/05/2026;    ;339491;003;    ;0083421;BAR DO LULA                                       ;(75)99702-9100 ;010;103;TMM5E06;     559,86;    0,62;22/05/2026;34;Pedido Duplicado              ;   ;tailan.al  ;18:34
022301                            ;22/05/2026;    ;339492;003;    ;0083421;BAR DO LULA                                       ;(75)99702-9100 ;010;103;TMM5E06;      37,30;    0,01;22/05/2026;34;Pedido Duplicado              ;   ;tailan.al  ;18:33
022304                            ;22/05/2026;    ;339560;003;    ;0018868;BAR DO NEGO PILO                                  ;(75)99949-3273 ;020;204;SKB4I83;     156,83;    0,17;22/05/2026;71;SEM DINHEIRO/CHEQUE           ;   ;romario.al ;17:57
022304                            ;22/05/2026;    ;339561;003;    ;0018868;BAR DO NEGO PILO                                  ;(75)99949-3273 ;020;204;SKB4I83;      11,83;    0,01;22/05/2026;71;SEM DINHEIRO/CHEQUE           ;   ;romario.al ;17:58
022304                            ;22/05/2026;    ;339566;003;    ;0052898;SUPERMERCADO GALILEU                              ;(75)99116-7710 ;030;305;SKB4I83;     493,12;    0,47;22/05/2026;71;SEM DINHEIRO/CHEQUE           ;   ;romario.al ;17:57
022304                            ;22/05/2026;    ;339578;003;    ;0050083;BAR DA MARIA                                      ;(75)99955-3007 ;020;204;SKB4I83;     195,82;    0,20;22/05/2026;72;PDV FECHADO (HORARIO COM.)    ;   ;romario.al ;17:58
022307                            ;22/05/2026;    ;339652;003;    ;0054055;LANCH SERVO DE DEUS                               ;(71)99627-6484 ;010;101;TMU6H51;     188,66;    0,42;22/05/2026;85;DIFICIL ACESSO                ;   ;tailan.al  ;19:19
022307                            ;22/05/2026;    ;339653;003;    ;0043881;PADARIA PAGUE MENOS                               ;               ;010;101;TMU6H51;     330,21;    0,51;22/05/2026;85;DIFICIL ACESSO                ;   ;tailan.al  ;19:20
022307                            ;22/05/2026;    ;339654;003;    ;0083401;MERC DA NUBIA                                     ;(71)99232-3023 ;010;101;TMU6H51;     105,02;    0,18;22/05/2026;85;DIFICIL ACESSO                ;   ;tailan.al  ;19:18
022307                            ;22/05/2026;    ;339655;003;    ;0084271;CASA DA DETE                                      ;(71)99919-2691 ;010;101;TMU6H51;     161,70;    0,20;22/05/2026;85;DIFICIL ACESSO                ;   ;tailan.al  ;19:18
022307                            ;22/05/2026;    ;339656;003;    ;0027497;CASA DE CARNE BIL                                 ;(71)99607-7451 ;010;101;TMU6H51;      30,40;    0,04;22/05/2026;85;DIFICIL ACESSO                ;   ;tailan.al  ;19:18
022307                            ;22/05/2026;    ;339657;003;    ;0027497;CASA DE CARNE BIL                                 ;(71)99607-7451 ;010;101;TMU6H51;     107,80;    0,13;22/05/2026;85;DIFICIL ACESSO                ;   ;tailan.al  ;19:18
022307                            ;22/05/2026;    ;339658;003;    ;0083551;BAR E MERCEARIA TRIN                              ;(71) 9904-6244 ;010;101;TMU6H51;     327,99;    0,48;22/05/2026;85;DIFICIL ACESSO                ;   ;tailan.al  ;19:19
022307                            ;22/05/2026;    ;339659;003;    ;0038674;BAR DA DAIANA                                     ;               ;010;101;TMU6H51;     132,78;    0,18;22/05/2026;85;DIFICIL ACESSO                ;   ;tailan.al  ;19:19
022307                            ;22/05/2026;    ;339660;003;    ;0038674;BAR DA DAIANA                                     ;               ;010;101;TMU6H51;       9,10;    0,00;22/05/2026;85;DIFICIL ACESSO                ;   ;tailan.al  ;19:19
022314                            ;22/05/2026;    ;339607;003;    ;0018820;BAR MORENA MIX                                    ;(71)99686-6496 ;020;206;IAA6D14;     264,31;    0,19;22/05/2026;43;Forma de Pagamento            ;   ;romario.al ;17:34
022314                            ;22/05/2026;    ;339608;003;    ;0018820;BAR MORENA MIX                                    ;(71)99686-6496 ;020;206;IAA6D14;      61,07;    0,07;22/05/2026;43;Forma de Pagamento            ;   ;romario.al ;17:31
022314                            ;22/05/2026;    ;339609;003;    ;0018820;BAR MORENA MIX                                    ;(71)99686-6496 ;020;206;IAA6D14;       4,17;    0,00;22/05/2026;43;Forma de Pagamento            ;   ;romario.al ;17:30
022323                            ;23/05/2026;    ;339686;003;    ;0046889;BAR DO PEDRO                                      ;(71)98324-0914 ;010;106;SJQ7E10;     223,38;    0,27;23/05/2026;82;ENDERECO NAO ENCONTRADO       ;   ;romario.al ;17:19
022323                            ;23/05/2026;    ;339715;003;    ;0023216;BAR ENC. DOS AMIGOS                               ;(75)98183-7883 ;010;106;SJQ7E10;     592,50;    0,80;23/05/2026;34;Pedido Duplicado              ;   ;romario.al ;17:21
022323                            ;23/05/2026;    ;339734;003;    ;0040796;DISTRIB AGUA FACIL                                ;(75)99900-0788 ;010;103;SJQ7E10;     177,50;    0,21;23/05/2026;70;CLIENTE CANCELOU              ;   ;romario.al ;17:19
022324                            ;23/05/2026;    ;339761;003;    ;0055516;POINT DA NAI                                      ;(71)98143-8193 ;010;108;SJQ0C73;      83,84;    0,11;23/05/2026;71;SEM DINHEIRO/CHEQUE           ;   ;romario.al ;16:44
022325                            ;23/05/2026;    ;339795;003;    ;0045373;VALDETE DE SOUZA SA                               ;               ;010;101;SJQ5E98;     631,01;    1,12;23/05/2026;72;PDV FECHADO (HORARIO COM.)    ;   ;romario.al ;17:31
022326                            ;23/05/2026;    ;339833;003;    ;0050120;MERCADO FRIGO CARNE                               ;(75)99871-6698 ;020;204;TMM9J07;     306,89;    0,81;23/05/2026;71;SEM DINHEIRO/CHEQUE           ;   ;emerson.al ;18:47
022327                            ;23/05/2026;    ;339905;003;    ;0020721;CANTINHO D SOSSEGO                                ;(75)99940-1140 ;010;110;SKS7B90;     273,92;    0,37;23/05/2026;45;Tempo Insuficiente.           ;   ;emerson.al ;20:14
022327                            ;23/05/2026;    ;339906;003;    ;0020721;CANTINHO D SOSSEGO                                ;(75)99940-1140 ;010;110;SKS7B90;      23,56;    0,00;23/05/2026;45;Tempo Insuficiente.           ;   ;emerson.al ;20:14
022328                            ;23/05/2026;    ;339914;003;    ;0026606;BAR E REST DO PIU                                 ;(75)98110-1784 ;010;103;TMM5E06;    2072,48;    2,26;23/05/2026;71;SEM DINHEIRO/CHEQUE           ;   ;romario.al ;16:38
022328                            ;23/05/2026;    ;339927;003;    ;0087603;BAR BAMBUZAL                                      ;(75)98112-9887 ;010;102;TMM5E06;     125,66;    0,22;23/05/2026;72;PDV FECHADO (HORARIO COM.)    ;   ;romario.al ;16:38
022329                            ;23/05/2026;    ;339964;003;    ;0042681;REST CASA DA MUKECA                               ;(75)99109-9696 ;010;107;TMM3F04;     671,84;    1,65;23/05/2026;72;PDV FECHADO (HORARIO COM.)    ;   ;emerson.al ;18:41
022329                            ;23/05/2026;    ;339973;003;    ;0019783;BAHIA                                             ;(75)98241-5168 ;010;111;TMM3F04;     139,59;    0,16;23/05/2026;72;PDV FECHADO (HORARIO COM.)    ;   ;emerson.al ;18:41
022329                            ;23/05/2026;    ;339974;003;    ;0019713;MINI MERCEARIA BARBO                              ;(75)99993-4280 ;010;111;TMM3F04;     120,51;    0,05;23/05/2026;43;Forma de Pagamento            ;   ;emerson.al ;18:43
022329                            ;23/05/2026;    ;339977;003;    ;0020960;ANTONIO CARLOS FREIT                              ;(75)98332-2647 ;010;107;TMM3F04;     887,66;    0,79;23/05/2026;43;Forma de Pagamento            ;   ;emerson.al ;18:41
022329                            ;23/05/2026;    ;339978;003;    ;0020960;ANTONIO CARLOS FREIT                              ;(75)98332-2647 ;010;107;TMM3F04;      73,13;    0,01;23/05/2026;43;Forma de Pagamento            ;   ;emerson.al ;18:41
022329                            ;23/05/2026;    ;339979;003;    ;0020960;ANTONIO CARLOS FREIT                              ;(75)98332-2647 ;010;107;TMM3F04;      24,28;    0,00;23/05/2026;43;Forma de Pagamento            ;   ;emerson.al ;18:42
022329                            ;23/05/2026;    ;339980;003;    ;0020960;ANTONIO CARLOS FREIT                              ;(75)98332-2647 ;010;107;TMM3F04;      22,34;    0,00;23/05/2026;43;Forma de Pagamento            ;   ;emerson.al ;18:42
022329                            ;23/05/2026;    ;339981;003;    ;0020960;ANTONIO CARLOS FREIT                              ;(75)98332-2647 ;010;107;TMM3F04;      14,17;    0,01;23/05/2026;43;Forma de Pagamento            ;   ;emerson.al ;18:42
022329                            ;23/05/2026;    ;339982;003;    ;0082554;BAR DO REINALDO                                   ;(75)99972-9987 ;010;111;TMM3F04;     449,60;    0,45;23/05/2026;43;Forma de Pagamento            ;   ;emerson.al ;18:40
022329                            ;23/05/2026;    ;339983;003;    ;0033835;EDDYBARBERSHOP                                    ;(75)99950-3754 ;010;111;TMM3F04;     754,99;    0,59;23/05/2026;43;Forma de Pagamento            ;   ;emerson.al ;18:43
022329                            ;23/05/2026;    ;339985;003;    ;0019633;CINE BURGUER                                      ;(71)99200-4906 ;010;107;TMM3F04;     187,33;    0,23;23/05/2026;43;Forma de Pagamento            ;   ;emerson.al ;18:42
022330                            ;23/05/2026;    ;340017;003;    ;0020954;REFUGIO DO SABOR                                  ;(75)99710-2874 ;010;105;TMM4F43;     263,90;    0,40;23/05/2026;45;Tempo Insuficiente.           ;   ;emerson.al ;18:53
022330                            ;23/05/2026;    ;340018;003;    ;0020954;REFUGIO DO SABOR                                  ;(75)99710-2874 ;010;105;TMM4F43;      41,28;    0,12;23/05/2026;45;Tempo Insuficiente.           ;   ;emerson.al ;18:53
022330                            ;23/05/2026;    ;340019;003;    ;0019395;MATOS PASTELARIA                                  ;(75)99998-0622 ;010;111;TMM4F43;     101,28;    0,13;23/05/2026;72;PDV FECHADO (HORARIO COM.)    ;   ;emerson.al ;18:54
022330                            ;23/05/2026;    ;340031;003;    ;0018940;TIA MEIRE                                         ;(75)99113-8379 ;010;107;TMM4F43;     592,63;    0,88;23/05/2026;71;SEM DINHEIRO/CHEQUE           ;   ;emerson.al ;18:54
022330                            ;23/05/2026;    ;340032;003;    ;0084644;TRAILER DA GAL                                    ;(75)99827-2655 ;010;107;TMM4F43;      35,02;    0,04;23/05/2026;65;NAO FEZ PEDIDO                ;   ;emerson.al ;18:53
022331                            ;23/05/2026;    ;340042;003;    ;0018837;QUIOSQUE RECANTO DOS                              ;(75)99869-3476 ;010;104;SKB4I83;     589,27;    0,69;23/05/2026;46;Endereco Nao Encontrado       ;   ;romario.al ;16:36
022331                            ;23/05/2026;    ;340057;003;    ;0021039;GIRLEIDE ALVES DOS S                              ;(75)98315-7990 ;010;104;SKB4I83;     236,58;    0,25;23/05/2026;39;Cliente Cancelou.             ;   ;romario.al ;16:34
022331                            ;23/05/2026;    ;340058;003;    ;0021039;GIRLEIDE ALVES DOS S                              ;(75)98315-7990 ;010;104;SKB4I83;     102,18;    0,24;23/05/2026;39;Cliente Cancelou.             ;   ;romario.al ;16:35
022331                            ;23/05/2026;    ;340060;003;    ;0054744;BAR DE MARESIA                                    ;(75)98132-0593 ;010;104;SKB4I83;     677,44;    0,83;23/05/2026;39;Cliente Cancelou.             ;   ;romario.al ;16:36
022343                            ;25/05/2026;    ;340072;003;    ;0030080;BARRACA DO JALDO                                  ;(75)99944-1479 ;020;207;SKS9J44;      26,73;    0,04;26/05/2026;71;SEM DINHEIRO/CHEQUE           ;   ;tailan.al  ;21:42
022343                            ;25/05/2026;    ;340074;003;    ;0030080;BARRACA DO JALDO                                  ;(75)99944-1479 ;020;207;SKS9J44;      68,51;    0,08;26/05/2026;71;SEM DINHEIRO/CHEQUE           ;   ;tailan.al  ;21:43
022343                            ;25/05/2026;    ;340075;003;    ;0018736;PIZZARIA DEGUSTE                                  ;(75)99935-3790 ;020;207;SKS9J44;      97,02;    0,24;26/05/2026;71;SEM DINHEIRO/CHEQUE           ;   ;tailan.al  ;21:42
022343                            ;25/05/2026;    ;340079;003;    ;0021052;LOPES DISTRIBUIDORA                               ;(71)99944-4463 ;020;207;SKS9J44;      92,52;    0,12;26/05/2026;71;SEM DINHEIRO/CHEQUE           ;   ;tailan.al  ;21:41
022343                            ;25/05/2026;    ;340087;003;    ;0060054;DEP. BEBIDAS DO DUDA                              ;(75)99988-2074 ;020;207;SKS9J44;     483,72;    0,28;26/05/2026;72;PDV FECHADO (HORARIO COM.)    ;   ;tailan.al  ;21:42
022343                            ;25/05/2026;    ;340090;003;    ;0030289;MERCADINHO DO NALDO                               ;(07)59959-1545 ;020;207;SKS9J44;     133,44;    0,24;26/05/2026;71;SEM DINHEIRO/CHEQUE           ;   ;tailan.al  ;21:42
022343                            ;25/05/2026;    ;340096;003;    ;0020624;BAR DO JAIR                                       ;(71)99945-4811 ;020;207;SKS9J44;     114,61;    0,09;26/05/2026;72;PDV FECHADO (HORARIO COM.)    ;   ;tailan.al  ;21:43
022343                            ;25/05/2026;    ;340097;003;    ;0020624;BAR DO JAIR                                       ;(71)99945-4811 ;020;207;SKS9J44;      33,00;    0,04;26/05/2026;72;PDV FECHADO (HORARIO COM.)    ;   ;tailan.al  ;21:43
022343                            ;25/05/2026;    ;340149;003;    ;0030087;MERCADO UNIAO                                     ;(75)99970-4204 ;020;207;SKS9J44;     618,25;    1,37;26/05/2026;72;PDV FECHADO (HORARIO COM.)    ;   ;tailan.al  ;21:41
022343                            ;25/05/2026;    ;340150;003;    ;0030087;MERCADO UNIAO                                     ;(75)99970-4204 ;020;207;SKS9J44;      13,53;    0,06;26/05/2026;72;PDV FECHADO (HORARIO COM.)    ;   ;tailan.al  ;21:41
022344                            ;25/05/2026;    ;340160;003;    ;0050293;MERCEARIA ANDRADE                                 ;(75)99938-3651 ;020;204;TMM5E06;     246,62;    0,37;25/05/2026;71;SEM DINHEIRO/CHEQUE           ;   ;emerson.al ;21:13
022347                            ;25/05/2026;    ;340261;003;    ;0019900;POINT DA MARA                                     ;(71)99715-3174 ;010;108;SJQ3B12;     302,80;    0,45;25/05/2026;72;PDV FECHADO (HORARIO COM.)    ;   ;romario.al ;18:51
022349                            ;25/05/2026;    ;340301;003;    ;0060894;SOL E MARINHEIRO                                  ;(75)99169-1041 ;020;208;SKS5C26;     113,03;    0,30;26/05/2026;72;PDV FECHADO (HORARIO COM.)    ;   ;daniel.al  ;12:19
022349                            ;25/05/2026;    ;340322;003;    ;0020865;BAR DO SOSSEGO                                    ;(71)99730-3079 ;020;208;SKS5C26;     221,31;    0,24;26/05/2026;47;Dificil Acesso                ;   ;daniel.al  ;13:42
022349                            ;25/05/2026;    ;340323;003;    ;0020865;BAR DO SOSSEGO                                    ;(71)99730-3079 ;020;208;SKS5C26;      31,32;    0,12;26/05/2026;47;Dificil Acesso                ;   ;daniel.al  ;12:24
022349                            ;25/05/2026;    ;340324;003;    ;0018429;PARADA OBRIGATORIA                                ;(71)99999-8341 ;020;208;SKS5C26;     218,46;    0,23;26/05/2026;47;Dificil Acesso                ;   ;daniel.al  ;12:24
022350                            ;25/05/2026;    ;340347;003;    ;0040045;BAR DO EDIVAN                                     ;(07)59714-7395 ;020;206;SKS7B90;     329,69;    0,64;25/05/2026;72;PDV FECHADO (HORARIO COM.)    ;   ;romario.al ;19:  
022350                            ;25/05/2026;    ;340348;003;    ;0040045;BAR DO EDIVAN                                     ;(07)59714-7395 ;020;206;SKS7B90;      15,03;    0,09;25/05/2026;72;PDV FECHADO (HORARIO COM.)    ;   ;romario.al ;19:  
022351                            ;25/05/2026;    ;340378;003;    ;0027313;MERCEARIA BRANDAO                                 ;(75)99990-6657 ;010;103;TMM3F04;     248,02;    0,36;25/05/2026;73;FALTA DE ATIVOS DE GIRO       ;   ;romario.al ;15:47
022351                            ;25/05/2026;    ;340381;003;    ;0030644;DEPoSITO DO JAIR                                  ;(75)98165-3406 ;030;305;TMM3F04;     139,07;    0,19;25/05/2026;86;HORARIO DE ENTREGA            ;   ;romario.al ;15:48
022353                            ;25/05/2026;    ;340464;003;    ;0019321;BAR DE GATO                                       ;(75)99944-3068 ;010;102;SKB4I83;     203,08;    0,30;25/05/2026;72;PDV FECHADO (HORARIO COM.)    ;   ;romario.al ;15:34
022353                            ;25/05/2026;    ;340465;003;    ;0019321;BAR DE GATO                                       ;(75)99944-3068 ;010;102;SKB4I83;       3,85;    0,00;25/05/2026;72;PDV FECHADO (HORARIO COM.)    ;   ;romario.al ;15:33
022379                            ;25/05/2026;    ;340481;003;    ;0021502;TASSIO SANTANA                                    ;(75) 9000-9000 ;090;992;MSG0C01;     449,00;    0,40;30/05/2026;08;Mapa nao carregado / nao canc.;   ;tailan.al  ;20:48
022388                            ;26/05/2026;    ;340681;003;    ;0024205;DEPOSITO SAO JOSE                                 ;(75)98112-8325 ;010;106;SJQ7E10;     206,56;    0,27;26/05/2026;57;Produto Danificado            ;   ;tailan.al  ;19:10
022388                            ;26/05/2026;    ;340691;003;    ;0029052;MERCADINHO DO ZEINHO                              ;(75)98142-7763 ;030;305;SJQ7E10;    2293,80;    5,80;26/05/2026;42;Produto/Quantidade Errada     ;   ;tailan.al  ;19:09
022388                            ;26/05/2026;    ;340692;003;    ;0029052;MERCADINHO DO ZEINHO                              ;(75)98142-7763 ;030;305;SJQ7E10;      34,65;    0,04;26/05/2026;42;Produto/Quantidade Errada     ;   ;tailan.al  ;19:10
022388                            ;26/05/2026;    ;340693;003;    ;0029052;MERCADINHO DO ZEINHO                              ;(75)98142-7763 ;030;305;SJQ7E10;      22,43;    0,04;26/05/2026;42;Produto/Quantidade Errada     ;   ;tailan.al  ;19:10
022389                            ;26/05/2026;    ;340698;003;    ;0083159;BAR DO BINHO                                      ;(75)98848-7541 ;010;104;SJQ4A23;     189,23;    0,25;26/05/2026;71;SEM DINHEIRO/CHEQUE           ;   ;daniel.al  ;16:05
022389                            ;26/05/2026;    ;340699;003;    ;0083159;BAR DO BINHO                                      ;(75)98848-7541 ;010;104;SJQ4A23;      33,88;    0,04;26/05/2026;71;SEM DINHEIRO/CHEQUE           ;   ;daniel.al  ;16:06
022389                            ;26/05/2026;    ;340700;003;    ;0083159;BAR DO BINHO                                      ;(75)98848-7541 ;010;104;SJQ4A23;      35,95;    0,04;26/05/2026;71;SEM DINHEIRO/CHEQUE           ;   ;daniel.al  ;16:07
022390                            ;26/05/2026;    ;340746;003;    ;0019682;BAR DO CURIO                                      ;(75)99861-6161 ;020;207;SKS7B90;     450,37;    0,67;27/05/2026;72;PDV FECHADO (HORARIO COM.)    ;   ;romario.al ;16:04
022390                            ;26/05/2026;    ;340754;003;    ;0030110;REST LAGOA DE PANELA                              ;(75)98280-1545 ;020;202;SKS7B90;     137,16;    0,07;27/05/2026;46;Endereco Nao Encontrado       ;   ;romario.al ;16:05
022390                            ;26/05/2026;    ;340756;003;    ;0018933;PONIT DA BARRA                                    ;(75)99936-6048 ;020;202;SKS7B90;     382,65;    0,63;27/05/2026;72;PDV FECHADO (HORARIO COM.)    ;   ;romario.al ;16:04
022390                            ;26/05/2026;    ;340759;003;    ;0030046;KIOSK LAGOA AZUL                                  ;(75) 9983-2419 ;020;202;SKS7B90;     247,18;    0,63;27/05/2026;72;PDV FECHADO (HORARIO COM.)    ;   ;romario.al ;16:05
022390                            ;26/05/2026;    ;340812;003;    ;0018500;LANCHONTE PURO SABOR                              ;(75)99959-7665 ;020;201;SKS7B90;     131,34;    0,22;27/05/2026;65;NAO FEZ PEDIDO                ;   ;romario.al ;16:03
022391                            ;26/05/2026;    ;340825;003;    ;0039580;OURICITY ESPAÃ‡O                                  ;               ;010;103;TMM9J07;     335,08;    0,41;26/05/2026;87;TEMPO INSUFICIENTE            ;   ;tailan.al  ;21:27
022391                            ;26/05/2026;    ;340834;003;    ;0041106;CANTINHO DOS AMIGOS                               ;(75)98283-9284 ;010;103;TMM9J07;     269,50;    0,34;26/05/2026;87;TEMPO INSUFICIENTE            ;   ;tailan.al  ;20:21
022391                            ;26/05/2026;    ;340835;003;    ;0053519;BAR DAHORA                                        ;(75)98172-1638 ;010;103;TMM9J07;     362,50;    0,45;26/05/2026;87;TEMPO INSUFICIENTE            ;   ;tailan.al  ;20:21
022391                            ;26/05/2026;    ;340836;003;    ;0019147;DE FRENTE PRO FUTURO                              ;(75)99876-8253 ;010;103;TMM9J07;     446,77;    0,55;26/05/2026;87;TEMPO INSUFICIENTE            ;   ;tailan.al  ;20:22
022391                            ;26/05/2026;    ;340837;003;    ;0019147;DE FRENTE PRO FUTURO                              ;(75)99876-8253 ;010;103;TMM9J07;      75,90;    0,06;26/05/2026;87;TEMPO INSUFICIENTE            ;   ;tailan.al  ;20:21
022391                            ;26/05/2026;    ;340838;003;    ;0055554;BAR DO ANTÃ”NIO                                   ;               ;010;103;TMM9J07;     338,02;    0,46;26/05/2026;87;TEMPO INSUFICIENTE            ;   ;tailan.al  ;21:28
022392                            ;26/05/2026;    ;340875;003;    ;0047513;ESPETINHO DEBOCHADO                               ;(75)98369-3683 ;010;107;TMM3F04;     107,80;    0,13;26/05/2026;71;SEM DINHEIRO/CHEQUE           ;   ;daniel.al  ;18:23
022394                            ;26/05/2026;    ;340939;003;    ;0020186;BAR DO PIU                                        ;(75)98354-7274 ;010;106;TMM5E06;     253,34;    0,31;26/05/2026;38;Sem Dinheiro                  ;   ;daniel.al  ;18:38
022398                            ;26/05/2026;    ;341032;003;    ;0020111;MERCADINHO DAS CAS                                ;(75)98287-0545 ;020;203;PJX0435;     383,03;    0,33;26/05/2026;02;Sem Vasilhame Ambev           ;   ;daniel.al  ;17:35
022398                            ;26/05/2026;    ;341035;003;    ;0040191;ARMAZEM CATEM                                     ;(07)59924-2178 ;020;203;PJX0435;     107,80;    0,13;26/05/2026;72;PDV FECHADO (HORARIO COM.)    ;   ;daniel.al  ;17:36
022399                            ;26/05/2026;    ;341071;003;    ;0035648;MERC DA RENY                                      ;(71)99904-6371 ;010;108;TMU6H51;     197,80;    0,18;26/05/2026;81;PRODUTO DANIFICADO / FALTA    ;   ;tailan.al  ;19:54
022403                            ;26/05/2026;    ;341165;003;    ;0084780;BAR MAGALHAES                                     ;(75)98133-4741 ;010;105;SKB4I83;     357,70;    0,33;26/05/2026;84;AREA DE RISCO                 ;   ;tailan.al  ;21:32
022403                            ;26/05/2026;    ;341166;003;    ;0083295;BAR DO EDGAR                                      ;(75)98867-7825 ;010;105;SKB4I83;     354,31;    0,59;26/05/2026;84;AREA DE RISCO                 ;   ;tailan.al  ;21:31
022403                            ;26/05/2026;    ;341167;003;    ;0083295;BAR DO EDGAR                                      ;(75)98867-7825 ;010;105;SKB4I83;      33,00;    0,04;26/05/2026;84;AREA DE RISCO                 ;   ;tailan.al  ;21:31
022403                            ;26/05/2026;    ;341169;003;    ;0024383;R A DISTRIBUIDORA                                 ;(75)99913-5368 ;010;105;SKB4I83;     539,00;    0,69;26/05/2026;72;PDV FECHADO (HORARIO COM.)    ;   ;tailan.al  ;21:32
022419                            ;27/05/2026;    ;341252;003;    ;0019809;N RODRIGUES                                       ;(75)99973-5914 ;020;203;SJQ1F85;     331,49;    0,39;27/05/2026;72;PDV FECHADO (HORARIO COM.)    ;   ;emerson.al ;20:56
022419                            ;27/05/2026;    ;341253;003;    ;0019809;N RODRIGUES                                       ;(75)99973-5914 ;020;203;SJQ1F85;       2,28;    0,00;27/05/2026;72;PDV FECHADO (HORARIO COM.)    ;   ;emerson.al ;20:55
022424                            ;27/05/2026;    ;341446;003;    ;0055865;BAR JARDIM                                        ;(75)99850-7584 ;010;106;SJQ7E10;     169,70;    0,20;27/05/2026;45;Tempo Insuficiente.           ;   ;emerson.al ;20:21
022424                            ;27/05/2026;    ;341450;003;    ;0035210;MERCADINHO ALEXANDRE                              ;(75)98113-3079 ;010;106;SJQ7E10;      90,20;    0,27;27/05/2026;72;PDV FECHADO (HORARIO COM.)    ;   ;emerson.al ;20:21
022424                            ;27/05/2026;    ;341451;003;    ;0035210;MERCADINHO ALEXANDRE                              ;(75)98113-3079 ;010;106;SJQ7E10;      30,72;    0,12;27/05/2026;72;PDV FECHADO (HORARIO COM.)    ;   ;emerson.al ;20:22
022429                            ;27/05/2026;    ;341628;003;    ;0083358;CENTO QUASE BAR                                   ;(75)98138-4532 ;010;102;TMM9J07;     161,66;    0,15;27/05/2026;72;PDV FECHADO (HORARIO COM.)    ;   ;emerson.al ;20:15
022429                            ;27/05/2026;    ;341635;003;    ;0088302;GUABIRABAS DEP                                    ;(75)99867-6570 ;010;102;TMM9J07;     162,79;    0,14;27/05/2026;72;PDV FECHADO (HORARIO COM.)    ;   ;emerson.al ;20:13
022429                            ;27/05/2026;    ;341636;003;    ;0088302;GUABIRABAS DEP                                    ;(75)99867-6570 ;010;102;TMM9J07;     143,39;    0,40;27/05/2026;72;PDV FECHADO (HORARIO COM.)    ;   ;emerson.al ;20:14
022429                            ;27/05/2026;    ;341637;003;    ;0088302;GUABIRABAS DEP                                    ;(75)99867-6570 ;010;102;TMM9J07;      38,59;    0,09;27/05/2026;72;PDV FECHADO (HORARIO COM.)    ;   ;emerson.al ;20:14
022429                            ;27/05/2026;    ;341645;003;    ;0018965;NELSON BEBIDAS E ALI                              ;(75)98874-5974 ;010;102;TMM9J07;     524,80;    0,63;27/05/2026;72;PDV FECHADO (HORARIO COM.)    ;   ;emerson.al ;20:14
022429                            ;27/05/2026;    ;341646;003;    ;0018965;NELSON BEBIDAS E ALI                              ;(75)98874-5974 ;010;102;TMM9J07;     167,60;    0,16;27/05/2026;72;PDV FECHADO (HORARIO COM.)    ;   ;emerson.al ;20:14
022430                            ;27/05/2026;    ;341650;003;    ;0040240;BAR DO LORIVAL                                    ;(75)99938-2701 ;020;201;TMM5E06;     641,44;    0,87;27/05/2026;41;Sem Vasilhame.                ;   ;emerson.al ;20:09
022430                            ;27/05/2026;    ;341651;003;    ;0040240;BAR DO LORIVAL                                    ;(75)99938-2701 ;020;201;TMM5E06;      32,20;    0,12;27/05/2026;41;Sem Vasilhame.                ;   ;emerson.al ;20:09
022430                            ;27/05/2026;    ;341666;003;    ;0040154;COMERCIAL ALTO SAO F                              ;(07)59970-9075 ;020;201;TMM5E06;     101,14;    0,13;27/05/2026;46;Endereco Nao Encontrado       ;   ;emerson.al ;20:10
022431                            ;27/05/2026;    ;341689;003;    ;0048741;NATASHA DRINKS                                    ;(75)98285-0325 ;010;110;TMM3F04;     713,44;    0,50;27/05/2026;34;Pedido Duplicado              ;   ;romario.al ;17:12
022433                            ;27/05/2026;    ;341733;003;    ;0018732;BAR DA ELEN                                       ;(75)98230-0095 ;010;103;SKB4I83;     103,49;    0,13;28/05/2026;46;Endereco Nao Encontrado       ;   ;tailan.al  ;20:26
022433                            ;27/05/2026;    ;341751;003;    ;0037344;QUIOSQUE DA FONTE                                 ;(75)98149-6181 ;010;103;SKB4I83;     528,73;    0,36;28/05/2026;72;PDV FECHADO (HORARIO COM.)    ;   ;tailan.al  ;20:27
022434                            ;27/05/2026;    ;341797;003;    ;0040647;REST. SABOR DA NEIA                               ;(75)98333-8867 ;010;107;PJX0435;     169,39;    0,21;27/05/2026;71;SEM DINHEIRO/CHEQUE           ;   ;romario.al ;15:07
022435                            ;27/05/2026;    ;341825;003;    ;0041658;POINT DA MARISA                                   ;               ;010;101;IAA6D14;     108,35;    0,13;27/05/2026;72;PDV FECHADO (HORARIO COM.)    ;   ;emerson.al ;21:17
022435                            ;27/05/2026;    ;341826;003;    ;0041658;POINT DA MARISA                                   ;               ;010;101;IAA6D14;       2,28;    0,00;27/05/2026;72;PDV FECHADO (HORARIO COM.)    ;   ;emerson.al ;21:17
022435                            ;27/05/2026;    ;341836;003;    ;0082743;TIO ARISTIDE                                      ;(71)99871-0157 ;010;107;IAA6D14;     102,79;    0,24;27/05/2026;71;SEM DINHEIRO/CHEQUE           ;   ;emerson.al ;21:18
022436                            ;27/05/2026;    ;341860;003;    ;0043910;JUCILENE BAR E MERCE                              ;(75)98891-4647 ;010;103;TMU6H51;     144,44;    0,18;27/05/2026;72;PDV FECHADO (HORARIO COM.)    ;   ;romario.al ;16:35
022436                            ;27/05/2026;    ;341861;003;    ;0043910;JUCILENE BAR E MERCE                              ;(75)98891-4647 ;010;103;TMU6H51;       8,41;    0,01;27/05/2026;72;PDV FECHADO (HORARIO COM.)    ;   ;romario.al ;16:35
022436                            ;27/05/2026;    ;341868;003;    ;0046732;POINT DA LEDA                                     ;               ;010;110;TMU6H51;     147,70;    0,14;27/05/2026;39;Cliente Cancelou.             ;   ;romario.al ;16:37
022448                            ;28/05/2026;    ;341927;003;    ;0030029;RES RECANTO DO SITIO                              ;(75)99920-1011 ;020;207;SKS5C26;     269,49;    0,34;30/05/2026;71;SEM DINHEIRO/CHEQUE           ;   ;daniel.al  ;17:37
022448                            ;28/05/2026;    ;341935;003;    ;0030107;BARRACA DOCE VIDA                                 ;(75)99819-3356 ;020;207;SKS5C26;      53,16;    0,12;30/05/2026;71;SEM DINHEIRO/CHEQUE           ;   ;daniel.al  ;17:37
022448                            ;28/05/2026;    ;341940;003;    ;0030191;MARCOS DO GAS                                     ;(75)99938-4258 ;020;207;SKS5C26;     505,07;    0,90;30/05/2026;65;NAO FEZ PEDIDO                ;   ;daniel.al  ;17:36
022448                            ;28/05/2026;    ;341973;003;    ;0019268;ORIGINAL FLAME BURGE                              ;(75)99226-0230 ;020;207;SKS5C26;      91,64;    0,13;30/05/2026;71;SEM DINHEIRO/CHEQUE           ;   ;daniel.al  ;17:35
022448                            ;28/05/2026;    ;341975;003;    ;0030363;KALIFHAS PIZZARIA                                 ;(75)99115-7439 ;020;207;SKS5C26;      51,12;    0,12;30/05/2026;71;SEM DINHEIRO/CHEQUE           ;   ;daniel.al  ;17:32
022448                            ;28/05/2026;    ;341976;003;    ;0030363;KALIFHAS PIZZARIA                                 ;(75)99115-7439 ;020;207;SKS5C26;      51,12;    0,12;30/05/2026;71;SEM DINHEIRO/CHEQUE           ;   ;daniel.al  ;17:33
022448                            ;28/05/2026;    ;341978;003;    ;0019110;POUSADA VELHO PINA                                ;(71)99961-6450 ;020;207;SKS5C26;     123,81;    0,09;30/05/2026;71;SEM DINHEIRO/CHEQUE           ;   ;daniel.al  ;17:35
022448                            ;28/05/2026;    ;341992;003;    ;0030143;DEPOSITO DO RENATO                                ;(71)99916-5457 ;020;202;SKS5C26;     215,86;    0,25;30/05/2026;72;PDV FECHADO (HORARIO COM.)    ;   ;daniel.al  ;17:40
022448                            ;28/05/2026;    ;341993;003;    ;0030143;DEPOSITO DO RENATO                                ;(71)99916-5457 ;020;202;SKS5C26;      37,90;    0,04;30/05/2026;72;PDV FECHADO (HORARIO COM.)    ;   ;daniel.al  ;17:39
022457                            ;28/05/2026;    ;342279;003;    ;0020102;MERCADO TEND TUDO                                 ;(75)99857-8289 ;010;102;SKS9J44;     167,61;    0,36;28/05/2026;34;Pedido Duplicado              ;   ;tailan.al  ;20:28
022458                            ;28/05/2026;    ;342309;003;    ;0060569;BAR DO AUGUSTINHO                                 ;(71)99659-1852 ;020;208;TMM5E06;     128,90;    0,14;28/05/2026;38;Sem Dinheiro                  ;   ;daniel.al  ;15:29
022459                            ;28/05/2026;    ;342333;003;    ;0046544;BOTECO NO QUINT                                   ;(75)99986-1888 ;010;107;TMM9J07;    1483,55;    1,36;28/05/2026;87;TEMPO INSUFICIENTE            ;   ;tailan.al  ;20:11
022459                            ;28/05/2026;    ;342334;003;    ;0046544;BOTECO NO QUINT                                   ;(75)99986-1888 ;010;107;TMM9J07;     482,60;    0,75;28/05/2026;87;TEMPO INSUFICIENTE            ;   ;tailan.al  ;20:11
022459                            ;28/05/2026;    ;342335;003;    ;0046544;BOTECO NO QUINT                                   ;(75)99986-1888 ;010;107;TMM9J07;     299,60;    0,15;28/05/2026;87;TEMPO INSUFICIENTE            ;   ;tailan.al  ;20:11
022459                            ;28/05/2026;    ;342357;003;    ;0049266;BAR CHURRASCO                                     ;(75)99983-6865 ;010;107;TMM9J07;     263,29;    0,34;28/05/2026;72;PDV FECHADO (HORARIO COM.)    ;   ;tailan.al  ;20:10
022460                            ;28/05/2026;    ;342375;003;    ;0050745;LUIS COQUETEL E CERV                              ;(75)99968-2956 ;010;105;TMM4F43;     206,45;    0,10;28/05/2026;87;TEMPO INSUFICIENTE            ;   ;tailan.al  ;18:48
022460                            ;28/05/2026;    ;342376;003;    ;0050745;LUIS COQUETEL E CERV                              ;(75)99968-2956 ;010;105;TMM4F43;     404,20;    0,21;28/05/2026;87;TEMPO INSUFICIENTE            ;   ;tailan.al  ;18:48
022460                            ;28/05/2026;    ;342377;003;    ;0050745;LUIS COQUETEL E CERV                              ;(75)99968-2956 ;010;105;TMM4F43;     206,06;    0,10;28/05/2026;87;TEMPO INSUFICIENTE            ;   ;tailan.al  ;18:48
022460                            ;28/05/2026;    ;342387;003;    ;0044220;BOTECO BORA BORA                                  ;(75)98350-4460 ;010;105;TMM4F43;     228,19;    0,16;28/05/2026;72;PDV FECHADO (HORARIO COM.)    ;   ;tailan.al  ;18:47
022460                            ;28/05/2026;    ;342401;003;    ;0020791;BAR RATOLANDIA                                    ;(75)99958-0065 ;010;105;TMM4F43;     745,86;    1,33;28/05/2026;41;Sem Vasilhame.                ;   ;tailan.al  ;18:48
022461                            ;28/05/2026;    ;342408;003;    ;0019029;DIVINA MASSA                                      ;(74)99147-6010 ;010;110;TMM3F04;     355,37;    0,61;29/05/2026;72;PDV FECHADO (HORARIO COM.)    ;   ;romario.al ;11:06
022461                            ;28/05/2026;    ;342409;003;    ;0019029;DIVINA MASSA                                      ;(74)99147-6010 ;010;110;TMM3F04;     150,00;    0,14;29/05/2026;72;PDV FECHADO (HORARIO COM.)    ;   ;romario.al ;11:07
022461                            ;28/05/2026;    ;342410;003;    ;0019029;DIVINA MASSA                                      ;(74)99147-6010 ;010;110;TMM3F04;      43,44;    0,12;29/05/2026;72;PDV FECHADO (HORARIO COM.)    ;   ;romario.al ;11:06
022462                            ;28/05/2026;    ;342455;003;    ;0084456;PADARIA SANTANA                                   ;(75)99122-4037 ;010;111;IAA6D14;     101,10;    0,26;28/05/2026;82;ENDERECO NAO ENCONTRADO       ;   ;tailan.al  ;20:51
022462                            ;28/05/2026;    ;342460;003;    ;0045119;TEMPERO DA MAMAE                                  ;(75)98848-1775 ;010;111;IAA6D14;     146,60;    0,19;28/05/2026;34;Pedido Duplicado              ;   ;tailan.al  ;20:51
022464                            ;28/05/2026;    ;342520;003;    ;0019306;BAR DO KAL                                        ;(75)98133-0634 ;010;103;TMU6H51;     170,28;    0,32;28/05/2026;58;Carga Errada                  ;   ;tailan.al  ;18:35
022464                            ;28/05/2026;    ;342548;003;    ;0045575;BAR TAMY E LEU                                    ;(75)98346-1772 ;010;103;TMU6H51;     189,50;    0,21;28/05/2026;72;PDV FECHADO (HORARIO COM.)    ;   ;tailan.al  ;18:34
022464                            ;28/05/2026;    ;342549;003;    ;0045575;BAR TAMY E LEU                                    ;(75)98346-1772 ;010;103;TMU6H51;      37,90;    0,04;28/05/2026;72;PDV FECHADO (HORARIO COM.)    ;   ;tailan.al  ;18:34
022464                            ;28/05/2026;    ;342550;003;    ;0018416;BAR DA MANGUEIRA                                  ;(75)98124-9240 ;010;103;TMU6H51;      32,77;    0,04;28/05/2026;58;Carga Errada                  ;   ;tailan.al  ;18:35
022464                            ;28/05/2026;    ;342551;003;    ;0018416;BAR DA MANGUEIRA                                  ;(75)98124-9240 ;010;103;TMU6H51;      67,54;    0,06;28/05/2026;58;Carga Errada                  ;   ;tailan.al  ;18:35
022464                            ;28/05/2026;    ;342552;003;    ;0018416;BAR DA MANGUEIRA                                  ;(75)98124-9240 ;010;103;TMU6H51;     104,08;    0,11;28/05/2026;58;Carga Errada                  ;   ;tailan.al  ;18:36
022464                            ;28/05/2026;    ;342553;003;    ;0028132;DEPOSITO SENA                                     ;(75)99995-2999 ;010;103;TMU6H51;     130,23;    0,18;28/05/2026;72;PDV FECHADO (HORARIO COM.)    ;   ;tailan.al  ;18:34
022464                            ;28/05/2026;    ;342554;003;    ;0028132;DEPOSITO SENA                                     ;(75)99995-2999 ;010;103;TMU6H51;      62,66;    0,04;28/05/2026;72;PDV FECHADO (HORARIO COM.)    ;   ;tailan.al  ;18:34
022491                            ;29/05/2026;    ;342786;003;    ;0021247;BAR FERNANDO                                      ;(75)99714-0528 ;020;209;SKS7B90;     518,81;    0,53;30/05/2026;33;Nao Fez Pedido                ;   ;daniel.al  ;14:12
022492                            ;29/05/2026;    ;342806;003;    ;0021153;POINT DO COCO                                     ;(71)99288-7925 ;020;208;SKS9J44;     209,18;    0,25;30/05/2026;71;SEM DINHEIRO/CHEQUE           ;   ;daniel.al  ;18:16
022492                            ;29/05/2026;    ;342859;003;    ;0018761;POINT DA NEGUINHA                                 ;(71)99920-8318 ;020;208;SKS9J44;     234,75;    0,38;30/05/2026;72;PDV FECHADO (HORARIO COM.)    ;   ;daniel.al  ;18:15
022492                            ;29/05/2026;    ;342860;003;    ;0018761;POINT DA NEGUINHA                                 ;(71)99920-8318 ;020;208;SKS9J44;      13,53;    0,06;30/05/2026;72;PDV FECHADO (HORARIO COM.)    ;   ;daniel.al  ;18:14
022493                            ;29/05/2026;    ;342890;003;    ;0030269;RECANTO COMIDA CASEI                              ;(01)19855-7764 ;020;202;TMM5E06;     133,06;    0,14;29/05/2026;34;Pedido Duplicado              ;   ;romario.al ;18:57
022493                            ;29/05/2026;    ;342897;003;    ;0020959;BOMBONIERE CLARA LUI                              ;(75)99938-0607 ;020;202;TMM5E06;     138,24;    0,18;29/05/2026;34;Pedido Duplicado              ;   ;romario.al ;18:58
022494                            ;29/05/2026;    ;342905;003;    ;0018499;SALGADERIA RITA SOUZ                              ;(75)98117-9751 ;010;106;SJQ7E10;     678,47;    0,71;29/05/2026;71;SEM DINHEIRO/CHEQUE           ;   ;romario.al ;17:34
022498                            ;29/05/2026;    ;343042;003;    ;0053230;MERCADINHO SOUZA                                  ;               ;010;102;SJQ5E98;       4,17;    0,00;29/05/2026;58;Carga Errada                  ;   ;romario.al ;15:49
022499                            ;29/05/2026;    ;343068;003;    ;0083216;DINALVA BAR                                       ;(75)99874-0393 ;010;103;SKS2H93;     204,90;    0,26;29/05/2026;34;Pedido Duplicado              ;   ;romario.al ;17:25
022499                            ;29/05/2026;    ;343069;003;    ;0083216;DINALVA BAR                                       ;(75)99874-0393 ;010;103;SKS2H93;     204,90;    0,26;29/05/2026;34;Pedido Duplicado              ;   ;romario.al ;17:25
022499                            ;29/05/2026;    ;343070;003;    ;0083216;DINALVA BAR                                       ;(75)99874-0393 ;010;103;SKS2H93;     204,90;    0,26;29/05/2026;34;Pedido Duplicado              ;   ;romario.al ;17:25
022501                            ;29/05/2026;    ;343124;003;    ;0040594;MERC SAO JORGE                                    ;(75)98840-7550 ;010;111;TMM9J07;     133,90;    0,60;29/05/2026;34;Pedido Duplicado              ;   ;romario.al ;17:40
022501                            ;29/05/2026;    ;343128;003;    ;0045200;Padaria opÃ§Ã£o                                   ;               ;010;111;TMM9J07;     395,33;    0,59;29/05/2026;71;SEM DINHEIRO/CHEQUE           ;   ;romario.al ;17:38
022501                            ;29/05/2026;    ;343142;003;    ;0019369;BAR AREA VERDE                                    ;(75)99990-5377 ;010;111;TMM9J07;     330,93;    0,51;29/05/2026;64;SEM VASILHAME                 ;   ;romario.al ;17:39
022502                            ;29/05/2026;    ;343156;003;    ;0030467;BAR 1000 GRAU                                     ;(75) 8137-9761 ;010;107;TMM4F43;     269,50;    0,34;29/05/2026;39;Cliente Cancelou.             ;   ;romario.al ;17:21
022502                            ;29/05/2026;    ;343164;003;    ;0019473;BAR DE PATOLA                                     ;(75)98171-9577 ;010;105;TMM4F43;     284,51;    0,32;29/05/2026;34;Pedido Duplicado              ;   ;romario.al ;17:21
022503                            ;29/05/2026;    ;343189;003;    ;0018564;KIOSQUE BIONGA                                    ;(75)99975-3100 ;020;206;SKB4I83;     398,30;    0,40;29/05/2026;72;PDV FECHADO (HORARIO COM.)    ;   ;romario.al ;16:10
022506                            ;29/05/2026;    ;343264;003;    ;0082385;BAR DO TITO                                       ;(71)99920-4625 ;010;108;IAA6D14;     177,50;    0,21;29/05/2026;72;PDV FECHADO (HORARIO COM.)    ;   ;romario.al ;18:42
022506                            ;29/05/2026;    ;343267;003;    ;0082574;BAR BAKI                                          ;(71)99951-7218 ;010;108;IAA6D14;     213,92;    0,23;29/05/2026;71;SEM DINHEIRO/CHEQUE           ;   ;romario.al ;18:42
022507                            ;29/05/2026;    ;343322;003;    ;0020520;RENILTON PINTO                                    ;(71)98248-5985 ;010;101;PJX0435;     287,12;    0,45;29/05/2026;72;PDV FECHADO (HORARIO COM.)    ;   ;romario.al ;16:54
022540                            ;30/05/2026;    ;343374;003;    ;0050354;MERCEARIA JP                                      ;(75)99991-1571 ;020;209;SJQ5E98;     440,44;    0,81;30/05/2026;72;PDV FECHADO (HORARIO COM.)    ;   ;tailan.al  ;21:25
022540                            ;30/05/2026;    ;343375;003;    ;0050354;MERCEARIA JP                                      ;(75)99991-1571 ;020;209;SJQ5E98;      30,84;    0,04;30/05/2026;72;PDV FECHADO (HORARIO COM.)    ;   ;tailan.al  ;21:25
022540                            ;30/05/2026;    ;343376;003;    ;0050354;MERCEARIA JP                                      ;(75)99991-1571 ;020;209;SJQ5E98;       6,25;    0,00;30/05/2026;72;PDV FECHADO (HORARIO COM.)    ;   ;tailan.al  ;21:24
022543                            ;30/05/2026;    ;343438;003;    ;0026872;ENCONTRO DOS AMIGOS                               ;(75)98343-1939 ;010;102;SJQ1F85;     154,76;    0,29;30/05/2026;71;SEM DINHEIRO/CHEQUE           ;   ;daniel.al  ;18:49
022543                            ;30/05/2026;    ;343459;003;    ;0019894;BAR DO VANGE                                      ;(75)98223-1869 ;010;102;SJQ1F85;     325,00;    0,42;30/05/2026;72;PDV FECHADO (HORARIO COM.)    ;   ;daniel.al  ;18:51
022543                            ;30/05/2026;    ;343461;003;    ;0037834;POSTO DE LAVAGEM E B                              ;(75)98287-7550 ;010;103;SJQ1F85;     964,82;    1,18;30/05/2026;71;SEM DINHEIRO/CHEQUE           ;   ;daniel.al  ;18:51
022543                            ;30/05/2026;    ;343462;003;    ;0026606;BAR E REST DO PIU                                 ;(75)98110-1784 ;010;103;SJQ1F85;     264,55;    0,10;30/05/2026;71;SEM DINHEIRO/CHEQUE           ;   ;daniel.al  ;18:50
022543                            ;30/05/2026;    ;343463;003;    ;0026606;BAR E REST DO PIU                                 ;(75)98110-1784 ;010;103;SJQ1F85;    1183,29;    1,35;30/05/2026;71;SEM DINHEIRO/CHEQUE           ;   ;daniel.al  ;18:50
022543                            ;30/05/2026;    ;343465;003;    ;0051829;BAR DO ZE                                         ;(75)98216-0588 ;010;103;SJQ1F85;     332,17;    0,39;30/05/2026;63;PRODUTO / QTDE. ERRADA        ;   ;daniel.al  ;18:48
022543                            ;30/05/2026;    ;343466;003;    ;0051729;ACAI DA CONCEICAO                                 ;(75)98185-7845 ;010;102;SJQ1F85;     215,60;    0,27;30/05/2026;71;SEM DINHEIRO/CHEQUE           ;   ;daniel.al  ;18:49
022544                            ;30/05/2026;    ;343470;003;    ;0019772;BAR MS                                            ;(75)98155-1233 ;010;102;SJQ7E10;     348,67;    0,42;30/05/2026;34;Pedido Duplicado              ;   ;tailan.al  ;20:24
022544                            ;30/05/2026;    ;343472;003;    ;0021088;PATRICIA DOS SANTOS                               ;(75)98323-3800 ;010;102;SJQ7E10;     453,20;    0,55;30/05/2026;71;SEM DINHEIRO/CHEQUE           ;   ;tailan.al  ;20:24
022544                            ;30/05/2026;    ;343473;003;    ;0021088;PATRICIA DOS SANTOS                               ;(75)98323-3800 ;010;102;SJQ7E10;      75,90;    0,06;30/05/2026;71;SEM DINHEIRO/CHEQUE           ;   ;tailan.al  ;20:24
022548                            ;30/05/2026;    ;343598;003;    ;0040086;J PIRES MERCADINHO                                ;(07)59134-8191 ;020;206;TMM5E06;     141,80;    0,22;30/05/2026;34;Pedido Duplicado              ;   ;daniel.al  ;17:24
022549                            ;30/05/2026;    ;343630;003;    ;0019783;BAHIA                                             ;(75)98241-5168 ;010;111;TMM3F04;     236,26;    0,20;30/05/2026;71;SEM DINHEIRO/CHEQUE           ;   ;daniel.al  ;18:26
022549                            ;30/05/2026;    ;343631;003;    ;0019783;BAHIA                                             ;(75)98241-5168 ;010;111;TMM3F04;      47,94;    0,01;30/05/2026;71;SEM DINHEIRO/CHEQUE           ;   ;daniel.al  ;18:28
022549                            ;30/05/2026;    ;343632;003;    ;0019783;BAHIA                                             ;(75)98241-5168 ;010;111;TMM3F04;     151,60;    0,16;30/05/2026;72;PDV FECHADO (HORARIO COM.)    ;   ;daniel.al  ;18:38
022549                            ;30/05/2026;    ;343633;003;    ;0019783;BAHIA                                             ;(75)98241-5168 ;010;111;TMM3F04;      61,68;    0,02;30/05/2026;72;PDV FECHADO (HORARIO COM.)    ;   ;daniel.al  ;18:37
022549                            ;30/05/2026;    ;343641;003;    ;0018671;TO NO BABA BEER                                   ;(75)98867-6321 ;010;111;TMM3F04;      70,12;    0,08;30/05/2026;72;PDV FECHADO (HORARIO COM.)    ;   ;daniel.al  ;18:24
022549                            ;30/05/2026;    ;343646;003;    ;0083287;CANTINHO DA MONICA                                ;(75)98188-6610 ;010;105;TMM3F04;     119,31;    0,21;30/05/2026;34;Pedido Duplicado              ;   ;daniel.al  ;18:25
022550                            ;30/05/2026;    ;343684;003;    ;0019038;COMPRE BEM BARREIRO                               ;(75)99946-8968 ;030;305;TMM4F43;     379,00;    0,42;30/05/2026;83;PROPRIETARIO AUSENTE          ;   ;tailan.al  ;20:45
022550                            ;30/05/2026;    ;343685;003;    ;0019038;COMPRE BEM BARREIRO                               ;(75)99946-8968 ;030;305;TMM4F43;      30,58;    0,06;30/05/2026;83;PROPRIETARIO AUSENTE          ;   ;tailan.al  ;20:45
022550                            ;30/05/2026;    ;343689;003;    ;0046323;AVENIDA MIX                                       ;(75)99888-5762 ;030;305;TMM4F43;     832,70;    1,57;30/05/2026;71;SEM DINHEIRO/CHEQUE           ;   ;tailan.al  ;20:45
022551                            ;30/05/2026;    ;343717;003;    ;0019129;DROGARIA MAIS BRASIL                              ;(75)99210-5587 ;010;107;TMM9J07;     429,13;    0,58;30/05/2026;71;SEM DINHEIRO/CHEQUE           ;   ;daniel.al  ;18:06
022551                            ;30/05/2026;    ;343734;003;    ;0055585;DEPÃ“SITO CARNEIRO                                ;               ;010;103;TMM9J07;     387,06;    0,40;30/05/2026;72;PDV FECHADO (HORARIO COM.)    ;   ;daniel.al  ;18:05
022551                            ;30/05/2026;    ;343744;003;    ;0018537;CHEGUE MAIS BAR                                   ;(75)99933-1156 ;010;103;TMM9J07;     113,13;    0,16;30/05/2026;71;SEM DINHEIRO/CHEQUE           ;   ;daniel.al  ;18:06
022552                            ;30/05/2026;    ;343772;003;    ;0020629;DIEGAO DISTRIBUIDORA                              ;(71)99632-1537 ;030;304;SKB4I83;     261,86;    0,44;30/05/2026;74;LOCAL ARMAZENAGEM INADEQUADO  ;   ;daniel.al  ;19:04
022552                            ;30/05/2026;    ;343774;003;    ;0093184;CARNE DE SOL                                      ;(75)99917-8144 ;020;204;SKB4I83;     122,56;    0,28;30/05/2026;72;PDV FECHADO (HORARIO COM.)    ;   ;daniel.al  ;19:06
022552                            ;30/05/2026;    ;343776;003;    ;0050348;PASTEL LC                                         ;(75)99111-2270 ;020;204;SKB4I83;     103,68;    0,12;30/05/2026;72;PDV FECHADO (HORARIO COM.)    ;   ;daniel.al  ;19:05
022552                            ;30/05/2026;    ;343784;003;    ;0050718;BAR DO CLOVIS                                     ;(07)59819-8438 ;020;204;SKB4I83;     312,86;    0,39;30/05/2026;72;PDV FECHADO (HORARIO COM.)    ;   ;daniel.al  ;19:02
022552                            ;30/05/2026;    ;343785;003;    ;0050718;BAR DO CLOVIS                                     ;(07)59819-8438 ;020;204;SKB4I83;      50,00;    0,04;30/05/2026;72;PDV FECHADO (HORARIO COM.)    ;   ;daniel.al  ;19:01
022552                            ;30/05/2026;    ;343786;003;    ;0050496;GINUCA DA LAGOA                                   ;(75)99874-5058 ;020;204;SKB4I83;     153,50;    0,14;30/05/2026;74;LOCAL ARMAZENAGEM INADEQUADO  ;   ;daniel.al  ;19:03
022552                            ;30/05/2026;    ;343787;003;    ;0050496;GINUCA DA LAGOA                                   ;(75)99874-5058 ;020;204;SKB4I83;      50,00;    0,04;30/05/2026;74;LOCAL ARMAZENAGEM INADEQUADO  ;   ;daniel.al  ;19:03
022553                            ;30/05/2026;    ;343841;003;    ;0019581;BAR E REST DO CAPANG                              ;(75)98313-2052 ;010;104;PJX0435;     111,12;    0,20;30/05/2026;71;SEM DINHEIRO/CHEQUE           ;   ;daniel.al  ;17:59
022554                            ;30/05/2026;    ;343864;003;    ;0019900;POINT DA MARA                                     ;(71)99715-3174 ;010;108;IAA6D14;      34,76;    0,04;30/05/2026;72;PDV FECHADO (HORARIO COM.)    ;   ;tailan.al  ;20:22
022554                            ;30/05/2026;    ;343865;003;    ;0019900;POINT DA MARA                                     ;(71)99715-3174 ;010;108;IAA6D14;     147,70;    0,14;30/05/2026;72;PDV FECHADO (HORARIO COM.)    ;   ;tailan.al  ;20:23
