Mapa                     ;Data;Unb Nota;Nota;Serie;Unb Cliente;Cod. Cliente;Nome Cliente;Telefone;Area;Setor;Placa;Valor;Volume;Data Devol.;Cod. Motivo;Desc. Motivo;Orig. Pedido;Usuario;Hora
217858                            ;01/03/2024;    ;279444;007;    ;0063089;MERCADINHO E DISTRIB                              ;(74)99933-8696 ;020;205;RPJ2H66;    3423,00;    3,45;02/03/2024;70;CLIENTE CANCELOU              ;   ;silva      ;14:58
217863                            ;01/03/2024;    ;279701;007;    ;0052740;DISK GELADA                                       ;(74)99965-7879 ;010;109;NZM9993;      14,40;    0,01;01/03/2024;23;(C)Pedidos duplicados         ;   ;aloisio    ;16:56
217863                            ;01/03/2024;    ;279702;007;    ;0052740;DISK GELADA                                       ;(74)99965-7879 ;010;109;NZM9993;       4,54;    0,00;01/03/2024;23;(C)Pedidos duplicados         ;   ;aloisio    ;16:56
217863                            ;01/03/2024;    ;279719;007;    ;0057351;O BARATEIRO                                       ;(74)99945-7126 ;010;109;NZM9993;      11,58;    0,01;01/03/2024;23;(C)Pedidos duplicados         ;   ;aloisio    ;16:55
217865                            ;01/03/2024;    ;279754;007;    ;0053697;DISTRIB. MEDRADO                                  ;(74) 3612-7364 ;010;111;KJP3656;    1814,90;    2,48;01/03/2024;63;PRODUTO / QTDE. ERRADA        ;   ;aloisio    ;15:15
217865                            ;01/03/2024;    ;279775;007;    ;0062662;RESTAURANTE NORDESTI                              ;(43)90000-0000 ;010;108;KJP3656;     168,00;    0,18;01/03/2024;71;SEM DINHEIRO/CHEQUE           ;   ;aloisio    ;15:14
217865                            ;01/03/2024;    ;279776;007;    ;0062662;RESTAURANTE NORDESTI                              ;(43)90000-0000 ;010;108;KJP3656;      16,20;    0,02;01/03/2024;71;SEM DINHEIRO/CHEQUE           ;   ;aloisio    ;15:15
217865                            ;01/03/2024;    ;279777;007;    ;0062662;RESTAURANTE NORDESTI                              ;(43)90000-0000 ;010;108;KJP3656;      11,58;    0,01;01/03/2024;71;SEM DINHEIRO/CHEQUE           ;DER;aloisio    ;15:14
217868                            ;01/03/2024;    ;279886;007;    ;0054997;PADARIA TRIGO NOBRE                               ;(74) 3611-6550 ;010;101;RDN7A69;      52,44;    0,12;01/03/2024;23;(C)Pedidos duplicados         ;   ;teles      ;18:46
217868                            ;01/03/2024;    ;279892;007;    ;0058629;SALaO JUAZEIRO                                    ;(74)98811-6511 ;010;101;RDN7A69;      10,42;    0,00;01/03/2024;23;(C)Pedidos duplicados         ;   ;teles      ;18:46
217869                            ;01/03/2024;    ;279902;007;    ;0063240;DISTRIBUIDORA DO DE                               ;(74)98140-4651 ;010;105;PKK8518;     445,90;    0,68;01/03/2024;71;SEM DINHEIRO/CHEQUE           ;   ;aloisio    ;18:20
217869                            ;01/03/2024;    ;279903;007;    ;0063240;DISTRIBUIDORA DO DE                               ;(74)98140-4651 ;010;105;PKK8518;      56,50;    0,06;01/03/2024;71;SEM DINHEIRO/CHEQUE           ;   ;aloisio    ;18:21
217869                            ;01/03/2024;    ;279904;007;    ;0063240;DISTRIBUIDORA DO DE                               ;(74)98140-4651 ;010;105;PKK8518;      16,20;    0,02;01/03/2024;71;SEM DINHEIRO/CHEQUE           ;   ;aloisio    ;18:22
217869                            ;01/03/2024;    ;279919;007;    ;0056648;MERCEARIA JL                                      ;(74)98801-9580 ;010;105;PKK8518;      65,13;    0,09;01/03/2024;42;Produto/Quantidade Errada     ;   ;aloisio    ;18:19
217869                            ;01/03/2024;    ;279920;007;    ;0056648;MERCEARIA JL                                      ;(74)98801-9580 ;010;105;PKK8518;      31,90;    0,04;01/03/2024;42;Produto/Quantidade Errada     ;   ;aloisio    ;18:19
217871                            ;01/03/2024;    ;279956;007;    ;0053265;MERCADINHO LORENA                                 ;(74) 3613-5031 ;080;810;OZE4956;      17,37;    0,01;01/03/2024;42;Produto/Quantidade Errada     ;   ;aloisio    ;17:43
217876                            ;01/03/2024;    ;280084;007;    ;0053055;NALVA LANCHES                                     ;(74) 8856-9075 ;010;103;RDN1D46;     152,76;    0,40;01/03/2024;64;SEM VASILHAME                 ;   ;aloisio    ;13:19
217877                            ;01/03/2024;    ;280102;007;    ;0063903;CERVEJARIA SENTO SE                               ;(74)98140-7506 ;010;106;RPR6D25;     748,50;    1,03;01/03/2024;72;PDV FECHADO (HORARIO COM.)    ;   ;aloisio    ;11:30
217877                            ;01/03/2024;    ;280103;007;    ;0063903;CERVEJARIA SENTO SE                               ;(74)98140-7506 ;010;106;RPR6D25;     165,50;    0,21;01/03/2024;72;PDV FECHADO (HORARIO COM.)    ;   ;aloisio    ;11:30
217882                            ;01/03/2024;    ;280244;007;    ;0057908;BAR DO FABIANO                                    ;(74)98848-2509 ;010;110;SJQ9B60;    1488,00;    2,40;01/03/2024;63;PRODUTO / QTDE. ERRADA        ;   ;aloisio    ;16:17
217884                            ;01/03/2024;    ;280317;007;    ;0056535;MERCEARIA RAMOS                                   ;(74)98834-1336 ;010;106;NZM5543;     498,60;    0,72;01/03/2024;64;SEM VASILHAME                 ;   ;aloisio    ;16:25
217886                            ;01/03/2024;    ;280352;007;    ;0063892;MERCADINHO E DISTRIB                              ;(74)99199-0304 ;010;104;NZM8419;     498,00;    0,55;01/03/2024;71;SEM DINHEIRO/CHEQUE           ;   ;aloisio    ;17:24
217886                            ;01/03/2024;    ;280354;007;    ;0063892;MERCADINHO E DISTRIB                              ;(74)99199-0304 ;010;104;NZM8419;     430,80;    0,55;01/03/2024;71;SEM DINHEIRO/CHEQUE           ;   ;aloisio    ;17:24
217892                            ;01/03/2024;    ;280387;007;    ;0003312;COMERCIAL VITORIA                                 ;(74)98816-2309 ;010;111;NZM4666;   10750,00;    0,00;01/03/2024;72;PDV FECHADO (HORARIO COM.)    ;   ;teles      ;18:39
217906                            ;02/03/2024;    ;280428;007;    ;0056649;LILIANA SILVA ALMEID                              ;(74)98804-4735 ;010;101;RDN1D46;     296,10;    0,33;02/03/2024;64;SEM VASILHAME                 ;   ;silva      ;15:42
217908                            ;02/03/2024;    ;280496;007;    ;0050971;POINT DA ALGAROBA                                 ;(74)98846-6689 ;010;106;RPR6D25;     149,70;    0,20;02/03/2024;71;SEM DINHEIRO/CHEQUE           ;   ;silva      ;14:17
217908                            ;02/03/2024;    ;280499;007;    ;0057643;DISTRIBUIDORA                                     ;(74)98863-9423 ;010;104;RPR6D25;     130,96;    0,18;02/03/2024;72;PDV FECHADO (HORARIO COM.)    ;   ;silva      ;14:17
217908                            ;02/03/2024;    ;280502;007;    ;0055945;SUPERMERCADO UNIPREC                              ;(74) 3611-1177 ;080;810;RPR6D25;     150,00;    0,04;02/03/2024;86;HORARIO DE ENTREGA            ;   ;silva      ;14:16
217908                            ;02/03/2024;    ;280503;007;    ;0055945;SUPERMERCADO UNIPREC                              ;(74) 3611-1177 ;080;810;RPR6D25;       4,37;    0,00;02/03/2024;86;HORARIO DE ENTREGA            ;   ;silva      ;14:17
217910                            ;02/03/2024;    ;280525;007;    ;0056514;EFIGENIA CARLOS DA R                              ;(74)99805-7288 ;010;101;OUG2987;    1145,18;    1,92;02/03/2024;72;PDV FECHADO (HORARIO COM.)    ;   ;silva      ;15:09
217910                            ;02/03/2024;    ;280526;007;    ;0056514;EFIGENIA CARLOS DA R                              ;(74)99805-7288 ;010;101;OUG2987;      68,46;    0,06;02/03/2024;72;PDV FECHADO (HORARIO COM.)    ;   ;silva      ;15:09
217912                            ;02/03/2024;    ;280586;007;    ;0057148;DIST NOVA FE                                      ;(74)98836-9306 ;010;100;RCQ9D86;     525,88;    0,73;02/03/2024;23;(C)Pedidos duplicados         ;DER;silva      ;17:02
217915                            ;02/03/2024;    ;280673;007;    ;0057106;MERCADINHO ALVES                                  ;(74)98831-8436 ;010;103;OZF1202;     504,60;    0,60;02/03/2024;50;CARGA ERRADA ARMAZEM          ;   ;silva      ;14:23
217932                            ;04/03/2024;    ;280917;007;    ;0055593;PIZZARIA PAULISTA                                 ;(74)99996-1531 ;020;205;RPJ2H66;     454,02;    0,77;06/03/2024;72;PDV FECHADO (HORARIO COM.)    ;DER;silva      ;13:24
217936                            ;04/03/2024;    ;280999;007;    ;0025774;MER. REIS ROSA                                    ;(74)93523-8060 ;020;202;NZM4666;     290,92;    0,80;04/03/2024;87;TEMPO INSUFICIENTE            ;   ;ediziene   ;22:32
217936                            ;04/03/2024;    ;281009;007;    ;0052384;BAR DA RENA                                       ;(87)99935-5351 ;020;202;NZM4666;     116,29;    0,23;04/03/2024;72;PDV FECHADO (HORARIO COM.)    ;   ;ediziene   ;22:32
217938                            ;04/03/2024;    ;281111;007;    ;0054903;MERCADINHO BRILHANTE                              ;(74) 8808-8134 ;020;200;RPP0E77;      69,64;    0,19;04/03/2024;72;PDV FECHADO (HORARIO COM.)    ;   ;silva      ;15:29
217938                            ;04/03/2024;    ;281112;007;    ;0054903;MERCADINHO BRILHANTE                              ;(74) 8808-8134 ;020;200;RPP0E77;     149,70;    0,20;04/03/2024;72;PDV FECHADO (HORARIO COM.)    ;   ;silva      ;16:15
217941                            ;04/03/2024;    ;281249;007;    ;0051062;ADEGA DO VALE                                     ;(74)99129-4169 ;020;204;RPP7B52;     157,15;    0,10;06/03/2024;72;PDV FECHADO (HORARIO COM.)    ;   ;silva      ;09:16
217941                            ;04/03/2024;    ;281250;007;    ;0051062;ADEGA DO VALE                                     ;(74)99129-4169 ;020;204;RPP7B52;     788,40;    1,04;06/03/2024;72;PDV FECHADO (HORARIO COM.)    ;   ;silva      ;09:15
217941                            ;04/03/2024;    ;281267;007;    ;0062427;DISTRI OLIVEIRA                                   ;(74)99116-5508 ;020;204;RPP7B52;     945,00;    1,45;06/03/2024;71;SEM DINHEIRO/CHEQUE           ;   ;silva      ;09:14
217941                            ;04/03/2024;    ;281268;007;    ;0062427;DISTRI OLIVEIRA                                   ;(74)99116-5508 ;020;204;RPP7B52;    1159,72;    1,61;06/03/2024;71;SEM DINHEIRO/CHEQUE           ;   ;silva      ;09:14
217941                            ;04/03/2024;    ;281269;007;    ;0062427;DISTRI OLIVEIRA                                   ;(74)99116-5508 ;020;204;RPP7B52;    1147,70;    1,58;06/03/2024;71;SEM DINHEIRO/CHEQUE           ;   ;silva      ;09:15
217946                            ;04/03/2024;    ;281446;007;    ;0050435;MERCEARIA DO DEDE                                 ;(74) 3523-4020 ;020;201;NZM8419;    2744,50;    3,79;05/03/2024;47;Dificil Acesso                ;   ;aloisio    ;14:55
217946                            ;04/03/2024;    ;281447;007;    ;0055727;VT LANCHES                                        ;(74)99927-9734 ;020;201;NZM8419;     186,72;    0,63;05/03/2024;47;Dificil Acesso                ;   ;aloisio    ;14:56
217946                            ;04/03/2024;    ;281448;007;    ;0050436;ESQUINA BAR                                       ;(74)99961-8576 ;020;201;NZM8419;     199,60;    0,27;05/03/2024;47;Dificil Acesso                ;   ;aloisio    ;14:56
217946                            ;04/03/2024;    ;281449;007;    ;0050436;ESQUINA BAR                                       ;(74)99961-8576 ;020;201;NZM8419;      99,80;    0,13;05/03/2024;47;Dificil Acesso                ;   ;aloisio    ;14:57
217946                            ;04/03/2024;    ;281450;007;    ;0050436;ESQUINA BAR                                       ;(74)99961-8576 ;020;201;NZM8419;      66,20;    0,08;05/03/2024;47;Dificil Acesso                ;   ;aloisio    ;14:58
217946                            ;04/03/2024;    ;281451;007;    ;0055578;BAR ENCO. DOS AMIGOS                              ;(74)99915-3900 ;020;201;NZM8419;      53,46;    0,36;05/03/2024;47;Dificil Acesso                ;   ;aloisio    ;14:54
217946                            ;04/03/2024;    ;281452;007;    ;0055578;BAR ENCO. DOS AMIGOS                              ;(74)99915-3900 ;020;201;NZM8419;     233,36;    0,81;05/03/2024;47;Dificil Acesso                ;   ;aloisio    ;14:54
217946                            ;04/03/2024;    ;281453;007;    ;0062972;ALTO ASTRAL BAR                                   ;(74)99981-7151 ;020;201;NZM8419;     219,96;    0,42;05/03/2024;47;Dificil Acesso                ;   ;aloisio    ;14:53
217946                            ;04/03/2024;    ;281454;007;    ;0054242;BAR DA LETICIA                                    ;(74)99928-5096 ;020;201;NZM8419;    1925,36;    2,34;05/03/2024;47;Dificil Acesso                ;   ;aloisio    ;14:53
217946                            ;04/03/2024;    ;281455;007;    ;0062577;BOTECO DO ZE                                      ;(74)99938-3213 ;020;201;NZM8419;     249,50;    0,34;05/03/2024;47;Dificil Acesso                ;   ;aloisio    ;14:52
217968                            ;04/03/2024;    ;281505;007;    ;0057086;PONTO DO GELADINHO                                ;(74)98814-9288 ;010;106;RDN7A69;     649,33;    0,96;04/03/2024;71;SEM DINHEIRO/CHEQUE           ;   ;silva      ;13:36
217972                            ;04/03/2024;    ;281559;007;    ;0000606;MERC. PRECO BOM                                   ;(74)98815-5691 ;010;104;RPR6D25;     684,60;    0,69;04/03/2024;42;Produto/Quantidade Errada     ;   ;silva      ;17:19
217973                            ;04/03/2024;    ;281580;007;    ;0058411;M PARADA OBRIGATORIA                              ;(74)98808-7414 ;010;100;PKL6654;    1465,12;    2,11;04/03/2024;71;SEM DINHEIRO/CHEQUE           ;   ;silva      ;16:24
217974                            ;04/03/2024;    ;281628;007;    ;0062294;ESPETINHO DA GALEGA                               ;(87)99186-1666 ;010;110;OZF1202;     649,80;    0,91;04/03/2024;84;AREA DE RISCO                 ;   ;silva      ;17:07
217975                            ;04/03/2024;    ;281638;007;    ;0054688;DISTRIBUIDORA UPA                                 ;(74)99932-5506 ;010;102;OZE4956;    1956,90;    2,79;04/03/2024;72;PDV FECHADO (HORARIO COM.)    ;   ;silva      ;15:07
217995                            ;05/03/2024;    ;281732;007;    ;0058351;BAR AEROPORTO                                     ;(21)96763-1186 ;020;205;OUX8B81;     211,28;    0,25;06/03/2024;70;CLIENTE CANCELOU              ;   ;silva      ;14:22
217997                            ;05/03/2024;    ;281892;007;    ;0055919;DEP. LARISA                                       ;(74)98143-2775 ;020;202;OVB5042;     156,41;    0,18;06/03/2024;72;PDV FECHADO (HORARIO COM.)    ;   ;silva      ;11:14
218000                            ;05/03/2024;    ;282022;007;    ;0063069;DISTRIBUIDORA PAIVA                               ;(74)98112-5102 ;010;109;NZM9993;     234,96;    0,31;06/03/2024;71;SEM DINHEIRO/CHEQUE           ;   ;silva      ;11:23
218000                            ;05/03/2024;    ;282032;007;    ;0057009;GELO E CIA                                        ;(74)99199-6685 ;010;109;NZM9993;      66,58;    0,06;06/03/2024;23;(C)Pedidos duplicados         ;   ;silva      ;11:21
218000                            ;05/03/2024;    ;282049;007;    ;0062286;MERCADIN S FRANCISCO                              ;(75)99833-6590 ;010;109;NZM9993;       2,66;    0,00;06/03/2024;23;(C)Pedidos duplicados         ;   ;silva      ;11:22
218002                            ;05/03/2024;    ;282129;007;    ;0062386;BAR DA VOLTA                                      ;(74)99907-6113 ;010;107;PKK0690;    1008,28;    1,38;05/03/2024;85;DIFICIL ACESSO                ;DER;aloisio    ;17:15
218002                            ;05/03/2024;    ;282130;007;    ;0062386;BAR DA VOLTA                                      ;(74)99907-6113 ;010;107;PKK0690;    1258,09;    1,62;05/03/2024;85;DIFICIL ACESSO                ;   ;aloisio    ;17:14
218002                            ;05/03/2024;    ;282131;007;    ;0062386;BAR DA VOLTA                                      ;(74)99907-6113 ;010;107;PKK0690;      49,90;    0,06;05/03/2024;85;DIFICIL ACESSO                ;   ;aloisio    ;17:16
218003                            ;05/03/2024;    ;282188;007;    ;0063695;BAR DE ELIANA                                     ;(75)99870-8073 ;010;100;OZE4956;     113,03;    0,24;05/03/2024;71;SEM DINHEIRO/CHEQUE           ;   ;aloisio    ;18:17
218004                            ;05/03/2024;    ;282211;007;    ;0051049;NICE LANCHES                                      ;(74)98817-3231 ;010;105;OUG2987;     499,00;    0,69;05/03/2024;71;SEM DINHEIRO/CHEQUE           ;   ;aloisio    ;15:10
218007                            ;05/03/2024;    ;282275;007;    ;0064508;JACARE BAR                                        ;(74)98829-9244 ;010;110;RDN7A69;     432,90;    0,43;05/03/2024;64;SEM VASILHAME                 ;   ;aloisio    ;17:59
218008                            ;05/03/2024;    ;282323;007;    ;0050871;ANDREIA BAR                                       ;(74)98854-0756 ;010;105;OZF1202;      99,80;    0,13;05/03/2024;72;PDV FECHADO (HORARIO COM.)    ;   ;aloisio    ;18:24
218008                            ;05/03/2024;    ;282324;007;    ;0050871;ANDREIA BAR                                       ;(74)98854-0756 ;010;105;OZF1202;     440,30;    0,63;05/03/2024;72;PDV FECHADO (HORARIO COM.)    ;   ;aloisio    ;18:25
218008                            ;05/03/2024;    ;282331;007;    ;0064196;J S TRANSPORTES                                   ;(74)99818-1047 ;010;102;OZF1202;     351,21;    0,48;05/03/2024;64;SEM VASILHAME                 ;   ;aloisio    ;18:24
218009                            ;05/03/2024;    ;282364;007;    ;0053265;MERCADINHO LORENA                                 ;(74) 3613-5031 ;080;810;OUX3F90;    2344,50;    3,10;05/03/2024;71;SEM DINHEIRO/CHEQUE           ;   ;teles      ;18:30
218010                            ;05/03/2024;    ;282389;007;    ;0025973;DISTRIBUIDORA DO LAU                              ;(74) 8811-9482 ;010;106;PKL6654;     386,21;    0,36;05/03/2024;72;PDV FECHADO (HORARIO COM.)    ;   ;aloisio    ;17:28
218012                            ;05/03/2024;    ;282438;007;    ;0064282;ESPETINHO DO GALEGO                               ;(74)98816-8011 ;010;103;RDN1D46;     347,89;    0,56;05/03/2024;72;PDV FECHADO (HORARIO COM.)    ;   ;aloisio    ;15:05
218012                            ;05/03/2024;    ;282456;007;    ;0024602;BAR MINI BOX                                      ;(74)99108-9521 ;010;104;RDN1D46;     223,88;    0,40;05/03/2024;72;PDV FECHADO (HORARIO COM.)    ;   ;aloisio    ;15:04
218013                            ;05/03/2024;    ;282476;007;    ;0058521;CHURRASCARIA ESTANCI                              ;(74)99934-7987 ;010;100;PKK8518;     947,90;    1,14;05/03/2024;65;NAO FEZ PEDIDO                ;   ;teles      ;18:35
218015                            ;05/03/2024;    ;282557;007;    ;0055819;SLR DISTRIBUIDOR                                  ;(75)98828-2225 ;010;111;LKI1H89;      47,00;    0,12;05/03/2024;87;TEMPO INSUFICIENTE            ;   ;teles      ;19:31
218015                            ;05/03/2024;    ;282558;007;    ;0055731;MERCADINHO NOVO HORI                              ;(74)98815-1910 ;010;104;LKI1H89;      65,64;    0,24;05/03/2024;87;TEMPO INSUFICIENTE            ;   ;teles      ;19:31
218044                            ;06/03/2024;    ;282690;007;    ;0064534;CENTRAL PECAS E ACES                              ;(87)99209-8182 ;010;109;RDC5J22;    3121,98;    3,80;07/03/2024;82;ENDERECO NAO ENCONTRADO       ;   ;aloisio    ;13:34
218050                            ;06/03/2024;    ;283044;007;    ;0055730;MERC. SaO GABRIEL                                 ;(74)98823-9075 ;020;201;RPM8F89;    2250,74;    6,63;07/03/2024;42;Produto/Quantidade Errada     ;   ;teles      ;19:06
218050                            ;06/03/2024;    ;283060;007;    ;0063165;LANCHONETE E VERDURÃ                              ;(74)98832-9054 ;020;201;RPM8F89;     119,17;    0,14;07/03/2024;72;PDV FECHADO (HORARIO COM.)    ;   ;teles      ;19:05
218052                            ;06/03/2024;    ;283098;007;    ;0058493;QUIOSQUE BAR                                      ;(74)98819-6528 ;010;105;RPR6D25;       2,66;    0,00;06/03/2024;72;PDV FECHADO (HORARIO COM.)    ;   ;ediziene   ;18:42
218053                            ;06/03/2024;    ;283157;007;    ;0051780;SOMBRA DO UMBUZEIRO                               ;(74) 8807-9648 ;010;103;RDN7A69;      49,90;    0,06;06/03/2024;82;ENDERECO NAO ENCONTRADO       ;   ;silva      ;18:03
218053                            ;06/03/2024;    ;283166;007;    ;0055394;MERC N SRA CONCEICAO                              ;(74)99109-1868 ;010;104;RDN7A69;     149,70;    0,20;06/03/2024;71;SEM DINHEIRO/CHEQUE           ;   ;silva      ;18:02
218054                            ;06/03/2024;    ;283172;007;    ;0058600;ELIANE DAN                                        ;(74)98105-8753 ;010;107;RDN1D46;      93,03;    0,13;06/03/2024;71;SEM DINHEIRO/CHEQUE           ;   ;silva      ;14:45
218054                            ;06/03/2024;    ;283176;007;    ;0062245;ADEGA PAI E FILHO                                 ;(74)98145-9270 ;010;111;RDN1D46;     149,70;    0,20;06/03/2024;72;PDV FECHADO (HORARIO COM.)    ;   ;silva      ;14:43
218054                            ;06/03/2024;    ;283177;007;    ;0062245;ADEGA PAI E FILHO                                 ;(74)98145-9270 ;010;111;RDN1D46;     384,69;    0,47;06/03/2024;72;PDV FECHADO (HORARIO COM.)    ;   ;silva      ;14:44
218054                            ;06/03/2024;    ;283201;007;    ;0064017;MERCADINHO RODRIGUES                              ;(74)98847-7110 ;010;107;RDN1D46;      49,90;    0,06;06/03/2024;82;ENDERECO NAO ENCONTRADO       ;   ;silva      ;14:46
218054                            ;06/03/2024;    ;283202;007;    ;0064017;MERCADINHO RODRIGUES                              ;(74)98847-7110 ;010;107;RDN1D46;      31,90;    0,04;06/03/2024;82;ENDERECO NAO ENCONTRADO       ;   ;silva      ;14:46
218054                            ;06/03/2024;    ;283204;007;    ;0064521;BAR E LANCH JP                                    ;(74)98125-6775 ;010;107;RDN1D46;     142,10;    0,14;06/03/2024;82;ENDERECO NAO ENCONTRADO       ;   ;silva      ;14:47
218058                            ;06/03/2024;    ;283267;007;    ;0001240;BAR DO EGIDIO                                     ;(74)98816-6409 ;010;110;PKK0690;     515,51;    0,68;07/03/2024;72;PDV FECHADO (HORARIO COM.)    ;   ;aloisio    ;13:21
218068                            ;06/03/2024;    ;283530;007;    ;0064554;MERCADO E HORTIFRUTI                              ;(73)98231-8975 ;010;102;OZF1202;    1905,44;    2,67;06/03/2024;82;ENDERECO NAO ENCONTRADO       ;   ;silva      ;16:53
218072                            ;06/03/2024;    ;283649;007;    ;0062473;BAR DO CLEUTON                                    ;(74)99109-1714 ;010;108;OUG2987;     541,75;    0,77;06/03/2024;72;PDV FECHADO (HORARIO COM.)    ;   ;silva      ;15:02
218072                            ;06/03/2024;    ;283650;007;    ;0062473;BAR DO CLEUTON                                    ;(74)99109-1714 ;010;108;OUG2987;     402,86;    0,54;06/03/2024;72;PDV FECHADO (HORARIO COM.)    ;   ;silva      ;15:01
218108                            ;07/03/2024;    ;283757;007;    ;0053404;RESTAURANTE JC                                    ;(74)98143-0798 ;020;205;OUX8B81;     164,48;    0,26;08/03/2024;23;(C)Pedidos duplicados         ;DER;silva      ;16:
218109                            ;07/03/2024;    ;283857;007;    ;0056038;Reste Petiscaria Sol                              ;(74)98125-9395 ;020;203;RDC8F64;     374,39;    0,86;08/03/2024;72;PDV FECHADO (HORARIO COM.)    ;   ;ediziene   ;18:48
218109                            ;07/03/2024;    ;283858;007;    ;0056038;Reste Petiscaria Sol                              ;(74)98125-9395 ;020;203;RDC8F64;       8,68;    0,00;08/03/2024;72;PDV FECHADO (HORARIO COM.)    ;   ;ediziene   ;18:47
218109                            ;07/03/2024;    ;283859;007;    ;0056038;Reste Petiscaria Sol                              ;(74)98125-9395 ;020;203;RDC8F64;       2,89;    0,00;08/03/2024;72;PDV FECHADO (HORARIO COM.)    ;   ;ediziene   ;18:47
218114                            ;07/03/2024;    ;284048;007;    ;0064298;PANIFICADORA BRASIL                               ;(74)98805-1713 ;010;109;NZM9993;       1,29;    0,00;09/03/2024;68;TROCA (SEM SELO / QTDE. ERRADA;   ;aloisio    ;13:53
218115                            ;07/03/2024;    ;284054;007;    ;0024154;MERC  DA NENA                                     ;(74)98834-2183 ;020;201;NZM7723;     255,80;    0,34;07/03/2024;42;Produto/Quantidade Errada     ;DER;aloisio    ;16:41
218115                            ;07/03/2024;    ;284058;007;    ;0050769;BAR DA SARITA                                     ;(74)98847-2864 ;020;201;NZM7723;     279,50;    0,34;07/03/2024;42;Produto/Quantidade Errada     ;DER;aloisio    ;16:42
218115                            ;07/03/2024;    ;284059;007;    ;0052793;RESTAURANTE SALES                                 ;(74) 8814-5048 ;020;201;NZM7723;     289,80;    0,35;07/03/2024;42;Produto/Quantidade Errada     ;DER;aloisio    ;16:41
218115                            ;07/03/2024;    ;284060;007;    ;0057445;COM. REI DA GELA                                  ;(74)98873-9039 ;020;201;NZM7723;     509,00;    0,69;07/03/2024;42;Produto/Quantidade Errada     ;DER;aloisio    ;16:43
218115                            ;07/03/2024;    ;284063;007;    ;0052092;BAR VELHO CHICO                                   ;(74)98853-7502 ;020;201;NZM7723;     305,40;    0,41;07/03/2024;42;Produto/Quantidade Errada     ;DER;aloisio    ;16:42
218118                            ;07/03/2024;    ;284151;007;    ;0063830;EMPÓRIO BEBIDAS                                   ;(74)99995-5721 ;020;201;PKL6654;     454,60;    0,88;07/03/2024;72;PDV FECHADO (HORARIO COM.)    ;   ;aloisio    ;15:09
218118                            ;07/03/2024;    ;284152;007;    ;0063830;EMPÓRIO BEBIDAS                                   ;(74)99995-5721 ;020;201;PKL6654;     101,80;    0,13;07/03/2024;72;PDV FECHADO (HORARIO COM.)    ;   ;aloisio    ;15:09
218118                            ;07/03/2024;    ;284153;007;    ;0063830;EMPÓRIO BEBIDAS                                   ;(74)99995-5721 ;020;201;PKL6654;    1425,20;    1,93;07/03/2024;72;PDV FECHADO (HORARIO COM.)    ;   ;aloisio    ;15:10
218118                            ;07/03/2024;    ;284154;007;    ;0063830;EMPÓRIO BEBIDAS                                   ;(74)99995-5721 ;020;201;PKL6654;      72,44;    0,18;07/03/2024;72;PDV FECHADO (HORARIO COM.)    ;   ;aloisio    ;15:10
218118                            ;07/03/2024;    ;284155;007;    ;0063830;EMPÓRIO BEBIDAS                                   ;(74)99995-5721 ;020;201;PKL6654;       8,80;    0,01;07/03/2024;72;PDV FECHADO (HORARIO COM.)    ;   ;aloisio    ;15:10
218120                            ;07/03/2024;    ;284234;007;    ;0057194;DISTRIBUIDORA DAVI                                ;(74)98859-8146 ;010;108;OFB8B68;    3792,40;    5,24;07/03/2024;71;SEM DINHEIRO/CHEQUE           ;   ;aloisio    ;16:52
218120                            ;07/03/2024;    ;284235;007;    ;0057194;DISTRIBUIDORA DAVI                                ;(74)98859-8146 ;010;108;OFB8B68;     698,60;    0,96;07/03/2024;71;SEM DINHEIRO/CHEQUE           ;   ;aloisio    ;16:52
218120                            ;07/03/2024;    ;284236;007;    ;0057194;DISTRIBUIDORA DAVI                                ;(74)98859-8146 ;010;108;OFB8B68;     319,00;    0,42;07/03/2024;71;SEM DINHEIRO/CHEQUE           ;   ;aloisio    ;16:54
218124                            ;07/03/2024;    ;284316;007;    ;0062623;BODEGA DO WILLIAM                                 ;(74)98808-4067 ;070;701;KJP3656;     575,60;    0,56;07/03/2024;63;PRODUTO / QTDE. ERRADA        ;   ;aloisio    ;17:41
218126                            ;07/03/2024;    ;284386;007;    ;0051768;DEPOSITO TROPICAL                                 ;(74) 3611-2721 ;010;111;RPM8D89;      66,58;    0,06;07/03/2024;68;TROCA (SEM SELO / QTDE. ERRADA;   ;aloisio    ;17:20
218129                            ;07/03/2024;    ;284400;007;    ;0063808;BARRACO DA MARIA                                  ;(87)98845-7416 ;010;108;RDN1D46;     254,50;    0,34;07/03/2024;82;ENDERECO NAO ENCONTRADO       ;DER;aloisio    ;16:24
218129                            ;07/03/2024;    ;284405;007;    ;0064205;MERCEARIA ALICE                                   ;(74)98848-8006 ;010;108;RDN1D46;     203,60;    0,27;07/03/2024;81;PRODUTO DANIFICADO / FALTA    ;DER;aloisio    ;16:23
218129                            ;07/03/2024;    ;284418;007;    ;0058269;OLIVEIRA DELICATESSE                              ;(74)99931-4320 ;080;810;RDN1D46;      57,56;    0,05;07/03/2024;23;(C)Pedidos duplicados         ;   ;aloisio    ;16:24
218129                            ;07/03/2024;    ;284437;007;    ;0062552;BOTECO DO ALAANO                                  ;(74)98828-2913 ;010;102;RDN1D46;      52,78;    0,12;07/03/2024;82;ENDERECO NAO ENCONTRADO       ;   ;aloisio    ;16:25
218130                            ;07/03/2024;    ;284448;007;    ;0056109;Cerv Distribuidora                                ;(74)98801-4507 ;010;111;RDN7A69;      32,82;    0,12;07/03/2024;72;PDV FECHADO (HORARIO COM.)    ;   ;aloisio    ;17:08
218130                            ;07/03/2024;    ;284454;007;    ;0057053;DIST. MARISTELA                                   ;(74)98861-5153 ;010;104;RDN7A69;     254,50;    0,34;07/03/2024;71;SEM DINHEIRO/CHEQUE           ;   ;aloisio    ;17:09
218131                            ;07/03/2024;    ;284474;007;    ;0063669;DIST MOURA                                        ;(74)98819-1139 ;010;100;RPR6D25;     598,80;    0,82;07/03/2024;72;PDV FECHADO (HORARIO COM.)    ;   ;aloisio    ;13:17
218134                            ;07/03/2024;    ;284558;007;    ;0063620;ADEGA DISTRIBUIDORA                               ;(74)98857-2031 ;010;103;OZE4956;       2,89;    0,00;07/03/2024;85;DIFICIL ACESSO                ;   ;aloisio    ;16:57
218134                            ;07/03/2024;    ;284559;007;    ;0063620;ADEGA DISTRIBUIDORA                               ;(74)98857-2031 ;010;103;OZE4956;       2,89;    0,00;07/03/2024;85;DIFICIL ACESSO                ;   ;aloisio    ;16:58
218135                            ;07/03/2024;    ;284581;007;    ;0056154;TURMA DO COPO                                     ;(74)98873-1836 ;010;110;EFV3713;     521,60;    0,57;07/03/2024;64;SEM VASILHAME                 ;   ;aloisio    ;16:27
218136                            ;07/03/2024;    ;284591;007;    ;0060880;DISTRIBUIDORA 5 IRMa                              ;(74)98803-4866 ;010;103;OUG2987;     101,66;    0,12;07/03/2024;72;PDV FECHADO (HORARIO COM.)    ;   ;aloisio    ;16:34
218138                            ;07/03/2024;    ;284669;007;    ;0054360;PASTELAO                                          ;(74)98858-2751 ;010;104;JII1442;     748,50;    1,03;07/03/2024;71;SEM DINHEIRO/CHEQUE           ;   ;aloisio    ;16:46
218140                            ;07/03/2024;    ;284736;007;    ;0057649;LZR DISTRIBUIDORA                                 ;(74)99103-1479 ;010;106;NKV3226;     763,50;    1,03;07/03/2024;71;SEM DINHEIRO/CHEQUE           ;   ;aloisio    ;13:44
218164                            ;07/03/2024;    ;284750;007;    ;0029043;CDR CAMACARI                                      ;(19) 3313-7039 ;091;986;MSG0C01;    1960,00;    0,00;08/03/2024;51;NF ERRADA                     ;   ;silva      ;15:49
218176                            ;08/03/2024;    ;285050;007;    ;0062670;MERCADINHO E DISTRIB                              ;(74)99926-6208 ;010;109;RPP6J11;     649,46;    0,94;08/03/2024;72;PDV FECHADO (HORARIO COM.)    ;   ;silva      ;18:08
218176                            ;08/03/2024;    ;285067;007;    ;0064166;DISTRIBUIDORA DO CAC                              ;(74)99937-9614 ;010;109;RPP6J11;      93,42;    0,07;08/03/2024;72;PDV FECHADO (HORARIO COM.)    ;   ;silva      ;18:08
218180                            ;08/03/2024;    ;285120;007;    ;0057502;PIT STOP                                          ;(74)99122-9886 ;010;111;NKV3226;    1007,00;    1,26;08/03/2024;70;CLIENTE CANCELOU              ;   ;silva      ;16:25
218182                            ;08/03/2024;    ;285200;007;    ;0025244;MERCEARIA AVENIDA                                 ;(74) 0618-3091 ;010;100;JII1442;     763,50;    1,03;08/03/2024;64;SEM VASILHAME                 ;DER;silva      ;15:57
218182                            ;08/03/2024;    ;285202;007;    ;0025244;MERCEARIA AVENIDA                                 ;(74) 0618-3091 ;010;100;JII1442;      50,90;    0,06;08/03/2024;64;SEM VASILHAME                 ;   ;silva      ;15:57
218189                            ;08/03/2024;    ;285540;007;    ;0063240;DISTRIBUIDORA DO DE                               ;(74)98140-4651 ;010;105;PKK8518;     435,76;    0,68;09/03/2024;72;PDV FECHADO (HORARIO COM.)    ;   ;aloisio    ;10:40
218189                            ;08/03/2024;    ;285541;007;    ;0063240;DISTRIBUIDORA DO DE                               ;(74)98140-4651 ;010;105;PKK8518;     415,16;    0,63;09/03/2024;72;PDV FECHADO (HORARIO COM.)    ;   ;aloisio    ;10:40
218189                            ;08/03/2024;    ;285542;007;    ;0063240;DISTRIBUIDORA DO DE                               ;(74)98140-4651 ;010;105;PKK8518;     122,04;    0,18;09/03/2024;72;PDV FECHADO (HORARIO COM.)    ;   ;aloisio    ;10:40
218193                            ;08/03/2024;    ;285670;007;    ;0056220;Distr Gabriel                                     ;(74)98857-5403 ;010;106;KJP3656;     659,20;    0,77;08/03/2024;63;PRODUTO / QTDE. ERRADA        ;   ;silva      ;15:55
218226                            ;09/03/2024;    ;285874;007;    ;0057181;BUTECO DO CLAUDINHO                               ;(74)99978-5070 ;010;109;RPP6J11;    3914,68;    5,85;09/03/2024;32;ENTREGA ATRASADA (BUFFER)     ;   ;aloisio    ;15:20
218228                            ;09/03/2024;    ;285931;007;    ;0057811;LOUNGE BEER                                       ;(74)98824-6981 ;010;110;RDN1D46;     344,55;    0,40;09/03/2024;72;PDV FECHADO (HORARIO COM.)    ;   ;aloisio    ;15:23
218234                            ;09/03/2024;    ;286084;007;    ;0062578;DEPOSITO ANDRESSA                                 ;(74)98872-7958 ;010;104;RDN7A69;     152,66;    0,15;09/03/2024;71;SEM DINHEIRO/CHEQUE           ;   ;aloisio    ;14:32
218234                            ;09/03/2024;    ;286085;007;    ;0062578;DEPOSITO ANDRESSA                                 ;(74)98872-7958 ;010;104;RDN7A69;     142,67;    0,14;09/03/2024;71;SEM DINHEIRO/CHEQUE           ;   ;aloisio    ;14:32
218234                            ;09/03/2024;    ;286086;007;    ;0062578;DEPOSITO ANDRESSA                                 ;(74)98872-7958 ;010;104;RDN7A69;     101,80;    0,13;09/03/2024;71;SEM DINHEIRO/CHEQUE           ;   ;aloisio    ;14:33
218234                            ;09/03/2024;    ;286096;007;    ;0056749;ALINE PEREIRA DE JES                              ;(74)98809-6994 ;010;111;RDN7A69;       8,68;    0,00;09/03/2024;42;Produto/Quantidade Errada     ;   ;aloisio    ;14:30
218234                            ;09/03/2024;    ;286097;007;    ;0056749;ALINE PEREIRA DE JES                              ;(74)98809-6994 ;010;111;RDN7A69;      11,58;    0,01;09/03/2024;42;Produto/Quantidade Errada     ;   ;aloisio    ;14:31
218234                            ;09/03/2024;    ;286116;007;    ;0064492;MERCADINHO JUREMA                                 ;(74)99931-4809 ;010;107;RDN7A69;     203,60;    0,27;09/03/2024;82;ENDERECO NAO ENCONTRADO       ;   ;aloisio    ;14:30
218234                            ;09/03/2024;    ;286117;007;    ;0064492;MERCADINHO JUREMA                                 ;(74)99931-4809 ;010;107;RDN7A69;      13,16;    0,09;09/03/2024;82;ENDERECO NAO ENCONTRADO       ;   ;aloisio    ;14:30
218235                            ;09/03/2024;    ;286121;007;    ;0055084;DISTR. NO PONTO                                   ;(74)98803-3909 ;010;111;RPR6D25;      20,26;    0,02;09/03/2024;42;Produto/Quantidade Errada     ;   ;aloisio    ;16:12
218235                            ;09/03/2024;    ;286158;007;    ;0064116;MARA JK DIST                                      ;(74)98802-1735 ;010;107;RPR6D25;     280,77;    0,38;09/03/2024;71;SEM DINHEIRO/CHEQUE           ;   ;aloisio    ;16:11
218237                            ;09/03/2024;    ;286222;007;    ;0063514;COMERCIAL HEITOR                                  ;(74)99925-0484 ;010;103;NZM8419;     149,70;    0,20;09/03/2024;64;SEM VASILHAME                 ;   ;aloisio    ;14:55
218239                            ;09/03/2024;    ;286301;007;    ;0055213;MERCEARIA GIRASSOL                                ;(74)98843-3175 ;010;104;RPP7B52;    2744,50;    3,79;09/03/2024;41;Sem Vasilhame.                ;   ;aloisio    ;16:17
218241                            ;09/03/2024;    ;286350;007;    ;0055830;IMPERIO DISTRI                                    ;(74)98817-8853 ;010;100;OZF1202;       3,40;    0,00;09/03/2024;42;Produto/Quantidade Errada     ;   ;aloisio    ;14:48
218241                            ;09/03/2024;    ;286351;007;    ;0057568;Dist Bebidas Central                              ;(74)98804-9424 ;010;100;OZF1202;       8,68;    0,00;09/03/2024;42;Produto/Quantidade Errada     ;   ;aloisio    ;14:48
218241                            ;09/03/2024;    ;286352;007;    ;0057568;Dist Bebidas Central                              ;(74)98804-9424 ;010;100;OZF1202;       2,89;    0,00;09/03/2024;42;Produto/Quantidade Errada     ;   ;aloisio    ;14:50
218241                            ;09/03/2024;    ;286353;007;    ;0024152;MERCADINHO JC                                     ;(74) 3618-1153 ;080;810;OZF1202;       3,25;    0,00;09/03/2024;42;Produto/Quantidade Errada     ;   ;aloisio    ;14:50
218256                            ;11/03/2024;    ;286428;007;    ;0064251;ADEGA DUARTE                                      ;(74)99954-7469 ;020;203;RDC8F64;     113,70;    0,12;12/03/2024;55;QUALIDADE DO PRODUTO          ;   ;silva      ;16:42
218256                            ;11/03/2024;    ;286475;007;    ;0063417;BAR BAHIA                                         ;(74)99923-5101 ;020;203;RDC8F64;     101,80;    0,13;12/03/2024;65;NAO FEZ PEDIDO                ;DER;silva      ;16:43
218256                            ;11/03/2024;    ;286489;007;    ;0056200;BAR CHAMAS                                        ;(74)99901-6219 ;020;203;RDC8F64;     134,90;    0,14;12/03/2024;72;PDV FECHADO (HORARIO COM.)    ;DER;silva      ;16:43
218260                            ;11/03/2024;    ;286604;007;    ;0060307;ALVORADA DOS VAQUEIR                              ;(74)98845-3019 ;010;109;RPP6J11;     622,63;    0,78;11/03/2024;64;SEM VASILHAME                 ;   ;teles      ;19:08
218264                            ;11/03/2024;    ;286806;007;    ;0057818;Mercadinho AMORIM                                 ;(74)99928-0589 ;020;204;RPP7B52;       6,31;    0,00;13/03/2024;42;Produto/Quantidade Errada     ;   ;aloisio    ;09:48
218266                            ;11/03/2024;    ;286922;007;    ;0062160;EE DISTRIBUIDORA                                  ;(74)98853-0995 ;020;200;NZM5543;     142,26;    0,18;11/03/2024;70;CLIENTE CANCELOU              ;   ;teles      ;18:46
218268                            ;11/03/2024;    ;286924;007;    ;0051977;BAR DA PATRICIA                                   ;(74)99110-4242 ;010;108;RDJ0G42;     101,80;    0,13;11/03/2024;42;Produto/Quantidade Errada     ;DER;aloisio    ;17:34
218268                            ;11/03/2024;    ;286925;007;    ;0051977;BAR DA PATRICIA                                   ;(74)99110-4242 ;010;108;RDJ0G42;     101,80;    0,13;11/03/2024;42;Produto/Quantidade Errada     ;DER;aloisio    ;17:34
218268                            ;11/03/2024;    ;286946;007;    ;0024293;BAR DA IZETE                                      ;(74)98805-0812 ;010;108;RDJ0G42;     180,14;    0,36;11/03/2024;42;Produto/Quantidade Errada     ;DER;aloisio    ;17:32
218268                            ;11/03/2024;    ;286947;007;    ;0050946;BAR DA PAZ                                        ;(74)98857-9412 ;010;108;RDJ0G42;     410,34;    0,55;11/03/2024;42;Produto/Quantidade Errada     ;DER;aloisio    ;17:33
218270                            ;11/03/2024;    ;286978;007;    ;0063523;CANTINHO NORDESTINO                               ;(74)98869-0614 ;010;108;RPM8D89;     148,88;    0,20;11/03/2024;63;PRODUTO / QTDE. ERRADA        ;   ;teles      ;20:04
218270                            ;11/03/2024;    ;286979;007;    ;0063523;CANTINHO NORDESTINO                               ;(74)98869-0614 ;010;108;RPM8D89;       1,35;    0,00;11/03/2024;63;PRODUTO / QTDE. ERRADA        ;DER;teles      ;20:04
218270                            ;11/03/2024;    ;286990;007;    ;0064188;CANTINHO NORDESTINO                               ;(74)98869-0614 ;010;108;RPM8D89;      99,26;    0,13;11/03/2024;63;PRODUTO / QTDE. ERRADA        ;   ;teles      ;20:05
218270                            ;11/03/2024;    ;286991;007;    ;0064188;CANTINHO NORDESTINO                               ;(74)98869-0614 ;010;108;RPM8D89;      16,20;    0,02;11/03/2024;63;PRODUTO / QTDE. ERRADA        ;   ;teles      ;20:05
218273                            ;11/03/2024;    ;287136;007;    ;0025547;MERC SAO VICENTE SOB                              ;(74)98811-4425 ;020;201;RPE4C71;    1909,67;    2,60;11/03/2024;70;CLIENTE CANCELOU              ;   ;aloisio    ;17:01
218274                            ;11/03/2024;    ;287140;007;    ;0063852;Tribo folia eventos                               ;(74)99105-0831 ;010;104;RDN1D46;     149,70;    0,20;11/03/2024;72;PDV FECHADO (HORARIO COM.)    ;   ;aloisio    ;16:49
218274                            ;11/03/2024;    ;287142;007;    ;0064482;EXOTERIC PROD                                     ;(74)98856-3472 ;010;100;RDN1D46;      61,98;    0,00;11/03/2024;82;ENDERECO NAO ENCONTRADO       ;   ;aloisio    ;16:47
218274                            ;11/03/2024;    ;287143;007;    ;0064482;EXOTERIC PROD                                     ;(74)98856-3472 ;010;100;RDN1D46;      61,98;    0,00;11/03/2024;82;ENDERECO NAO ENCONTRADO       ;   ;aloisio    ;16:47
218274                            ;11/03/2024;    ;287146;007;    ;0062943;Distribu o geladao                                ;(74)99923-5293 ;010;106;RDN1D46;      47,72;    0,06;11/03/2024;72;PDV FECHADO (HORARIO COM.)    ;   ;aloisio    ;16:50
218274                            ;11/03/2024;    ;287147;007;    ;0054306;DISTRIBUIDORA BIGO                                ;(74)98806-6600 ;010;111;RDN1D46;       8,54;    0,00;11/03/2024;72;PDV FECHADO (HORARIO COM.)    ;   ;aloisio    ;16:50
218274                            ;11/03/2024;    ;287166;007;    ;0063936;MERC AVENIDA                                      ;(74)98833-0508 ;010;100;RDN1D46;       5,47;    0,01;11/03/2024;72;PDV FECHADO (HORARIO COM.)    ;   ;aloisio    ;16:48
218280                            ;11/03/2024;    ;287320;007;    ;0056186;DAURI DIST BEBIDAS                                ;(74)99964-5843 ;010;111;PKK8518;    3900,81;    5,08;11/03/2024;64;SEM VASILHAME                 ;   ;aloisio    ;16:29
218281                            ;11/03/2024;    ;287348;007;    ;0051173;MERC. LULA MOLUSCO                                ;(74)98853-6005 ;010;105;NZM9993;     661,70;    0,89;11/03/2024;71;SEM DINHEIRO/CHEQUE           ;   ;aloisio    ;17:38
218281                            ;11/03/2024;    ;287349;007;    ;0051173;MERC. LULA MOLUSCO                                ;(74)98853-6005 ;010;105;NZM9993;     305,40;    0,41;11/03/2024;71;SEM DINHEIRO/CHEQUE           ;   ;aloisio    ;17:40
218305                            ;12/03/2024;    ;287525;007;    ;0057368;Atacadao Rodrigues                                ;(74)99805-3860 ;020;204;RDC5J22;     114,84;    0,30;14/03/2024;42;Produto/Quantidade Errada     ;   ;silva      ;11:07
218305                            ;12/03/2024;    ;287534;007;    ;0064290;BAR DA NAIDINHA                                   ;(74)98113-0447 ;020;204;RDC5J22;      48,36;    0,06;14/03/2024;72;PDV FECHADO (HORARIO COM.)    ;   ;silva      ;11:08
218306                            ;12/03/2024;    ;287562;007;    ;0055919;DEP. LARISA                                       ;(74)98143-2775 ;020;202;NZM4666;     637,20;    1,80;12/03/2024;72;PDV FECHADO (HORARIO COM.)    ;   ;ediziene   ;22:52
218306                            ;12/03/2024;    ;287563;007;    ;0063977;LENA CAKES PANIFICAD                              ;(74)98123-6515 ;020;202;NZM4666;     320,78;    0,42;12/03/2024;80;CAMINHAO QUEBRADO / ACIDENTE  ;   ;ediziene   ;22:51
218306                            ;12/03/2024;    ;287569;007;    ;0057318;BAR E MERC.ALMEIDA                                ;(74)98140-3660 ;020;202;NZM4666;     155,04;    0,78;12/03/2024;80;CAMINHAO QUEBRADO / ACIDENTE  ;   ;ediziene   ;22:53
218306                            ;12/03/2024;    ;287581;007;    ;0050408;PAQUERA BAR                                       ;(74)98110-4585 ;020;202;NZM4666;     201,86;    0,31;12/03/2024;71;SEM DINHEIRO/CHEQUE           ;   ;ediziene   ;22:52
218313                            ;12/03/2024;    ;287834;007;    ;0004573;BAR DA MARIA                                      ;(74) 9980-8381 ;010;100;OZE4956;     229,71;    0,36;12/03/2024;65;NAO FEZ PEDIDO                ;   ;ediziene   ;18:28
218313                            ;12/03/2024;    ;287835;007;    ;0004573;BAR DA MARIA                                      ;(74) 9980-8381 ;010;100;OZE4956;      70,20;    0,08;12/03/2024;65;NAO FEZ PEDIDO                ;   ;ediziene   ;18:29
218316                            ;12/03/2024;    ;287935;007;    ;0064474;COMERCIAL GOMES                                   ;(74)98142-0803 ;010;105;OZF1202;     503,98;    0,93;12/03/2024;72;PDV FECHADO (HORARIO COM.)    ;   ;silva      ;16:30
218318                            ;12/03/2024;    ;287994;007;    ;0058284;MERCADINHO E BOMBONI                              ;(74)98149-4911 ;010;105;RDN7A69;     434,88;    0,94;12/03/2024;72;PDV FECHADO (HORARIO COM.)    ;   ;silva      ;11:04
218319                            ;12/03/2024;    ;288033;007;    ;0000015;LUA MAR BAR E LANCH.                              ;(74)98808-2385 ;010;101;PKK8518;    1017,48;    1,53;12/03/2024;72;PDV FECHADO (HORARIO COM.)    ;   ;ediziene   ;19:14
218329                            ;12/03/2024;    ;288290;007;    ;0063620;ADEGA DISTRIBUIDORA                               ;(74)98857-2031 ;010;103;RPE4C71;       2,89;    0,00;12/03/2024;87;TEMPO INSUFICIENTE            ;   ;silva      ;18:14
218329                            ;12/03/2024;    ;288291;007;    ;0063620;ADEGA DISTRIBUIDORA                               ;(74)98857-2031 ;010;103;RPE4C71;       2,89;    0,00;12/03/2024;87;TEMPO INSUFICIENTE            ;   ;silva      ;18:13
218330                            ;12/03/2024;    ;288344;007;    ;0054417;COMERCIAL LOPES                                   ;(74)98816-2670 ;010;111;OUG2987;    1497,00;    2,07;12/03/2024;72;PDV FECHADO (HORARIO COM.)    ;   ;silva      ;16:39
218330                            ;12/03/2024;    ;288345;007;    ;0054417;COMERCIAL LOPES                                   ;(74)98816-2670 ;010;111;OUG2987;     548,90;    0,75;12/03/2024;72;PDV FECHADO (HORARIO COM.)    ;   ;silva      ;16:39
218349                            ;13/03/2024;    ;288435;007;    ;0057938;BEBA BEM DISTRIBUIDO                              ;(11)99736-1911 ;020;203;NZN0E75;     101,80;    0,13;14/03/2024;70;CLIENTE CANCELOU              ;   ;silva      ;16:21
218349                            ;13/03/2024;    ;288436;007;    ;0057938;BEBA BEM DISTRIBUIDO                              ;(11)99736-1911 ;020;203;NZN0E75;      94,71;    0,13;14/03/2024;70;CLIENTE CANCELOU              ;   ;silva      ;16:21
218349                            ;13/03/2024;    ;288437;007;    ;0057938;BEBA BEM DISTRIBUIDO                              ;(11)99736-1911 ;020;203;NZN0E75;    1018,00;    1,38;14/03/2024;70;CLIENTE CANCELOU              ;   ;silva      ;16:22
218349                            ;13/03/2024;    ;288438;007;    ;0057938;BEBA BEM DISTRIBUIDO                              ;(11)99736-1911 ;020;203;NZN0E75;      30,43;    0,04;14/03/2024;70;CLIENTE CANCELOU              ;   ;silva      ;16:22
218349                            ;13/03/2024;    ;288439;007;    ;0057938;BEBA BEM DISTRIBUIDO                              ;(11)99736-1911 ;020;203;NZN0E75;     441,60;    1,20;14/03/2024;70;CLIENTE CANCELOU              ;   ;silva      ;16:23
218349                            ;13/03/2024;    ;288489;007;    ;0060723;BAR DO BAHIA                                      ;(11)98904-2820 ;020;203;NZN0E75;     203,60;    0,27;14/03/2024;70;CLIENTE CANCELOU              ;DER;silva      ;16:23
218349                            ;13/03/2024;    ;288490;007;    ;0060723;BAR DO BAHIA                                      ;(11)98904-2820 ;020;203;NZN0E75;     131,44;    0,14;14/03/2024;70;CLIENTE CANCELOU              ;   ;silva      ;16:24
218351                            ;13/03/2024;    ;288556;007;    ;0057290;POITE DOS AMIGOS                                  ;(74)98106-2893 ;020;202;OVB5042;     143,84;    0,20;13/03/2024;72;PDV FECHADO (HORARIO COM.)    ;   ;teles      ;20:40
218351                            ;13/03/2024;    ;288557;007;    ;0057290;POITE DOS AMIGOS                                  ;(74)98106-2893 ;020;202;OVB5042;      28,44;    0,04;13/03/2024;72;PDV FECHADO (HORARIO COM.)    ;   ;teles      ;20:39
218351                            ;13/03/2024;    ;288558;007;    ;0057290;POITE DOS AMIGOS                                  ;(74)98106-2893 ;020;202;OVB5042;     109,00;    0,13;13/03/2024;72;PDV FECHADO (HORARIO COM.)    ;   ;teles      ;20:39
218355                            ;13/03/2024;    ;288752;007;    ;0062710;DISTRIBUIDORA ALVES                               ;(87)99183-9304 ;010;109;NZM7723;    1025,10;    1,23;13/03/2024;64;SEM VASILHAME                 ;   ;teles      ;19:15
218357                            ;13/03/2024;    ;288793;007;    ;0000885;MERC PRECO BOM                                    ;(74) 8815-4371 ;010;105;RDN1D46;     223,74;    0,36;13/03/2024;87;TEMPO INSUFICIENTE            ;   ;teles      ;19:10
218357                            ;13/03/2024;    ;288803;007;    ;0054594;BAR DO MANOEL                                     ;(74)98811-2280 ;010;101;RDN1D46;     101,80;    0,13;13/03/2024;72;PDV FECHADO (HORARIO COM.)    ;DER;teles      ;19:09
218357                            ;13/03/2024;    ;288804;007;    ;0054594;BAR DO MANOEL                                     ;(74)98811-2280 ;010;101;RDN1D46;     162,79;    0,30;13/03/2024;72;PDV FECHADO (HORARIO COM.)    ;   ;teles      ;19:09
218357                            ;13/03/2024;    ;288825;007;    ;0064383;LA MARE CREPERIA                                  ;(74)99997-4202 ;010;105;RDN1D46;     430,40;    0,61;13/03/2024;87;TEMPO INSUFICIENTE            ;   ;teles      ;19:10
218357                            ;13/03/2024;    ;288826;007;    ;0064383;LA MARE CREPERIA                                  ;(74)99997-4202 ;010;105;RDN1D46;      15,18;    0,00;13/03/2024;87;TEMPO INSUFICIENTE            ;   ;teles      ;19:10
218358                            ;13/03/2024;    ;288834;007;    ;0052614;Bar da Sabrina                                    ;(74) 8131-7320 ;020;202;RDN7A69;     224,24;    0,21;13/03/2024;82;ENDERECO NAO ENCONTRADO       ;   ;aloisio    ;15:09
218359                            ;13/03/2024;    ;288889;007;    ;0057680;MERC N SR DA VITORIA                              ;(74)98803-2926 ;010;107;RPR6D25;     203,60;    0,27;13/03/2024;71;SEM DINHEIRO/CHEQUE           ;DER;teles      ;18:39
218363                            ;13/03/2024;    ;289002;007;    ;0056073;ARMAZEM PREMIUM                                   ;(74)98821-7773 ;010;110;PKK0690;    1062,35;    1,18;13/03/2024;32;ENTREGA ATRASADA (BUFFER)     ;   ;aloisio    ;16:58
218365                            ;13/03/2024;    ;289051;007;    ;0057771;Stpo Lan Hause                                    ;(74)99964-8509 ;010;106;KHL4414;     610,80;    0,82;13/03/2024;72;PDV FECHADO (HORARIO COM.)    ;   ;teles      ;19:23
218365                            ;13/03/2024;    ;289052;007;    ;0057771;Stpo Lan Hause                                    ;(74)99964-8509 ;010;106;KHL4414;     287,39;    0,33;13/03/2024;72;PDV FECHADO (HORARIO COM.)    ;   ;teles      ;19:23
218366                            ;13/03/2024;    ;289075;007;    ;0061300;GUIMARAES SUPERMERCA                              ;(74)99987-9761 ;080;810;RPM8F89;     203,60;    0,27;13/03/2024;71;SEM DINHEIRO/CHEQUE           ;DER;aloisio    ;18:04
218366                            ;13/03/2024;    ;289076;007;    ;0061300;GUIMARAES SUPERMERCA                              ;(74)99987-9761 ;080;810;RPM8F89;      30,46;    0,04;13/03/2024;71;SEM DINHEIRO/CHEQUE           ;DER;aloisio    ;18:05
218367                            ;13/03/2024;    ;289098;007;    ;0056599;LUKETE BEBIDAS                                    ;(74)99196-5932 ;010;102;OZF1202;     509,00;    0,69;13/03/2024;70;CLIENTE CANCELOU              ;   ;aloisio    ;17:33
218369                            ;13/03/2024;    ;289152;007;    ;0055213;MERCEARIA GIRASSOL                                ;(74)98843-3175 ;010;104;RPE4C71;    3493,00;    4,83;13/03/2024;64;SEM VASILHAME                 ;   ;aloisio    ;16:23
218369                            ;13/03/2024;    ;289164;007;    ;0063786;BETE EVENTOS                                      ;(74)98843-3765 ;010;104;RPE4C71;     736,42;    0,75;13/03/2024;70;CLIENTE CANCELOU              ;   ;aloisio    ;16:25
218373                            ;13/03/2024;    ;289288;007;    ;0058600;ELIANE DAN                                        ;(74)98105-8753 ;010;107;KJP3656;     559,35;    0,69;13/03/2024;71;SEM DINHEIRO/CHEQUE           ;   ;teles      ;18:19
218373                            ;13/03/2024;    ;289289;007;    ;0058600;ELIANE DAN                                        ;(74)98105-8753 ;010;107;KJP3656;     254,50;    0,34;13/03/2024;71;SEM DINHEIRO/CHEQUE           ;   ;teles      ;18:19
218373                            ;13/03/2024;    ;289290;007;    ;0058600;ELIANE DAN                                        ;(74)98105-8753 ;010;107;KJP3656;     101,80;    0,13;13/03/2024;71;SEM DINHEIRO/CHEQUE           ;   ;teles      ;18:19
218373                            ;13/03/2024;    ;289291;007;    ;0058600;ELIANE DAN                                        ;(74)98105-8753 ;010;107;KJP3656;      50,90;    0,06;13/03/2024;71;SEM DINHEIRO/CHEQUE           ;   ;teles      ;18:19
218373                            ;13/03/2024;    ;289292;007;    ;0058600;ELIANE DAN                                        ;(74)98105-8753 ;010;107;KJP3656;      50,90;    0,06;13/03/2024;71;SEM DINHEIRO/CHEQUE           ;   ;teles      ;18:20
218376                            ;13/03/2024;    ;289395;007;    ;0055477;DISTRIBUIDORA DO RAF                              ;(74)98837-4988 ;010;111;NKV3226;    1811,90;    2,49;13/03/2024;72;PDV FECHADO (HORARIO COM.)    ;   ;aloisio    ;14:33
218376                            ;13/03/2024;    ;289396;007;    ;0055477;DISTRIBUIDORA DO RAF                              ;(74)98837-4988 ;010;111;NKV3226;     511,60;    0,69;13/03/2024;72;PDV FECHADO (HORARIO COM.)    ;   ;aloisio    ;14:34
218395                            ;14/03/2024;    ;289640;007;    ;0053139;BAR DA GILDA                                      ;(74) 8104-3863 ;020;202;NZM4666;       1,51;    0,00;14/03/2024;68;TROCA (SEM SELO / QTDE. ERRADA;   ;ediziene   ;19:48
218396                            ;14/03/2024;    ;289657;007;    ;0057513;Cestao do Povo                                    ;(74)98517-4409 ;020;200;RPP0E77;     377,01;    0,55;14/03/2024;63;PRODUTO / QTDE. ERRADA        ;   ;silva      ;16:12
218397                            ;14/03/2024;    ;289719;007;    ;0062439;BALNEARIO BEIRA LAGO                              ;(74)98804-8233 ;020;200;SJQ9B60;     839,60;    1,11;22/03/2024;86;HORARIO DE ENTREGA            ;DER;yuri       ;14:06
218399                            ;14/03/2024;    ;289823;007;    ;0058645;MERCDINHO JM                                      ;(74)99911-6973 ;010;109;NZM7723;     797,64;    1,05;14/03/2024;85;DIFICIL ACESSO                ;   ;silva      ;18:25
218399                            ;14/03/2024;    ;289825;007;    ;0056703;GELADaO NOVA ALIANCA                              ;(74)98837-4915 ;010;109;NZM7723;    1054,08;    1,55;14/03/2024;85;DIFICIL ACESSO                ;   ;silva      ;18:25
218399                            ;14/03/2024;    ;289826;007;    ;0056703;GELADaO NOVA ALIANCA                              ;(74)98837-4915 ;010;109;NZM7723;      14,86;    0,00;22/03/2024;86;HORARIO DE ENTREGA            ;   ;yuri       ;14:05
218404                            ;14/03/2024;    ;289981;007;    ;0053333;BAR  DA VILMA                                     ;(74)99118-6938 ;020;201;PKK8518;     618,94;    0,93;15/03/2024;71;SEM DINHEIRO/CHEQUE           ;   ;aloisio    ;15:14
218404                            ;14/03/2024;    ;290015;007;    ;0051456;BAR DA DICA                                       ;(74) 9100-5612 ;020;201;PKK8518;      89,16;    0,05;15/03/2024;71;SEM DINHEIRO/CHEQUE           ;   ;aloisio    ;15:13
218404                            ;14/03/2024;    ;290016;007;    ;0055712;BAR DO DITO                                       ;(87)99963-5635 ;020;201;PKK8518;     459,05;    0,67;15/03/2024;71;SEM DINHEIRO/CHEQUE           ;   ;aloisio    ;15:11
218404                            ;14/03/2024;    ;290017;007;    ;0055712;BAR DO DITO                                       ;(87)99963-5635 ;020;201;PKK8518;      14,86;    0,00;15/03/2024;71;SEM DINHEIRO/CHEQUE           ;   ;aloisio    ;15:12
218404                            ;14/03/2024;    ;290018;007;    ;0063888;DISTRIBUIDORA PONTO                               ;(74)98812-6658 ;020;201;PKK8518;     732,40;    0,94;15/03/2024;71;SEM DINHEIRO/CHEQUE           ;   ;aloisio    ;15:12
218405                            ;14/03/2024;    ;290020;007;    ;0064446;Bar e rest da Speron                              ;(74)99197-2072 ;010;107;RDJ0G42;     251,96;    0,34;14/03/2024;64;SEM VASILHAME                 ;   ;silva      ;17:23
218407                            ;14/03/2024;    ;290139;007;    ;0003537;JOSE MEDRADO                                      ;(74)98838-1381 ;010;105;RDN1D46;      47,41;    0,06;14/03/2024;72;PDV FECHADO (HORARIO COM.)    ;   ;silva      ;16:26
218407                            ;14/03/2024;    ;290140;007;    ;0003537;JOSE MEDRADO                                      ;(74)98838-1381 ;010;105;RDN1D46;      49,90;    0,06;14/03/2024;72;PDV FECHADO (HORARIO COM.)    ;   ;silva      ;16:26
218409                            ;14/03/2024;    ;290195;007;    ;0058123;BAR DE DERCY                                      ;(74)98825-6544 ;010;101;OZE4956;     131,51;    0,32;14/03/2024;72;PDV FECHADO (HORARIO COM.)    ;   ;silva      ;17:46
218411                            ;14/03/2024;    ;290300;007;    ;0058322;PATY LANCHES                                      ;(74)98809-9449 ;010;104;RDN7A69;     134,20;    0,29;14/03/2024;72;PDV FECHADO (HORARIO COM.)    ;   ;silva      ;15:18
218411                            ;14/03/2024;    ;290301;007;    ;0058322;PATY LANCHES                                      ;(74)98809-9449 ;010;104;RDN7A69;      20,00;    0,04;14/03/2024;72;PDV FECHADO (HORARIO COM.)    ;   ;silva      ;15:18
218411                            ;14/03/2024;    ;290315;007;    ;0059286;Mercadinho Repor                                  ;(74)98818-4032 ;010;104;RDN7A69;     367,38;    0,49;14/03/2024;64;SEM VASILHAME                 ;   ;silva      ;15:19
218411                            ;14/03/2024;    ;290316;007;    ;0057495;Distr E Merc Altas H                              ;(74)98858-2823 ;010;104;RDN7A69;     288,40;    0,38;14/03/2024;42;Produto/Quantidade Errada     ;   ;silva      ;15:20
218411                            ;14/03/2024;    ;290326;007;    ;0050635;POINT DO POMPOM                                   ;(74)98856-7119 ;010;106;RDN7A69;     152,70;    0,20;14/03/2024;71;SEM DINHEIRO/CHEQUE           ;DER;silva      ;15:19
218414                            ;14/03/2024;    ;290371;007;    ;0025731;BEBIDAeCIADISTREMERC                              ;(74)98824-0730 ;010;111;EFV3713;    5835,18;    7,59;14/03/2024;64;SEM VASILHAME                 ;   ;silva      ;14:36
218416                            ;14/03/2024;    ;290451;007;    ;0064312;MICHEL BATISTA DA GA                              ;(74)98104-7427 ;010;106;OUX8B81;    1996,00;    2,76;14/03/2024;64;SEM VASILHAME                 ;   ;silva      ;17:26
218435                            ;15/03/2024;    ;290618;007;    ;0064543;PAULO HENRIQUE                                    ;(11)98376-1376 ;020;205;RPJ2H66;     279,50;    0,34;16/03/2024;82;ENDERECO NAO ENCONTRADO       ;   ;ediziene   ;17:50
218438                            ;15/03/2024;    ;290785;007;    ;0052738;DISTRIB  GUERRA                                   ;(74)98118-3739 ;020;202;RCQ9D86;    1740,41;    2,63;18/03/2024;63;PRODUTO / QTDE. ERRADA        ;   ;silva      ;11:08
218438                            ;15/03/2024;    ;290786;007;    ;0052738;DISTRIB  GUERRA                                   ;(74)98118-3739 ;020;202;RCQ9D86;     478,51;    1,21;18/03/2024;63;PRODUTO / QTDE. ERRADA        ;   ;silva      ;11:08
218438                            ;15/03/2024;    ;290787;007;    ;0052738;DISTRIB  GUERRA                                   ;(74)98118-3739 ;020;202;RCQ9D86;     429,18;    1,20;18/03/2024;63;PRODUTO / QTDE. ERRADA        ;   ;silva      ;11:09
218438                            ;15/03/2024;    ;290788;007;    ;0052738;DISTRIB  GUERRA                                   ;(74)98118-3739 ;020;202;RCQ9D86;      56,50;    0,06;18/03/2024;63;PRODUTO / QTDE. ERRADA        ;   ;silva      ;11:09
218438                            ;15/03/2024;    ;290809;007;    ;0056050;MER. ISAQUE                                       ;(74)98122-7527 ;020;202;RCQ9D86;     205,04;    0,69;18/03/2024;71;SEM DINHEIRO/CHEQUE           ;   ;silva      ;11:11
218438                            ;15/03/2024;    ;290820;007;    ;0056922;BAR DO JOAQUIM                                    ;(74)98137-1810 ;020;202;RCQ9D86;     516,89;    0,69;18/03/2024;72;PDV FECHADO (HORARIO COM.)    ;   ;silva      ;11:13
218438                            ;15/03/2024;    ;290821;007;    ;0053859;MERC. FAMILIA                                     ;(74)98108-6870 ;020;202;RCQ9D86;     275,41;    0,66;18/03/2024;72;PDV FECHADO (HORARIO COM.)    ;   ;silva      ;11:13
218438                            ;15/03/2024;    ;290833;007;    ;0064051;ÁREA DE LAZER FICÇÃO                              ;(74)98130-6962 ;020;202;RCQ9D86;    1809,67;    2,39;18/03/2024;32;ENTREGA ATRASADA (BUFFER)     ;   ;silva      ;11:11
218438                            ;15/03/2024;    ;290835;007;    ;0050418;MERC. FAMILIA                                     ;(74) 3531-2625 ;020;202;RCQ9D86;     254,50;    0,34;18/03/2024;70;CLIENTE CANCELOU              ;   ;silva      ;11:12
218438                            ;15/03/2024;    ;290836;007;    ;0050418;MERC. FAMILIA                                     ;(74) 3531-2625 ;020;202;RCQ9D86;     771,36;    1,03;18/03/2024;70;CLIENTE CANCELOU              ;   ;silva      ;11:12
218443                            ;15/03/2024;    ;290987;007;    ;0054629;LINCOLN DISTRIBUIDOR                              ;(74)98835-9432 ;010;111;OUG2987;    2091,80;    2,60;15/03/2024;70;CLIENTE CANCELOU              ;   ;aloisio    ;15:28
218445                            ;15/03/2024;    ;291077;007;    ;0063900;MARA DISTRIBUIDORA                                ;(74)99931-7367 ;010;100;JII1442;      21,15;    0,05;15/03/2024;82;ENDERECO NAO ENCONTRADO       ;DER;aloisio    ;15:36
218449                            ;15/03/2024;    ;291213;007;    ;0058183;CONVENIÊNCIA                                      ;(74)99954-5384 ;010;107;NKV3226;     551,16;    0,59;15/03/2024;87;TEMPO INSUFICIENTE            ;   ;teles      ;20:08
218449                            ;15/03/2024;    ;291219;007;    ;0059287;DISTRIBUIDORA E MERC                              ;(74)99971-6258 ;010;107;NKV3226;     876,24;    1,19;15/03/2024;87;TEMPO INSUFICIENTE            ;   ;teles      ;20:08
218449                            ;15/03/2024;    ;291232;007;    ;0056835;FLAVIO FELIX                                      ;(74)99905-6008 ;010;107;NKV3226;     763,37;    0,97;15/03/2024;87;TEMPO INSUFICIENTE            ;   ;teles      ;20:09
218450                            ;15/03/2024;    ;291253;007;    ;0055760;MERCEARIA PEROLA                                  ;(74)98816-2736 ;010;105;RDN7A69;     150,02;    0,33;15/03/2024;71;SEM DINHEIRO/CHEQUE           ;   ;aloisio    ;15:25
218451                            ;15/03/2024;    ;291280;007;    ;0057925;REI SOARES                                        ;(74)98815-8960 ;010;101;RPR6D25;      11,18;    0,02;15/03/2024;63;PRODUTO / QTDE. ERRADA        ;DER;aloisio    ;14:50
218455                            ;15/03/2024;    ;291377;007;    ;0058609;TAMPINHA                                          ;(74)98813-7220 ;010;101;PKK8518;     614,90;    0,75;16/03/2024;72;PDV FECHADO (HORARIO COM.)    ;   ;silva      ;13:21
218459                            ;15/03/2024;    ;291468;007;    ;0058466;MERC E DIATR MIRANDA                              ;(74)99148-1232 ;010;104;PKL6654;     213,98;    0,32;15/03/2024;71;SEM DINHEIRO/CHEQUE           ;   ;teles      ;18:41
218460                            ;15/03/2024;    ;291539;007;    ;0064532;SOUZA DISTRIBUIDORA                               ;(74)98155-3922 ;010;106;OZF1202;     509,00;    0,69;15/03/2024;42;Produto/Quantidade Errada     ;DER;aloisio    ;18:03
218464                            ;15/03/2024;    ;291654;007;    ;0058482;distribuidora da Hoz                              ;(74)98848-5235 ;010;103;KJP3656;     500,09;    0,69;15/03/2024;82;ENDERECO NAO ENCONTRADO       ;   ;aloisio    ;16:20
218479                            ;15/03/2024;    ;291763;007;    ;0029043;CDR CAMACARI                                      ;(19) 3313-7039 ;091;986;MSG0C01;     790,00;    0,00;15/03/2024;51;NF ERRADA                     ;   ;teles      ;20:53
218483                            ;16/03/2024;    ;291778;007;    ;0062873;PANIF CAJUEIRO                                    ;(74)98832-9013 ;010;105;RDN1D46;      47,04;    0,12;16/03/2024;72;PDV FECHADO (HORARIO COM.)    ;   ;silva      ;16:44
218483                            ;16/03/2024;    ;291789;007;    ;0052623;DONA CARMIA                                       ;(74) 8813-3336 ;010;105;RDN1D46;     348,95;    0,71;16/03/2024;71;SEM DINHEIRO/CHEQUE           ;   ;silva      ;16:45
218483                            ;16/03/2024;    ;291790;007;    ;0052623;DONA CARMIA                                       ;(74) 8813-3336 ;010;105;RDN1D46;       7,32;    0,00;16/03/2024;71;SEM DINHEIRO/CHEQUE           ;DER;silva      ;16:45
218491                            ;16/03/2024;    ;291998;007;    ;0056749;ALINE PEREIRA DE JES                              ;(74)98809-6994 ;010;111;NZM4666;     289,62;    0,41;16/03/2024;70;CLIENTE CANCELOU              ;   ;silva      ;14:33
218493                            ;16/03/2024;    ;292057;007;    ;0051768;DEPOSITO TROPICAL                                 ;(74) 3611-2721 ;010;111;RPE4C71;      23,16;    0,02;16/03/2024;72;PDV FECHADO (HORARIO COM.)    ;   ;silva      ;13:22
218495                            ;16/03/2024;    ;292093;007;    ;0051752;MERCADINHO DO DIDI                                ;(74)98811-9919 ;010;111;NZM9993;    1283,80;    1,43;16/03/2024;71;SEM DINHEIRO/CHEQUE           ;   ;silva      ;13:53
218498                            ;16/03/2024;    ;292196;007;    ;0062149;DISTRIBUIDORA DA ANG                              ;(74)98841-1807 ;010;100;RDC5J22;      27,97;    0,02;16/03/2024;85;DIFICIL ACESSO                ;DER;silva      ;15:33
218498                            ;16/03/2024;    ;292197;007;    ;0062149;DISTRIBUIDORA DA ANG                              ;(74)98841-1807 ;010;100;RDC5J22;      11,56;    0,00;16/03/2024;85;DIFICIL ACESSO                ;DER;silva      ;15:34
218499                            ;16/03/2024;    ;292220;007;    ;0053188;DIST PATY BOMBOM                                  ;(74)98848-1647 ;010;100;RPP7B52;    1170,70;    1,58;16/03/2024;64;SEM VASILHAME                 ;   ;silva      ;14:20
218500                            ;16/03/2024;    ;292253;007;    ;0054711;MERCADINHO DeL                                    ;(74)99977-9606 ;010;100;NZM8419;       4,54;    0,00;16/03/2024;23;(C)Pedidos duplicados         ;   ;silva      ;13:24
218500                            ;16/03/2024;    ;292256;007;    ;0054434;BUDAS BAR                                         ;(74)99197-5608 ;010;104;NZM8419;       5,24;    0,00;16/03/2024;23;(C)Pedidos duplicados         ;   ;silva      ;13:24
218518                            ;18/03/2024;    ;292424;007;    ;0057125;Dist Sao  Francisco                               ;(74)98834-2189 ;020;200;SJQ9B60;     254,50;    0,34;18/03/2024;71;SEM DINHEIRO/CHEQUE           ;   ;silva      ;17:35
218520                            ;18/03/2024;    ;292553;007;    ;0063617;BAR ESPORA DE PRATA                               ;(74)99816-1503 ;020;205;NZN3352;    1449,90;    1,58;19/03/2024;64;SEM VASILHAME                 ;   ;aloisio    ;16:22
218520                            ;18/03/2024;    ;292555;007;    ;0063496;LOCAL DISTRIBUIDORA                               ;(74)99914-1131 ;020;205;NZN3352;    7138,76;    7,92;19/03/2024;64;SEM VASILHAME                 ;   ;aloisio    ;16:23
218523                            ;18/03/2024;    ;292688;007;    ;0058648;MERCEARIA MARQUES                                 ;(74)99974-8095 ;020;203;RPM8D89;     131,05;    0,27;20/03/2024;72;PDV FECHADO (HORARIO COM.)    ;   ;silva      ;17:09
218523                            ;18/03/2024;    ;292689;007;    ;0058648;MERCEARIA MARQUES                                 ;(74)99974-8095 ;020;203;RPM8D89;     101,80;    0,13;20/03/2024;72;PDV FECHADO (HORARIO COM.)    ;   ;silva      ;17:09
218529                            ;18/03/2024;    ;292874;007;    ;0063880;DISTRIBUIDOR ALMEIDA                              ;(74)98120-9159 ;010;108;NZM7723;       4,11;    0,00;18/03/2024;45;Tempo Insuficiente.           ;DER;ediziene   ;19:40
218529                            ;18/03/2024;    ;292877;007;    ;0060280;MERCADO S FRANCISCO                               ;(74)98822-7866 ;010;108;NZM7723;     465,20;    0,53;18/03/2024;45;Tempo Insuficiente.           ;   ;ediziene   ;19:38
218529                            ;18/03/2024;    ;292878;007;    ;0060280;MERCADO S FRANCISCO                               ;(74)98822-7866 ;010;108;NZM7723;     131,70;    0,12;18/03/2024;45;Tempo Insuficiente.           ;   ;ediziene   ;19:38
218529                            ;18/03/2024;    ;292879;007;    ;0060280;MERCADO S FRANCISCO                               ;(74)98822-7866 ;010;108;NZM7723;      29,99;    0,06;18/03/2024;45;Tempo Insuficiente.           ;DER;ediziene   ;19:39
218529                            ;18/03/2024;    ;292890;007;    ;0053802;DISTRI. NOVA OPCAO                                ;(74)98802-8660 ;010;108;NZM7723;     237,50;    0,31;18/03/2024;45;Tempo Insuficiente.           ;DER;ediziene   ;19:41
218529                            ;18/03/2024;    ;292891;007;    ;0053802;DISTRI. NOVA OPCAO                                ;(74)98802-8660 ;010;108;NZM7723;     693,09;    1,08;18/03/2024;45;Tempo Insuficiente.           ;   ;ediziene   ;19:41
218529                            ;18/03/2024;    ;292892;007;    ;0053802;DISTRI. NOVA OPCAO                                ;(74)98802-8660 ;010;108;NZM7723;       7,50;    0,00;18/03/2024;45;Tempo Insuficiente.           ;DER;ediziene   ;19:41
218529                            ;18/03/2024;    ;292893;007;    ;0056629;LAS VEGAS DISTRIBUID                              ;(74)98873-0150 ;010;108;NZM7723;       4,09;    0,00;18/03/2024;45;Tempo Insuficiente.           ;DER;ediziene   ;19:38
218529                            ;18/03/2024;    ;292894;007;    ;0056088;MERC E PAN EMPORIO                                ;(74)99972-1681 ;010;108;NZM7723;       8,45;    0,01;18/03/2024;45;Tempo Insuficiente.           ;DER;ediziene   ;19:39
218529                            ;18/03/2024;    ;292895;007;    ;0063303;SOL NASCENTE                                      ;(74)99964-9273 ;010;108;NZM7723;       4,19;    0,00;18/03/2024;45;Tempo Insuficiente.           ;DER;ediziene   ;19:37
218529                            ;18/03/2024;    ;292896;007;    ;0062922;DISTRIBUIDORA VJ                                  ;(74)99981-8954 ;010;108;NZM7723;      32,41;    0,02;18/03/2024;45;Tempo Insuficiente.           ;DER;ediziene   ;19:37
218529                            ;18/03/2024;    ;292897;007;    ;0052130;MERC PRECO MINIMO                                 ;(74)98805-6693 ;010;108;NZM7723;      10,05;    0,00;18/03/2024;45;Tempo Insuficiente.           ;DER;ediziene   ;19:40
218529                            ;18/03/2024;    ;292917;007;    ;0051580;CHURRASCARIA JB                                   ;(74)98843-5157 ;010;108;NZM7723;     838,50;    1,03;18/03/2024;23;(C)Pedidos duplicados         ;DER;ediziene   ;19:35
218529                            ;18/03/2024;    ;292919;007;    ;0051580;CHURRASCARIA JB                                   ;(74)98843-5157 ;010;108;NZM7723;      37,06;    0,02;18/03/2024;23;(C)Pedidos duplicados         ;   ;ediziene   ;19:36
218529                            ;18/03/2024;    ;292921;007;    ;0052350;BAR DOS VAQUEIROS                                 ;(87)99612-0071 ;010;108;NZM7723;      26,05;    0,02;18/03/2024;42;Produto/Quantidade Errada     ;DER;ediziene   ;19:36
218530                            ;18/03/2024;    ;292942;007;    ;0064255;MER TEO                                           ;(84)98847-1462 ;020;201;RPE4C71;     312,54;    0,68;19/03/2024;64;SEM VASILHAME                 ;   ;aloisio    ;17:15
218530                            ;18/03/2024;    ;292975;007;    ;0062972;ALTO ASTRAL BAR                                   ;(74)99981-7151 ;020;201;RPE4C71;     259,70;    0,49;19/03/2024;72;PDV FECHADO (HORARIO COM.)    ;   ;aloisio    ;17:14
218533                            ;18/03/2024;    ;293084;007;    ;0056973;BOTECO DA LU                                      ;(74)98839-5062 ;010;105;RPR6D25;     601,70;    1,04;18/03/2024;64;SEM VASILHAME                 ;   ;silva      ;14:07
218533                            ;18/03/2024;    ;293085;007;    ;0056973;BOTECO DA LU                                      ;(74)98839-5062 ;010;105;RPR6D25;       3,25;    0,00;18/03/2024;64;SEM VASILHAME                 ;   ;silva      ;14:07
218535                            ;18/03/2024;    ;293119;007;    ;0053561;DISTRI. J. L. A.                                  ;(74)98811-6355 ;010;106;RDN1D46;     572,34;    0,74;19/03/2024;32;ENTREGA ATRASADA (BUFFER)     ;   ;aloisio    ;10:04
218535                            ;18/03/2024;    ;293120;007;    ;0053561;DISTRI. J. L. A.                                  ;(74)98811-6355 ;010;106;RDN1D46;     203,60;    0,27;19/03/2024;32;ENTREGA ATRASADA (BUFFER)     ;   ;aloisio    ;10:05
218535                            ;18/03/2024;    ;293125;007;    ;0055196;MERC.DISTRIB SENA                                 ;(74)98851-2380 ;010;111;RDN1D46;     771,36;    1,03;19/03/2024;32;ENTREGA ATRASADA (BUFFER)     ;   ;aloisio    ;10:04
218536                            ;18/03/2024;    ;293146;007;    ;0023915;MERC  BARRETO                                     ;(74)99805-7185 ;010;102;RDN7A69;     295,60;    0,46;18/03/2024;72;PDV FECHADO (HORARIO COM.)    ;   ;silva      ;15:13
218536                            ;18/03/2024;    ;293153;007;    ;0064553;MINI MERCEARIA SOLEV                              ;(74)98154-6465 ;010;105;RDN7A69;     186,60;    0,24;18/03/2024;71;SEM DINHEIRO/CHEQUE           ;   ;silva      ;15:13
218537                            ;18/03/2024;    ;293161;007;    ;0054141;PADARIA DOCE TRIGO                                ;(74)98831-7127 ;010;103;PKK0690;     445,44;    0,63;18/03/2024;70;CLIENTE CANCELOU              ;   ;silva      ;15:17
218537                            ;18/03/2024;    ;293165;007;    ;0063689;MERCADINHO E FRIGORI                              ;(74)99884-1051 ;010;102;PKK0690;    1264,96;    1,61;18/03/2024;64;SEM VASILHAME                 ;   ;silva      ;15:18
218539                            ;18/03/2024;    ;293216;007;    ;0064365;DISTRIBUIDORA DE BEB                              ;(74)98822-1803 ;010;100;OUG2987;      68,71;    0,12;18/03/2024;64;SEM VASILHAME                 ;   ;silva      ;17:06
218567                            ;19/03/2024;    ;293365;007;    ;0052985;PADARIA CARVALHO                                  ;(74) 3534-5035 ;020;205;OUX3F90;     445,42;    0,77;20/03/2024;71;SEM DINHEIRO/CHEQUE           ;   ;silva      ;14:08
218569                            ;19/03/2024;    ;293499;007;    ;0055547;BAR DO PAULO                                      ;(74)98147-6671 ;020;202;OVB5042;     133,50;    0,25;19/03/2024;85;DIFICIL ACESSO                ;   ;aloisio    ;18:05
218569                            ;19/03/2024;    ;293506;007;    ;0055200;PONTO DO ACAI GOUMER                              ;(74)98116-4940 ;070;701;OVB5042;     142,02;    0,44;19/03/2024;71;SEM DINHEIRO/CHEQUE           ;   ;aloisio    ;18:07
218572                            ;19/03/2024;    ;293616;007;    ;0056671;J N MERCADINHO                                    ;(74)98827-6466 ;020;200;RPP0E77;     376,92;    0,25;19/03/2024;50;CARGA ERRADA ARMAZEM          ;   ;aloisio    ;13:41
218577                            ;19/03/2024;    ;293825;007;    ;0062713;DISTRIBUIDORA JJC                                 ;(12)99641-1251 ;010;100;OZE4956;     342,37;    0,42;19/03/2024;85;DIFICIL ACESSO                ;   ;aloisio    ;16:29
218577                            ;19/03/2024;    ;293826;007;    ;0062713;DISTRIBUIDORA JJC                                 ;(12)99641-1251 ;010;100;OZE4956;      43,62;    0,12;19/03/2024;85;DIFICIL ACESSO                ;   ;aloisio    ;16:30
218577                            ;19/03/2024;    ;293827;007;    ;0056606;COMERCIO SANTANA                                  ;(74)98855-3122 ;010;100;OZE4956;    2745,28;    3,50;19/03/2024;85;DIFICIL ACESSO                ;   ;aloisio    ;16:28
218581                            ;19/03/2024;    ;293981;007;    ;0064383;LA MARE CREPERIA                                  ;(74)99997-4202 ;010;105;PKL6654;      15,18;    0,00;19/03/2024;72;PDV FECHADO (HORARIO COM.)    ;   ;teles      ;18:28
218586                            ;19/03/2024;    ;294178;007;    ;0056755;CINTIA DOS SANTOS RE                              ;(74)98807-6553 ;010;106;RPE4C71;     217,86;    0,27;20/03/2024;32;ENTREGA ATRASADA (BUFFER)     ;   ;silva      ;17:38
218586                            ;19/03/2024;    ;294179;007;    ;0056755;CINTIA DOS SANTOS RE                              ;(74)98807-6553 ;010;106;RPE4C71;     338,54;    0,51;20/03/2024;32;ENTREGA ATRASADA (BUFFER)     ;   ;silva      ;17:39
218586                            ;19/03/2024;    ;294195;007;    ;0064104;MAYARA BAR                                        ;(74)98145-7455 ;010;106;RPE4C71;     647,86;    0,84;20/03/2024;32;ENTREGA ATRASADA (BUFFER)     ;DER;silva      ;17:38
218588                            ;19/03/2024;    ;294269;007;    ;0056390;DISTRIBUIDORA ROSA                                ;(74)98821-9859 ;010;103;RPR6D25;     156,48;    0,26;19/03/2024;72;PDV FECHADO (HORARIO COM.)    ;   ;aloisio    ;14:41
218588                            ;19/03/2024;    ;294276;007;    ;0064279;BRUNA PEREIRA DA SIL                              ;(87)99114-9258 ;010;103;RPR6D25;     108,73;    0,28;19/03/2024;71;SEM DINHEIRO/CHEQUE           ;   ;aloisio    ;14:42
218588                            ;19/03/2024;    ;294277;007;    ;0064279;BRUNA PEREIRA DA SIL                              ;(87)99114-9258 ;010;103;RPR6D25;       4,69;    0,00;19/03/2024;71;SEM DINHEIRO/CHEQUE           ;DER;aloisio    ;14:42
218589                            ;19/03/2024;    ;294297;007;    ;0062756;JL DISTRIBUIDORA DE                               ;(74)98836-8022 ;010;102;RDN1D46;      47,52;    0,09;19/03/2024;72;PDV FECHADO (HORARIO COM.)    ;   ;teles      ;18:25
218590                            ;19/03/2024;    ;294362;007;    ;0063620;ADEGA DISTRIBUIDORA                               ;(74)98857-2031 ;010;103;NZM8419;       2,89;    0,00;19/03/2024;87;TEMPO INSUFICIENTE            ;   ;teles      ;19:18
218590                            ;19/03/2024;    ;294363;007;    ;0063620;ADEGA DISTRIBUIDORA                               ;(74)98857-2031 ;010;103;NZM8419;       2,89;    0,00;19/03/2024;87;TEMPO INSUFICIENTE            ;   ;teles      ;19:18
218592                            ;19/03/2024;    ;294414;007;    ;0062697;Lanch e hamb Area vi                              ;(74)98813-6749 ;010;110;JII1442;      98,24;    0,07;20/03/2024;72;PDV FECHADO (HORARIO COM.)    ;   ;silva      ;11:09
218611                            ;20/03/2024;    ;294509;007;    ;0050367;MERCEARIA ELE                                     ;(74)99935-4112 ;020;205;RDC5J22;      39,74;    0,12;21/03/2024;50;CARGA ERRADA ARMAZEM          ;   ;aloisio    ;14:51
218612                            ;20/03/2024;    ;294607;007;    ;0051945;BAR DO MACHO                                      ;(74)98831-7727 ;020;203;RDC8F64;     609,22;    0,79;21/03/2024;68;TROCA (SEM SELO / QTDE. ERRADA;   ;teles      ;20:02
218612                            ;20/03/2024;    ;294608;007;    ;0051945;BAR DO MACHO                                      ;(74)98831-7727 ;020;203;RDC8F64;      80,72;    0,12;26/03/2024;72;PDV FECHADO (HORARIO COM.)    ;   ;yuri       ;17:35
218612                            ;20/03/2024;    ;294609;007;    ;0051945;BAR DO MACHO                                      ;(74)98831-7727 ;020;203;RDC8F64;       8,54;    0,00;21/03/2024;68;TROCA (SEM SELO / QTDE. ERRADA;   ;teles      ;20:02
218612                            ;20/03/2024;    ;294610;007;    ;0051945;BAR DO MACHO                                      ;(74)98831-7727 ;020;203;RDC8F64;       7,83;    0,01;21/03/2024;68;TROCA (SEM SELO / QTDE. ERRADA;   ;teles      ;20:03
218613                            ;20/03/2024;    ;294651;007;    ;0055550;DIST.ALMEIDA                                      ;(74)98129-6066 ;020;202;NZM4666;     191,38;    0,25;20/03/2024;72;PDV FECHADO (HORARIO COM.)    ;   ;ediziene   ;18:47
218614                            ;20/03/2024;    ;294701;007;    ;0064274;ARCO IRIS BAR                                     ;(74)99999-3360 ;010;109;NZM9993;      43,30;    0,05;20/03/2024;70;CLIENTE CANCELOU              ;   ;ediziene   ;19:22
218616                            ;20/03/2024;    ;294767;007;    ;0025754;DEPOSITO DO GALEGO                                ;(74) 3536-2338 ;020;200;RCQ9D86;    1221,60;    1,65;20/03/2024;64;SEM VASILHAME                 ;   ;silva      ;13:44
218618                            ;20/03/2024;    ;294873;007;    ;0063165;LANCHONETE E VERDURÃ                              ;(74)98832-9054 ;020;201;RPM8F89;     138,50;    0,24;22/03/2024;71;SEM DINHEIRO/CHEQUE           ;   ;silva      ;11:42
218618                            ;20/03/2024;    ;294889;007;    ;0054292;BAR CLAUDINO                                      ;(74)98819-1439 ;020;201;RPM8F89;     137,10;    0,14;22/03/2024;71;SEM DINHEIRO/CHEQUE           ;   ;silva      ;11:43
218620                            ;20/03/2024;    ;294965;007;    ;0063511;DELICIAS DO VALE                                  ;(74)98819-1004 ;010;105;RDN1D46;     256,04;    0,28;20/03/2024;72;PDV FECHADO (HORARIO COM.)    ;   ;silva      ;17:06
218622                            ;20/03/2024;    ;295038;007;    ;0027889;POINT DO PINICO                                   ;(74)98811-8600 ;010;110;RDJ0G42;     985,78;    1,12;20/03/2024;72;PDV FECHADO (HORARIO COM.)    ;   ;ediziene   ;18:33
218624                            ;20/03/2024;    ;295075;007;    ;0055494;KANTINHO DO BOM                                   ;(74)99121-2802 ;010;101;RDN7A69;     414,92;    0,61;20/03/2024;72;PDV FECHADO (HORARIO COM.)    ;   ;silva      ;11:36
218624                            ;20/03/2024;    ;295088;007;    ;0056514;EFIGENIA CARLOS DA R                              ;(74)99805-7288 ;010;101;RDN7A69;     731,64;    1,04;20/03/2024;71;SEM DINHEIRO/CHEQUE           ;   ;silva      ;11:36
218624                            ;20/03/2024;    ;295089;007;    ;0053049;SUNSHINE BAR                                      ;(74)98802-4720 ;010;101;RDN7A69;     725,88;    1,14;20/03/2024;72;PDV FECHADO (HORARIO COM.)    ;   ;silva      ;11:35
218624                            ;20/03/2024;    ;295090;007;    ;0053049;SUNSHINE BAR                                      ;(74)98802-4720 ;010;101;RDN7A69;      15,24;    0,02;20/03/2024;72;PDV FECHADO (HORARIO COM.)    ;   ;silva      ;11:35
218624                            ;20/03/2024;    ;295095;007;    ;0063366;ALEMAO DIST DE BEBID                              ;(74)98817-4470 ;010;101;RDN7A69;     878,00;    1,29;20/03/2024;71;SEM DINHEIRO/CHEQUE           ;   ;silva      ;11:36
218626                            ;20/03/2024;    ;295136;007;    ;0052362;LANCH SEMENTE DA FE                               ;(74) 3612-7048 ;010;102;RPR6D25;      42,84;    0,12;20/03/2024;50;CARGA ERRADA ARMAZEM          ;   ;silva      ;17:52
218626                            ;20/03/2024;    ;295141;007;    ;0057341;GELOSO                                            ;(74)98851-3001 ;010;106;RPR6D25;      58,18;    0,06;20/03/2024;73;FALTA DE ATIVOS DE GIRO       ;   ;silva      ;17:51
218627                            ;20/03/2024;    ;295151;007;    ;0025379;PIZZARIA TROPICAL                                 ;(74)98862-5273 ;010;111;NTG4685;    1067,27;    1,19;20/03/2024;85;DIFICIL ACESSO                ;   ;ediziene   ;18:26
218627                            ;20/03/2024;    ;295152;007;    ;0025379;PIZZARIA TROPICAL                                 ;(74)98862-5273 ;010;111;NTG4685;     509,00;    0,69;20/03/2024;85;DIFICIL ACESSO                ;   ;ediziene   ;18:26
218627                            ;20/03/2024;    ;295153;007;    ;0025379;PIZZARIA TROPICAL                                 ;(74)98862-5273 ;010;111;NTG4685;    4936,20;    5,47;20/03/2024;85;DIFICIL ACESSO                ;   ;ediziene   ;18:26
218627                            ;20/03/2024;    ;295154;007;    ;0025379;PIZZARIA TROPICAL                                 ;(74)98862-5273 ;010;111;NTG4685;     330,76;    0,82;20/03/2024;85;DIFICIL ACESSO                ;   ;ediziene   ;18:27
218627                            ;20/03/2024;    ;295155;007;    ;0025379;PIZZARIA TROPICAL                                 ;(74)98862-5273 ;010;111;NTG4685;      16,20;    0,02;20/03/2024;85;DIFICIL ACESSO                ;DER;ediziene   ;18:27
218627                            ;20/03/2024;    ;295168;007;    ;0062623;BODEGA DO WILLIAM                                 ;(74)98808-4067 ;010;111;NTG4685;    8577,70;   10,27;20/03/2024;85;DIFICIL ACESSO                ;   ;ediziene   ;18:25
218632                            ;20/03/2024;    ;295285;007;    ;0062149;DISTRIBUIDORA DA ANG                              ;(74)98841-1807 ;010;100;NZM5543;    1312,34;    1,78;20/03/2024;85;DIFICIL ACESSO                ;   ;silva      ;17:23
218632                            ;20/03/2024;    ;295286;007;    ;0062149;DISTRIBUIDORA DA ANG                              ;(74)98841-1807 ;010;100;NZM5543;      16,20;    0,02;20/03/2024;85;DIFICIL ACESSO                ;   ;silva      ;17:22
218634                            ;20/03/2024;    ;295349;007;    ;0063529;BARBERSHOP GASPAR                                 ;(43)90000-0000 ;010;103;LKI1H89;      51,71;    0,06;20/03/2024;64;SEM VASILHAME                 ;   ;silva      ;16:33
218634                            ;20/03/2024;    ;295354;007;    ;0055831;CHURRASCA CHIMARRAO                               ;(74)99195-0661 ;010;107;LKI1H89;     307,95;    0,39;20/03/2024;87;TEMPO INSUFICIENTE            ;   ;silva      ;16:33
218634                            ;20/03/2024;    ;295355;007;    ;0055831;CHURRASCA CHIMARRAO                               ;(74)99195-0661 ;010;107;LKI1H89;      11,76;    0,00;20/03/2024;87;TEMPO INSUFICIENTE            ;DER;silva      ;16:34
218638                            ;20/03/2024;    ;295509;007;    ;0057725;DISTRIBUIDORA                                     ;(75)99859-5942 ;010;111;HXN3A97;    1305,26;    2,10;20/03/2024;71;SEM DINHEIRO/CHEQUE           ;   ;silva      ;16:48
218641                            ;20/03/2024;    ;295631;007;    ;0054873;MERC. CHILES                                      ;(74)99972-5914 ;010;103;OFB8B98;    1170,70;    1,58;20/03/2024;71;SEM DINHEIRO/CHEQUE           ;   ;silva      ;16:21
218666                            ;21/03/2024;    ;295733;007;    ;0062140;DISTRIBUIDORA BOM MO                              ;(74)99806-9973 ;020;203;RPJ2H66;     295,42;    0,23;23/03/2024;42;Produto/Quantidade Errada     ;   ;aloisio    ;10:54
218670                            ;21/03/2024;    ;295918;007;    ;0063958;ESPETTOS DIST                                     ;(74)99999-2822 ;020;200;SJQ9B60;     548,60;    0,65;21/03/2024;71;SEM DINHEIRO/CHEQUE           ;   ;teles      ;19:11
218672                            ;21/03/2024;    ;295989;007;    ;0063307;CANTINHO DA BREJA                                 ;(74)99997-3168 ;010;109;NZM9993;    1520,53;    1,88;21/03/2024;71;SEM DINHEIRO/CHEQUE           ;   ;teles      ;19:16
218676                            ;21/03/2024;    ;296122;007;    ;0054566;BAR DO ZENGA                                      ;(74) 3617-1128 ;020;201;OUG2987;     296,10;    0,48;21/03/2024;70;CLIENTE CANCELOU              ;   ;aloisio    ;16:27
218676                            ;21/03/2024;    ;296132;007;    ;0064581;BAR                                               ;(74)98126-2813 ;020;201;OUG2987;     558,90;    0,67;21/03/2024;71;SEM DINHEIRO/CHEQUE           ;   ;aloisio    ;16:28
218677                            ;21/03/2024;    ;296177;007;    ;0052271;BAR DO EDILSON                                    ;(74)98819-4383 ;010;107;OZE4956;      57,56;    0,05;21/03/2024;72;PDV FECHADO (HORARIO COM.)    ;   ;aloisio    ;17:06
218678                            ;21/03/2024;    ;296196;007;    ;0064109;DIST MERC J E                                     ;(74)98861-3847 ;010;100;NZM7723;     107,40;    0,20;21/03/2024;65;NAO FEZ PEDIDO                ;   ;aloisio    ;17:58
218678                            ;21/03/2024;    ;296209;007;    ;0064270;MERC CHAIL                                        ;(74)99958-9147 ;010;100;NZM7723;      41,22;    0,15;21/03/2024;71;SEM DINHEIRO/CHEQUE           ;DER;aloisio    ;17:59
218679                            ;21/03/2024;    ;296253;007;    ;0058445;EMPORIO DA BREJA                                  ;(74)98803-5309 ;010;101;PKK0690;      16,98;    0,01;21/03/2024;72;PDV FECHADO (HORARIO COM.)    ;   ;teles      ;18:18
218680                            ;21/03/2024;    ;296295;007;    ;0056393;DEPOSITO ROCHELE                                  ;(74)98804-5561 ;010;111;NKV3226;       8,97;    0,00;21/03/2024;72;PDV FECHADO (HORARIO COM.)    ;   ;aloisio    ;16:50
218680                            ;21/03/2024;    ;296296;007;    ;0056393;DEPOSITO ROCHELE                                  ;(74)98804-5561 ;010;111;NKV3226;      17,37;    0,01;21/03/2024;72;PDV FECHADO (HORARIO COM.)    ;   ;aloisio    ;16:50
218680                            ;21/03/2024;    ;296297;007;    ;0056393;DEPOSITO ROCHELE                                  ;(74)98804-5561 ;010;111;NKV3226;      18,79;    0,00;21/03/2024;72;PDV FECHADO (HORARIO COM.)    ;   ;aloisio    ;16:51
218682                            ;21/03/2024;    ;296365;007;    ;0056513;JOSINEIDE FERREIRA                                ;(74)98812-5046 ;010;102;RPR6D25;      50,90;    0,06;21/03/2024;72;PDV FECHADO (HORARIO COM.)    ;   ;aloisio    ;16:31
218684                            ;21/03/2024;    ;296426;007;    ;0063963;BAR E RESTAURANTE TR                              ;(74)99938-0511 ;010;101;OZF1202;     189,74;    0,27;22/03/2024;72;PDV FECHADO (HORARIO COM.)    ;   ;silva      ;14:57
218690                            ;21/03/2024;    ;296571;007;    ;0062513;REGINA CARLA TELES T                              ;(87)98884-4666 ;010;104;PKL6654;      14,47;    0,01;21/03/2024;68;TROCA (SEM SELO / QTDE. ERRADA;   ;teles      ;19:17
218691                            ;21/03/2024;    ;296601;007;    ;0054540;BOTECO DO SEU Z                                   ;(74)98801-1932 ;010;110;JII1442;    1867,64;    2,26;21/03/2024;72;PDV FECHADO (HORARIO COM.)    ;   ;aloisio    ;16:
218691                            ;21/03/2024;    ;296602;007;    ;0054540;BOTECO DO SEU Z                                   ;(74)98801-1932 ;010;110;JII1442;     273,60;    0,42;21/03/2024;72;PDV FECHADO (HORARIO COM.)    ;   ;aloisio    ;16:
218697                            ;21/03/2024;    ;296660;007;    ;0051770;DRINK S BAR                                       ;(74)98849-3700 ;010;105;KJP3656;     779,28;    0,95;21/03/2024;50;CARGA ERRADA ARMAZEM          ;   ;teles      ;18:39
218697                            ;21/03/2024;    ;296664;007;    ;0063170;KARRANCAS BEER                                    ;(74)98801-1101 ;010;104;KJP3656;     320,00;    0,00;21/03/2024;42;Produto/Quantidade Errada     ;   ;teles      ;18:47
218711                            ;21/03/2024;    ;296674;007;    ;0062354;MARTIM DISTRIBUIDORA                              ;(74)98809-0258 ;010;108;MSG0C01;     714,28;    0,00;22/03/2024;08;Mapa nao carregado / nao canc.;   ;silva      ;11:02
218724                            ;21/03/2024;    ;296689;007;    ;0064166;DISTRIBUIDORA DO CAC                              ;(74)99937-9614 ;010;109;MSG0C01;    1500,00;    0,00;28/03/2024;08;Mapa nao carregado / nao canc.;   ;silva      ;17:37
218732                            ;22/03/2024;    ;296853;007;    ;0063323;PADARIA E PIZZARIA E                              ;(74)98115-3822 ;020;203;RPE4C71;     264,42;    0,48;23/03/2024;72;PDV FECHADO (HORARIO COM.)    ;   ;aloisio    ;14:01
218733                            ;22/03/2024;    ;296933;007;    ;0057115;LANCHONETE POTIGUAR                               ;(74)98808-2375 ;020;203;NZN0E75;     144,24;    0,23;25/03/2024;72;PDV FECHADO (HORARIO COM.)    ;   ;silva      ;11:46
218733                            ;22/03/2024;    ;296935;007;    ;0050548;DE TUDO MERCADINHO                                ;(74)98818-6578 ;020;204;NZN0E75;      90,84;    0,19;25/03/2024;72;PDV FECHADO (HORARIO COM.)    ;   ;silva      ;11:46
218736                            ;22/03/2024;    ;297038;007;    ;0051803;AQUI LANCHES                                      ;(74)99946-1691 ;010;109;RPP6J11;     265,75;    0,34;22/03/2024;63;PRODUTO / QTDE. ERRADA        ;   ;ediziene   ;18:49
218737                            ;22/03/2024;    ;297049;007;    ;0053402;BAR DA ZENAIDE                                    ;(74)98818-7309 ;020;200;RDC8F64;      85,19;    0,07;23/03/2024;71;SEM DINHEIRO/CHEQUE           ;   ;aloisio    ;14:51
218737                            ;22/03/2024;    ;297050;007;    ;0053402;BAR DA ZENAIDE                                    ;(74)98818-7309 ;020;200;RDC8F64;     152,70;    0,20;23/03/2024;71;SEM DINHEIRO/CHEQUE           ;   ;aloisio    ;14:52
218737                            ;22/03/2024;    ;297051;007;    ;0053402;BAR DA ZENAIDE                                    ;(74)98818-7309 ;020;200;RDC8F64;     509,00;    0,69;23/03/2024;71;SEM DINHEIRO/CHEQUE           ;   ;aloisio    ;14:54
218737                            ;22/03/2024;    ;297052;007;    ;0053402;BAR DA ZENAIDE                                    ;(74)98818-7309 ;020;200;RDC8F64;     133,64;    0,07;23/03/2024;71;SEM DINHEIRO/CHEQUE           ;   ;aloisio    ;14:54
218737                            ;22/03/2024;    ;297053;007;    ;0053402;BAR DA ZENAIDE                                    ;(74)98818-7309 ;020;200;RDC8F64;      48,38;    0,00;23/03/2024;71;SEM DINHEIRO/CHEQUE           ;   ;aloisio    ;14:55
218737                            ;22/03/2024;    ;297054;007;    ;0053402;BAR DA ZENAIDE                                    ;(74)98818-7309 ;020;200;RDC8F64;     683,14;    0,94;23/03/2024;71;SEM DINHEIRO/CHEQUE           ;   ;aloisio    ;14:57
218745                            ;22/03/2024;    ;297459;007;    ;0062079;VILA SPORT BEACH                                  ;(74)98104-2427 ;010;101;PKK8518;    1465,39;    1,21;23/03/2024;64;SEM VASILHAME                 ;   ;aloisio    ;13:39
218747                            ;22/03/2024;    ;297496;007;    ;0057130;JOAO BOSCO                                        ;(74)98813-3752 ;010;106;RDN1D46;     211,80;    0,27;22/03/2024;71;SEM DINHEIRO/CHEQUE           ;   ;silva      ;13:24
218752                            ;22/03/2024;    ;297631;007;    ;0055486;MULTI FRIOS PREMIUM                               ;(74) 3614-2386 ;080;810;OZE4956;       3,40;    0,00;22/03/2024;34;Pedido Duplicado              ;   ;ediziene   ;19:01
218754                            ;22/03/2024;    ;297696;007;    ;0053066;BAR DO GIGI                                       ;(74) 8821-1212 ;010;104;NZM8419;     356,30;    0,48;22/03/2024;89;PDV FECHADO APOS HORARIO      ;   ;silva      ;16:50
218754                            ;22/03/2024;    ;297697;007;    ;0053066;BAR DO GIGI                                       ;(74) 8821-1212 ;010;104;NZM8419;     610,80;    0,82;22/03/2024;89;PDV FECHADO APOS HORARIO      ;   ;silva      ;16:50
218754                            ;22/03/2024;    ;297698;007;    ;0053066;BAR DO GIGI                                       ;(74) 8821-1212 ;010;104;NZM8419;      87,87;    0,07;22/03/2024;89;PDV FECHADO APOS HORARIO      ;   ;silva      ;16:51
218755                            ;22/03/2024;    ;297742;007;    ;0054512;DISTRIB. CAUE                                     ;(74)98827-5521 ;010;111;PKK0690;     865,30;    1,17;22/03/2024;70;CLIENTE CANCELOU              ;   ;silva      ;17:31
218755                            ;22/03/2024;    ;297749;007;    ;0058646;MERCEARIA SOARES                                  ;(74)98835-4220 ;010;103;PKK0690;     987,50;    1,27;22/03/2024;71;SEM DINHEIRO/CHEQUE           ;   ;silva      ;17:31
218755                            ;22/03/2024;    ;297766;007;    ;0055392;MEGA DISTRIBUIDORA                                ;(87)99151-2310 ;010;111;PKK0690;    2377,48;    2,89;22/03/2024;70;CLIENTE CANCELOU              ;   ;silva      ;17:32
218756                            ;22/03/2024;    ;297821;007;    ;0057298;DIST DA JAIDETE                                   ;(74)98827-0791 ;010;108;PKL6654;      38,36;    0,03;22/03/2024;68;TROCA (SEM SELO / QTDE. ERRADA;   ;silva      ;16:16
218789                            ;22/03/2024;    ;296728;007;    ;0064436;BAR MACERIB                                       ;(74)99968-1086 ;020;205;OUX3F90;     832,34;    1,35;25/03/2024;64;SEM VASILHAME                 ;   ;ediziene   ;22:07
218789                            ;22/03/2024;    ;296741;007;    ;0051326;PANIFICADORA TRIGO                                ;(74)99937-1999 ;020;205;OUX3F90;     165,07;    0,34;25/03/2024;89;PDV FECHADO APOS HORARIO      ;   ;ediziene   ;22:06
218789                            ;22/03/2024;    ;296742;007;    ;0051326;PANIFICADORA TRIGO                                ;(74)99937-1999 ;020;205;OUX3F90;      31,90;    0,04;25/03/2024;89;PDV FECHADO APOS HORARIO      ;   ;ediziene   ;22:06
218789                            ;22/03/2024;    ;296779;007;    ;0050529;MERC NOVA OPCAO                                   ;(87)99159-2161 ;020;205;OUX3F90;     212,66;    0,44;25/03/2024;64;SEM VASILHAME                 ;   ;ediziene   ;22:07
218806                            ;23/03/2024;    ;297857;007;    ;0025901;MERCEARIA DA LU                                   ;(74) 3611-6810 ;010;101;RPR6D25;     632,29;    1,48;23/03/2024;64;SEM VASILHAME                 ;   ;aloisio    ;11:40
218806                            ;23/03/2024;    ;297863;007;    ;0025992;BAR DO JUNIOR                                     ;(74) 8824-4911 ;010;101;RPR6D25;     149,64;    0,20;23/03/2024;64;SEM VASILHAME                 ;   ;aloisio    ;11:41
218806                            ;23/03/2024;    ;297864;007;    ;0025992;BAR DO JUNIOR                                     ;(74) 8824-4911 ;010;101;RPR6D25;     250,82;    0,34;23/03/2024;64;SEM VASILHAME                 ;   ;aloisio    ;11:42
218806                            ;23/03/2024;    ;297865;007;    ;0054438;BAR RITA MARIA                                    ;(74)98863-9040 ;010;101;RPR6D25;      74,64;    0,25;23/03/2024;72;PDV FECHADO (HORARIO COM.)    ;   ;aloisio    ;11:41
218807                            ;23/03/2024;    ;297892;007;    ;0063011;VIIXE PETISCARIA                                  ;(87)99807-3815 ;010;110;RDN7A69;     351,66;    0,46;23/03/2024;72;PDV FECHADO (HORARIO COM.)    ;DER;aloisio    ;13:49
218808                            ;23/03/2024;    ;297895;007;    ;0025990;DEPOSITO BEER                                     ;(74)98831-8360 ;010;105;PKK0690;     312,97;    0,45;23/03/2024;70;CLIENTE CANCELOU              ;   ;aloisio    ;14:46
218808                            ;23/03/2024;    ;297896;007;    ;0025990;DEPOSITO BEER                                     ;(74)98831-8360 ;010;105;PKK0690;     169,79;    0,25;23/03/2024;70;CLIENTE CANCELOU              ;   ;aloisio    ;14:46
218808                            ;23/03/2024;    ;297897;007;    ;0025990;DEPOSITO BEER                                     ;(74)98831-8360 ;010;105;PKK0690;     343,86;    0,52;23/03/2024;70;CLIENTE CANCELOU              ;   ;aloisio    ;14:45
218809                            ;23/03/2024;    ;297926;007;    ;0052280;MERCEARIA SOUZA                                   ;(74) 8807-0951 ;010;106;OUG2987;      42,84;    0,12;23/03/2024;64;SEM VASILHAME                 ;   ;aloisio    ;13:22
218810                            ;23/03/2024;    ;297943;007;    ;0062315;RESTAURANTE CEARENSE                              ;(74)99104-1457 ;010;107;RDN1D46;     141,94;    0,19;23/03/2024;72;PDV FECHADO (HORARIO COM.)    ;   ;aloisio    ;17:14
218811                            ;23/03/2024;    ;297980;007;    ;0064271;Leonardo Nova Opcao                               ;(74)98873-6833 ;010;104;NZM8419;     827,53;    1,34;23/03/2024;71;SEM DINHEIRO/CHEQUE           ;   ;aloisio    ;13:34
218815                            ;23/03/2024;    ;298068;007;    ;0057538;MERCADINHO LI                                     ;(74)98845-3052 ;010;107;NZM4666;     232,16;    0,46;23/03/2024;70;CLIENTE CANCELOU              ;   ;aloisio    ;14:04
218816                            ;23/03/2024;    ;298100;007;    ;0002139;ALEXANDRE COMERCIAL                               ;(74)98808-2265 ;010;104;NZM7723;     877,70;    1,39;23/03/2024;43;Forma de Pagamento            ;   ;aloisio    ;13:46
218834                            ;25/03/2024;    ;298232;007;    ;0054573;PANIFICAD KI DELICIA                              ;(74)99901-9479 ;020;203;OUX3F90;      85,68;    0,24;26/03/2024;64;SEM VASILHAME                 ;   ;silva      ;17:20
218834                            ;25/03/2024;    ;298255;007;    ;0053996;ARTE PAES                                         ;(74)99809-6193 ;020;205;OUX3F90;     504,49;    1,08;26/03/2024;70;CLIENTE CANCELOU              ;   ;silva      ;17:20
218837                            ;25/03/2024;    ;298303;007;    ;0057967;MACEDONIA                                         ;(74)99956-9377 ;020;203;RDC8F64;     379,20;    0,47;27/03/2024;71;SEM DINHEIRO/CHEQUE           ;   ;aloisio    ;17:46
218837                            ;25/03/2024;    ;298350;007;    ;0052706;BAR SAO PAULINO                                   ;(74) 3533-2157 ;020;203;RDC8F64;     586,94;    0,69;27/03/2024;35;Preco Errado                  ;DER;aloisio    ;17:41
218837                            ;25/03/2024;    ;298356;007;    ;0051699;COMERCIAL ILDEMARIO                               ;(74) 9985-4850 ;020;203;RDC8F64;     698,00;    0,80;27/03/2024;72;PDV FECHADO (HORARIO COM.)    ;   ;aloisio    ;17:42
218837                            ;25/03/2024;    ;298358;007;    ;0058648;MERCEARIA MARQUES                                 ;(74)99974-8095 ;020;203;RDC8F64;     203,60;    0,27;27/03/2024;72;PDV FECHADO (HORARIO COM.)    ;   ;aloisio    ;17:45
218837                            ;25/03/2024;    ;298359;007;    ;0058648;MERCEARIA MARQUES                                 ;(74)99974-8095 ;020;203;RDC8F64;      35,00;    0,12;27/03/2024;72;PDV FECHADO (HORARIO COM.)    ;   ;aloisio    ;17:43
218837                            ;25/03/2024;    ;298360;007;    ;0058648;MERCEARIA MARQUES                                 ;(74)99974-8095 ;020;203;RDC8F64;      17,14;    0,04;27/03/2024;72;PDV FECHADO (HORARIO COM.)    ;   ;aloisio    ;17:44
218837                            ;25/03/2024;    ;298361;007;    ;0058648;MERCEARIA MARQUES                                 ;(74)99974-8095 ;020;203;RDC8F64;     153,78;    0,18;27/03/2024;72;PDV FECHADO (HORARIO COM.)    ;   ;aloisio    ;17:44
218837                            ;25/03/2024;    ;298362;007;    ;0058648;MERCEARIA MARQUES                                 ;(74)99974-8095 ;020;203;RDC8F64;     127,76;    0,14;27/03/2024;72;PDV FECHADO (HORARIO COM.)    ;   ;aloisio    ;17:45
218838                            ;25/03/2024;    ;298396;007;    ;0063971;GELADÃO DA LU                                     ;(87)98116-9694 ;010;109;NZM7723;       5,79;    0,00;25/03/2024;68;TROCA (SEM SELO / QTDE. ERRADA;   ;teles      ;18:21
218843                            ;25/03/2024;    ;298612;007;    ;0056474;DIST.LIMA                                         ;(74)98856-8947 ;020;202;NZM8419;      13,15;    0,02;26/03/2024;68;TROCA (SEM SELO / QTDE. ERRADA;DER;silva      ;14:44
218845                            ;25/03/2024;    ;298733;007;    ;0052842;BAR DA LEDA                                       ;(74) 3527-2137 ;020;204;RPP7B52;     349,70;    0,42;26/03/2024;64;SEM VASILHAME                 ;   ;ediziene   ;19:13
218845                            ;25/03/2024;    ;298734;007;    ;0052842;BAR DA LEDA                                       ;(74) 3527-2137 ;020;204;RPP7B52;     370,64;    0,38;26/03/2024;64;SEM VASILHAME                 ;   ;ediziene   ;19:13
218849                            ;25/03/2024;    ;298842;007;    ;0064266;BAR DAS 7                                         ;(74)98838-2515 ;010;108;PKK0690;     416,11;    0,49;25/03/2024;70;CLIENTE CANCELOU              ;   ;aloisio    ;17:37
218849                            ;25/03/2024;    ;298844;007;    ;0060314;RESTAURANTE DO TONES                              ;(74)98833-2623 ;010;108;PKK0690;      50,90;    0,06;25/03/2024;72;PDV FECHADO (HORARIO COM.)    ;   ;aloisio    ;17:22
218849                            ;25/03/2024;    ;298845;007;    ;0060314;RESTAURANTE DO TONES                              ;(74)98833-2623 ;010;108;PKK0690;      80,00;    0,10;25/03/2024;72;PDV FECHADO (HORARIO COM.)    ;   ;aloisio    ;17:22
218852                            ;25/03/2024;    ;298914;007;    ;0056402;EDILBERTO ALCANTARA                               ;(74)99921-5636 ;010;107;PKK8518;     509,00;    0,69;25/03/2024;71;SEM DINHEIRO/CHEQUE           ;   ;aloisio    ;16:56
218856                            ;25/03/2024;    ;298979;007;    ;0064553;MINI MERCEARIA SOLEV                              ;(74)98154-6465 ;010;105;RDN7A69;     170,78;    0,21;25/03/2024;42;Produto/Quantidade Errada     ;   ;aloisio    ;15:10
218856                            ;25/03/2024;    ;298989;007;    ;0064614;PADRaO ESPETOS                                    ;(74)98834-9110 ;010;110;RDN7A69;     130,92;    0,24;25/03/2024;72;PDV FECHADO (HORARIO COM.)    ;DER;aloisio    ;15:11
218856                            ;25/03/2024;    ;298992;007;    ;0056726;BAR E REST 7 PORTAS                               ;(74)98817-3734 ;010;105;RDN7A69;     329,96;    0,96;25/03/2024;72;PDV FECHADO (HORARIO COM.)    ;   ;aloisio    ;15:11
218856                            ;25/03/2024;    ;298993;007;    ;0053019;DISTRIBUIDORA POLLAR                              ;(74)98813-3614 ;010;111;RDN7A69;     254,50;    0,34;25/03/2024;72;PDV FECHADO (HORARIO COM.)    ;   ;aloisio    ;15:12
218856                            ;25/03/2024;    ;298994;007;    ;0053019;DISTRIBUIDORA POLLAR                              ;(74)98813-3614 ;010;111;RDN7A69;      87,52;    0,10;25/03/2024;72;PDV FECHADO (HORARIO COM.)    ;   ;aloisio    ;15:12
218859                            ;25/03/2024;    ;299050;007;    ;0062912;COMERCIAL NUNES                                   ;(74)99929-0370 ;010;103;OZE4956;     997,02;    1,52;25/03/2024;71;SEM DINHEIRO/CHEQUE           ;   ;aloisio    ;16:19
218861                            ;25/03/2024;    ;299065;007;    ;0025973;DISTRIBUIDORA DO LAU                              ;(74) 8811-9482 ;010;106;OZF1202;     680,33;    0,84;25/03/2024;72;PDV FECHADO (HORARIO COM.)    ;   ;aloisio    ;14:30
218861                            ;25/03/2024;    ;299066;007;    ;0025973;DISTRIBUIDORA DO LAU                              ;(74) 8811-9482 ;010;106;OZF1202;      13,94;    0,06;25/03/2024;72;PDV FECHADO (HORARIO COM.)    ;   ;aloisio    ;14:31
218863                            ;25/03/2024;    ;299090;007;    ;0058459;KAYLA CAIANNE                                     ;(74)98825-3060 ;010;111;JII1442;    1023,19;    1,38;25/03/2024;70;CLIENTE CANCELOU              ;   ;aloisio    ;13:32
218864                            ;25/03/2024;    ;299099;007;    ;0051604;FEIRAO CACHUEIRINHA                               ;(74)98816-9772 ;010;107;LKI1H89;     743,75;    0,97;25/03/2024;64;SEM VASILHAME                 ;DER;aloisio    ;11:18
218866                            ;25/03/2024;    ;299125;007;    ;0058166;CASTRO DISTRIBUIDORA                              ;(74)99983-3352 ;010;111;LKI1H89;      39,60;    0,12;25/03/2024;72;PDV FECHADO (HORARIO COM.)    ;DER;aloisio    ;17:52
218893                            ;26/03/2024;    ;299160;007;    ;0058638;BAR VEM K PRA VER                                 ;(61)99837-0940 ;020;205;RPJ2H66;     295,09;    0,41;28/03/2024;72;PDV FECHADO (HORARIO COM.)    ;   ;silva      ;14:07
218893                            ;26/03/2024;    ;299161;007;    ;0058638;BAR VEM K PRA VER                                 ;(61)99837-0940 ;020;205;RPJ2H66;     269,80;    0,28;28/03/2024;72;PDV FECHADO (HORARIO COM.)    ;   ;silva      ;14:16
218893                            ;26/03/2024;    ;299204;007;    ;0054634;LINDOMAR DIST DE BEB                              ;(74)99908-9581 ;020;205;RPJ2H66;     216,84;    0,24;28/03/2024;72;PDV FECHADO (HORARIO COM.)    ;   ;silva      ;14:08
218901                            ;26/03/2024;    ;299565;007;    ;0054544;DEPOSITO PAI E FILHO                              ;(74)98858-9995 ;020;201;RPM8D89;       3,25;    0,00;27/03/2024;42;Produto/Quantidade Errada     ;   ;aloisio    ;17:27
218906                            ;26/03/2024;    ;299656;007;    ;0058039;SE FOR BEBER 2                                    ;(74)98835-4756 ;010;105;RDN1D46;      16,20;    0,02;27/03/2024;71;SEM DINHEIRO/CHEQUE           ;   ;aloisio    ;11:01
218906                            ;26/03/2024;    ;299684;007;    ;0053039;GREGORY LANCHES                                   ;(74)98858-8812 ;010;105;RDN1D46;       9,90;    0,06;27/03/2024;72;PDV FECHADO (HORARIO COM.)    ;   ;aloisio    ;11:
218906                            ;26/03/2024;    ;299686;007;    ;0050410;CHACARA NELSON CARV                               ;(74)98101-7043 ;010;101;RDN1D46;     198,51;    0,27;27/03/2024;72;PDV FECHADO (HORARIO COM.)    ;   ;aloisio    ;11:01
218907                            ;26/03/2024;    ;299695;007;    ;0056960;FRANCILEIA FERREIRA                               ;(87)99112-0114 ;010;105;RDN7A69;     581,23;    0,93;26/03/2024;85;DIFICIL ACESSO                ;   ;silva      ;13:40
218908                            ;26/03/2024;    ;299711;007;    ;0056749;ALINE PEREIRA DE JES                              ;(74)98809-6994 ;010;111;RPR6D25;      20,26;    0,02;26/03/2024;72;PDV FECHADO (HORARIO COM.)    ;   ;silva      ;17:38
218908                            ;26/03/2024;    ;299712;007;    ;0063636;ELIZANGELA  DA SILVA                              ;(74)98817-3357 ;010;106;RPR6D25;     203,60;    0,27;26/03/2024;71;SEM DINHEIRO/CHEQUE           ;DER;silva      ;17:38
218908                            ;26/03/2024;    ;299715;007;    ;0050837;MERCADINHO DINOSSAUR                              ;(74)99984-1254 ;080;810;RPR6D25;      14,47;    0,01;26/03/2024;42;Produto/Quantidade Errada     ;   ;silva      ;17:39
218908                            ;26/03/2024;    ;299722;007;    ;0055476;MERC TRABUCO                                      ;(74)98804-1177 ;010;102;RPR6D25;      74,96;    0,12;26/03/2024;72;PDV FECHADO (HORARIO COM.)    ;   ;silva      ;17:38
218909                            ;26/03/2024;    ;299731;007;    ;0027889;POINT DO PINICO                                   ;(74)98811-8600 ;010;110;LKI1H89;    1193,84;    1,44;26/03/2024;72;PDV FECHADO (HORARIO COM.)    ;   ;silva      ;10:50
218913                            ;26/03/2024;    ;299803;007;    ;0001240;BAR DO EGIDIO                                     ;(74)98816-6409 ;010;110;PKK8518;     694,18;    0,74;26/03/2024;85;DIFICIL ACESSO                ;   ;ediziene   ;19:07
218913                            ;26/03/2024;    ;299804;007;    ;0057748;BAR DO GORDO                                      ;(74)98803-7351 ;010;110;PKK8518;    2025,15;    2,23;26/03/2024;85;DIFICIL ACESSO                ;   ;ediziene   ;19:08
218913                            ;26/03/2024;    ;299805;007;    ;0057748;BAR DO GORDO                                      ;(74)98803-7351 ;010;110;PKK8518;     175,64;    0,15;26/03/2024;85;DIFICIL ACESSO                ;   ;ediziene   ;19:08
218919                            ;26/03/2024;    ;299936;007;    ;0064514;J.E.DISTRIBUIDORA                                 ;(74)98834-6797 ;010;105;KJP3656;     712,40;    0,94;26/03/2024;71;SEM DINHEIRO/CHEQUE           ;   ;ediziene   ;19:04
218920                            ;26/03/2024;    ;299938;007;    ;0064104;MAYARA BAR                                        ;(74)98145-7455 ;010;106;OZE4956;     661,70;    0,89;26/03/2024;72;PDV FECHADO (HORARIO COM.)    ;DER;silva      ;17:32
218928                            ;26/03/2024;    ;300112;007;    ;0063689;MERCADINHO E FRIGORI                              ;(74)99884-1051 ;010;102;OFB8B68;    1781,50;    2,41;26/03/2024;64;SEM VASILHAME                 ;   ;ediziene   ;18:57
218928                            ;26/03/2024;    ;300124;007;    ;0053005;RES. CANTI. CASEIRO                               ;(74)98815-2733 ;010;103;OFB8B68;     773,35;    1,03;26/03/2024;64;SEM VASILHAME                 ;DER;ediziene   ;18:57
218928                            ;26/03/2024;    ;300125;007;    ;0063655;MERC DONA ALICE                                   ;(74)98833-2905 ;010;103;OFB8B68;     136,90;    0,14;26/03/2024;87;TEMPO INSUFICIENTE            ;DER;ediziene   ;18:58
218938                            ;26/03/2024;    ;300133;007;    ;0024828;REVALLE JUAZEIRO                                  ;(74) 3611-5066 ;085;998;MSG0C01;       4,82;    0,01;28/03/2024;51;NF ERRADA                     ;   ;alyson     ;10:03
218972                            ;27/03/2024;    ;300208;007;    ;0057400;MERC DO SO NEGA                                   ;(74)98803-7806 ;020;200;EFV3713;   10311,32;   13,80;27/03/2024;32;ENTREGA ATRASADA (BUFFER)     ;   ;aloisio    ;15:55
218972                            ;27/03/2024;    ;300209;007;    ;0057400;MERC DO SO NEGA                                   ;(74)98803-7806 ;020;200;EFV3713;    3200,44;    4,92;27/03/2024;32;ENTREGA ATRASADA (BUFFER)     ;   ;aloisio    ;15:56
218973                            ;27/03/2024;    ;300213;007;    ;0063522;BAR E DISTR JR                                    ;(74)98834-6466 ;020;203;OUX3F90;    3040,34;    3,89;27/03/2024;64;SEM VASILHAME                 ;   ;aloisio    ;15:39
218976                            ;27/03/2024;    ;300344;007;    ;0055348;MERCADINHO JUNIOR                                 ;(74)98105-0454 ;020;202;OVB5042;       6,42;    0,01;28/03/2024;43;Forma de Pagamento            ;DER;silva      ;13:30
218977                            ;27/03/2024;    ;300348;007;    ;0052534;MERCEARIA CANT. CEU                               ;(74)98836-5987 ;020;200;SJQ9B60;     203,60;    0,27;27/03/2024;65;NAO FEZ PEDIDO                ;   ;teles      ;19:36
218977                            ;27/03/2024;    ;300349;007;    ;0052534;MERCEARIA CANT. CEU                               ;(74)98836-5987 ;020;200;SJQ9B60;     206,22;    0,27;27/03/2024;65;NAO FEZ PEDIDO                ;   ;teles      ;19:36
218977                            ;27/03/2024;    ;300386;007;    ;0063488;BAR DO BEM BEM                                    ;(74)98833-0546 ;020;200;SJQ9B60;     115,42;    0,14;27/03/2024;71;SEM DINHEIRO/CHEQUE           ;   ;teles      ;19:36
218977                            ;27/03/2024;    ;300387;007;    ;0063488;BAR DO BEM BEM                                    ;(74)98833-0546 ;020;200;SJQ9B60;      31,06;    0,03;27/03/2024;71;SEM DINHEIRO/CHEQUE           ;   ;teles      ;19:37
218978                            ;27/03/2024;    ;300406;007;    ;0055244;MERC. TEM DE TUDO                                 ;(74)98827-1185 ;020;200;RPP0E77;     548,74;    0,69;27/03/2024;63;PRODUTO / QTDE. ERRADA        ;   ;aloisio    ;17:22
218978                            ;27/03/2024;    ;300433;007;    ;0056864;Comercial Correia                                 ;(74)99147-4499 ;020;200;RPP0E77;     662,24;    1,27;27/03/2024;70;CLIENTE CANCELOU              ;   ;aloisio    ;17:23
218979                            ;27/03/2024;    ;300443;007;    ;0063165;LANCHONETE E VERDURÃ                              ;(74)98832-9054 ;020;201;RCQ9D86;     120,06;    0,18;28/03/2024;72;PDV FECHADO (HORARIO COM.)    ;   ;silva      ;16:34
218979                            ;27/03/2024;    ;300444;007;    ;0063165;LANCHONETE E VERDURÃ                              ;(74)98832-9054 ;020;201;RCQ9D86;     142,67;    0,14;28/03/2024;72;PDV FECHADO (HORARIO COM.)    ;   ;silva      ;16:34
218979                            ;27/03/2024;    ;300452;007;    ;0056549;DISTRIBUIDORA ALVES                               ;(74)98862-4539 ;020;201;RCQ9D86;     111,34;    0,13;28/03/2024;72;PDV FECHADO (HORARIO COM.)    ;   ;silva      ;16:35
218981                            ;27/03/2024;    ;300493;007;    ;0055953;SERTAO FRIOS                                      ;(74) 3535-0306 ;020;204;RPP7B52;     252,98;    0,28;30/03/2024;72;PDV FECHADO (HORARIO COM.)    ;   ;aloisio    ;12:04
218981                            ;27/03/2024;    ;300500;007;    ;0063585;BAR DE DIDI                                       ;(74)98873-8594 ;020;204;RPP7B52;     117,04;    0,16;30/03/2024;72;PDV FECHADO (HORARIO COM.)    ;   ;aloisio    ;12:06
218981                            ;27/03/2024;    ;300501;007;    ;0063585;BAR DE DIDI                                       ;(74)98873-8594 ;020;204;RPP7B52;     101,80;    0,13;30/03/2024;72;PDV FECHADO (HORARIO COM.)    ;   ;aloisio    ;12:07
218981                            ;27/03/2024;    ;300506;007;    ;0058492;COMERCIAL MAJO                                    ;(74)99911-1319 ;020;204;RPP7B52;     241,04;    0,33;30/03/2024;71;SEM DINHEIRO/CHEQUE           ;   ;aloisio    ;12:05
219004                            ;27/03/2024;    ;300929;007;    ;0064459;DISTRIBUIDORA CITI                                ;(74)98844-0304 ;010;108;RDN7A69;     338,26;    0,58;27/03/2024;32;ENTREGA ATRASADA (BUFFER)     ;   ;aloisio    ;15:32
219007                            ;27/03/2024;    ;301015;007;    ;0054239;DISTB. NO GRAU                                    ;(74)98842-6701 ;010;111;LKI1H89;     615,50;    0,82;28/03/2024;72;PDV FECHADO (HORARIO COM.)    ;   ;silva      ;10:53
219007                            ;27/03/2024;    ;301016;007;    ;0054239;DISTB. NO GRAU                                    ;(74)98842-6701 ;010;111;LKI1H89;      39,00;    0,06;28/03/2024;72;PDV FECHADO (HORARIO COM.)    ;   ;silva      ;10:53
219007                            ;27/03/2024;    ;301037;007;    ;0056301;CAIS E PORTO                                      ;(74)98826-8418 ;010;110;LKI1H89;     170,94;    0,42;28/03/2024;72;PDV FECHADO (HORARIO COM.)    ;DER;silva      ;10:53
219009                            ;27/03/2024;    ;301099;007;    ;0062258;SUPERMERCADO UNIPREC                              ;(74)98836-8023 ;080;810;PKK0690;    1369,00;    1,44;27/03/2024;64;SEM VASILHAME                 ;   ;aloisio    ;17:13
219009                            ;27/03/2024;    ;301100;007;    ;0062258;SUPERMERCADO UNIPREC                              ;(74)98836-8023 ;080;810;PKK0690;     748,20;    1,21;27/03/2024;64;SEM VASILHAME                 ;   ;aloisio    ;17:14
219009                            ;27/03/2024;    ;301105;007;    ;0050085;SUPER IMPERADOR                                   ;(74) 3612-8681 ;080;810;PKK0690;       4,55;    0,00;27/03/2024;70;CLIENTE CANCELOU              ;DER;aloisio    ;17:13
219012                            ;27/03/2024;    ;301180;007;    ;0053019;DISTRIBUIDORA POLLAR                              ;(74)98813-3614 ;010;111;OFB8B98;    1279,20;    3,24;27/03/2024;32;ENTREGA ATRASADA (BUFFER)     ;   ;aloisio    ;18:02
219012                            ;27/03/2024;    ;301181;007;    ;0053019;DISTRIBUIDORA POLLAR                              ;(74)98813-3614 ;010;111;OFB8B98;    1451,60;    3,60;27/03/2024;32;ENTREGA ATRASADA (BUFFER)     ;   ;aloisio    ;18:03
219012                            ;27/03/2024;    ;301182;007;    ;0053019;DISTRIBUIDORA POLLAR                              ;(74)98813-3614 ;010;111;OFB8B98;     758,00;    0,84;27/03/2024;32;ENTREGA ATRASADA (BUFFER)     ;   ;aloisio    ;18:03
219013                            ;27/03/2024;    ;301189;007;    ;0003916;BARRACO DO TITONHO                                ;(74)98813-3256 ;010;108;OZF1202;     600,93;    0,88;28/03/2024;64;SEM VASILHAME                 ;   ;silva      ;11:02
219013                            ;27/03/2024;    ;301190;007;    ;0003916;BARRACO DO TITONHO                                ;(74)98813-3256 ;010;108;OZF1202;     663,62;    0,88;28/03/2024;64;SEM VASILHAME                 ;   ;silva      ;11:02
219013                            ;27/03/2024;    ;301219;007;    ;0057293;Silvani Distribuidor                              ;(74)98863-0050 ;010;108;OZF1202;     305,40;    0,41;28/03/2024;23;(C)Pedidos duplicados         ;   ;silva      ;11:03
219013                            ;27/03/2024;    ;301222;007;    ;0062354;MARTIM DISTRIBUIDORA                              ;(74)98809-0258 ;010;108;OZF1202;     610,80;    0,82;28/03/2024;23;(C)Pedidos duplicados         ;   ;silva      ;11:02
219035                            ;27/03/2024;    ;300729;007;    ;0062669;DISTRIBUIDORA FEITOS                              ;(43)90000-0000 ;010;111;JII1442;     509,00;    0,69;27/03/2024;64;SEM VASILHAME                 ;   ;aloisio    ;17:02
219035                            ;27/03/2024;    ;300757;007;    ;0058426;Adega Bebidas                                     ;(74)98857-5122 ;010;107;JII1442;     406,80;    0,50;27/03/2024;71;SEM DINHEIRO/CHEQUE           ;   ;aloisio    ;17:01
219036                            ;27/03/2024;    ;300772;007;    ;0054004;AVENDINHA                                         ;(74)99105-5406 ;010;104;NZM7723;     356,30;    0,48;27/03/2024;42;Produto/Quantidade Errada     ;DER;aloisio    ;17:08
219037                            ;27/03/2024;    ;300792;007;    ;0024501;BAR GOMES                                         ;(74)98806-6764 ;010;110;OFB8B68;      25,99;    0,04;27/03/2024;72;PDV FECHADO (HORARIO COM.)    ;   ;aloisio    ;18:09
219037                            ;27/03/2024;    ;300793;007;    ;0024501;BAR GOMES                                         ;(74)98806-6764 ;010;110;OFB8B68;     342,23;    0,49;27/03/2024;72;PDV FECHADO (HORARIO COM.)    ;   ;aloisio    ;18:10
219037                            ;27/03/2024;    ;300794;007;    ;0024501;BAR GOMES                                         ;(74)98806-6764 ;010;110;OFB8B68;      49,90;    0,06;27/03/2024;72;PDV FECHADO (HORARIO COM.)    ;   ;aloisio    ;18:10
219037                            ;27/03/2024;    ;300795;007;    ;0024501;BAR GOMES                                         ;(74)98806-6764 ;010;110;OFB8B68;       9,43;    0,00;27/03/2024;72;PDV FECHADO (HORARIO COM.)    ;   ;aloisio    ;18:11
219057                            ;28/03/2024;    ;301324;007;    ;0063742;REST BOM SUCESSO                                  ;(74)98818-3154 ;020;205;OUX8B81;     158,68;    0,50;30/03/2024;72;PDV FECHADO (HORARIO COM.)    ;   ;aloisio    ;19:35
219057                            ;28/03/2024;    ;301351;007;    ;0050142;MERC E PAD 12 DE JUN                              ;(74)99902-8680 ;020;205;OUX8B81;     200,80;    0,60;30/03/2024;50;CARGA ERRADA ARMAZEM          ;   ;aloisio    ;19:32
219057                            ;28/03/2024;    ;301359;007;    ;0050367;MERCEARIA ELE                                     ;(74)99935-4112 ;020;205;OUX8B81;      34,44;    0,12;30/03/2024;71;SEM DINHEIRO/CHEQUE           ;   ;aloisio    ;19:34
219057                            ;28/03/2024;    ;301360;007;    ;0050367;MERCEARIA ELE                                     ;(74)99935-4112 ;020;205;OUX8B81;     645,00;    1,05;30/03/2024;71;SEM DINHEIRO/CHEQUE           ;   ;aloisio    ;19:36
219058                            ;28/03/2024;    ;301376;007;    ;0053404;RESTAURANTE JC                                    ;(74)98143-0798 ;020;205;OUX3F90;     198,02;    0,57;30/03/2024;72;PDV FECHADO (HORARIO COM.)    ;   ;silva      ;14:59
219058                            ;28/03/2024;    ;301382;007;    ;0055892;COMERCIAL GF                                      ;(74)99963-0632 ;020;205;OUX3F90;    2611,20;    3,28;30/03/2024;32;ENTREGA ATRASADA (BUFFER)     ;   ;silva      ;15:
219058                            ;28/03/2024;    ;301383;007;    ;0055892;COMERCIAL GF                                      ;(74)99963-0632 ;020;205;OUX3F90;      71,04;    0,08;30/03/2024;32;ENTREGA ATRASADA (BUFFER)     ;   ;silva      ;15:01
219058                            ;28/03/2024;    ;301384;007;    ;0055892;COMERCIAL GF                                      ;(74)99963-0632 ;020;205;OUX3F90;    1170,70;    1,58;30/03/2024;32;ENTREGA ATRASADA (BUFFER)     ;   ;silva      ;15:01
219058                            ;28/03/2024;    ;301426;007;    ;0063052;BASICO ALIMENTOS                                  ;(61)98465-4556 ;020;205;OUX3F90;     564,48;    1,45;30/03/2024;64;SEM VASILHAME                 ;DER;silva      ;15:
219058                            ;28/03/2024;    ;301431;007;    ;0063743;DIST CAMINHO DE CASA                              ;(74)99803-7082 ;020;205;OUX3F90;     138,56;    0,26;30/03/2024;72;PDV FECHADO (HORARIO COM.)    ;   ;silva      ;15:
219060                            ;28/03/2024;    ;301505;007;    ;0055607;RIO CENTER                                        ;(74)98116-9411 ;020;202;RPE4C71;    3331,75;    5,00;30/03/2024;72;PDV FECHADO (HORARIO COM.)    ;   ;silva      ;16:27
219060                            ;28/03/2024;    ;301512;007;    ;0058352;GG DISTRIBUIDORA                                  ;(74)98142-4170 ;020;202;RPE4C71;    2729,44;    3,75;30/03/2024;72;PDV FECHADO (HORARIO COM.)    ;   ;silva      ;16:27
219060                            ;28/03/2024;    ;301540;007;    ;0050418;MERC. FAMILIA                                     ;(74) 3531-2625 ;020;202;RPE4C71;     282,78;    0,38;30/03/2024;64;SEM VASILHAME                 ;   ;silva      ;16:26
219061                            ;28/03/2024;    ;301581;007;    ;0053692;BAR ZEZINHO SOLDADO                               ;(74)98834-3381 ;020;201;SJQ9B60;     543,02;    0,88;28/03/2024;87;TEMPO INSUFICIENTE            ;DER;ediziene   ;19:51
219065                            ;28/03/2024;    ;301666;007;    ;0063017;LA CASA DE PASTEL                                 ;(74)98809-5377 ;085;997;RPP6J11;     122,50;    0,11;30/03/2024;72;PDV FECHADO (HORARIO COM.)    ;   ;silva      ;14:40
219065                            ;28/03/2024;    ;301683;007;    ;0055714;BODE ASSADO E CIA                                 ;(74)99984-7506 ;010;109;RPP6J11;     619,40;    0,82;30/03/2024;72;PDV FECHADO (HORARIO COM.)    ;   ;silva      ;14:40
219065                            ;28/03/2024;    ;301686;007;    ;0052589;MERCADINHO BARBOSA                                ;(74)99928-8201 ;010;109;RPP6J11;     236,02;    0,32;30/03/2024;72;PDV FECHADO (HORARIO COM.)    ;   ;silva      ;14:40
219065                            ;28/03/2024;    ;301691;007;    ;0058415;MERCADINHO PEGUE E P                              ;(74)98829-2486 ;010;109;RPP6J11;    2145,00;    2,83;30/03/2024;72;PDV FECHADO (HORARIO COM.)    ;   ;silva      ;14:39
219065                            ;28/03/2024;    ;301692;007;    ;0058415;MERCADINHO PEGUE E P                              ;(74)98829-2486 ;010;109;RPP6J11;     207,60;    0,15;30/03/2024;72;PDV FECHADO (HORARIO COM.)    ;   ;silva      ;15:03
219065                            ;28/03/2024;    ;301701;007;    ;0063870;BIRA BEER                                         ;(74)99944-2941 ;010;109;RPP6J11;       2,89;    0,00;30/03/2024;68;TROCA (SEM SELO / QTDE. ERRADA;   ;silva      ;14:41
219066                            ;28/03/2024;    ;301724;007;    ;0051435;BAR DO NANA                                       ;(74)98827-4998 ;010;109;RPM8D89;     283,12;    0,35;30/03/2024;72;PDV FECHADO (HORARIO COM.)    ;   ;silva      ;14:36
219066                            ;28/03/2024;    ;301736;007;    ;0058291;SBLU                                              ;(74)99814-0885 ;010;109;RPM8D89;    5239,58;    7,46;30/03/2024;72;PDV FECHADO (HORARIO COM.)    ;   ;silva      ;14:35
219067                            ;28/03/2024;    ;301769;007;    ;0051013;PADAR DOCE E SONHOS                               ;(74)99915-8588 ;020;204;RDC8F64;     275,27;    0,34;30/03/2024;72;PDV FECHADO (HORARIO COM.)    ;   ;silva      ;17:10
219067                            ;28/03/2024;    ;301794;007;    ;0052173;LANCH COCO VERDE                                  ;(74)99188-1323 ;020;203;RDC8F64;     542,72;    0,93;30/03/2024;72;PDV FECHADO (HORARIO COM.)    ;   ;silva      ;17:09
219067                            ;28/03/2024;    ;301795;007;    ;0058410;MERCADINHO PRIMOS                                 ;(74)99103-0992 ;020;204;RDC8F64;     359,40;    1,24;30/03/2024;72;PDV FECHADO (HORARIO COM.)    ;   ;silva      ;17:09
219067                            ;28/03/2024;    ;301806;007;    ;0057858;DANIEL BEBIDAS                                    ;(74)99814-0505 ;020;203;RDC8F64;     351,96;    0,57;30/03/2024;71;SEM DINHEIRO/CHEQUE           ;   ;silva      ;17:11
219071                            ;28/03/2024;    ;301892;007;    ;0053478;RODRIGUES BAR REST.                               ;(74) 9161-1440 ;010;110;KJP3656;     984,70;    1,00;28/03/2024;71;SEM DINHEIRO/CHEQUE           ;DER;silva      ;16:42
219071                            ;28/03/2024;    ;301893;007;    ;0053478;RODRIGUES BAR REST.                               ;(74) 9161-1440 ;010;110;KJP3656;      92,82;    0,26;28/03/2024;71;SEM DINHEIRO/CHEQUE           ;DER;silva      ;16:42
219071                            ;28/03/2024;    ;301896;007;    ;0013746;CABANA COISA D AGUA                               ;(74)98845-7806 ;010;107;KJP3656;     220,46;    0,38;28/03/2024;23;(C)Pedidos duplicados         ;   ;silva      ;16:42
219071                            ;28/03/2024;    ;301909;007;    ;0025266;HR DISTRIBUIDORA                                  ;(74)99198-7773 ;010;107;KJP3656;     168,60;    0,22;28/03/2024;71;SEM DINHEIRO/CHEQUE           ;   ;silva      ;16:41
219072                            ;28/03/2024;    ;301928;007;    ;0052337;MERCADINHO FELIX                                  ;(74)99983-6665 ;010;111;NZM9993;       8,68;    0,00;28/03/2024;23;(C)Pedidos duplicados         ;   ;silva      ;17:48
219077                            ;28/03/2024;    ;302063;007;    ;0064520;JOSELITA RODRIGUES                                ;(74)98811-0970 ;010;101;RCQ9D86;     409,34;    0,61;30/03/2024;72;PDV FECHADO (HORARIO COM.)    ;   ;silva      ;15:49
219078                            ;28/03/2024;    ;302101;007;    ;0055939;SUPERMIX                                          ;(74)99949-1637 ;010;107;RDJ0G42;      15,81;    0,00;28/03/2024;63;PRODUTO / QTDE. ERRADA        ;DER;ediziene   ;20:02
219082                            ;28/03/2024;    ;302221;007;    ;0055991;Panificadora  Moraes                              ;(74)98803-3865 ;010;106;RPR6D25;     239,42;    0,04;28/03/2024;72;PDV FECHADO (HORARIO COM.)    ;   ;silva      ;16:51
219084                            ;28/03/2024;    ;302273;007;    ;0062239;MERCADINHO LIMA                                   ;(74)98849-5950 ;010;104;KJP6186;     247,92;    0,56;28/03/2024;87;TEMPO INSUFICIENTE            ;   ;silva      ;18:53
219084                            ;28/03/2024;    ;302311;007;    ;0064138;GLENN PIER                                        ;(87)98119-9017 ;010;110;KJP6186;    1406,41;    1,39;28/03/2024;87;TEMPO INSUFICIENTE            ;   ;silva      ;18:52
219084                            ;28/03/2024;    ;302313;007;    ;0057784;MERCADINHO TODO DIA                               ;(74)98807-0991 ;080;810;KJP6186;    1827,06;    2,79;28/03/2024;87;TEMPO INSUFICIENTE            ;   ;silva      ;18:51
219085                            ;28/03/2024;    ;302340;007;    ;0057078;MERCEARIA E                                       ;(74)99949-8571 ;010;103;LKI1H89;     356,30;    0,48;28/03/2024;72;PDV FECHADO (HORARIO COM.)    ;   ;silva      ;17:55
219089                            ;28/03/2024;    ;302408;007;    ;0058475;KIOSQUE DE TACISIO                                ;(74)99934-4206 ;010;105;RDN1D46;     654,96;    0,94;28/03/2024;72;PDV FECHADO (HORARIO COM.)    ;   ;silva      ;18:56
219089                            ;28/03/2024;    ;302415;007;    ;0062044;MARIA DE LOURDES                                  ;(74)98834-3343 ;010;101;RDN1D46;     207,48;    0,60;28/03/2024;63;PRODUTO / QTDE. ERRADA        ;   ;silva      ;18:55
219089                            ;28/03/2024;    ;302417;007;    ;0053600;REST MISTER GRILL                                 ;(74)98808-2518 ;010;110;RDN1D46;     654,97;    0,82;28/03/2024;63;PRODUTO / QTDE. ERRADA        ;   ;silva      ;18:55
219089                            ;28/03/2024;    ;302418;007;    ;0053600;REST MISTER GRILL                                 ;(74)98808-2518 ;010;110;RDN1D46;     490,91;    0,61;28/03/2024;63;PRODUTO / QTDE. ERRADA        ;   ;silva      ;18:56
219090                            ;28/03/2024;    ;302441;007;    ;0063625;PONTO DO CALDO DE CA                              ;(74)98859-6396 ;010;106;PKK8518;      15,50;    0,00;30/03/2024;71;SEM DINHEIRO/CHEQUE           ;   ;silva      ;14:23
219090                            ;28/03/2024;    ;302449;007;    ;0051897;DISTR. REAL                                       ;(74)98821-3831 ;010;110;PKK8518;     778,72;    0,97;30/03/2024;72;PDV FECHADO (HORARIO COM.)    ;   ;silva      ;14:22
219094                            ;28/03/2024;    ;302530;007;    ;0052549;MERC DIST FREITAS                                 ;(74)98854-0972 ;010;106;OZE4956;    1158,62;    1,61;30/03/2024;70;CLIENTE CANCELOU              ;DER;silva      ;13:25
219094                            ;28/03/2024;    ;302540;007;    ;0056535;MERCEARIA RAMOS                                   ;(74)98834-1336 ;010;106;OZE4956;     790,50;    1,15;30/03/2024;72;PDV FECHADO (HORARIO COM.)    ;   ;silva      ;13:23
219094                            ;28/03/2024;    ;302541;007;    ;0056535;MERCEARIA RAMOS                                   ;(74)98834-1336 ;010;106;OZE4956;     157,80;    0,24;30/03/2024;72;PDV FECHADO (HORARIO COM.)    ;   ;silva      ;13:24
219094                            ;28/03/2024;    ;302542;007;    ;0056535;MERCEARIA RAMOS                                   ;(74)98834-1336 ;010;106;OZE4956;     101,80;    0,13;30/03/2024;72;PDV FECHADO (HORARIO COM.)    ;   ;silva      ;13:24
219094                            ;28/03/2024;    ;302543;007;    ;0056535;MERCEARIA RAMOS                                   ;(74)98834-1336 ;010;106;OZE4956;      78,90;    0,12;30/03/2024;72;PDV FECHADO (HORARIO COM.)    ;   ;silva      ;13:24
219094                            ;28/03/2024;    ;302554;007;    ;0056957;BUTECO  DO VALLE                                  ;(74)98816-2670 ;010;110;OZE4956;     509,00;    0,69;30/03/2024;70;CLIENTE CANCELOU              ;   ;silva      ;13:25
219096                            ;28/03/2024;    ;302585;007;    ;0058483;Distribuidora Jm                                  ;(74)99800-0085 ;010;111;NZM5543;    1282,30;    1,72;28/03/2024;64;SEM VASILHAME                 ;   ;silva      ;17:59
219096                            ;28/03/2024;    ;302590;007;    ;0052808;COMERCIAL DANTAS                                  ;(74)98804-3662 ;080;810;NZM5543;    1018,75;    2,10;28/03/2024;72;PDV FECHADO (HORARIO COM.)    ;   ;silva      ;17:58
219101                            ;28/03/2024;    ;302640;007;    ;0057774;CHACARA DONA ROSA                                 ;(74)98106-0802 ;010;104;NTG4685;     101,80;    0,13;30/03/2024;50;CARGA ERRADA ARMAZEM          ;   ;aloisio    ;11:42
219121                            ;30/03/2024;    ;302687;007;    ;0050208;REST. VELHO CHICO                                 ;(74)98115-1753 ;020;203;RPJ2H66;    1166,49;    1,43;30/03/2024;50;CARGA ERRADA ARMAZEM          ;   ;silva      ;13:45
219122                            ;30/03/2024;    ;302700;007;    ;0057477;distribuidora Ponto                               ;(74)99955-1923 ;020;204;NZM7723;    2564,60;    3,45;30/03/2024;32;ENTREGA ATRASADA (BUFFER)     ;   ;silva      ;13:48
219122                            ;30/03/2024;    ;302701;007;    ;0057477;distribuidora Ponto                               ;(74)99955-1923 ;020;204;NZM7723;     793,46;    1,50;30/03/2024;32;ENTREGA ATRASADA (BUFFER)     ;   ;silva      ;13:48
219124                            ;30/03/2024;    ;302745;007;    ;0063696;LANCHONETE DA NAI                                 ;(74)98811-2998 ;010;105;RDN7A69;     131,73;    0,34;30/03/2024;72;PDV FECHADO (HORARIO COM.)    ;   ;silva      ;13:20
219125                            ;30/03/2024;    ;302760;007;    ;0025731;BEBIDAeCIADISTREMERC                              ;(74)98824-0730 ;010;111;RPR6D25;      72,84;    0,04;30/03/2024;72;PDV FECHADO (HORARIO COM.)    ;DER;silva      ;11:06
219135                            ;30/03/2024;    ;302836;007;    ;0056354;MERC PEDRO RAIMUNDO                               ;(87)98802-7017 ;010;104;       ;     199,74;    0,20;30/03/2024;82;ENDERECO NAO ENCONTRADO       ;   ;silva      ;11:08
