Mapa                     ;Data;Unb Nota;Nota;Serie;Unb Cliente;Cod. Cliente;Nome Cliente;Telefone;Area;Setor;Placa;Valor;Volume;Data Devol.;Cod. Motivo;Desc. Motivo;Orig. Pedido;Usuario;Hora
215322                            ;02/01/2024;    ;227568;007;    ;0063564;GELADAO DO SERRaO                                 ;(74)99818-9890 ;010;110;RPP6J11;     200,28;    0,30;03/01/2024;71;SEM DINHEIRO/CHEQUE           ;   ;aloisio    ;04:10
215322                            ;02/01/2024;    ;227580;007;    ;0004786;SUPER PAGUE MENOS                                 ;(74) 3531-1223 ;010;110;RPP6J11;    7039,59;   17,53;03/01/2024;70;CLIENTE CANCELOU              ;   ;aloisio    ;04:11
215323                            ;02/01/2024;    ;227605;007;    ;0063879;RECANTO DO LANCHE                                 ;(74)98143-3716 ;010;111;NZM9993;     332,77;    0,53;02/01/2024;72;PDV FECHADO (HORARIO COM.)    ;   ;aloisio    ;21:45
215325                            ;02/01/2024;    ;227634;007;    ;0064219;TEVEZ DISTRIBUIDORA                               ;(74)98846-6529 ;010;111;OVB5042;     848,30;    1,17;02/01/2024;64;SEM VASILHAME                 ;   ;silva      ;17:55
215325                            ;02/01/2024;    ;227635;007;    ;0064219;TEVEZ DISTRIBUIDORA                               ;(74)98846-6529 ;010;111;OVB5042;      13,94;    0,06;02/01/2024;64;SEM VASILHAME                 ;   ;silva      ;17:55
215329                            ;02/01/2024;    ;227759;007;    ;0057506;BAR DISTR. MANGUEIRA                              ;(74)99963-6455 ;020;204;OUX3F90;     173,29;    0,39;03/01/2024;72;PDV FECHADO (HORARIO COM.)    ;   ;teles      ;21:20
215329                            ;02/01/2024;    ;227760;007;    ;0057506;BAR DISTR. MANGUEIRA                              ;(74)99963-6455 ;020;204;OUX3F90;     257,21;    0,09;03/01/2024;72;PDV FECHADO (HORARIO COM.)    ;   ;teles      ;21:20
215329                            ;02/01/2024;    ;227761;007;    ;0057506;BAR DISTR. MANGUEIRA                              ;(74)99963-6455 ;020;204;OUX3F90;     911,77;    1,44;03/01/2024;72;PDV FECHADO (HORARIO COM.)    ;   ;teles      ;21:20
215329                            ;02/01/2024;    ;227762;007;    ;0057506;BAR DISTR. MANGUEIRA                              ;(74)99963-6455 ;020;204;OUX3F90;     142,37;    0,04;03/01/2024;72;PDV FECHADO (HORARIO COM.)    ;   ;teles      ;21:19
215334                            ;02/01/2024;    ;228006;007;    ;0052738;DISTRIB  GUERRA                                   ;(74)98118-3739 ;020;203;OZE4956;    1147,70;    1,58;03/01/2024;32;ENTREGA ATRASADA (BUFFER)     ;   ;ediziene   ;10:14
215334                            ;02/01/2024;    ;228007;007;    ;0052738;DISTRIB  GUERRA                                   ;(74)98118-3739 ;020;203;OZE4956;    1330,22;    0,13;03/01/2024;32;ENTREGA ATRASADA (BUFFER)     ;   ;ediziene   ;10:16
215334                            ;02/01/2024;    ;228008;007;    ;0052738;DISTRIB  GUERRA                                   ;(74)98118-3739 ;020;203;OZE4956;     151,24;    0,20;03/01/2024;32;ENTREGA ATRASADA (BUFFER)     ;   ;ediziene   ;10:16
215334                            ;02/01/2024;    ;228009;007;    ;0052738;DISTRIB  GUERRA                                   ;(74)98118-3739 ;020;203;OZE4956;    2684,03;    3,24;03/01/2024;32;ENTREGA ATRASADA (BUFFER)     ;   ;ediziene   ;10:16
215334                            ;02/01/2024;    ;228010;007;    ;0052738;DISTRIB  GUERRA                                   ;(74)98118-3739 ;020;203;OZE4956;      39,48;    0,27;03/01/2024;32;ENTREGA ATRASADA (BUFFER)     ;   ;ediziene   ;10:15
215334                            ;02/01/2024;    ;228011;007;    ;0052738;DISTRIB  GUERRA                                   ;(74)98118-3739 ;020;203;OZE4956;    1997,40;    2,07;03/01/2024;32;ENTREGA ATRASADA (BUFFER)     ;   ;ediziene   ;10:15
215334                            ;02/01/2024;    ;228012;007;    ;0052738;DISTRIB  GUERRA                                   ;(74)98118-3739 ;020;203;OZE4956;       8,68;    0,00;03/01/2024;32;ENTREGA ATRASADA (BUFFER)     ;   ;ediziene   ;10:15
215334                            ;02/01/2024;    ;228015;007;    ;0052003;BAR DO EDILSON                                    ;(74) 9125-2406 ;020;203;OZE4956;    1480,98;    2,12;03/01/2024;32;ENTREGA ATRASADA (BUFFER)     ;   ;ediziene   ;10:14
215334                            ;02/01/2024;    ;228020;007;    ;0050418;BAR DO JARDEL                                     ;(74) 3531-2625 ;020;203;OZE4956;     554,55;    0,75;03/01/2024;32;ENTREGA ATRASADA (BUFFER)     ;   ;ediziene   ;10:17
215334                            ;02/01/2024;    ;228021;007;    ;0050418;BAR DO JARDEL                                     ;(74) 3531-2625 ;020;203;OZE4956;     150,57;    0,05;03/01/2024;32;ENTREGA ATRASADA (BUFFER)     ;   ;ediziene   ;10:13
215334                            ;02/01/2024;    ;228022;007;    ;0050418;BAR DO JARDEL                                     ;(74) 3531-2625 ;020;203;OZE4956;     381,59;    0,43;03/01/2024;32;ENTREGA ATRASADA (BUFFER)     ;   ;ediziene   ;10:13
215335                            ;02/01/2024;    ;228046;007;    ;0053979;DISTB. MERC. BATISTA                              ;(74)98814-4778 ;020;201;RCQ9D86;     998,00;    1,38;02/01/2024;70;CLIENTE CANCELOU              ;   ;aloisio    ;21:33
215335                            ;02/01/2024;    ;228047;007;    ;0053979;DISTB. MERC. BATISTA                              ;(74)98814-4778 ;020;201;RCQ9D86;     509,00;    0,69;02/01/2024;70;CLIENTE CANCELOU              ;   ;aloisio    ;21:34
215335                            ;02/01/2024;    ;228048;007;    ;0053979;DISTB. MERC. BATISTA                              ;(74)98814-4778 ;020;201;RCQ9D86;     187,60;    0,10;02/01/2024;70;CLIENTE CANCELOU              ;   ;aloisio    ;21:34
215335                            ;02/01/2024;    ;228049;007;    ;0053979;DISTB. MERC. BATISTA                              ;(74)98814-4778 ;020;201;RCQ9D86;     249,50;    0,34;02/01/2024;70;CLIENTE CANCELOU              ;   ;aloisio    ;21:35
215335                            ;02/01/2024;    ;228050;007;    ;0053979;DISTB. MERC. BATISTA                              ;(74)98814-4778 ;020;201;RCQ9D86;     638,00;    0,84;02/01/2024;70;CLIENTE CANCELOU              ;   ;aloisio    ;21:35
215335                            ;02/01/2024;    ;228051;007;    ;0053979;DISTB. MERC. BATISTA                              ;(74)98814-4778 ;020;201;RCQ9D86;     227,80;    0,28;02/01/2024;70;CLIENTE CANCELOU              ;   ;aloisio    ;21:36
215335                            ;02/01/2024;    ;228052;007;    ;0053979;DISTB. MERC. BATISTA                              ;(74)98814-4778 ;020;201;RCQ9D86;     748,50;    1,03;02/01/2024;70;CLIENTE CANCELOU              ;   ;aloisio    ;21:37
215335                            ;02/01/2024;    ;228053;007;    ;0053979;DISTB. MERC. BATISTA                              ;(74)98814-4778 ;020;201;RCQ9D86;     395,70;    0,43;02/01/2024;70;CLIENTE CANCELOU              ;   ;aloisio    ;21:37
215335                            ;02/01/2024;    ;228054;007;    ;0053979;DISTB. MERC. BATISTA                              ;(74)98814-4778 ;020;201;RCQ9D86;     814,40;    1,10;02/01/2024;70;CLIENTE CANCELOU              ;   ;aloisio    ;21:37
215335                            ;02/01/2024;    ;228055;007;    ;0053979;DISTB. MERC. BATISTA                              ;(74)98814-4778 ;020;201;RCQ9D86;     798,00;    0,84;02/01/2024;70;CLIENTE CANCELOU              ;   ;aloisio    ;21:31
215335                            ;02/01/2024;    ;228056;007;    ;0053979;DISTB. MERC. BATISTA                              ;(74)98814-4778 ;020;201;RCQ9D86;     227,80;    0,28;02/01/2024;70;CLIENTE CANCELOU              ;   ;aloisio    ;21:32
215335                            ;02/01/2024;    ;228057;007;    ;0053979;DISTB. MERC. BATISTA                              ;(74)98814-4778 ;020;201;RCQ9D86;     247,20;    0,33;02/01/2024;70;CLIENTE CANCELOU              ;   ;aloisio    ;21:33
215335                            ;02/01/2024;    ;228058;007;    ;0053979;DISTB. MERC. BATISTA                              ;(74)98814-4778 ;020;201;RCQ9D86;     414,70;    0,54;02/01/2024;70;CLIENTE CANCELOU              ;   ;aloisio    ;21:32
215337                            ;02/01/2024;    ;228135;007;    ;0062081; PONTOOF                                          ;(74)98853-8786 ;020;202;NZN3352;     362,39;    0,65;03/01/2024;32;ENTREGA ATRASADA (BUFFER)     ;   ;ediziene   ;18:16
215337                            ;02/01/2024;    ;228136;007;    ;0062081; PONTOOF                                          ;(74)98853-8786 ;020;202;NZN3352;      55,68;    0,11;03/01/2024;32;ENTREGA ATRASADA (BUFFER)     ;   ;ediziene   ;18:16
215337                            ;02/01/2024;    ;228137;007;    ;0062081; PONTOOF                                          ;(74)98853-8786 ;020;202;NZN3352;      99,26;    0,20;03/01/2024;32;ENTREGA ATRASADA (BUFFER)     ;   ;ediziene   ;18:17
215337                            ;02/01/2024;    ;228139;007;    ;0062582;GALEGO DIST                                       ;(74)98853-8186 ;020;202;NZN3352;    1116,50;    1,47;03/01/2024;32;ENTREGA ATRASADA (BUFFER)     ;   ;ediziene   ;18:16
215338                            ;02/01/2024;    ;228145;007;    ;0064246;HEBERTH MATHEUS                                   ;(74)98826-9399 ;010;108;PKL6654;     619,44;    1,60;02/01/2024;72;PDV FECHADO (HORARIO COM.)    ;   ;silva      ;15:40
215338                            ;02/01/2024;    ;228146;007;    ;0064246;HEBERTH MATHEUS                                   ;(74)98826-9399 ;010;108;PKL6654;      81,24;    0,05;02/01/2024;72;PDV FECHADO (HORARIO COM.)    ;   ;silva      ;15:40
215338                            ;02/01/2024;    ;228151;007;    ;0056256;DISTRIBUID. TERLICE                               ;(74)98805-4088 ;010;108;PKL6654;     440,40;    0,72;02/01/2024;71;SEM DINHEIRO/CHEQUE           ;   ;silva      ;15:41
215339                            ;02/01/2024;    ;228179;007;    ;0051990;MERCADINHO VANIA                                  ;(74)98812-1322 ;010;101;PKK8518;      82,34;    0,07;02/01/2024;72;PDV FECHADO (HORARIO COM.)    ;   ;silva      ;17:09
215340                            ;02/01/2024;    ;228219;007;    ;0027889;POINT DO PINICO                                   ;(74)98811-8600 ;010;107;PKK0690;     367,80;    0,42;02/01/2024;70;CLIENTE CANCELOU              ;   ;silva      ;14:20
215340                            ;02/01/2024;    ;228220;007;    ;0027889;POINT DO PINICO                                   ;(74)98811-8600 ;010;107;PKK0690;      41,74;    0,05;02/01/2024;70;CLIENTE CANCELOU              ;   ;silva      ;14:20
215340                            ;02/01/2024;    ;228229;007;    ;0057385;GR DISTRIBUIDORA                                  ;(74)99930-0343 ;010;107;PKK0690;     249,50;    0,34;02/01/2024;72;PDV FECHADO (HORARIO COM.)    ;   ;silva      ;14:19
215340                            ;02/01/2024;    ;228234;007;    ;0052761;MERCADINHO CAJUEIRO                               ;(74)98807-4724 ;010;103;PKK0690;     455,88;    0,72;02/01/2024;72;PDV FECHADO (HORARIO COM.)    ;DER;silva      ;14:18
215340                            ;02/01/2024;    ;228235;007;    ;0052761;MERCADINHO CAJUEIRO                               ;(74)98807-4724 ;010;103;PKK0690;       8,80;    0,01;02/01/2024;72;PDV FECHADO (HORARIO COM.)    ;   ;silva      ;14:19
215340                            ;02/01/2024;    ;228242;007;    ;0057085;DISTR. 24 HORAS                                   ;(74)98826-2801 ;010;107;PKK0690;     127,60;    0,16;02/01/2024;70;CLIENTE CANCELOU              ;   ;silva      ;14:21
215341                            ;02/01/2024;    ;228244;007;    ;0057540;Amorim  Bebidas                                   ;(41)98433-4505 ;010;105;OFB8B68;     924,01;    1,50;02/01/2024;70;CLIENTE CANCELOU              ;   ;silva      ;15:19
215341                            ;02/01/2024;    ;228245;007;    ;0053598;O GELADAO                                         ;(74)98812-7498 ;010;105;OFB8B68;    1023,50;    1,43;02/01/2024;70;CLIENTE CANCELOU              ;   ;silva      ;15:19
215341                            ;02/01/2024;    ;228246;007;    ;0053598;O GELADAO                                         ;(74)98812-7498 ;010;105;OFB8B68;      66,10;    0,09;02/01/2024;70;CLIENTE CANCELOU              ;   ;silva      ;15:19
215341                            ;02/01/2024;    ;228247;007;    ;0055538;EMPORIO DISTRIBUIDOR                              ;(74)98812-1072 ;010;102;OFB8B68;     916,49;    1,38;02/01/2024;70;CLIENTE CANCELOU              ;   ;silva      ;15:19
215341                            ;02/01/2024;    ;228267;007;    ;0062211;Rest E Bar Bahamas                                ;(74)98856-0662 ;010;105;OFB8B68;    1079,20;    1,60;02/01/2024;70;CLIENTE CANCELOU              ;   ;silva      ;15:18
215341                            ;02/01/2024;    ;228268;007;    ;0062211;Rest E Bar Bahamas                                ;(74)98856-0662 ;010;105;OFB8B68;     415,88;    0,90;02/01/2024;70;CLIENTE CANCELOU              ;   ;silva      ;15:18
215341                            ;02/01/2024;    ;228272;007;    ;0062481;PH DISTRIBUIDORA                                  ;(74)98824-6350 ;010;105;OFB8B68;    1047,90;    1,44;02/01/2024;70;CLIENTE CANCELOU              ;   ;silva      ;15:14
215341                            ;02/01/2024;    ;228273;007;    ;0062481;PH DISTRIBUIDORA                                  ;(74)98824-6350 ;010;105;OFB8B68;      69,31;    0,07;02/01/2024;70;CLIENTE CANCELOU              ;   ;silva      ;15:15
215341                            ;02/01/2024;    ;228274;007;    ;0062481;PH DISTRIBUIDORA                                  ;(74)98824-6350 ;010;105;OFB8B68;     249,50;    0,34;02/01/2024;70;CLIENTE CANCELOU              ;   ;silva      ;15:15
215341                            ;02/01/2024;    ;228275;007;    ;0062481;PH DISTRIBUIDORA                                  ;(74)98824-6350 ;010;105;OFB8B68;     254,46;    0,46;02/01/2024;70;CLIENTE CANCELOU              ;   ;silva      ;15:15
215341                            ;02/01/2024;    ;228276;007;    ;0062481;PH DISTRIBUIDORA                                  ;(74)98824-6350 ;010;105;OFB8B68;     499,00;    0,69;02/01/2024;70;CLIENTE CANCELOU              ;   ;silva      ;15:15
215341                            ;02/01/2024;    ;228277;007;    ;0062481;PH DISTRIBUIDORA                                  ;(74)98824-6350 ;010;105;OFB8B68;      41,90;    0,05;02/01/2024;70;CLIENTE CANCELOU              ;   ;silva      ;15:16
215341                            ;02/01/2024;    ;228278;007;    ;0062481;PH DISTRIBUIDORA                                  ;(74)98824-6350 ;010;105;OFB8B68;      75,40;    0,12;02/01/2024;70;CLIENTE CANCELOU              ;   ;silva      ;15:16
215341                            ;02/01/2024;    ;228279;007;    ;0051139;MERCADINHO ALENCAR                                ;(74)98811-4414 ;010;101;OFB8B68;     217,90;    0,43;02/01/2024;70;CLIENTE CANCELOU              ;   ;silva      ;15:16
215341                            ;02/01/2024;    ;228280;007;    ;0051139;MERCADINHO ALENCAR                                ;(74)98811-4414 ;010;101;OFB8B68;     404,34;    0,69;02/01/2024;70;CLIENTE CANCELOU              ;   ;silva      ;15:17
215341                            ;02/01/2024;    ;228281;007;    ;0051139;MERCADINHO ALENCAR                                ;(74)98811-4414 ;010;101;OFB8B68;      37,02;    0,12;02/01/2024;70;CLIENTE CANCELOU              ;   ;silva      ;15:17
215342                            ;02/01/2024;    ;228285;007;    ;0055199;MERCADINHO CAJARANA                               ;(74)99944-4687 ;010;109;RPR6D25;     511,04;    0,83;02/01/2024;72;PDV FECHADO (HORARIO COM.)    ;   ;silva      ;11:22
215342                            ;02/01/2024;    ;228286;007;    ;0055199;MERCADINHO CAJARANA                               ;(74)99944-4687 ;010;109;RPR6D25;      34,02;    0,12;02/01/2024;32;ENTREGA ATRASADA (BUFFER)     ;   ;silva      ;11:21
215342                            ;02/01/2024;    ;228287;007;    ;0055199;MERCADINHO CAJARANA                               ;(74)99944-4687 ;010;109;RPR6D25;       7,47;    0,00;02/01/2024;72;PDV FECHADO (HORARIO COM.)    ;   ;silva      ;11:21
215342                            ;02/01/2024;    ;228291;007;    ;0063049;MS DISTRIBUIDORA                                  ;(74)98825-8540 ;010;109;RPR6D25;     714,56;    0,75;02/01/2024;72;PDV FECHADO (HORARIO COM.)    ;   ;silva      ;11:22
215343                            ;02/01/2024;    ;228305;007;    ;0057068;MERC ZE MAGO                                      ;(74)98855-7706 ;010;101;RDN7A69;     468,93;    0,63;02/01/2024;70;CLIENTE CANCELOU              ;   ;silva      ;17:15
215343                            ;02/01/2024;    ;228306;007;    ;0054137;COMERC. TODO DIA                                  ;(74)98861-4199 ;010;101;RDN7A69;     274,90;    0,64;02/01/2024;82;ENDERECO NAO ENCONTRADO       ;   ;silva      ;17:14
215343                            ;02/01/2024;    ;228308;007;    ;0064003;DISTRIBUIDORA JOSI                                ;(74)98805-4619 ;010;105;RDN7A69;      15,24;    0,02;02/01/2024;82;ENDERECO NAO ENCONTRADO       ;DER;silva      ;17:16
215343                            ;02/01/2024;    ;228315;007;    ;0056903;DISTRIBUIDORA MA                                  ;(74)98819-8564 ;010;108;RDN7A69;     374,46;    0,65;02/01/2024;72;PDV FECHADO (HORARIO COM.)    ;   ;silva      ;17:15
215343                            ;02/01/2024;    ;228316;007;    ;0056903;DISTRIBUIDORA MA                                  ;(74)98819-8564 ;010;108;RDN7A69;     429,20;    0,64;02/01/2024;72;PDV FECHADO (HORARIO COM.)    ;   ;silva      ;17:16
215343                            ;02/01/2024;    ;228317;007;    ;0056903;DISTRIBUIDORA MA                                  ;(74)98819-8564 ;010;108;RDN7A69;     249,50;    0,34;02/01/2024;72;PDV FECHADO (HORARIO COM.)    ;DER;silva      ;17:16
215345                            ;02/01/2024;    ;228342;007;    ;0001781;VERONICE                                          ;(74)98857-9079 ;010;105;RPR6D25;     314,68;    0,40;02/01/2024;71;SEM DINHEIRO/CHEQUE           ;   ;silva      ;14:44
215345                            ;02/01/2024;    ;228346;007;    ;0057007;MERCADINHO IRACEMA                                ;(74)98849-3321 ;010;105;RPR6D25;      99,80;    0,13;02/01/2024;65;NAO FEZ PEDIDO                ;   ;silva      ;14:43
215345                            ;02/01/2024;    ;228347;007;    ;0057007;MERCADINHO IRACEMA                                ;(74)98849-3321 ;010;105;RPR6D25;      49,90;    0,06;02/01/2024;65;NAO FEZ PEDIDO                ;   ;silva      ;14:43
215345                            ;02/01/2024;    ;228348;007;    ;0057007;MERCADINHO IRACEMA                                ;(74)98849-3321 ;010;105;RPR6D25;     349,30;    0,48;02/01/2024;65;NAO FEZ PEDIDO                ;   ;silva      ;14:44
215345                            ;02/01/2024;    ;228351;007;    ;0003331;MERCADINHO RIBEIRO                                ;(74)98832-2694 ;010;105;RPR6D25;     100,80;    0,13;02/01/2024;71;SEM DINHEIRO/CHEQUE           ;   ;silva      ;14:44
215347                            ;02/01/2024;    ;228402;007;    ;0051033;MERCADINHO REI                                    ;(74) 8808-6411 ;010;101;NZM7723;    1735,80;    2,29;02/01/2024;72;PDV FECHADO (HORARIO COM.)    ;DER;silva      ;14:04
215348                            ;02/01/2024;    ;228416;007;    ;0063250;HOTEL E RESTAURANTE                               ;(71)98739-7233 ;010;105;EFV3713;     131,60;    0,90;02/01/2024;32;ENTREGA ATRASADA (BUFFER)     ;   ;silva      ;13:28
215348                            ;02/01/2024;    ;228417;007;    ;0063250;HOTEL E RESTAURANTE                               ;(71)98739-7233 ;010;105;EFV3713;     368,80;    0,33;02/01/2024;32;ENTREGA ATRASADA (BUFFER)     ;   ;silva      ;13:29
215348                            ;02/01/2024;    ;228418;007;    ;0054041;BUDEGA ALTAS HORAS                                ;(74)98846-2670 ;010;101;EFV3713;    1147,70;    1,58;02/01/2024;32;ENTREGA ATRASADA (BUFFER)     ;   ;silva      ;13:27
215348                            ;02/01/2024;    ;228419;007;    ;0054041;BUDEGA ALTAS HORAS                                ;(74)98846-2670 ;010;101;EFV3713;    1390,86;    1,93;02/01/2024;32;ENTREGA ATRASADA (BUFFER)     ;   ;silva      ;13:28
215348                            ;02/01/2024;    ;228420;007;    ;0054041;BUDEGA ALTAS HORAS                                ;(74)98846-2670 ;010;101;EFV3713;      61,80;    0,08;02/01/2024;32;ENTREGA ATRASADA (BUFFER)     ;   ;silva      ;13:27
215348                            ;02/01/2024;    ;228425;007;    ;0056154;TURMA DO COPO                                     ;(74)98819-9835 ;010;106;EFV3713;    1186,19;    1,47;02/01/2024;32;ENTREGA ATRASADA (BUFFER)     ;   ;silva      ;13:32
215348                            ;02/01/2024;    ;228432;007;    ;0057509;MERCADINHO 3 MARIAS                               ;(74)98821-8531 ;010;101;EFV3713;    2495,00;    3,45;02/01/2024;32;ENTREGA ATRASADA (BUFFER)     ;DER;silva      ;13:32
215349                            ;02/01/2024;    ;228443;007;    ;0050971;POINT DA ALGAROBA                                 ;(74)98846-6689 ;010;106;NKV3226;     147,18;    0,06;02/01/2024;70;CLIENTE CANCELOU              ;   ;silva      ;14:06
215349                            ;02/01/2024;    ;228445;007;    ;0063691;DIRTRIBUIDORA                                     ;(74)99966-8584 ;010;108;NKV3226;     283,40;    0,38;02/01/2024;71;SEM DINHEIRO/CHEQUE           ;   ;silva      ;14:05
215352                            ;02/01/2024;    ;228506;007;    ;0050887;FABRICA DE GELO OLIV                              ;(74)99922-2771 ;020;204;JSV0H59;    3863,10;    5,49;03/01/2024;71;SEM DINHEIRO/CHEQUE           ;   ;teles      ;22:29
215352                            ;02/01/2024;    ;228512;007;    ;0050887;FABRICA DE GELO OLIV                              ;(74)99922-2771 ;020;204;JSV0H59;    4320,28;    4,50;03/01/2024;71;SEM DINHEIRO/CHEQUE           ;   ;teles      ;22:29
215352                            ;02/01/2024;    ;228520;007;    ;0052994;BAR E MER DO LUCIANO                              ;(74)98110-8004 ;020;205;JSV0H59;      49,90;    0,06;03/01/2024;70;CLIENTE CANCELOU              ;   ;teles      ;22:29
215352                            ;02/01/2024;    ;228523;007;    ;0052994;BAR E MER DO LUCIANO                              ;(74)98110-8004 ;020;205;JSV0H59;     343,52;    0,60;03/01/2024;70;CLIENTE CANCELOU              ;   ;teles      ;22:28
215353                            ;02/01/2024;    ;228547;007;    ;0051502;SKINA BAR.                                        ;(74)98813-4220 ;020;202;JII1442;     640,26;    0,83;02/01/2024;82;ENDERECO NAO ENCONTRADO       ;   ;aloisio    ;18:54
215374                            ;03/01/2024;    ;228651;007;    ;0062618;PADARIA DO JACO                                   ;(74)98836-4982 ;020;206;RPM8D89;     158,10;    0,40;04/01/2024;70;CLIENTE CANCELOU              ;DER;aloisio    ;21:41
215374                            ;03/01/2024;    ;228686;007;    ;0064037;BOTECO DO ALFREDO                                 ;(74)99195-6423 ;020;206;RPM8D89;     272,50;    0,34;04/01/2024;72;PDV FECHADO (HORARIO COM.)    ;   ;aloisio    ;21:40
215374                            ;03/01/2024;    ;228687;007;    ;0064037;BOTECO DO ALFREDO                                 ;(74)99195-6423 ;020;206;RPM8D89;      48,34;    0,06;04/01/2024;72;PDV FECHADO (HORARIO COM.)    ;   ;aloisio    ;21:41
215376                            ;03/01/2024;    ;228810;007;    ;0051944;BAR DO VANU                                       ;(74)98106-8713 ;020;203;NZM4666;     285,07;    0,40;04/01/2024;72;PDV FECHADO (HORARIO COM.)    ;   ;silva      ;08:55
215376                            ;03/01/2024;    ;228818;007;    ;0051932;BAR DO LEGAL                                      ;(74)98115-3779 ;020;203;NZM4666;     342,08;    0,91;04/01/2024;71;SEM DINHEIRO/CHEQUE           ;   ;silva      ;09:04
215376                            ;03/01/2024;    ;228819;007;    ;0051932;BAR DO LEGAL                                      ;(74)98115-3779 ;020;203;NZM4666;      12,18;    0,02;04/01/2024;71;SEM DINHEIRO/CHEQUE           ;DER;silva      ;09:05
215376                            ;03/01/2024;    ;228840;007;    ;0055200;PONTO DO ACAI GOUMER                              ;(74)98116-4940 ;020;203;NZM4666;     193,68;    0,46;04/01/2024;72;PDV FECHADO (HORARIO COM.)    ;   ;silva      ;09:04
215376                            ;03/01/2024;    ;228843;007;    ;0054449;MERCADINHO GABRIEL                                ;(74)98113-0969 ;020;203;NZM4666;     403,45;    1,32;04/01/2024;86;HORARIO DE ENTREGA            ;   ;silva      ;09:05
215376                            ;03/01/2024;    ;228847;007;    ;0062099;VANYS BAR                                         ;(74)98109-7217 ;020;203;NZM4666;     155,55;    0,23;04/01/2024;89;PDV FECHADO APOS HORARIO      ;   ;silva      ;08:59
215384                            ;03/01/2024;    ;229148;007;    ;0051108;MERC ECONIMIX                                     ;(74) 3538-1198 ;020;202;SJQ9B60;     349,20;    0,09;04/01/2024;63;PRODUTO / QTDE. ERRADA        ;   ;aloisio    ;18:14
215384                            ;03/01/2024;    ;229165;007;    ;0057445;COM. REI DA GELA                                  ;(74)98873-9039 ;020;202;SJQ9B60;     948,10;    1,31;04/01/2024;70;CLIENTE CANCELOU              ;   ;aloisio    ;18:13
215385                            ;03/01/2024;    ;229177;007;    ;0057459;VALEMIX COMERCIO ATA                              ;(74)98817-0734 ;020;202;RPJ2H66;     405,72;    0,78;04/01/2024;62;FORMA PAGAMENTO ERRADA        ;   ;silva      ;15:52
215389                            ;03/01/2024;    ;229292;007;    ;0053648;REST.LEDAIANA                                     ;(74)98839-0726 ;010;108;RDN7A69;     147,16;    0,24;03/01/2024;89;PDV FECHADO APOS HORARIO      ;   ;ediziene   ;16:29
215389                            ;03/01/2024;    ;229306;007;    ;0051241;ESPACO 10                                         ;(74) 8817-6093 ;010;108;RDN7A69;      57,18;    0,07;03/01/2024;89;PDV FECHADO APOS HORARIO      ;   ;ediziene   ;16:29
215389                            ;03/01/2024;    ;229310;007;    ;0055476;MERC TRABUCO                                      ;(74)98804-1177 ;010;101;RDN7A69;      52,36;    0,16;03/01/2024;89;PDV FECHADO APOS HORARIO      ;   ;ediziene   ;16:29
215389                            ;03/01/2024;    ;229311;007;    ;0055476;MERC TRABUCO                                      ;(74)98804-1177 ;010;101;RDN7A69;      99,80;    0,13;03/01/2024;89;PDV FECHADO APOS HORARIO      ;   ;ediziene   ;16:30
215389                            ;03/01/2024;    ;229312;007;    ;0055476;MERC TRABUCO                                      ;(74)98804-1177 ;010;101;RDN7A69;      66,80;    0,08;03/01/2024;89;PDV FECHADO APOS HORARIO      ;   ;ediziene   ;16:30
215403                            ;03/01/2024;    ;229611;007;    ;0063431;Donna do espeto                                   ;(74)99108-5622 ;010;106;OFB8B68;     149,70;    0,20;03/01/2024;70;CLIENTE CANCELOU              ;   ;ediziene   ;13:47
215403                            ;03/01/2024;    ;229612;007;    ;0063431;Donna do espeto                                   ;(74)99108-5622 ;010;106;OFB8B68;     199,60;    0,27;03/01/2024;70;CLIENTE CANCELOU              ;   ;ediziene   ;13:48
215403                            ;03/01/2024;    ;229613;007;    ;0063431;Donna do espeto                                   ;(74)99108-5622 ;010;106;OFB8B68;     208,96;    0,22;03/01/2024;70;CLIENTE CANCELOU              ;   ;ediziene   ;13:48
215406                            ;03/01/2024;    ;229677;007;    ;0062713;DISTRIBUIDORA JJC                                 ;(12)99641-1251 ;010;109;NKV3226;     998,00;    1,38;03/01/2024;85;DIFICIL ACESSO                ;   ;ediziene   ;16:40
215406                            ;03/01/2024;    ;229678;007;    ;0062713;DISTRIBUIDORA JJC                                 ;(12)99641-1251 ;010;109;NKV3226;       8,80;    0,01;03/01/2024;85;DIFICIL ACESSO                ;   ;ediziene   ;16:40
215406                            ;03/01/2024;    ;229679;007;    ;0054209;COM. DE BEB. C e C                                ;(74)99975-8638 ;010;109;NKV3226;      50,28;    0,06;03/01/2024;85;DIFICIL ACESSO                ;   ;ediziene   ;16:39
215406                            ;03/01/2024;    ;229680;007;    ;0054209;COM. DE BEB. C e C                                ;(74)99975-8638 ;010;109;NKV3226;     684,23;    0,97;03/01/2024;85;DIFICIL ACESSO                ;   ;ediziene   ;16:39
215440                            ;04/01/2024;    ;230191;007;    ;0056549;DISTRIBUIDORA ALVES                               ;(74)98862-4539 ;020;202;OUG2987;      99,80;    0,13;04/01/2024;64;SEM VASILHAME                 ;   ;silva      ;16:53
215440                            ;04/01/2024;    ;230192;007;    ;0056549;DISTRIBUIDORA ALVES                               ;(74)98862-4539 ;020;202;OUG2987;      99,80;    0,13;04/01/2024;64;SEM VASILHAME                 ;   ;silva      ;16:54
215442                            ;04/01/2024;    ;230229;007;    ;0050541;MERC COMPRE BEM                                   ;(74)98815-1563 ;010;101;KJP3656;    1971,42;    3,16;04/01/2024;70;CLIENTE CANCELOU              ;   ;silva      ;15:35
215442                            ;04/01/2024;    ;230232;007;    ;0064099;COZINHA COM AMOR                                  ;(74)98853-7673 ;010;108;KJP3656;     269,22;    0,58;04/01/2024;65;NAO FEZ PEDIDO                ;   ;silva      ;15:35
215442                            ;04/01/2024;    ;230234;007;    ;0056481;DIST DE BEB DO LUAN                               ;(74)98116-0700 ;010;103;KJP3656;     199,60;    0,27;04/01/2024;72;PDV FECHADO (HORARIO COM.)    ;   ;silva      ;15:34
215442                            ;04/01/2024;    ;230235;007;    ;0056481;DIST DE BEB DO LUAN                               ;(74)98116-0700 ;010;103;KJP3656;     548,90;    0,75;04/01/2024;72;PDV FECHADO (HORARIO COM.)    ;   ;silva      ;15:34
215442                            ;04/01/2024;    ;230236;007;    ;0056481;DIST DE BEB DO LUAN                               ;(74)98116-0700 ;010;103;KJP3656;      99,80;    0,13;04/01/2024;72;PDV FECHADO (HORARIO COM.)    ;   ;silva      ;15:34
215444                            ;04/01/2024;    ;230306;007;    ;0051662;ALEX BAR                                          ;(74)98808-1939 ;010;107;OZF1202;     820,10;    1,44;04/01/2024;70;CLIENTE CANCELOU              ;   ;silva      ;17:36
215479                            ;05/01/2024;    ;230712;007;    ;0064245;COM SILVA JARDIM                                  ;(74)98846-2952 ;020;206;RDC5J22;     113,14;    0,28;06/01/2024;70;CLIENTE CANCELOU              ;   ;silva      ;17:03
215491                            ;05/01/2024;    ;231228;007;    ;0052887;SORVETERIA E PIZZA                                ;(74)98113-6206 ;020;206;RPM8D89;      77,02;    0,16;08/01/2024;72;PDV FECHADO (HORARIO COM.)    ;   ;aloisio    ;20:57
215491                            ;05/01/2024;    ;231229;007;    ;0052887;SORVETERIA E PIZZA                                ;(74)98113-6206 ;020;206;RPM8D89;     256,25;    0,65;08/01/2024;72;PDV FECHADO (HORARIO COM.)    ;   ;aloisio    ;20:57
215492                            ;05/01/2024;    ;231247;007;    ;0003696;MERCEARIA EVANGELIST                              ;(74)98102-3752 ;020;204;RDC8F64;     203,01;    0,33;08/01/2024;72;PDV FECHADO (HORARIO COM.)    ;   ;teles      ;21:21
215492                            ;05/01/2024;    ;231292;007;    ;0056038;Reste Petiscaria Sol                              ;(74)98125-9395 ;020;204;RDC8F64;     206,59;    0,43;08/01/2024;72;PDV FECHADO (HORARIO COM.)    ;   ;teles      ;21:22
215492                            ;05/01/2024;    ;231294;007;    ;0054421;LANCHONETE DONA ROSY                              ;(74)90000-0000 ;020;204;RDC8F64;     192,18;    0,32;08/01/2024;72;PDV FECHADO (HORARIO COM.)    ;   ;teles      ;21:22
215492                            ;05/01/2024;    ;231300;007;    ;0050040;MERCADINHO ALMEIDA                                ;(74)93535-1154 ;020;204;RDC8F64;      99,60;    0,23;08/01/2024;72;PDV FECHADO (HORARIO COM.)    ;   ;teles      ;21:21
215494                            ;05/01/2024;    ;231386;007;    ;0060865;ESPETINHO DO NETO                                 ;(74)98809-6172 ;010;111;OFB8B98;     210,84;    0,60;05/01/2024;32;ENTREGA ATRASADA (BUFFER)     ;   ;ediziene   ;14:25
215496                            ;05/01/2024;    ;231427;007;    ;0051839;BAR DO NILDO                                      ;(74) 8827-6613 ;010;108;PKK8518;     100,57;    0,13;05/01/2024;87;TEMPO INSUFICIENTE            ;   ;teles      ;18:41
215496                            ;05/01/2024;    ;231461;007;    ;0060306;DISTRIBUIDORA DE BEB                              ;(74)98818-4926 ;010;108;PKK8518;      99,80;    0,13;05/01/2024;87;TEMPO INSUFICIENTE            ;   ;teles      ;18:41
215496                            ;05/01/2024;    ;231462;007;    ;0060306;DISTRIBUIDORA DE BEB                              ;(74)98818-4926 ;010;108;PKK8518;      99,80;    0,13;05/01/2024;87;TEMPO INSUFICIENTE            ;   ;teles      ;18:41
215496                            ;05/01/2024;    ;231463;007;    ;0063213;MG BEBIDAS                                        ;(74)98851-8379 ;010;107;PKK8518;      49,90;    0,06;05/01/2024;87;TEMPO INSUFICIENTE            ;   ;teles      ;18:43
215496                            ;05/01/2024;    ;231464;007;    ;0063213;MG BEBIDAS                                        ;(74)98851-8379 ;010;107;PKK8518;      49,90;    0,06;05/01/2024;87;TEMPO INSUFICIENTE            ;   ;teles      ;18:42
215496                            ;05/01/2024;    ;231465;007;    ;0063213;MG BEBIDAS                                        ;(74)98851-8379 ;010;107;PKK8518;      99,80;    0,13;05/01/2024;87;TEMPO INSUFICIENTE            ;   ;teles      ;18:42
215496                            ;05/01/2024;    ;231466;007;    ;0063213;MG BEBIDAS                                        ;(74)98851-8379 ;010;107;PKK8518;     249,50;    0,34;05/01/2024;87;TEMPO INSUFICIENTE            ;   ;teles      ;18:42
215496                            ;05/01/2024;    ;231467;007;    ;0063213;MG BEBIDAS                                        ;(74)98851-8379 ;010;107;PKK8518;      49,90;    0,06;05/01/2024;87;TEMPO INSUFICIENTE            ;   ;teles      ;18:42
215497                            ;05/01/2024;    ;231494;007;    ;0062782;PONTO DO BRAZ                                     ;(74)99104-5019 ;010;105;JII1442;     199,60;    0,27;05/01/2024;70;CLIENTE CANCELOU              ;   ;ediziene   ;16:31
215497                            ;05/01/2024;    ;231495;007;    ;0062782;PONTO DO BRAZ                                     ;(74)99104-5019 ;010;105;JII1442;      34,02;    0,12;05/01/2024;70;CLIENTE CANCELOU              ;   ;ediziene   ;16:32
215499                            ;05/01/2024;    ;231547;007;    ;0064196;J S TRANSPORTES                                   ;(74)99818-1047 ;010;108;OUG2987;     232,12;    0,76;05/01/2024;89;PDV FECHADO APOS HORARIO      ;   ;ediziene   ;17:33
215500                            ;05/01/2024;    ;231575;007;    ;0053043;QUI PETISCO                                       ;(74)98842-0136 ;010;105;NZM5543;    1263,73;    1,59;05/01/2024;63;PRODUTO / QTDE. ERRADA        ;   ;ediziene   ;16:49
215504                            ;05/01/2024;    ;231738;007;    ;0054417;COMERCIAL LOPES                                   ;(74)98816-2670 ;010;102;PKK0690;     264,80;    0,40;05/01/2024;72;PDV FECHADO (HORARIO COM.)    ;   ;ediziene   ;14:42
215504                            ;05/01/2024;    ;231739;007;    ;0054417;COMERCIAL LOPES                                   ;(74)98816-2670 ;010;102;PKK0690;     159,50;    0,21;05/01/2024;72;PDV FECHADO (HORARIO COM.)    ;   ;ediziene   ;14:43
215504                            ;05/01/2024;    ;231740;007;    ;0054417;COMERCIAL LOPES                                   ;(74)98816-2670 ;010;102;PKK0690;     212,40;    0,60;05/01/2024;72;PDV FECHADO (HORARIO COM.)    ;   ;ediziene   ;14:43
215505                            ;05/01/2024;    ;231778;007;    ;0058565;TRÊS MARIA                                        ;(74)99802-3241 ;010;105;NZM8419;     109,00;    0,13;05/01/2024;82;ENDERECO NAO ENCONTRADO       ;   ;ediziene   ;16:59
215505                            ;05/01/2024;    ;231779;007;    ;0058565;TRÊS MARIA                                        ;(74)99802-3241 ;010;105;NZM8419;      13,94;    0,06;05/01/2024;82;ENDERECO NAO ENCONTRADO       ;   ;ediziene   ;16:59
215507                            ;05/01/2024;    ;231841;007;    ;0061802;SIMONE SALGADOS                                   ;(74)98854-6507 ;010;107;RDN7A69;     763,72;    1,19;05/01/2024;72;PDV FECHADO (HORARIO COM.)    ;   ;ediziene   ;11:06
215534                            ;06/01/2024;    ;232004;007;    ;0057775;MERCADINHO BATISTA                                ;(74)99189-2485 ;010;111;RPP6J11;     352,61;    0,45;08/01/2024;72;PDV FECHADO (HORARIO COM.)    ;   ;teles      ;04:41
215534                            ;06/01/2024;    ;232005;007;    ;0057775;MERCADINHO BATISTA                                ;(74)99189-2485 ;010;111;RPP6J11;      42,48;    0,12;08/01/2024;72;PDV FECHADO (HORARIO COM.)    ;   ;teles      ;04:40
215536                            ;06/01/2024;    ;232075;007;    ;0055512;MERCEARIA DA NEINHA                               ;(74)98848-0824 ;020;201;RPP0E77;     393,71;    0,38;08/01/2024;71;SEM DINHEIRO/CHEQUE           ;   ;teles      ;21:39
215536                            ;06/01/2024;    ;232110;007;    ;0055800;MINI MERCADO                                      ;(74) 8827-4754 ;020;201;RPP0E77;     211,74;    0,33;08/01/2024;72;PDV FECHADO (HORARIO COM.)    ;   ;teles      ;21:40
215536                            ;06/01/2024;    ;232111;007;    ;0055800;MINI MERCADO                                      ;(74) 8827-4754 ;020;201;RPP0E77;      14,47;    0,01;08/01/2024;72;PDV FECHADO (HORARIO COM.)    ;DER;teles      ;21:39
215538                            ;06/01/2024;    ;232193;007;    ;0053697;DISTRIB. MEDRADO                                  ;(74) 3612-7364 ;010;111;OFB8B68;    1156,54;    1,58;06/01/2024;70;CLIENTE CANCELOU              ;   ;silva      ;16:42
215540                            ;06/01/2024;    ;232266;007;    ;0054632;BAR E RESTAURANTE UA                              ;(74)99918-6274 ;010;109;JII1442;     791,80;    1,48;06/01/2024;72;PDV FECHADO (HORARIO COM.)    ;   ;aloisio    ;19:22
215540                            ;06/01/2024;    ;232267;007;    ;0054632;BAR E RESTAURANTE UA                              ;(74)99918-6274 ;010;109;JII1442;      14,86;    0,00;06/01/2024;72;PDV FECHADO (HORARIO COM.)    ;   ;aloisio    ;19:22
215540                            ;06/01/2024;    ;232272;007;    ;0054118;JORRINHO                                          ;(74)99919-1470 ;010;109;JII1442;     183,83;    0,54;06/01/2024;64;SEM VASILHAME                 ;   ;aloisio    ;19:21
215540                            ;06/01/2024;    ;232273;007;    ;0054118;JORRINHO                                          ;(74)99919-1470 ;010;109;JII1442;      11,58;    0,01;06/01/2024;64;SEM VASILHAME                 ;   ;aloisio    ;19:21
215542                            ;06/01/2024;    ;232362;007;    ;0062728;DIST. E RESTAURANTE                               ;(74)98855-2197 ;010;108;RDN1D46;      14,06;    0,06;06/01/2024;72;PDV FECHADO (HORARIO COM.)    ;   ;silva      ;14:39
215542                            ;06/01/2024;    ;232363;007;    ;0062728;DIST. E RESTAURANTE                               ;(74)98855-2197 ;010;108;RDN1D46;      99,80;    0,13;06/01/2024;72;PDV FECHADO (HORARIO COM.)    ;   ;silva      ;14:39
215542                            ;06/01/2024;    ;232364;007;    ;0062728;DIST. E RESTAURANTE                               ;(74)98855-2197 ;010;108;RDN1D46;     138,72;    0,32;06/01/2024;72;PDV FECHADO (HORARIO COM.)    ;   ;silva      ;14:40
215542                            ;06/01/2024;    ;232365;007;    ;0062728;DIST. E RESTAURANTE                               ;(74)98855-2197 ;010;108;RDN1D46;      40,92;    0,12;06/01/2024;72;PDV FECHADO (HORARIO COM.)    ;   ;silva      ;14:40
215542                            ;06/01/2024;    ;232382;007;    ;0062044;MARIA DE LOURDES                                  ;(74)98834-3343 ;010;108;RDN1D46;     316,04;    0,44;06/01/2024;70;CLIENTE CANCELOU              ;   ;silva      ;14:40
215542                            ;06/01/2024;    ;232383;007;    ;0062044;MARIA DE LOURDES                                  ;(74)98834-3343 ;010;108;RDN1D46;      99,80;    0,13;06/01/2024;70;CLIENTE CANCELOU              ;DER;silva      ;14:40
215545                            ;06/01/2024;    ;232464;007;    ;0057385;GR DISTRIBUIDORA                                  ;(74)99930-0343 ;010;107;PKL6654;      99,80;    0,13;06/01/2024;72;PDV FECHADO (HORARIO COM.)    ;   ;silva      ;17:35
215545                            ;06/01/2024;    ;232465;007;    ;0064264;NEUSIVAN BARBOSA DE                               ;(74)98817-0867 ;010;107;PKL6654;     145,88;    0,60;06/01/2024;72;PDV FECHADO (HORARIO COM.)    ;   ;silva      ;17:35
215548                            ;06/01/2024;    ;232574;007;    ;0062518;NETINHA BEBIDAS                                   ;(74)98803-6911 ;010;103;OVB5042;     814,50;    1,03;06/01/2024;72;PDV FECHADO (HORARIO COM.)    ;   ;silva      ;17:22
215554                            ;06/01/2024;    ;232773;007;    ;0050065;CALDINHO AVENIDA                                  ;(87)98849-7442 ;010;106;SJQ9B60;    1110,49;    1,48;06/01/2024;72;PDV FECHADO (HORARIO COM.)    ;   ;silva      ;16:25
215554                            ;06/01/2024;    ;232774;007;    ;0050065;CALDINHO AVENIDA                                  ;(87)98849-7442 ;010;106;SJQ9B60;      49,90;    0,06;06/01/2024;72;PDV FECHADO (HORARIO COM.)    ;   ;silva      ;16:25
215556                            ;06/01/2024;    ;232806;007;    ;0000713;CANTINHO DO CALDO                                 ;(74)98808-4330 ;010;105;KHL4414;     123,27;    0,36;06/01/2024;70;CLIENTE CANCELOU              ;   ;silva      ;14:19
215557                            ;06/01/2024;    ;232840;007;    ;0052904;THIAGO BEBIDAS                                    ;(74) 8809-6994 ;010;102;PKK8518;     243,99;    0,31;06/01/2024;72;PDV FECHADO (HORARIO COM.)    ;   ;silva      ;16:36
215557                            ;06/01/2024;    ;232841;007;    ;0052904;THIAGO BEBIDAS                                    ;(74) 8809-6994 ;010;102;PKK8518;     468,90;    0,62;06/01/2024;72;PDV FECHADO (HORARIO COM.)    ;   ;silva      ;16:36
215557                            ;06/01/2024;    ;232842;007;    ;0052904;THIAGO BEBIDAS                                    ;(74) 8809-6994 ;010;102;PKK8518;     941,22;    1,94;06/01/2024;72;PDV FECHADO (HORARIO COM.)    ;   ;silva      ;16:35
215557                            ;06/01/2024;    ;232843;007;    ;0052904;THIAGO BEBIDAS                                    ;(74) 8809-6994 ;010;102;PKK8518;      99,80;    0,13;06/01/2024;72;PDV FECHADO (HORARIO COM.)    ;   ;silva      ;16:35
215557                            ;06/01/2024;    ;232844;007;    ;0056154;TURMA DO COPO                                     ;(74)98819-9835 ;010;106;PKK8518;     143,54;    0,15;06/01/2024;72;PDV FECHADO (HORARIO COM.)    ;   ;silva      ;16:34
215559                            ;06/01/2024;    ;232889;007;    ;0058459;KAYLA CAIANNE                                     ;(74)98825-3060 ;010;105;NZM8419;    1048,25;    1,50;06/01/2024;32;ENTREGA ATRASADA (BUFFER)     ;   ;silva      ;14:33
215560                            ;06/01/2024;    ;232928;007;    ;0057559;Andreza Distribuidor                              ;(74)99100-8110 ;010;106;NZM7723;     349,30;    0,48;06/01/2024;72;PDV FECHADO (HORARIO COM.)    ;   ;silva      ;16:19
215560                            ;06/01/2024;    ;232941;007;    ;0063786;BETE EVENTOS                                      ;(74)98843-3765 ;010;106;NZM7723;     285,92;    0,23;06/01/2024;82;ENDERECO NAO ENCONTRADO       ;   ;silva      ;16:20
215589                            ;08/01/2024;    ;233003;007;    ;0063183;MARANHaO DISTRIBUID                               ;(71)99652-2025 ;020;206;RDC5J22;     499,00;    0,69;09/01/2024;43;Forma de Pagamento            ;   ;teles      ;21:18
215589                            ;08/01/2024;    ;233004;007;    ;0063183;MARANHaO DISTRIBUID                               ;(71)99652-2025 ;020;206;RDC5J22;     127,44;    0,36;09/01/2024;42;Produto/Quantidade Errada     ;   ;teles      ;21:18
215593                            ;08/01/2024;    ;233120;007;    ;0060849;MERC.PAGUE MENOS                                  ;(74)98141-1084 ;020;203;OZE4956;      98,24;    0,36;09/01/2024;63;PRODUTO / QTDE. ERRADA        ;   ;ediziene   ;15:14
215593                            ;08/01/2024;    ;233123;007;    ;0052384;BAR DA RENA                                       ;(74) 3523-7054 ;020;203;OZE4956;      43,74;    0,01;09/01/2024;71;SEM DINHEIRO/CHEQUE           ;DER;ediziene   ;15:15
215593                            ;08/01/2024;    ;233124;007;    ;0052384;BAR DA RENA                                       ;(74) 3523-7054 ;020;203;OZE4956;      47,65;    0,06;09/01/2024;71;SEM DINHEIRO/CHEQUE           ;   ;ediziene   ;15:15
215612                            ;08/01/2024;    ;233716;007;    ;0064215;RESTAURANTE DO JOSA                               ;(87)99997-3323 ;010;111;NZM5543;     470,00;    0,60;08/01/2024;63;PRODUTO / QTDE. ERRADA        ;   ;silva      ;16:29
215618                            ;08/01/2024;    ;233844;007;    ;0051617;PASTELARIA BOM SABOR                              ;(74)98844-8031 ;020;202;NZM9993;    1660,80;    1,93;09/01/2024;72;PDV FECHADO (HORARIO COM.)    ;   ;teles      ;18:56
215620                            ;08/01/2024;    ;233940;007;    ;0062354;MARTIM DISTRIBUIDORA                              ;(74)98809-0258 ;010;103;SJQ9B60;    1047,50;    1,05;08/01/2024;70;CLIENTE CANCELOU              ;   ;silva      ;17:26
215623                            ;08/01/2024;    ;234061;007;    ;0057262;Fini Embalagens                                   ;(74)98839-1642 ;010;108;KJP3656;      97,55;    0,13;08/01/2024;50;CARGA ERRADA ARMAZEM          ;   ;silva      ;17:50
215628                            ;08/01/2024;    ;234178;007;    ;0054538;MERCADINHO JW                                     ;(87)98878-1545 ;010;105;KHL4414;   28444,80;   38,02;19/01/2024;91;CONSIGNACAO                   ;   ;alyson     ;17:36
215654                            ;09/01/2024;    ;234197;007;    ;0050164;BAR BERNARDINO                                    ;(74)99956-7353 ;020;206;RPJ2H66;     272,50;    0,34;10/01/2024;70;CLIENTE CANCELOU              ;   ;aloisio    ;22:11
215654                            ;09/01/2024;    ;234200;007;    ;0050164;BAR BERNARDINO                                    ;(74)99956-7353 ;020;206;RPJ2H66;     433,53;    0,55;10/01/2024;70;CLIENTE CANCELOU              ;   ;aloisio    ;22:11
215654                            ;09/01/2024;    ;234265;007;    ;0052241;CHURRASCARIA GOMES                                ;(74)98847-9071 ;020;206;RPJ2H66;     343,60;    0,48;10/01/2024;42;Produto/Quantidade Errada     ;   ;aloisio    ;22:24
215654                            ;09/01/2024;    ;234267;007;    ;0052241;CHURRASCARIA GOMES                                ;(74)98847-9071 ;020;206;RPJ2H66;      85,90;    0,12;10/01/2024;42;Produto/Quantidade Errada     ;   ;aloisio    ;22:25
215660                            ;09/01/2024;    ;234483;007;    ;0058262;CHEGOU AGORA                                      ;(74)99806-6725 ;020;202;SJQ9B60;    1041,74;    1,39;10/01/2024;71;SEM DINHEIRO/CHEQUE           ;   ;silva      ;15:24
215660                            ;09/01/2024;    ;234484;007;    ;0058262;CHEGOU AGORA                                      ;(74)99806-6725 ;020;202;SJQ9B60;      58,78;    0,08;10/01/2024;71;SEM DINHEIRO/CHEQUE           ;   ;silva      ;15:24
215660                            ;09/01/2024;    ;234501;007;    ;0055781;REI DO SUCO                                       ;(74)98853-7570 ;020;202;SJQ9B60;     719,34;    0,92;10/01/2024;63;PRODUTO / QTDE. ERRADA        ;   ;silva      ;15:23
215660                            ;09/01/2024;    ;234502;007;    ;0063692;DIST FERREIRA                                     ;(75)99824-8828 ;020;202;SJQ9B60;      37,92;    0,06;10/01/2024;63;PRODUTO / QTDE. ERRADA        ;   ;silva      ;15:23
215662                            ;09/01/2024;    ;234538;007;    ;0053675;MERCADINHO DO DIEGO                               ;(74)98826-5085 ;020;201;NZM5543;     417,28;    0,71;09/01/2024;64;SEM VASILHAME                 ;   ;teles      ;21:30
215670                            ;09/01/2024;    ;234806;007;    ;0052625;GRANDES SONHOS                                    ;(74)98804-7010 ;010;107;RDN7A69;      77,00;    0,21;09/01/2024;87;TEMPO INSUFICIENTE            ;   ;teles      ;19:10
215670                            ;09/01/2024;    ;234807;007;    ;0052625;GRANDES SONHOS                                    ;(74)98804-7010 ;010;107;RDN7A69;     113,00;    0,13;09/01/2024;87;TEMPO INSUFICIENTE            ;   ;teles      ;19:10
215670                            ;09/01/2024;    ;234808;007;    ;0052625;GRANDES SONHOS                                    ;(74)98804-7010 ;010;107;RDN7A69;      49,90;    0,06;09/01/2024;87;TEMPO INSUFICIENTE            ;   ;teles      ;19:09
215670                            ;09/01/2024;    ;234809;007;    ;0025463;LANCHONETE BOM SABOR                              ;(74)98826-4437 ;010;107;RDN7A69;      99,80;    0,13;09/01/2024;87;TEMPO INSUFICIENTE            ;   ;teles      ;19:09
215670                            ;09/01/2024;    ;234810;007;    ;0025463;LANCHONETE BOM SABOR                              ;(74)98826-4437 ;010;107;RDN7A69;      39,30;    0,12;09/01/2024;87;TEMPO INSUFICIENTE            ;   ;teles      ;19:09
215670                            ;09/01/2024;    ;234811;007;    ;0056784;JOSINA ROSA DA CONCE                              ;(74)98104-7940 ;010;107;RDN7A69;      99,80;    0,13;09/01/2024;87;TEMPO INSUFICIENTE            ;   ;teles      ;19:09
215670                            ;09/01/2024;    ;234812;007;    ;0056784;JOSINA ROSA DA CONCE                              ;(74)98104-7940 ;010;107;RDN7A69;     149,70;    0,20;09/01/2024;87;TEMPO INSUFICIENTE            ;   ;teles      ;19:09
215670                            ;09/01/2024;    ;234813;007;    ;0056784;JOSINA ROSA DA CONCE                              ;(74)98104-7940 ;010;107;RDN7A69;     249,50;    0,34;09/01/2024;87;TEMPO INSUFICIENTE            ;   ;teles      ;19:09
215670                            ;09/01/2024;    ;234815;007;    ;0003439;DEPOSITO DO MAZINHO                               ;(74)98816-7060 ;010;107;RDN7A69;     245,40;    0,33;09/01/2024;87;TEMPO INSUFICIENTE            ;   ;teles      ;19:08
215671                            ;09/01/2024;    ;234824;007;    ;0063509;BAIRRO FARMA                                      ;(87)98863-5657 ;010;108;RDN1D46;     251,58;    0,58;09/01/2024;81;PRODUTO DANIFICADO / FALTA    ;   ;teles      ;18:58
215671                            ;09/01/2024;    ;234828;007;    ;0053600;REST MISTER GRILL                                 ;(74)98808-2518 ;010;108;RDN1D46;     386,58;    0,86;09/01/2024;64;SEM VASILHAME                 ;   ;teles      ;18:58
215671                            ;09/01/2024;    ;234829;007;    ;0053600;REST MISTER GRILL                                 ;(74)98808-2518 ;010;108;RDN1D46;     184,86;    0,14;09/01/2024;64;SEM VASILHAME                 ;   ;teles      ;18:58
215711                            ;10/01/2024;    ;235523;007;    ;0051932;BAR DO LEGAL                                      ;(74)98115-3779 ;020;203;OZE4956;     250,18;    0,59;11/01/2024;71;SEM DINHEIRO/CHEQUE           ;   ;ediziene   ;11:07
215716                            ;10/01/2024;    ;235706;007;    ;0055413;MERCADINHO TELES                                  ;(74)98802-0455 ;020;201;RCQ9D86;    1516,86;    2,05;11/01/2024;70;CLIENTE CANCELOU              ;   ;aloisio    ;03:11
215717                            ;10/01/2024;    ;235765;007;    ;0063387;BAR E RESTAURANTE SO                              ;(74)98806-3115 ;020;202;RPM8D89;     998,00;    1,38;11/01/2024;64;SEM VASILHAME                 ;DER;teles      ;19:14
215717                            ;10/01/2024;    ;235766;007;    ;0055644;COMERCIAL CANTURIL                                ;(74) 3538-1628 ;020;202;RPM8D89;    2017,06;    3,45;11/01/2024;64;SEM VASILHAME                 ;   ;teles      ;19:13
215719                            ;10/01/2024;    ;235860;007;    ;0064309;BARRACO DO CAFE                                   ;(74)98151-8921 ;010;107;RDN1D46;      30,04;    0,12;10/01/2024;71;SEM DINHEIRO/CHEQUE           ;   ;silva      ;14:23
215719                            ;10/01/2024;    ;235861;007;    ;0064309;BARRACO DO CAFE                                   ;(74)98151-8921 ;010;107;RDN1D46;      14,86;    0,00;10/01/2024;71;SEM DINHEIRO/CHEQUE           ;   ;silva      ;14:23
215726                            ;10/01/2024;    ;235966;007;    ;0001131;RUGIS BAR                                         ;(74)99909-7338 ;010;107;PKK8518;    2045,21;    3,27;11/01/2024;89;PDV FECHADO APOS HORARIO      ;   ;ediziene   ;11:12
215726                            ;10/01/2024;    ;235972;007;    ;0050592;BAR DA JOSELICE                                   ;(74)99803-2980 ;010;107;PKK8518;     783,56;    1,20;11/01/2024;87;TEMPO INSUFICIENTE            ;   ;ediziene   ;11:12
215729                            ;10/01/2024;    ;236034;007;    ;0063856;CHOPERIA DOS AMIGOS                               ;(74)98847-7110 ;010;109;KJP3656;     272,50;    0,34;10/01/2024;71;SEM DINHEIRO/CHEQUE           ;   ;silva      ;17:33
215729                            ;10/01/2024;    ;236035;007;    ;0063856;CHOPERIA DOS AMIGOS                               ;(74)98847-7110 ;010;109;KJP3656;     490,50;    0,62;10/01/2024;71;SEM DINHEIRO/CHEQUE           ;   ;silva      ;17:33
215729                            ;10/01/2024;    ;236036;007;    ;0063856;CHOPERIA DOS AMIGOS                               ;(74)98847-7110 ;010;109;KJP3656;     109,00;    0,13;10/01/2024;71;SEM DINHEIRO/CHEQUE           ;   ;silva      ;17:34
215730                            ;10/01/2024;    ;236063;007;    ;0050085;SUPER IMPERADOR                                   ;(74) 3612-8681 ;080;811;NKV3226;     820,33;    1,00;10/01/2024;70;CLIENTE CANCELOU              ;   ;silva      ;17:04
215730                            ;10/01/2024;    ;236064;007;    ;0050085;SUPER IMPERADOR                                   ;(74) 3612-8681 ;080;811;NKV3226;    1562,44;    2,47;10/01/2024;70;CLIENTE CANCELOU              ;   ;silva      ;17:05
215730                            ;10/01/2024;    ;236065;007;    ;0050085;SUPER IMPERADOR                                   ;(74) 3612-8681 ;080;811;NKV3226;     696,34;    1,27;10/01/2024;70;CLIENTE CANCELOU              ;   ;silva      ;17:05
215730                            ;10/01/2024;    ;236066;007;    ;0050085;SUPER IMPERADOR                                   ;(74) 3612-8681 ;080;811;NKV3226;       7,73;    0,00;10/01/2024;70;CLIENTE CANCELOU              ;DER;silva      ;17:04
215731                            ;10/01/2024;    ;236096;007;    ;0057783;Dino Pizzzaria                                    ;(74)98802-0493 ;010;106;OZF1202;     446,42;    1,16;10/01/2024;72;PDV FECHADO (HORARIO COM.)    ;   ;aloisio    ;18:35
215731                            ;10/01/2024;    ;236123;007;    ;0064136;JOSENILDO LANCHES                                 ;(71)98654-7946 ;010;105;OZF1202;      40,76;    0,04;10/01/2024;82;ENDERECO NAO ENCONTRADO       ;   ;aloisio    ;18:35
215732                            ;10/01/2024;    ;236149;007;    ;0055355;ESPETINHO DA Z                                    ;(87)98829-1432 ;010;106;OFB8B68;     282,50;    0,34;10/01/2024;50;CARGA ERRADA ARMAZEM          ;   ;silva      ;17:24
215732                            ;10/01/2024;    ;236150;007;    ;0055355;ESPETINHO DA Z                                    ;(87)98829-1432 ;010;106;OFB8B68;     249,50;    0,34;10/01/2024;70;CLIENTE CANCELOU              ;   ;silva      ;17:25
215732                            ;10/01/2024;    ;236151;007;    ;0055355;ESPETINHO DA Z                                    ;(87)98829-1432 ;010;106;OFB8B68;      14,86;    0,00;10/01/2024;70;CLIENTE CANCELOU              ;   ;silva      ;17:25
215737                            ;10/01/2024;    ;236291;007;    ;0063765;DIST RIBEIRO                                      ;(74)98827-6506 ;010;106;KHL4414;     223,80;    0,38;10/01/2024;72;PDV FECHADO (HORARIO COM.)    ;   ;silva      ;16:13
215737                            ;10/01/2024;    ;236292;007;    ;0063765;DIST RIBEIRO                                      ;(74)98827-6506 ;010;106;KHL4414;     349,30;    0,48;10/01/2024;72;PDV FECHADO (HORARIO COM.)    ;   ;silva      ;16:13
215737                            ;10/01/2024;    ;236293;007;    ;0063765;DIST RIBEIRO                                      ;(74)98827-6506 ;010;106;KHL4414;      70,50;    0,16;10/01/2024;72;PDV FECHADO (HORARIO COM.)    ;   ;silva      ;16:14
215738                            ;10/01/2024;    ;236346;007;    ;0064069;GALEGO DO FRANGO                                  ;(74)99920-1233 ;010;109;NZM8419;      97,16;    0,05;10/01/2024;72;PDV FECHADO (HORARIO COM.)    ;   ;aloisio    ;18:27
215738                            ;10/01/2024;    ;236348;007;    ;0062315;RESTAURANTE CEARENSE                              ;(74)99104-1457 ;010;109;NZM8419;     275,10;    0,54;10/01/2024;64;SEM VASILHAME                 ;   ;aloisio    ;18:29
215738                            ;10/01/2024;    ;236349;007;    ;0062315;RESTAURANTE CEARENSE                              ;(74)99104-1457 ;010;109;NZM8419;      26,40;    0,04;10/01/2024;64;SEM VASILHAME                 ;   ;aloisio    ;18:29
215738                            ;10/01/2024;    ;236351;007;    ;0052494;MERCADINHO AQUINO                                 ;(74)98861-0178 ;010;101;NZM8419;      99,80;    0,13;10/01/2024;71;SEM DINHEIRO/CHEQUE           ;   ;aloisio    ;18:30
215738                            ;10/01/2024;    ;236352;007;    ;0052494;MERCADINHO AQUINO                                 ;(74)98861-0178 ;010;101;NZM8419;      75,73;    0,10;10/01/2024;71;SEM DINHEIRO/CHEQUE           ;   ;aloisio    ;18:28
215738                            ;10/01/2024;    ;236353;007;    ;0052494;MERCADINHO AQUINO                                 ;(74)98861-0178 ;010;101;NZM8419;     419,42;    0,82;10/01/2024;71;SEM DINHEIRO/CHEQUE           ;   ;aloisio    ;18:30
215738                            ;10/01/2024;    ;236354;007;    ;0052494;MERCADINHO AQUINO                                 ;(74)98861-0178 ;010;101;NZM8419;      15,24;    0,02;10/01/2024;71;SEM DINHEIRO/CHEQUE           ;   ;aloisio    ;18:31
215756                            ;10/01/2024;    ;236440;007;    ;0029043;CDR CAMACARI                                      ;(19) 3313-7039 ;091;986;       ;     610,00;    0,00;10/01/2024;51;NF ERRADA                     ;   ;silva      ;14:59
215767                            ;11/01/2024;    ;236469;007;    ;0050251;BAR DO CLEODITE                                   ;(74)99915-1418 ;020;206;OUX8B81;     281,34;    0,51;15/01/2024;72;PDV FECHADO (HORARIO COM.)    ;DER;aloisio    ;22:30
215768                            ;11/01/2024;    ;236545;007;    ;0051187;HORIZONTE DOS DOCES                               ;(74)93535-1253 ;020;205;RPJ2H66;      16,10;    0,06;15/01/2024;50;CARGA ERRADA ARMAZEM          ;   ;aloisio    ;22:28
215768                            ;11/01/2024;    ;236566;007;    ;0053487;MERCADINHO ESPERANCA                              ;(74) 8143-0309 ;020;204;RPJ2H66;     224,50;    0,39;15/01/2024;72;PDV FECHADO (HORARIO COM.)    ;DER;aloisio    ;22:28
215769                            ;11/01/2024;    ;236598;007;    ;0058287;GELADAO DA JANDIRA                                ;(74)99941-1677 ;010;110;NZM9993;      43,30;    0,03;11/01/2024;68;TROCA (SEM SELO / QTDE. ERRADA;DER;teles      ;21:33
215773                            ;11/01/2024;    ;236792;007;    ;0063999;AMANTE DE TODOS                                   ;(74)98818-8230 ;020;201;RCQ9D86;     513,78;    0,47;12/01/2024;64;SEM VASILHAME                 ;   ;teles      ;03:34
215774                            ;11/01/2024;    ;236836;007;    ;0050064;ATACADAO MURILO                                   ;(74)98123-9836 ;020;204;RDC8F64;      49,90;    0,06;12/01/2024;71;SEM DINHEIRO/CHEQUE           ;   ;ediziene   ;21:22
215778                            ;11/01/2024;    ;236946;007;    ;0051198;BAR DO ELINAILTON                                 ;(74)99930-0278 ;020;202;OFB8B68;      33,10;    0,04;11/01/2024;65;NAO FEZ PEDIDO                ;   ;ediziene   ;16:03
215784                            ;11/01/2024;    ;237115;007;    ;0056287;DIST. 3 IRMaOS                                    ;(74)98110-0191 ;010;111;KJP3656;     622,77;    1,75;11/01/2024;65;NAO FEZ PEDIDO                ;   ;ediziene   ;17:10
215784                            ;11/01/2024;    ;237134;007;    ;0052076;ESQUINA BAR                                       ;(87)98878-9592 ;010;111;KJP3656;     201,68;    0,25;11/01/2024;63;PRODUTO / QTDE. ERRADA        ;   ;ediziene   ;17:09
215784                            ;11/01/2024;    ;237135;007;    ;0052076;ESQUINA BAR                                       ;(87)98878-9592 ;010;111;KJP3656;     723,65;    1,08;11/01/2024;63;PRODUTO / QTDE. ERRADA        ;   ;ediziene   ;17:08
215784                            ;11/01/2024;    ;237136;007;    ;0052076;ESQUINA BAR                                       ;(87)98878-9592 ;010;111;KJP3656;     201,68;    0,25;11/01/2024;63;PRODUTO / QTDE. ERRADA        ;   ;ediziene   ;17:09
215790                            ;11/01/2024;    ;237306;007;    ;0000668;BAR CRAVO E CANELA                                ;(74)98807-6973 ;010;107;RPR6D25;     299,12;    0,46;11/01/2024;72;PDV FECHADO (HORARIO COM.)    ;DER;ediziene   ;15:42
215791                            ;11/01/2024;    ;237348;007;    ;0056390;DISTRIBUIDORA ROSA                                ;(74)98821-9859 ;010;105;RDN7A69;     368,96;    0,53;11/01/2024;89;PDV FECHADO APOS HORARIO      ;   ;ediziene   ;13:30
215793                            ;11/01/2024;    ;237421;007;    ;0056907;ELAINE PATRICIA                                   ;(74)98859-9894 ;010;107;NZM7723;    1713,00;    2,23;11/01/2024;87;TEMPO INSUFICIENTE            ;   ;teles      ;19:28
215794                            ;11/01/2024;    ;237456;007;    ;0056232;CITY MERC E DISTRIBU                              ;(74)99140-0715 ;010;101;RPP7B52;    1318,79;    1,98;11/01/2024;89;PDV FECHADO APOS HORARIO      ;   ;ediziene   ;16:53
215798                            ;11/01/2024;    ;237564;007;    ;0058478;DUBAI DISTRIBUIDORA                               ;(74)99124-7573 ;010;109;OZF1202;     173,50;    0,36;11/01/2024;87;TEMPO INSUFICIENTE            ;   ;teles      ;18:55
215798                            ;11/01/2024;    ;237566;007;    ;0058104;GORDINHO                                          ;(87)98862-8569 ;010;101;OZF1202;     998,00;    1,38;11/01/2024;87;TEMPO INSUFICIENTE            ;DER;teles      ;18:55
215798                            ;11/01/2024;    ;237582;007;    ;0062599;LANE SOUZA BOLOS CAS                              ;(87)98814-9329 ;010;109;OZF1202;     488,74;    1,48;11/01/2024;87;TEMPO INSUFICIENTE            ;   ;teles      ;18:55
215798                            ;11/01/2024;    ;237583;007;    ;0058349;Souza mercadinho                                  ;(74)99916-1274 ;010;101;OZF1202;    1097,80;    1,45;11/01/2024;87;TEMPO INSUFICIENTE            ;   ;teles      ;18:55
215824                            ;12/01/2024;    ;237638;007;    ;0056660;POINT DA TEQUILA                                  ;(74)98824-6981 ;010;107;KJP3656;   16491,14;   17,22;18/01/2024;91;CONSIGNACAO                   ;   ;alyson     ;20:13
215834                            ;12/01/2024;    ;237848;007;    ;0058622;CHAPA QUENTE                                      ;(74)98829-3028 ;020;201;NKV3226;      49,90;    0,06;12/01/2024;50;CARGA ERRADA ARMAZEM          ;   ;silva      ;17:20
215835                            ;12/01/2024;    ;237872;007;    ;0053402;BAR DA ZENAIDE                                    ;(74)98818-7309 ;020;201;RPP0E77;      59,56;    0,08;15/01/2024;71;SEM DINHEIRO/CHEQUE           ;   ;aloisio    ;22:14
215835                            ;12/01/2024;    ;237873;007;    ;0053402;BAR DA ZENAIDE                                    ;(74)98818-7309 ;020;201;RPP0E77;      69,93;    0,07;15/01/2024;71;SEM DINHEIRO/CHEQUE           ;   ;aloisio    ;22:14
215835                            ;12/01/2024;    ;237874;007;    ;0053402;BAR DA ZENAIDE                                    ;(74)98818-7309 ;020;201;RPP0E77;     449,10;    0,62;15/01/2024;71;SEM DINHEIRO/CHEQUE           ;   ;aloisio    ;22:15
215835                            ;12/01/2024;    ;237875;007;    ;0053402;BAR DA ZENAIDE                                    ;(74)98818-7309 ;020;201;RPP0E77;      84,04;    0,14;15/01/2024;71;SEM DINHEIRO/CHEQUE           ;   ;aloisio    ;22:15
215835                            ;12/01/2024;    ;237876;007;    ;0053402;BAR DA ZENAIDE                                    ;(74)98818-7309 ;020;201;RPP0E77;     166,96;    0,21;15/01/2024;71;SEM DINHEIRO/CHEQUE           ;   ;aloisio    ;22:16
215835                            ;12/01/2024;    ;237877;007;    ;0053402;BAR DA ZENAIDE                                    ;(74)98818-7309 ;020;201;RPP0E77;      49,90;    0,06;15/01/2024;71;SEM DINHEIRO/CHEQUE           ;   ;aloisio    ;22:16
215835                            ;12/01/2024;    ;237878;007;    ;0053402;BAR DA ZENAIDE                                    ;(74)98818-7309 ;020;201;RPP0E77;      71,07;    0,12;15/01/2024;71;SEM DINHEIRO/CHEQUE           ;   ;aloisio    ;22:17
215835                            ;12/01/2024;    ;237879;007;    ;0053402;BAR DA ZENAIDE                                    ;(74)98818-7309 ;020;201;RPP0E77;     149,00;    0,25;15/01/2024;71;SEM DINHEIRO/CHEQUE           ;   ;aloisio    ;22:17
215835                            ;12/01/2024;    ;237880;007;    ;0053402;BAR DA ZENAIDE                                    ;(74)98818-7309 ;020;201;RPP0E77;     349,30;    0,48;15/01/2024;71;SEM DINHEIRO/CHEQUE           ;DER;aloisio    ;22:18
215835                            ;12/01/2024;    ;237881;007;    ;0057208;DIST.BAR O D BEBIDAS                              ;(74)98818-7697 ;020;201;RPP0E77;     499,00;    0,69;15/01/2024;72;PDV FECHADO (HORARIO COM.)    ;DER;aloisio    ;22:12
215835                            ;12/01/2024;    ;237882;007;    ;0057208;DIST.BAR O D BEBIDAS                              ;(74)98818-7697 ;020;201;RPP0E77;      19,49;    0,04;15/01/2024;72;PDV FECHADO (HORARIO COM.)    ;   ;aloisio    ;22:13
215835                            ;12/01/2024;    ;237886;007;    ;0064013;DESTRUIDORA DAS MENI                              ;(74)99940-4152 ;020;201;RPP0E77;     199,60;    0,27;15/01/2024;71;SEM DINHEIRO/CHEQUE           ;DER;aloisio    ;22:19
215836                            ;12/01/2024;    ;237931;007;    ;0064020;PIZZARIA ALFA                                     ;(75)99915-7949 ;020;201;RCQ9D86;     424,80;    1,20;15/01/2024;42;Produto/Quantidade Errada     ;DER;aloisio    ;01:50
215849                            ;12/01/2024;    ;238300;007;    ;0052401;GPS BAR                                           ;(74) 3611-3919 ;010;102;RPR6D25;     488,18;    0,48;12/01/2024;72;PDV FECHADO (HORARIO COM.)    ;   ;silva      ;13:18
215849                            ;12/01/2024;    ;238301;007;    ;0052401;GPS BAR                                           ;(74) 3611-3919 ;010;102;RPR6D25;      90,00;    0,16;12/01/2024;72;PDV FECHADO (HORARIO COM.)    ;   ;silva      ;13:18
215849                            ;12/01/2024;    ;238302;007;    ;0052401;GPS BAR                                           ;(74) 3611-3919 ;010;102;RPR6D25;     127,60;    0,16;12/01/2024;72;PDV FECHADO (HORARIO COM.)    ;   ;silva      ;13:18
215849                            ;12/01/2024;    ;238303;007;    ;0052401;GPS BAR                                           ;(74) 3611-3919 ;010;102;RPR6D25;      63,80;    0,08;12/01/2024;72;PDV FECHADO (HORARIO COM.)    ;   ;silva      ;13:18
215850                            ;12/01/2024;    ;238336;007;    ;0054952;DISTR.BRASIL COSTA                                ;(74)98827-9259 ;010;102;RPR6D25;     319,00;    0,42;12/01/2024;72;PDV FECHADO (HORARIO COM.)    ;   ;silva      ;16:01
215852                            ;12/01/2024;    ;238362;007;    ;0057020;EMPORIO DOS QUEIJOS                               ;(74)98809-6904 ;010;108;OFB8B68;     496,75;    0,69;12/01/2024;70;CLIENTE CANCELOU              ;   ;ediziene   ;19:20
215853                            ;12/01/2024;    ;238411;007;    ;0054138;ESPACO CERVEJAO                                   ;(74)98822-3884 ;010;102;OZF1202;      31,90;    0,04;12/01/2024;72;PDV FECHADO (HORARIO COM.)    ;   ;silva      ;15:34
215853                            ;12/01/2024;    ;238412;007;    ;0054138;ESPACO CERVEJAO                                   ;(74)98822-3884 ;010;102;OZF1202;     143,80;    0,19;12/01/2024;72;PDV FECHADO (HORARIO COM.)    ;   ;silva      ;15:34
215855                            ;12/01/2024;    ;238487;007;    ;0056041;Gelo e Sal                                        ;(87)98141-0010 ;010;108;OVB5042;    1441,26;    1,71;12/01/2024;63;PRODUTO / QTDE. ERRADA        ;   ;silva      ;16:24
215858                            ;12/01/2024;    ;238563;007;    ;0058478;DUBAI DISTRIBUIDORA                               ;(74)99124-7573 ;010;109;NZM8419;     180,90;    0,36;12/01/2024;72;PDV FECHADO (HORARIO COM.)    ;   ;silva      ;17:23
215858                            ;12/01/2024;    ;238574;007;    ;0062513;REGINA CARLA TELES T                              ;(87)98884-4666 ;010;106;NZM8419;     199,60;    0,27;12/01/2024;64;SEM VASILHAME                 ;   ;silva      ;17:23
215860                            ;12/01/2024;    ;238640;007;    ;0051270;O AVISTaO NORDESTINO                              ;(74)99111-0443 ;010;101;NZM7723;    2973,44;    4,01;12/01/2024;70;CLIENTE CANCELOU              ;   ;silva      ;17:17
215860                            ;12/01/2024;    ;238644;007;    ;0064017;MERCADINHO RODRIGUES                              ;(74)98847-7110 ;010;109;NZM7723;     249,50;    0,34;12/01/2024;72;PDV FECHADO (HORARIO COM.)    ;   ;silva      ;17:17
215861                            ;12/01/2024;    ;238670;007;    ;0025215;NAPOLEAO                                          ;(74)98817-8082 ;010;101;SJQ9B60;    1247,40;    1,81;12/01/2024;85;DIFICIL ACESSO                ;DER;ediziene   ;19:
215861                            ;12/01/2024;    ;238678;007;    ;0062912;COMERCIAL NUNES                                   ;(74)99929-0370 ;010;101;SJQ9B60;     118,71;    0,14;12/01/2024;71;SEM DINHEIRO/CHEQUE           ;   ;ediziene   ;18:59
215882                            ;13/01/2024;    ;238696;007;    ;0053005;RES. CANTI. CASEIRO                               ;(74)98815-2733 ;010;105;PGW8630;     505,43;    0,69;15/01/2024;32;ENTREGA ATRASADA (BUFFER)     ;AGE;aloisio    ;17:11
215883                            ;13/01/2024;    ;238730;007;    ;0053138;MERC SOUZA                                        ;(74)98803-0820 ;010;107;KJP6186;     169,31;    0,37;15/01/2024;72;PDV FECHADO (HORARIO COM.)    ;   ;teles      ;18:57
215883                            ;13/01/2024;    ;238744;007;    ;0055538;EMPORIO DISTRIBUIDOR                              ;(74)98812-1072 ;010;102;KJP6186;     349,30;    0,30;01/02/2024;51;NF ERRADA                     ;   ;alyson     ;18:44
215888                            ;15/01/2024;    ;238788;007;    ;0055963;DEPOSITO 2 L                                      ;(74)99931-0848 ;020;206;OUX3F90;     168,20;    0,20;16/01/2024;71;SEM DINHEIRO/CHEQUE           ;   ;aloisio    ;21:27
215889                            ;15/01/2024;    ;238865;007;    ;0060296; Cravo E Canela                                   ;(71)99999-3811 ;020;206;NZN0E75;     638,41;    1,06;16/01/2024;63;PRODUTO / QTDE. ERRADA        ;   ;aloisio    ;22:58
215889                            ;15/01/2024;    ;238874;007;    ;0054217;BAR DO I                                          ;(74)98109-2895 ;020;206;NZN0E75;     249,50;    0,34;16/01/2024;72;PDV FECHADO (HORARIO COM.)    ;   ;aloisio    ;22:55
215889                            ;15/01/2024;    ;238875;007;    ;0054217;BAR DO I                                          ;(74)98109-2895 ;020;206;NZN0E75;      49,90;    0,06;16/01/2024;72;PDV FECHADO (HORARIO COM.)    ;   ;aloisio    ;22:56
215890                            ;15/01/2024;    ;238937;007;    ;0057267;BAR  VIVI                                         ;(74) 9916-1034 ;020;203;NZM4666;       4,45;    0,00;16/01/2024;68;TROCA (SEM SELO / QTDE. ERRADA;   ;silva      ;11:32
215892                            ;15/01/2024;    ;238991;007;    ;0063121;DISTRIBUIDORA MB                                  ;(87)98179-7186 ;010;110;NZM9993;       5,79;    0,00;15/01/2024;68;TROCA (SEM SELO / QTDE. ERRADA;   ;teles      ;21:35
215892                            ;15/01/2024;    ;238992;007;    ;0063121;DISTRIBUIDORA MB                                  ;(87)98179-7186 ;010;110;NZM9993;       8,68;    0,00;15/01/2024;68;TROCA (SEM SELO / QTDE. ERRADA;   ;teles      ;21:35
215892                            ;15/01/2024;    ;238993;007;    ;0063121;DISTRIBUIDORA MB                                  ;(87)98179-7186 ;010;110;NZM9993;       4,42;    0,00;15/01/2024;68;TROCA (SEM SELO / QTDE. ERRADA;   ;teles      ;21:35
215896                            ;15/01/2024;    ;239170;007;    ;0054677;MERCADINHO TT                                     ;(74)99906-5583 ;020;206;NZN3352;    1479,71;    1,36;17/01/2024;70;CLIENTE CANCELOU              ;   ;ediziene   ;11:17
215896                            ;15/01/2024;    ;239180;007;    ;0054915;RESTAURANT DA GALEGA                              ;(74)99951-1473 ;020;206;NZN3352;     115,44;    0,28;17/01/2024;71;SEM DINHEIRO/CHEQUE           ;DER;ediziene   ;11:16
215897                            ;15/01/2024;    ;239242;007;    ;0050546;PADARIA BOM PAO                                   ;(74)98803-0824 ;020;204;RPP7B52;     124,59;    0,31;17/01/2024;71;SEM DINHEIRO/CHEQUE           ;   ;ediziene   ;13:33
215897                            ;15/01/2024;    ;239300;007;    ;0063858;SUPERMERCADO SUZART                               ;(74)99819-0634 ;020;204;RPP7B52;     594,86;    0,73;17/01/2024;71;SEM DINHEIRO/CHEQUE           ;   ;ediziene   ;13:33
215900                            ;15/01/2024;    ;239463;007;    ;0062144;JACIRA LANCHES                                    ;(74)99988-3362 ;020;205;SJQ9B60;     190,84;    0,34;17/01/2024;72;PDV FECHADO (HORARIO COM.)    ;   ;teles      ;18:25
215901                            ;15/01/2024;    ;239518;007;    ;0051617;PASTELARIA BOM SABOR                              ;(74)98844-8031 ;020;202;NZM8419;    1288,80;    1,65;16/01/2024;72;PDV FECHADO (HORARIO COM.)    ;   ;silva      ;13:38
215901                            ;15/01/2024;    ;239540;007;    ;0053410;BAR DA NINHA                                      ;(74) 3523-6025 ;020;203;NZM8419;     134,08;    0,21;16/01/2024;72;PDV FECHADO (HORARIO COM.)    ;   ;silva      ;13:38
215901                            ;15/01/2024;    ;239568;007;    ;0051912;BAR ESPACO LIVRE                                  ;(74)98862-9297 ;020;202;NZM8419;     497,01;    0,48;16/01/2024;72;PDV FECHADO (HORARIO COM.)    ;   ;silva      ;13:39
215901                            ;15/01/2024;    ;239569;007;    ;0051912;BAR ESPACO LIVRE                                  ;(74)98862-9297 ;020;202;NZM8419;     748,50;    1,03;16/01/2024;72;PDV FECHADO (HORARIO COM.)    ;DER;silva      ;13:39
215902                            ;15/01/2024;    ;239577;007;    ;0053189;REST. BOM PRATO                                   ;(74)98837-4476 ;020;202;NKV3226;      26,16;    0,12;15/01/2024;70;CLIENTE CANCELOU              ;   ;teles      ;19:42
215903                            ;15/01/2024;    ;239588;007;    ;0058453;BUCHADA DA MÃE NJ                                 ;(74)98863-6629 ;020;202;KHL4414;     249,50;    0,34;15/01/2024;87;TEMPO INSUFICIENTE            ;DER;ediziene   ;18:04
215903                            ;15/01/2024;    ;239589;007;    ;0055017;DIST. EZEQUIEL                                    ;(74)98812-7696 ;020;202;KHL4414;     758,16;    1,03;15/01/2024;87;TEMPO INSUFICIENTE            ;DER;ediziene   ;18:03
215903                            ;15/01/2024;    ;239590;007;    ;0055017;DIST. EZEQUIEL                                    ;(74)98812-7696 ;020;202;KHL4414;     177,86;    0,27;15/01/2024;87;TEMPO INSUFICIENTE            ;   ;ediziene   ;18:04
215903                            ;15/01/2024;    ;239591;007;    ;0055016;BAR MORAES                                        ;(74)98824-4338 ;020;202;KHL4414;     399,20;    0,55;15/01/2024;87;TEMPO INSUFICIENTE            ;DER;ediziene   ;18:04
215903                            ;15/01/2024;    ;239592;007;    ;0055016;BAR MORAES                                        ;(74)98824-4338 ;020;202;KHL4414;     514,30;    0,67;15/01/2024;87;TEMPO INSUFICIENTE            ;   ;ediziene   ;18:05
215905                            ;15/01/2024;    ;239622;007;    ;0050971;POINT DA ALGAROBA                                 ;(74)98846-6689 ;010;106;RDN1D46;     559,34;    0,96;15/01/2024;71;SEM DINHEIRO/CHEQUE           ;   ;ediziene   ;15:49
215905                            ;15/01/2024;    ;239623;007;    ;0056556;MARCIA DE CASTRO SAN                              ;(74)98822-6921 ;010;106;RDN1D46;     346,94;    0,60;15/01/2024;71;SEM DINHEIRO/CHEQUE           ;   ;ediziene   ;15:48
215906                            ;15/01/2024;    ;239647;007;    ;0062832;DISTRIBUIDORA A                                   ;(74)98812-0295 ;010;105;RPR6D25;      31,90;    0,04;15/01/2024;82;ENDERECO NAO ENCONTRADO       ;   ;teles      ;18:52
215906                            ;15/01/2024;    ;239651;007;    ;0064073;SBALA'S FRANGO                                    ;(74)98859-1026 ;010;105;RPR6D25;      81,06;    0,09;15/01/2024;87;TEMPO INSUFICIENTE            ;   ;teles      ;18:53
215906                            ;15/01/2024;    ;239652;007;    ;0062354;MARTIM DISTRIBUIDORA                              ;(74)98809-0258 ;010;103;RPR6D25;      39,24;    0,01;15/01/2024;87;TEMPO INSUFICIENTE            ;   ;teles      ;18:53
215907                            ;15/01/2024;    ;239655;007;    ;0057700;MACEDO DISTRIBUIDORA                              ;(74)98872-7176 ;010;103;RDN7A69;      84,77;    0,20;15/01/2024;72;PDV FECHADO (HORARIO COM.)    ;   ;teles      ;19:29
215907                            ;15/01/2024;    ;239660;007;    ;0063653;CANTINHO DO QUEIJO                                ;(74)98809-0230 ;010;108;RDN7A69;      78,68;    0,21;15/01/2024;71;SEM DINHEIRO/CHEQUE           ;   ;teles      ;19:30
215907                            ;15/01/2024;    ;239664;007;    ;0025485;G DISTRIBUIDORA                                   ;(74)98813-4260 ;010;103;RDN7A69;     194,40;    0,27;15/01/2024;72;PDV FECHADO (HORARIO COM.)    ;   ;teles      ;19:29
215907                            ;15/01/2024;    ;239668;007;    ;0064342;DEDEGO DIESTRIBUIDOR                              ;(74)99148-5746 ;010;108;RDN7A69;     710,70;    0,68;15/01/2024;71;SEM DINHEIRO/CHEQUE           ;   ;teles      ;19:30
215907                            ;15/01/2024;    ;239671;007;    ;0057013;Emporio Jatoba                                    ;(74)99981-8839 ;010;101;RDN7A69;     200,22;    0,29;15/01/2024;72;PDV FECHADO (HORARIO COM.)    ;   ;teles      ;19:29
215907                            ;15/01/2024;    ;239682;007;    ;0063691;DIRTRIBUIDORA                                     ;(74)99966-8584 ;010;108;RDN7A69;     237,62;    0,39;15/01/2024;71;SEM DINHEIRO/CHEQUE           ;   ;teles      ;19:30
215907                            ;15/01/2024;    ;239683;007;    ;0057262;Fini Embalagens                                   ;(74)98839-1642 ;010;108;RDN7A69;      40,02;    0,05;15/01/2024;71;SEM DINHEIRO/CHEQUE           ;   ;teles      ;19:31
215908                            ;15/01/2024;    ;239694;007;    ;0056762;BAR TOCA DO GATO                                  ;(74)98849-6038 ;010;107;KJP3656;      55,32;    0,13;16/01/2024;72;PDV FECHADO (HORARIO COM.)    ;   ;silva      ;13:26
215908                            ;15/01/2024;    ;239695;007;    ;0056762;BAR TOCA DO GATO                                  ;(74)98849-6038 ;010;107;KJP3656;      50,90;    0,06;16/01/2024;72;PDV FECHADO (HORARIO COM.)    ;   ;silva      ;13:25
215908                            ;15/01/2024;    ;239707;007;    ;0064264;NEUSIVAN BARBOSA DE                               ;(74)98817-0867 ;010;107;KJP3656;     383,86;    0,74;16/01/2024;71;SEM DINHEIRO/CHEQUE           ;   ;silva      ;13:25
215912                            ;15/01/2024;    ;239748;007;    ;0063616;DISTRIBUIDORA                                     ;(74)98851-8653 ;010;108;PKK0690;     299,40;    0,41;15/01/2024;71;SEM DINHEIRO/CHEQUE           ;   ;teles      ;19:02
215914                            ;15/01/2024;    ;239792;007;    ;0062473;BAR DO CLEUTON                                    ;(74)99109-1714 ;010;111;RDJ0G42;     301,76;    0,41;15/01/2024;71;SEM DINHEIRO/CHEQUE           ;   ;ediziene   ;17:07
215914                            ;15/01/2024;    ;239793;007;    ;0062473;BAR DO CLEUTON                                    ;(74)99109-1714 ;010;111;RDJ0G42;      33,10;    0,04;15/01/2024;71;SEM DINHEIRO/CHEQUE           ;   ;ediziene   ;17:07
215916                            ;15/01/2024;    ;239821;007;    ;0024926;MINE SUPER DANTAS                                 ;(74)99138-6531 ;010;111;NZM7723;     670,40;    0,90;15/01/2024;71;SEM DINHEIRO/CHEQUE           ;   ;ediziene   ;17:28
215916                            ;15/01/2024;    ;239834;007;    ;0062867;JB BAR E PETISCARIA                               ;(74)98153-5555 ;010;111;NZM7723;     544,03;    0,69;15/01/2024;72;PDV FECHADO (HORARIO COM.)    ;   ;ediziene   ;17:27
215916                            ;15/01/2024;    ;239835;007;    ;0062867;JB BAR E PETISCARIA                               ;(74)98153-5555 ;010;111;NZM7723;      36,74;    0,01;15/01/2024;72;PDV FECHADO (HORARIO COM.)    ;   ;ediziene   ;17:27
215918                            ;15/01/2024;    ;239864;007;    ;0062935;SÉRGIO DO FORRÓ                                   ;(74)98803-6011 ;010;107;PKL6654;      99,80;    0,13;15/01/2024;72;PDV FECHADO (HORARIO COM.)    ;   ;ediziene   ;17:03
215918                            ;15/01/2024;    ;239865;007;    ;0062935;SÉRGIO DO FORRÓ                                   ;(74)98803-6011 ;010;107;PKL6654;      99,80;    0,13;15/01/2024;72;PDV FECHADO (HORARIO COM.)    ;   ;ediziene   ;17:04
215918                            ;15/01/2024;    ;239871;007;    ;0056726;BAR E REST 7 PORTAS                               ;(74)98817-3734 ;010;107;PKL6654;     415,82;    0,85;15/01/2024;72;PDV FECHADO (HORARIO COM.)    ;   ;ediziene   ;17:02
215921                            ;15/01/2024;    ;239972;007;    ;0063868;BAR DO JOEL                                       ;(74)88841-9428 ;010;108;JII1442;     744,09;    1,12;15/01/2024;23;(C)Pedidos duplicados         ;   ;teles      ;19:18
215921                            ;15/01/2024;    ;239973;007;    ;0063868;BAR DO JOEL                                       ;(74)88841-9428 ;010;108;JII1442;     472,12;    0,80;15/01/2024;23;(C)Pedidos duplicados         ;   ;teles      ;19:18
215921                            ;15/01/2024;    ;239979;007;    ;0064164;LION MERCADO                                      ;(74)98818-6268 ;010;106;JII1442;      81,70;    0,28;15/01/2024;70;CLIENTE CANCELOU              ;   ;teles      ;19:19
215921                            ;15/01/2024;    ;239983;007;    ;0025800;MERC NOSSA SENHORA D                              ;(74) 9928-6427 ;010;101;JII1442;     127,60;    0,16;15/01/2024;72;PDV FECHADO (HORARIO COM.)    ;   ;teles      ;19:20
215921                            ;15/01/2024;    ;239984;007;    ;0025800;MERC NOSSA SENHORA D                              ;(74) 9928-6427 ;010;101;JII1442;     127,60;    0,16;15/01/2024;72;PDV FECHADO (HORARIO COM.)    ;   ;teles      ;19:20
215921                            ;15/01/2024;    ;239985;007;    ;0025800;MERC NOSSA SENHORA D                              ;(74) 9928-6427 ;010;101;JII1442;      99,80;    0,07;15/01/2024;72;PDV FECHADO (HORARIO COM.)    ;   ;teles      ;19:20
215921                            ;15/01/2024;    ;239993;007;    ;0057643;DISTRIBUIDORA                                     ;(74)98863-9423 ;010;106;JII1442;     204,27;    0,27;15/01/2024;72;PDV FECHADO (HORARIO COM.)    ;   ;teles      ;19:21
215921                            ;15/01/2024;    ;239998;007;    ;0058153;CE KI SABE                                        ;(74)98847-5024 ;010;106;JII1442;     693,28;    1,16;15/01/2024;72;PDV FECHADO (HORARIO COM.)    ;   ;teles      ;19:21
215922                            ;15/01/2024;    ;240030;007;    ;0058411;M PARADA OBRIGATORIA                              ;(74)98808-7414 ;010;109;OFB8B98;     439,14;    1,06;15/01/2024;87;TEMPO INSUFICIENTE            ;   ;teles      ;18:14
215922                            ;15/01/2024;    ;240031;007;    ;0058411;M PARADA OBRIGATORIA                              ;(74)98808-7414 ;010;109;OFB8B98;     285,83;    0,30;15/01/2024;87;TEMPO INSUFICIENTE            ;   ;teles      ;18:14
215923                            ;15/01/2024;    ;240043;007;    ;0058426;Adega Bebidas                                     ;(74)98857-5122 ;010;109;OFB8B68;     223,95;    0,27;15/01/2024;72;PDV FECHADO (HORARIO COM.)    ;   ;ediziene   ;18:08
215923                            ;15/01/2024;    ;240044;007;    ;0062312;MERCADO EMANUEL                                   ;(74)98863-5816 ;010;109;OFB8B68;     128,14;    0,35;15/01/2024;71;SEM DINHEIRO/CHEQUE           ;   ;ediziene   ;18:07
215923                            ;15/01/2024;    ;240058;007;    ;0059010;ADEGA PAI E FILHO                                 ;(74)99196-1258 ;010;109;OFB8B68;      31,90;    0,04;15/01/2024;72;PDV FECHADO (HORARIO COM.)    ;DER;ediziene   ;18:08
215923                            ;15/01/2024;    ;240059;007;    ;0059010;ADEGA PAI E FILHO                                 ;(74)99196-1258 ;010;109;OFB8B68;      17,66;    0,01;15/01/2024;72;PDV FECHADO (HORARIO COM.)    ;DER;ediziene   ;18:08
215944                            ;16/01/2024;    ;240264;007;    ;0062301;BOTECO OXENTE                                     ;(74)99989-8072 ;020;205;RDC5J22;     472,78;    0,54;17/01/2024;70;CLIENTE CANCELOU              ;   ;teles      ;21:03
215948                            ;16/01/2024;    ;240384;007;    ;0053931;BAR CARDOSO                                       ;(74)99914-6534 ;010;109;JII1442;      93,13;    0,26;16/01/2024;70;CLIENTE CANCELOU              ;   ;silva      ;16:19
215957                            ;16/01/2024;    ;240789;007;    ;0025379;PIZZARIA TROPICAL                                 ;(74)98862-5273 ;010;102;OUG2987;       2,89;    0,00;16/01/2024;68;TROCA (SEM SELO / QTDE. ERRADA;   ;silva      ;15:14
215957                            ;16/01/2024;    ;240790;007;    ;0025379;PIZZARIA TROPICAL                                 ;(74)98862-5273 ;010;102;OUG2987;      14,47;    0,01;16/01/2024;68;TROCA (SEM SELO / QTDE. ERRADA;   ;silva      ;15:15
215959                            ;16/01/2024;    ;240808;007;    ;0053312;RAFAEL DIST. BEBIDAS                              ;(74)98803-5413 ;010;103;PKL6654;     199,60;    0,27;16/01/2024;71;SEM DINHEIRO/CHEQUE           ;   ;silva      ;16:32
215962                            ;16/01/2024;    ;240959;007;    ;0055486;MULTI FRIOS PREMIUM                               ;(74) 3614-2386 ;080;811;RPJ2H66;      18,38;    0,02;16/01/2024;70;CLIENTE CANCELOU              ;   ;silva      ;17:53
215964                            ;16/01/2024;    ;241031;007;    ;0057898;MERCADINHO JC                                     ;(74)98857-9766 ;010;101;HXN3A97;       8,68;    0,02;16/01/2024;59;Qualidade do Produto.         ;DER;silva      ;17:18
215966                            ;16/01/2024;    ;241115;007;    ;0062940;M E J DISTRIBUIDORA                               ;(74)98812-2587 ;010;106;OZF1202;     149,70;    0,20;16/01/2024;23;(C)Pedidos duplicados         ;   ;silva      ;16:23
215988                            ;17/01/2024;    ;241225;007;    ;0063665;BAR DA LAGE 235                                   ;(74)99938-4573 ;020;204;OUX3F90;     370,66;    0,46;18/01/2024;72;PDV FECHADO (HORARIO COM.)    ;DER;aloisio    ;20:54
215988                            ;17/01/2024;    ;241227;007;    ;0056859;AQUA PARK TCHIBUM LT                              ;(74)99997-2446 ;020;206;OUX3F90;     545,02;    0,67;18/01/2024;64;SEM VASILHAME                 ;   ;aloisio    ;20:52
215988                            ;17/01/2024;    ;241238;007;    ;0050663;SUPERMERCADO  PIAUI                               ;(74) 3533-2164 ;020;204;OUX3F90;     104,46;    0,36;18/01/2024;70;CLIENTE CANCELOU              ;   ;aloisio    ;20:53
215988                            ;17/01/2024;    ;241243;007;    ;0053779;BAR POINT DRINKS                                  ;(74)99965-2867 ;020;204;OUX3F90;       2,02;    0,00;18/01/2024;58;Carga Errada                  ;   ;aloisio    ;20:55
215989                            ;17/01/2024;    ;241309;007;    ;0055950;MOURA BAR                                         ;(61)99356-7410 ;020;206;NZN0E75;     385,36;    0,60;18/01/2024;72;PDV FECHADO (HORARIO COM.)    ;   ;aloisio    ;23:15
215998                            ;17/01/2024;    ;241598;007;    ;0062018;MERCADINHO SANTOS                                 ;(74)98833-6397 ;020;201;RPP0E77;      75,53;    0,13;17/01/2024;72;PDV FECHADO (HORARIO COM.)    ;   ;teles      ;21:15
215998                            ;17/01/2024;    ;241599;007;    ;0062018;MERCADINHO SANTOS                                 ;(74)98833-6397 ;020;201;RPP0E77;     133,33;    0,26;17/01/2024;72;PDV FECHADO (HORARIO COM.)    ;   ;teles      ;21:16
216006                            ;17/01/2024;    ;241753;007;    ;0057205;BAR E REST OLHA ELAS                              ;(74)98842-9814 ;010;105;RDN7A69;     124,87;    0,14;17/01/2024;33;Nao Fez Pedido                ;   ;ediziene   ;18:03
216006                            ;17/01/2024;    ;241754;007;    ;0062128;DISTRIB GALEGO                                    ;(74)99116-0356 ;010;105;RDN7A69;     456,43;    0,82;17/01/2024;70;CLIENTE CANCELOU              ;   ;ediziene   ;18:01
216006                            ;17/01/2024;    ;241766;007;    ;0063529;BARBERSHOP GASPAR                                 ;(43)90000-0000 ;010;105;RDN7A69;      49,95;    0,06;17/01/2024;72;PDV FECHADO (HORARIO COM.)    ;   ;ediziene   ;18:
216007                            ;17/01/2024;    ;241793;007;    ;0053330;COMERCIAL O BERIMBAL                              ;(74)98824-2980 ;010;107;RDN1D46;      81,84;    0,24;17/01/2024;71;SEM DINHEIRO/CHEQUE           ;   ;ediziene   ;13:45
216008                            ;17/01/2024;    ;241829;007;    ;0056219;PIZZARIA REC. ITALIA                              ;(74)99121-5907 ;010;108;PKL6654;     384,40;    0,59;17/01/2024;86;HORARIO DE ENTREGA            ;   ;ediziene   ;17:02
216011                            ;17/01/2024;    ;241881;007;    ;0000015;LUA MAR BAR E LANCH.                              ;(74)98808-2385 ;010;108;KJP3656;     788,29;    1,36;17/01/2024;72;PDV FECHADO (HORARIO COM.)    ;   ;ediziene   ;17:09
216017                            ;17/01/2024;    ;242092;007;    ;0052904;THIAGO BEBIDAS                                    ;(74) 8809-6994 ;010;102;NZM7723;      47,66;    0,06;17/01/2024;72;PDV FECHADO (HORARIO COM.)    ;   ;teles      ;18:18
216018                            ;17/01/2024;    ;242104;007;    ;0057783;Dino Pizzzaria                                    ;(74)98802-0493 ;010;106;NZM5543;     434,12;    0,42;17/01/2024;72;PDV FECHADO (HORARIO COM.)    ;   ;ediziene   ;16:54
216018                            ;17/01/2024;    ;242106;007;    ;0051324;SUPER E FRIG BRILHAN                              ;(74) 3611-3706 ;080;811;NZM5543;      76,60;    0,03;17/01/2024;63;PRODUTO / QTDE. ERRADA        ;   ;ediziene   ;16:54
216018                            ;17/01/2024;    ;242107;007;    ;0051324;SUPER E FRIG BRILHAN                              ;(74) 3611-3706 ;080;811;NZM5543;      76,60;    0,03;17/01/2024;63;PRODUTO / QTDE. ERRADA        ;   ;ediziene   ;16:55
216020                            ;17/01/2024;    ;242175;007;    ;0054919;MERCADINH CENTENARIO                              ;(74)98807-9931 ;010;101;PKK8518;      95,94;    0,13;18/01/2024;32;ENTREGA ATRASADA (BUFFER)     ;   ;silva      ;17:34
216020                            ;17/01/2024;    ;242176;007;    ;0054919;MERCADINH CENTENARIO                              ;(74)98807-9931 ;010;101;PKK8518;      48,90;    0,06;18/01/2024;32;ENTREGA ATRASADA (BUFFER)     ;   ;silva      ;17:34
216020                            ;17/01/2024;    ;242177;007;    ;0054919;MERCADINH CENTENARIO                              ;(74)98807-9931 ;010;101;PKK8518;     299,40;    0,41;18/01/2024;32;ENTREGA ATRASADA (BUFFER)     ;   ;silva      ;17:35
216020                            ;17/01/2024;    ;242178;007;    ;0054919;MERCADINH CENTENARIO                              ;(74)98807-9931 ;010;101;PKK8518;     199,60;    0,27;18/01/2024;32;ENTREGA ATRASADA (BUFFER)     ;   ;silva      ;17:35
216020                            ;17/01/2024;    ;242179;007;    ;0054919;MERCADINH CENTENARIO                              ;(74)98807-9931 ;010;101;PKK8518;     178,26;    0,37;18/01/2024;32;ENTREGA ATRASADA (BUFFER)     ;   ;silva      ;17:35
216020                            ;17/01/2024;    ;242180;007;    ;0054919;MERCADINH CENTENARIO                              ;(74)98807-9931 ;010;101;PKK8518;      44,52;    0,08;18/01/2024;32;ENTREGA ATRASADA (BUFFER)     ;DER;silva      ;17:36
216022                            ;17/01/2024;    ;242282;007;    ;0063620;ADEGA DISTRIBUIDORA                               ;(74)98857-2031 ;010;111;OZF1202;     249,50;    0,34;17/01/2024;72;PDV FECHADO (HORARIO COM.)    ;   ;teles      ;18:30
216022                            ;17/01/2024;    ;242283;007;    ;0063620;ADEGA DISTRIBUIDORA                               ;(74)98857-2031 ;010;111;OZF1202;      30,55;    0,04;17/01/2024;72;PDV FECHADO (HORARIO COM.)    ;DER;teles      ;18:30
216022                            ;17/01/2024;    ;242284;007;    ;0063620;ADEGA DISTRIBUIDORA                               ;(74)98857-2031 ;010;111;OZF1202;       2,89;    0,00;17/01/2024;72;PDV FECHADO (HORARIO COM.)    ;   ;teles      ;18:30
216022                            ;17/01/2024;    ;242285;007;    ;0063620;ADEGA DISTRIBUIDORA                               ;(74)98857-2031 ;010;111;OZF1202;       2,89;    0,00;17/01/2024;72;PDV FECHADO (HORARIO COM.)    ;   ;teles      ;18:30
216045                            ;18/01/2024;    ;242481;007;    ;0050155;BAR DO MARCOS                                     ;(74) 3534-2278 ;020;206;RDC5J22;     545,00;    0,69;22/01/2024;71;SEM DINHEIRO/CHEQUE           ;   ;teles      ;21:23
216046                            ;18/01/2024;    ;242591;007;    ;0050064;ATACADAO MURILO                                   ;(74)98123-9836 ;020;204;OUX8B81;     117,96;    0,63;20/01/2024;71;SEM DINHEIRO/CHEQUE           ;   ;silva      ;17:08
216046                            ;18/01/2024;    ;242594;007;    ;0050064;ATACADAO MURILO                                   ;(74)98123-9836 ;020;204;OUX8B81;     327,88;    0,85;20/01/2024;71;SEM DINHEIRO/CHEQUE           ;   ;silva      ;17:08
216046                            ;18/01/2024;    ;242595;007;    ;0050064;ATACADAO MURILO                                   ;(74)98123-9836 ;020;204;OUX8B81;      32,40;    0,04;20/01/2024;71;SEM DINHEIRO/CHEQUE           ;   ;silva      ;17:08
216050                            ;18/01/2024;    ;242831;007;    ;0057351;O BARATEIRO                                       ;(74)99945-7126 ;010;110;NZM9993;      17,27;    0,01;18/01/2024;68;TROCA (SEM SELO / QTDE. ERRADA;   ;aloisio    ;21:39
216050                            ;18/01/2024;    ;242832;007;    ;0057351;O BARATEIRO                                       ;(74)99945-7126 ;010;110;NZM9993;      46,07;    0,04;18/01/2024;68;TROCA (SEM SELO / QTDE. ERRADA;   ;aloisio    ;21:38
216053                            ;18/01/2024;    ;242916;007;    ;0050702;MERC LB                                           ;(74)98835-1399 ;010;109;RDN1D46;     151,74;    0,60;18/01/2024;72;PDV FECHADO (HORARIO COM.)    ;   ;silva      ;14:29
216053                            ;18/01/2024;    ;242917;007;    ;0050702;MERC LB                                           ;(74)98835-1399 ;010;109;RDN1D46;     199,60;    0,27;18/01/2024;72;PDV FECHADO (HORARIO COM.)    ;DER;silva      ;14:30
216053                            ;18/01/2024;    ;242934;007;    ;0050858;PETISCAL                                          ;(74)99131-3472 ;010;109;RDN1D46;     389,50;    0,60;18/01/2024;72;PDV FECHADO (HORARIO COM.)    ;   ;silva      ;14:30
216055                            ;18/01/2024;    ;242992;007;    ;0053865;MERC. ATHAYDE                                     ;(74)98808-4112 ;010;101;RPR6D25;      38,58;    0,04;18/01/2024;60;PRECO ERRADO                  ;   ;silva      ;16:02
216057                            ;18/01/2024;    ;243081;007;    ;0062935;SÉRGIO DO FORRÓ                                   ;(74)98803-6011 ;010;107;KJP3656;      76,46;    0,24;18/01/2024;65;NAO FEZ PEDIDO                ;   ;silva      ;17:20
216058                            ;18/01/2024;    ;243134;007;    ;0060086;DIST PONTO DO ESP                                 ;(74)99104-9851 ;010;107;SJQ9B60;      50,14;    0,06;18/01/2024;72;PDV FECHADO (HORARIO COM.)    ;   ;silva      ;15:26
216058                            ;18/01/2024;    ;243135;007;    ;0060086;DIST PONTO DO ESP                                 ;(74)99104-9851 ;010;107;SJQ9B60;      49,44;    0,06;18/01/2024;72;PDV FECHADO (HORARIO COM.)    ;   ;silva      ;15:26
216058                            ;18/01/2024;    ;243136;007;    ;0060086;DIST PONTO DO ESP                                 ;(74)99104-9851 ;010;107;SJQ9B60;      48,90;    0,06;18/01/2024;72;PDV FECHADO (HORARIO COM.)    ;   ;silva      ;15:27
216065                            ;18/01/2024;    ;243314;007;    ;0054566;BAR DO ZENGA                                      ;(74) 3617-1128 ;020;202;OVB5042;     358,74;    0,55;18/01/2024;71;SEM DINHEIRO/CHEQUE           ;   ;silva      ;16:51
216073                            ;18/01/2024;    ;243615;007;    ;0062307;FRANGO DA MARY                                    ;(74)98125-9790 ;010;105;HXN3A97;      13,94;    0,06;18/01/2024;82;ENDERECO NAO ENCONTRADO       ;   ;silva      ;15:34
216096                            ;19/01/2024;    ;243667;007;    ;0050160;SUPERMERCAD CALCADaO                              ;(74)99966-4498 ;020;205;OUX3F90;     643,60;    0,89;22/01/2024;72;PDV FECHADO (HORARIO COM.)    ;   ;teles      ;21:20
216096                            ;19/01/2024;    ;243695;007;    ;0052535;BAR DO SILVERIO                                   ;(74)98118-3442 ;020;205;OUX3F90;     748,94;    0,74;22/01/2024;70;CLIENTE CANCELOU              ;   ;teles      ;21:21
216096                            ;19/01/2024;    ;243696;007;    ;0052535;BAR DO SILVERIO                                   ;(74)98118-3442 ;020;205;OUX3F90;     330,76;    0,02;22/01/2024;70;CLIENTE CANCELOU              ;   ;teles      ;21:21
216096                            ;19/01/2024;    ;243697;007;    ;0052535;BAR DO SILVERIO                                   ;(74)98118-3442 ;020;205;OUX3F90;     174,20;    0,20;22/01/2024;70;CLIENTE CANCELOU              ;   ;teles      ;21:20
216097                            ;19/01/2024;    ;243753;007;    ;0057414;Adega Imperio                                     ;(74) 8133-5392 ;020;206;NZN0E75;      97,66;    0,12;22/01/2024;70;CLIENTE CANCELOU              ;   ;teles      ;21:13
216102                            ;19/01/2024;    ;243939;007;    ;0063357; CHU GREG NOV OPÇÃO                               ;(74)98148-8115 ;020;201;RPP0E77;     816,46;    0,98;22/01/2024;72;PDV FECHADO (HORARIO COM.)    ;   ;teles      ;02:50
216104                            ;19/01/2024;    ;244044;007;    ;0051803;AQUI LANCHES                                      ;(74)99946-1691 ;010;110;RPP6J11;     151,24;    0,14;20/01/2024;63;PRODUTO / QTDE. ERRADA        ;   ;silva      ;18:04
216104                            ;19/01/2024;    ;244045;007;    ;0058415;MERCADINHO PEGUE E P                              ;(74)98829-2486 ;010;110;RPP6J11;      81,09;    0,07;20/01/2024;72;PDV FECHADO (HORARIO COM.)    ;   ;silva      ;18:03
216104                            ;19/01/2024;    ;244046;007;    ;0058415;MERCADINHO PEGUE E P                              ;(74)98829-2486 ;010;110;RPP6J11;      37,90;    0,04;20/01/2024;72;PDV FECHADO (HORARIO COM.)    ;   ;silva      ;18:04
216104                            ;19/01/2024;    ;244070;007;    ;0054158;DONNA ANA                                         ;(74)99944-8666 ;010;110;RPP6J11;     838,22;    0,86;20/01/2024;64;SEM VASILHAME                 ;   ;silva      ;18:04
216109                            ;19/01/2024;    ;244145;007;    ;0064144;DIST LN                                           ;(74)99812-4179 ;010;109;HXN3A97;      47,66;    0,06;19/01/2024;87;TEMPO INSUFICIENTE            ;   ;teles      ;20:02
216109                            ;19/01/2024;    ;244146;007;    ;0064144;DIST LN                                           ;(74)99812-4179 ;010;109;HXN3A97;      48,90;    0,06;19/01/2024;87;TEMPO INSUFICIENTE            ;   ;teles      ;20:02
216109                            ;19/01/2024;    ;244147;007;    ;0064144;DIST LN                                           ;(74)99812-4179 ;010;109;HXN3A97;     299,40;    0,41;19/01/2024;87;TEMPO INSUFICIENTE            ;   ;teles      ;20:02
216109                            ;19/01/2024;    ;244148;007;    ;0064144;DIST LN                                           ;(74)99812-4179 ;010;109;HXN3A97;       5,79;    0,00;19/01/2024;87;TEMPO INSUFICIENTE            ;   ;teles      ;20:02
216110                            ;19/01/2024;    ;244218;007;    ;0063282;DEPOSITO DO LEANDRO                               ;(74)98806-6355 ;010;109;OFB8B68;     645,46;    0,89;19/01/2024;72;PDV FECHADO (HORARIO COM.)    ;   ;ediziene   ;17:02
216110                            ;19/01/2024;    ;244219;007;    ;0063282;DEPOSITO DO LEANDRO                               ;(74)98806-6355 ;010;109;OFB8B68;      47,66;    0,06;19/01/2024;72;PDV FECHADO (HORARIO COM.)    ;   ;ediziene   ;17:03
216110                            ;19/01/2024;    ;244220;007;    ;0063282;DEPOSITO DO LEANDRO                               ;(74)98806-6355 ;010;109;OFB8B68;      76,46;    0,24;19/01/2024;72;PDV FECHADO (HORARIO COM.)    ;   ;ediziene   ;17:04
216110                            ;19/01/2024;    ;244221;007;    ;0063282;DEPOSITO DO LEANDRO                               ;(74)98806-6355 ;010;109;OFB8B68;      94,08;    0,13;19/01/2024;72;PDV FECHADO (HORARIO COM.)    ;   ;ediziene   ;17:04
216112                            ;19/01/2024;    ;244327;007;    ;0052609;MERCADINHO QUIPA                                  ;(74)98836-8744 ;010;111;JII1442;     427,42;    0,82;19/01/2024;72;PDV FECHADO (HORARIO COM.)    ;   ;ediziene   ;16:20
216112                            ;19/01/2024;    ;244328;007;    ;0055889;O Gelinho distribuid                              ;(74)98862-4788 ;010;102;JII1442;    1079,76;    1,62;19/01/2024;70;CLIENTE CANCELOU              ;   ;ediziene   ;16:05
216112                            ;19/01/2024;    ;244332;007;    ;0055469;MERCADINHO SILVA                                  ;(74) 9835-8597 ;010;101;JII1442;     191,15;    0,60;19/01/2024;70;CLIENTE CANCELOU              ;   ;ediziene   ;16:05
216112                            ;19/01/2024;    ;244333;007;    ;0055469;MERCADINHO SILVA                                  ;(74) 9835-8597 ;010;101;JII1442;     298,85;    0,96;19/01/2024;70;CLIENTE CANCELOU              ;   ;ediziene   ;16:04
216112                            ;19/01/2024;    ;244334;007;    ;0055469;MERCADINHO SILVA                                  ;(74) 9835-8597 ;010;101;JII1442;      12,64;    0,00;19/01/2024;70;CLIENTE CANCELOU              ;DER;ediziene   ;16:04
216113                            ;19/01/2024;    ;244355;007;    ;0053617;MERC CAMINHO DE CASA                              ;(74) 3614-2913 ;010;103;RDN1D46;     638,00;    0,84;19/01/2024;72;PDV FECHADO (HORARIO COM.)    ;   ;ediziene   ;13:40
216113                            ;19/01/2024;    ;244356;007;    ;0053617;MERC CAMINHO DE CASA                              ;(74) 3614-2913 ;010;103;RDN1D46;     285,86;    0,39;19/01/2024;72;PDV FECHADO (HORARIO COM.)    ;   ;ediziene   ;13:40
216113                            ;19/01/2024;    ;244357;007;    ;0053617;MERC CAMINHO DE CASA                              ;(74) 3614-2913 ;010;103;RDN1D46;      58,10;    0,06;19/01/2024;72;PDV FECHADO (HORARIO COM.)    ;   ;ediziene   ;13:39
216113                            ;19/01/2024;    ;244360;007;    ;0063995;DISTRIBUIDORA E MERC                              ;(74)99949-6667 ;010;106;RDN1D46;     193,97;    0,27;19/01/2024;72;PDV FECHADO (HORARIO COM.)    ;   ;ediziene   ;13:41
216113                            ;19/01/2024;    ;244361;007;    ;0063995;DISTRIBUIDORA E MERC                              ;(74)99949-6667 ;010;106;RDN1D46;      31,90;    0,04;19/01/2024;72;PDV FECHADO (HORARIO COM.)    ;   ;ediziene   ;13:41
216114                            ;19/01/2024;    ;244390;007;    ;0054142;EDU COMERCIAL                                     ;(74)98814-0409 ;010;103;NKV3226;    4990,00;    6,90;19/01/2024;70;CLIENTE CANCELOU              ;   ;ediziene   ;15:57
216114                            ;19/01/2024;    ;244405;007;    ;0057412;DISTRID. DO MIUDO                                 ;(74)98136-2669 ;010;109;NKV3226;     207,92;    0,26;19/01/2024;70;CLIENTE CANCELOU              ;DER;ediziene   ;15:58
216114                            ;19/01/2024;    ;244406;007;    ;0057412;DISTRID. DO MIUDO                                 ;(74)98136-2669 ;010;109;NKV3226;      31,90;    0,04;19/01/2024;70;CLIENTE CANCELOU              ;DER;ediziene   ;15:58
216115                            ;19/01/2024;    ;244428;007;    ;0058099;Dep sito do Guilherm                              ;(74)98128-0173 ;010;109;OZF1202;      40,95;    0,01;19/01/2024;42;Produto/Quantidade Errada     ;   ;teles      ;18:55
216115                            ;19/01/2024;    ;244429;007;    ;0058099;Dep sito do Guilherm                              ;(74)98128-0173 ;010;109;OZF1202;     142,28;    0,48;19/01/2024;42;Produto/Quantidade Errada     ;   ;teles      ;18:55
216115                            ;19/01/2024;    ;244430;007;    ;0058099;Dep sito do Guilherm                              ;(74)98128-0173 ;010;109;OZF1202;     150,46;    0,20;19/01/2024;42;Produto/Quantidade Errada     ;   ;teles      ;18:55
216115                            ;19/01/2024;    ;244431;007;    ;0058099;Dep sito do Guilherm                              ;(74)98128-0173 ;010;109;OZF1202;    2046,16;    2,62;19/01/2024;42;Produto/Quantidade Errada     ;   ;teles      ;18:54
216116                            ;19/01/2024;    ;244457;007;    ;0056307;CATIA CRISTINA DE OL                              ;(74)98861-4787 ;010;105;RDN7A69;     281,08;    0,44;19/01/2024;72;PDV FECHADO (HORARIO COM.)    ;   ;ediziene   ;16:32
216116                            ;19/01/2024;    ;244458;007;    ;0056307;CATIA CRISTINA DE OL                              ;(74)98861-4787 ;010;105;RDN7A69;      16,32;    0,01;19/01/2024;72;PDV FECHADO (HORARIO COM.)    ;DER;ediziene   ;16:32
216117                            ;19/01/2024;    ;244536;007;    ;0055354;MERC DO MARIO                                     ;(74)98817-2963 ;010;108;RPR6D25;     231,50;    0,31;19/01/2024;72;PDV FECHADO (HORARIO COM.)    ;DER;ediziene   ;16:13
216118                            ;19/01/2024;    ;244563;007;    ;0055820;SACOLA CHEIA                                      ;(74) 3611-1242 ;080;811;PKL6654;     699,45;    1,91;19/01/2024;23;(C)Pedidos duplicados         ;   ;ediziene   ;17:06
216119                            ;19/01/2024;    ;244571;007;    ;0025218;INDIA LANCHES                                     ;(74)98851-7144 ;010;107;PKK0690;     217,90;    0,28;19/01/2024;50;CARGA ERRADA ARMAZEM          ;   ;ediziene   ;16:54
216119                            ;19/01/2024;    ;244599;007;    ;0063213;MG BEBIDAS                                        ;(74)98851-8379 ;010;107;PKK0690;      83,80;    0,11;19/01/2024;50;CARGA ERRADA ARMAZEM          ;   ;ediziene   ;16:53
216126                            ;19/01/2024;    ;244840;007;    ;0056298;Depósito da Girlene                               ;(74)98849-2231 ;010;102;RDC8F64;    1113,32;    1,81;19/01/2024;64;SEM VASILHAME                 ;   ;ediziene   ;16:10
216126                            ;19/01/2024;    ;244841;007;    ;0056298;Depósito da Girlene                               ;(74)98849-2231 ;010;102;RDC8F64;     221,50;    0,44;19/01/2024;64;SEM VASILHAME                 ;   ;ediziene   ;16:10
216126                            ;19/01/2024;    ;244842;007;    ;0056298;Depósito da Girlene                               ;(74)98849-2231 ;010;102;RDC8F64;      35,46;    0,12;19/01/2024;64;SEM VASILHAME                 ;   ;ediziene   ;16:10
216147                            ;20/01/2024;    ;244957;007;    ;0056660;POINT DA TEQUILA                                  ;(74)98824-6981 ;010;107;RDJ0G42;    5029,30;    6,45;30/01/2024;91;CONSIGNACAO                   ;   ;alyson     ;21:30
216151                            ;20/01/2024;    ;245035;007;    ;0064264;NEUSIVAN BARBOSA DE                               ;(74)98817-0867 ;010;107;PKK8518;      69,70;    0,30;20/01/2024;82;ENDERECO NAO ENCONTRADO       ;   ;silva      ;13:36
216152                            ;20/01/2024;    ;245067;007;    ;0057068;MERC ZE MAGO                                      ;(74)98855-7706 ;010;101;PKL6654;      49,90;    0,06;20/01/2024;71;SEM DINHEIRO/CHEQUE           ;   ;silva      ;15:25
216172                            ;22/01/2024;    ;245341;007;    ;0054020;BAR DO ANTONIO                                    ;(74)99956-5827 ;010;110;OVB5042;     686,75;    0,82;22/01/2024;64;SEM VASILHAME                 ;   ;aloisio    ;21:41
216172                            ;22/01/2024;    ;245349;007;    ;0053929;GELADaO CACIQUE                                   ;(74)99975-8643 ;010;110;OVB5042;    1643,00;    2,20;22/01/2024;72;PDV FECHADO (HORARIO COM.)    ;   ;aloisio    ;21:42
216172                            ;22/01/2024;    ;245350;007;    ;0053929;GELADaO CACIQUE                                   ;(74)99975-8643 ;010;110;OVB5042;     349,30;    0,48;22/01/2024;72;PDV FECHADO (HORARIO COM.)    ;   ;aloisio    ;21:42
216172                            ;22/01/2024;    ;245351;007;    ;0053929;GELADaO CACIQUE                                   ;(74)99975-8643 ;010;110;OVB5042;      35,13;    0,03;22/01/2024;72;PDV FECHADO (HORARIO COM.)    ;DER;aloisio    ;21:43
216172                            ;22/01/2024;    ;245368;007;    ;0054955;GELADaO LOPES                                     ;(74)98858-7413 ;010;110;OVB5042;    2938,00;    3,58;22/01/2024;64;SEM VASILHAME                 ;   ;aloisio    ;21:40
216178                            ;22/01/2024;    ;245539;007;    ;0055593;PIZZARIA PAULISTA                                 ;(74)99996-1531 ;020;206;RDC8F64;     147,26;    0,40;24/01/2024;72;PDV FECHADO (HORARIO COM.)    ;   ;aloisio    ;22:42
216178                            ;22/01/2024;    ;245546;007;    ;0054328;PADARIA POPULAR                                   ;(74)99997-6516 ;020;204;RDC8F64;      85,83;    0,25;24/01/2024;72;PDV FECHADO (HORARIO COM.)    ;   ;aloisio    ;22:42
216179                            ;22/01/2024;    ;245547;007;    ;0050280;CASA PASSOS                                       ;(74) 3533-0216 ;020;204;RDC5J22;      84,96;    0,24;23/01/2024;87;TEMPO INSUFICIENTE            ;DER;teles      ;22:40
216179                            ;22/01/2024;    ;245577;007;    ;0064330;MERCADINHO FA                                     ;(74)99972-5784 ;020;204;RDC5J22;     343,80;    0,72;23/01/2024;87;TEMPO INSUFICIENTE            ;   ;teles      ;22:40
216179                            ;22/01/2024;    ;245578;007;    ;0064330;MERCADINHO FA                                     ;(74)99972-5784 ;020;204;RDC5J22;      32,40;    0,04;23/01/2024;87;TEMPO INSUFICIENTE            ;   ;teles      ;22:40
216179                            ;22/01/2024;    ;245580;007;    ;0054034;LANCHO. DUTIQUIM                                  ;(74)99986-6030 ;020;206;RDC5J22;    1151,84;    1,30;23/01/2024;87;TEMPO INSUFICIENTE            ;   ;teles      ;22:42
216179                            ;22/01/2024;    ;245600;007;    ;0060848;BAR DO REI                                        ;(61)99925-1464 ;020;204;RDC5J22;     327,96;    0,52;23/01/2024;87;TEMPO INSUFICIENTE            ;   ;teles      ;22:42
216179                            ;22/01/2024;    ;245601;007;    ;0052714;m e m distribuidora                               ;(74)99980-8604 ;020;206;RDC5J22;      22,72;    0,02;23/01/2024;87;TEMPO INSUFICIENTE            ;DER;teles      ;22:41
216179                            ;22/01/2024;    ;245602;007;    ;0052714;m e m distribuidora                               ;(74)99980-8604 ;020;206;RDC5J22;    1741,98;    2,34;23/01/2024;87;TEMPO INSUFICIENTE            ;   ;teles      ;22:41
216179                            ;22/01/2024;    ;245603;007;    ;0052714;m e m distribuidora                               ;(74)99980-8604 ;020;206;RDC5J22;     595,08;    0,73;23/01/2024;87;TEMPO INSUFICIENTE            ;   ;teles      ;22:41
216179                            ;22/01/2024;    ;245604;007;    ;0052714;m e m distribuidora                               ;(74)99980-8604 ;020;206;RDC5J22;     370,04;    0,44;23/01/2024;87;TEMPO INSUFICIENTE            ;   ;teles      ;22:41
216179                            ;22/01/2024;    ;245605;007;    ;0064272;MERCADINHO HIJ                                    ;(74)99982-5448 ;020;204;RDC5J22;     390,42;    0,80;23/01/2024;87;TEMPO INSUFICIENTE            ;   ;teles      ;22:42
216181                            ;22/01/2024;    ;245663;007;    ;0025329;BAR DO JOSE CARLOS                                ;(74)98863-9428 ;020;201;RPP0E77;      66,00;    0,12;22/01/2024;72;PDV FECHADO (HORARIO COM.)    ;DER;aloisio    ;21:12
216181                            ;22/01/2024;    ;245664;007;    ;0025329;BAR DO JOSE CARLOS                                ;(74)98863-9428 ;020;201;RPP0E77;      42,48;    0,12;22/01/2024;72;PDV FECHADO (HORARIO COM.)    ;   ;aloisio    ;21:12
216181                            ;22/01/2024;    ;245665;007;    ;0025329;BAR DO JOSE CARLOS                                ;(74)98863-9428 ;020;201;RPP0E77;      11,22;    0,01;22/01/2024;72;PDV FECHADO (HORARIO COM.)    ;DER;aloisio    ;21:12
216182                            ;22/01/2024;    ;245719;007;    ;0057533;MERCADINHO 3K                                     ;(74)98834-9384 ;090;999;RCQ9D86;     106,74;    0,36;23/01/2024;71;SEM DINHEIRO/CHEQUE           ;   ;aloisio    ;01:47
216183                            ;22/01/2024;    ;245772;007;    ;0052384;BAR DA RENA                                       ;(74) 3523-7054 ;020;203;NZM7723;     165,22;    0,21;23/01/2024;71;SEM DINHEIRO/CHEQUE           ;   ;ediziene   ;13:33
216183                            ;22/01/2024;    ;245784;007;    ;0062989;MERCADINHO TEREZA RE                              ;(43)90000-0000 ;020;203;NZM7723;      18,38;    0,02;23/01/2024;63;PRODUTO / QTDE. ERRADA        ;   ;ediziene   ;13:34
216184                            ;22/01/2024;    ;245805;007;    ;0062893;MERC DA FAMÍLIA                                   ;(75)99966-2305 ;020;205;RPP7B52;     199,60;    0,27;24/01/2024;71;SEM DINHEIRO/CHEQUE           ;   ;silva      ;08:51
216184                            ;22/01/2024;    ;245812;007;    ;0050310;MERCEARIA BOM JESUS                               ;(74) 3527-2103 ;020;205;RPP7B52;     291,24;    0,86;24/01/2024;64;SEM VASILHAME                 ;   ;silva      ;08:51
216184                            ;22/01/2024;    ;245826;007;    ;0063929;BAR DO VITOR                                      ;(74)99937-7807 ;020;205;RPP7B52;      47,66;    0,06;24/01/2024;71;SEM DINHEIRO/CHEQUE           ;   ;silva      ;08:50
216185                            ;22/01/2024;    ;245938;007;    ;0051912;BAR ESPACO LIVRE                                  ;(74)98862-9297 ;020;202;NZM8419;     842,47;    0,98;23/01/2024;72;PDV FECHADO (HORARIO COM.)    ;   ;ediziene   ;16:33
216185                            ;22/01/2024;    ;245939;007;    ;0051912;BAR ESPACO LIVRE                                  ;(74)98862-9297 ;020;202;NZM8419;     131,90;    0,14;23/01/2024;72;PDV FECHADO (HORARIO COM.)    ;   ;ediziene   ;16:33
216185                            ;22/01/2024;    ;245940;007;    ;0051912;BAR ESPACO LIVRE                                  ;(74)98862-9297 ;020;202;NZM8419;     249,50;    0,34;23/01/2024;72;PDV FECHADO (HORARIO COM.)    ;   ;ediziene   ;16:34
216185                            ;22/01/2024;    ;245941;007;    ;0051912;BAR ESPACO LIVRE                                  ;(74)98862-9297 ;020;202;NZM8419;      37,06;    0,02;23/01/2024;72;PDV FECHADO (HORARIO COM.)    ;   ;ediziene   ;16:34
216185                            ;22/01/2024;    ;245942;007;    ;0051912;BAR ESPACO LIVRE                                  ;(74)98862-9297 ;020;202;NZM8419;      17,71;    0,01;23/01/2024;72;PDV FECHADO (HORARIO COM.)    ;DER;ediziene   ;16:33
216186                            ;22/01/2024;    ;245948;007;    ;0063589;DISTRIBUIDORA RR                                  ;(74)98838-0640 ;020;202;SJQ9B60;      49,90;    0,06;23/01/2024;72;PDV FECHADO (HORARIO COM.)    ;   ;ediziene   ;13:22
216186                            ;22/01/2024;    ;245960;007;    ;0025547;MERC SAO VICENTE SOB                              ;(74)98811-4425 ;020;202;SJQ9B60;     158,62;    0,24;23/01/2024;64;SEM VASILHAME                 ;   ;ediziene   ;13:24
216186                            ;22/01/2024;    ;245961;007;    ;0025547;MERC SAO VICENTE SOB                              ;(74)98811-4425 ;020;202;SJQ9B60;    1429,79;    1,99;23/01/2024;64;SEM VASILHAME                 ;   ;ediziene   ;13:23
216186                            ;22/01/2024;    ;245994;007;    ;0057279;BAR AQUI TEM                                      ;(74)99921-1259 ;020;202;SJQ9B60;      24,53;    0,02;23/01/2024;72;PDV FECHADO (HORARIO COM.)    ;DER;ediziene   ;13:24
216186                            ;22/01/2024;    ;245995;007;    ;0057279;BAR AQUI TEM                                      ;(74)99921-1259 ;020;202;SJQ9B60;      33,64;    0,04;23/01/2024;72;PDV FECHADO (HORARIO COM.)    ;   ;ediziene   ;13:25
216188                            ;22/01/2024;    ;246079;007;    ;0064266;BAR DAS 7                                         ;(74)98838-2515 ;010;111;NZM5543;     389,58;    0,28;22/01/2024;63;PRODUTO / QTDE. ERRADA        ;   ;silva      ;18:12
216189                            ;22/01/2024;    ;246109;007;    ;0057523;PONTO DA SANDRA                                   ;(74)98813-1228 ;010;111;NZM9993;     499,00;    0,69;22/01/2024;64;SEM VASILHAME                 ;DER;silva      ;17:07
216191                            ;22/01/2024;    ;246187;007;    ;0058544;BOTECO DO GAGUINHO                                ;(74)98813-0576 ;010;111;PKK0690;    1435,42;    1,81;22/01/2024;71;SEM DINHEIRO/CHEQUE           ;   ;silva      ;17:45
216199                            ;22/01/2024;    ;246291;007;    ;0062613;DESTRIBUIDORA DA NIL                              ;(74)98829-0429 ;010;109;RDN7A69;     249,50;    0,34;22/01/2024;71;SEM DINHEIRO/CHEQUE           ;   ;aloisio    ;18:38
216199                            ;22/01/2024;    ;246292;007;    ;0062613;DESTRIBUIDORA DA NIL                              ;(74)98829-0429 ;010;109;RDN7A69;      99,80;    0,13;22/01/2024;71;SEM DINHEIRO/CHEQUE           ;   ;aloisio    ;18:38
216204                            ;22/01/2024;    ;246413;007;    ;0057240;DIST TIAGO                                        ;(74)99963-5601 ;010;105;HXN3A97;      44,54;    0,06;22/01/2024;63;PRODUTO / QTDE. ERRADA        ;   ;aloisio    ;19:16
216204                            ;22/01/2024;    ;246420;007;    ;0060284;PANI E MERC AVENIDA                               ;(74)99915-6422 ;010;105;HXN3A97;      44,54;    0,06;22/01/2024;63;PRODUTO / QTDE. ERRADA        ;   ;aloisio    ;19:17
216204                            ;22/01/2024;    ;246426;007;    ;0060284;PANI E MERC AVENIDA                               ;(74)99915-6422 ;010;105;HXN3A97;      44,54;    0,06;22/01/2024;63;PRODUTO / QTDE. ERRADA        ;   ;aloisio    ;19:18
216204                            ;22/01/2024;    ;246457;007;    ;0056647;EDINALVA SOUZA                                    ;(74)98822-2418 ;010;101;HXN3A97;      44,54;    0,06;22/01/2024;63;PRODUTO / QTDE. ERRADA        ;   ;aloisio    ;19:16
216204                            ;22/01/2024;    ;246459;007;    ;0055301;ESPETINHO PARADA OBR                              ;(74)98823-4557 ;010;105;HXN3A97;    1924,41;    2,26;22/01/2024;64;SEM VASILHAME                 ;   ;aloisio    ;19:14
216205                            ;22/01/2024;    ;246465;007;    ;0064082;CZ DISTRIBUIDORA                                  ;(73)98167-9898 ;010;107;JII1442;     100,80;    0,13;22/01/2024;70;CLIENTE CANCELOU              ;   ;aloisio    ;18:52
216205                            ;22/01/2024;    ;246479;007;    ;0052539;MERCADINHO OLIVEIRA                               ;(74) 3612-9776 ;010;107;JII1442;     349,30;    0,48;22/01/2024;82;ENDERECO NAO ENCONTRADO       ;   ;aloisio    ;18:53
216205                            ;22/01/2024;    ;246480;007;    ;0052539;MERCADINHO OLIVEIRA                               ;(74) 3612-9776 ;010;107;JII1442;     349,30;    0,48;22/01/2024;82;ENDERECO NAO ENCONTRADO       ;   ;aloisio    ;18:54
216205                            ;22/01/2024;    ;246481;007;    ;0052539;MERCADINHO OLIVEIRA                               ;(74) 3612-9776 ;010;107;JII1442;      39,51;    0,12;22/01/2024;82;ENDERECO NAO ENCONTRADO       ;   ;aloisio    ;18:54
216206                            ;22/01/2024;    ;246496;007;    ;0062220;MERCADO E DISTRIBUID                              ;(74)99910-5686 ;010;102;KJP3656;     547,85;    0,70;22/01/2024;87;TEMPO INSUFICIENTE            ;   ;aloisio    ;18:46
216206                            ;22/01/2024;    ;246498;007;    ;0053055;NALVA LANCHES                                     ;(74) 8856-9075 ;010;105;KJP3656;     137,36;    0,36;22/01/2024;87;TEMPO INSUFICIENTE            ;   ;aloisio    ;18:46
216207                            ;22/01/2024;    ;246528;007;    ;0056850;SIDVAN FERREIRA DA S                              ;(74)98834-6992 ;010;108;NKV3226;      89,84;    0,13;22/01/2024;70;CLIENTE CANCELOU              ;   ;aloisio    ;19:25
216207                            ;22/01/2024;    ;246546;007;    ;0063868;BAR DO JOEL                                       ;(74)88841-9428 ;010;108;NKV3226;     773,78;    1,15;22/01/2024;71;SEM DINHEIRO/CHEQUE           ;   ;aloisio    ;19:26
216207                            ;22/01/2024;    ;246547;007;    ;0063868;BAR DO JOEL                                       ;(74)88841-9428 ;010;108;NKV3226;     499,00;    0,69;22/01/2024;71;SEM DINHEIRO/CHEQUE           ;DER;aloisio    ;19:26
216207                            ;22/01/2024;    ;246548;007;    ;0063868;BAR DO JOEL                                       ;(74)88841-9428 ;010;108;NKV3226;      49,90;    0,06;22/01/2024;71;SEM DINHEIRO/CHEQUE           ;   ;aloisio    ;19:27
216217                            ;22/01/2024;    ;246616;007;    ;0029043;CDR CAMACARI                                      ;(19) 3313-7039 ;091;986;NZL8456;   21318,00;    0,00;22/01/2024;51;NF ERRADA                     ;   ;silva      ;17:24
216238                            ;23/01/2024;    ;246694;007;    ;0050305;CASA LOPES                                        ;(74) 3526-2008 ;020;206;OUX8B81;    1498,36;    2,54;25/01/2024;50;CARGA ERRADA ARMAZEM          ;   ;aloisio    ;06:45
216238                            ;23/01/2024;    ;246695;007;    ;0050305;CASA LOPES                                        ;(74) 3526-2008 ;020;206;OUX8B81;     349,30;    0,48;25/01/2024;50;CARGA ERRADA ARMAZEM          ;   ;aloisio    ;06:46
216238                            ;23/01/2024;    ;246696;007;    ;0050305;CASA LOPES                                        ;(74) 3526-2008 ;020;206;OUX8B81;      40,74;    0,01;25/01/2024;50;CARGA ERRADA ARMAZEM          ;   ;aloisio    ;06:47
216238                            ;23/01/2024;    ;246743;007;    ;0052241;CHURRASCARIA GOMES                                ;(74)98847-9071 ;020;206;OUX8B81;     146,90;    0,14;25/01/2024;71;SEM DINHEIRO/CHEQUE           ;   ;aloisio    ;06:44
216238                            ;23/01/2024;    ;246744;007;    ;0052241;CHURRASCARIA GOMES                                ;(74)98847-9071 ;020;206;OUX8B81;     391,34;    0,84;25/01/2024;71;SEM DINHEIRO/CHEQUE           ;   ;aloisio    ;06:44
216253                            ;23/01/2024;    ;247259;007;    ;0051009;BAR DO CUNHADO                                    ;(74)98825-9710 ;010;108;RDN1D46;     244,72;    0,34;23/01/2024;72;PDV FECHADO (HORARIO COM.)    ;   ;ediziene   ;14:36
216253                            ;23/01/2024;    ;247260;007;    ;0051009;BAR DO CUNHADO                                    ;(74)98825-9710 ;010;108;RDN1D46;      99,80;    0,13;23/01/2024;72;PDV FECHADO (HORARIO COM.)    ;DER;ediziene   ;14:36
216254                            ;23/01/2024;    ;247287;007;    ;0050470;MERCADINHO MENEZES                                ;(74)98839-5263 ;010;101;RDN7A69;      13,94;    0,06;23/01/2024;71;SEM DINHEIRO/CHEQUE           ;   ;ediziene   ;13:30
216255                            ;23/01/2024;    ;247300;007;    ;0063240;DISTRIBUIDORA DO DÉ                               ;(74)98140-4651 ;010;107;RDN7A69;      13,94;    0,06;23/01/2024;87;TEMPO INSUFICIENTE            ;   ;teles      ;19:06
216255                            ;23/01/2024;    ;247301;007;    ;0063240;DISTRIBUIDORA DO DÉ                               ;(74)98140-4651 ;010;107;RDN7A69;      16,20;    0,02;23/01/2024;87;TEMPO INSUFICIENTE            ;   ;teles      ;19:06
216255                            ;23/01/2024;    ;247306;007;    ;0063175;RD BEBIDAS                                        ;(87)98163-6835 ;010;107;RDN7A69;      67,84;    0,07;23/01/2024;50;CARGA ERRADA ARMAZEM          ;   ;teles      ;19:06
216256                            ;23/01/2024;    ;247327;007;    ;0064107;LENDAS DO RIO                                     ;(74)98858-7401 ;010;107;RPR6D25;      28,44;    0,04;23/01/2024;71;SEM DINHEIRO/CHEQUE           ;   ;ediziene   ;11:10
216262                            ;23/01/2024;    ;247465;007;    ;0056578;CLEITON CARDOSO DE F                              ;(74)98825-0267 ;010;109;KHL4414;      49,90;    0,06;23/01/2024;71;SEM DINHEIRO/CHEQUE           ;   ;ediziene   ;17:05
216262                            ;23/01/2024;    ;247466;007;    ;0056578;CLEITON CARDOSO DE F                              ;(74)98825-0267 ;010;109;KHL4414;      39,51;    0,12;23/01/2024;71;SEM DINHEIRO/CHEQUE           ;   ;ediziene   ;17:05
216262                            ;23/01/2024;    ;247467;007;    ;0056578;CLEITON CARDOSO DE F                              ;(74)98825-0267 ;010;109;KHL4414;       8,81;    0,01;23/01/2024;71;SEM DINHEIRO/CHEQUE           ;DER;ediziene   ;17:06
216264                            ;23/01/2024;    ;247553;007;    ;0055127;DISTRIBUIDORA LIMA                                ;(74)98857-1585 ;010;103;OZF1202;     648,70;    0,89;23/01/2024;85;DIFICIL ACESSO                ;   ;ediziene   ;17:47
216264                            ;23/01/2024;    ;247554;007;    ;0055127;DISTRIBUIDORA LIMA                                ;(74)98857-1585 ;010;103;OZF1202;     349,30;    0,48;23/01/2024;85;DIFICIL ACESSO                ;   ;ediziene   ;17:48
216264                            ;23/01/2024;    ;247555;007;    ;0055127;DISTRIBUIDORA LIMA                                ;(74)98857-1585 ;010;103;OZF1202;      48,73;    0,06;23/01/2024;85;DIFICIL ACESSO                ;   ;ediziene   ;17:48
216264                            ;23/01/2024;    ;247556;007;    ;0055127;DISTRIBUIDORA LIMA                                ;(74)98857-1585 ;010;103;OZF1202;      31,06;    0,03;23/01/2024;85;DIFICIL ACESSO                ;   ;ediziene   ;17:48
216264                            ;23/01/2024;    ;247558;007;    ;0056195;BAR DO SEU ZE                                     ;(74)98831-4919 ;010;109;OZF1202;     209,24;    0,48;23/01/2024;85;DIFICIL ACESSO                ;   ;ediziene   ;17:47
216264                            ;23/01/2024;    ;247569;007;    ;0056606;COMERCIO SANTANA                                  ;(74)98855-3122 ;010;109;OZF1202;    1138,04;    1,97;23/01/2024;85;DIFICIL ACESSO                ;   ;ediziene   ;17:46
216294                            ;24/01/2024;    ;247796;007;    ;0050301;MERCADINHO UNIAO                                  ;(74) 3534-2655 ;020;206;NZN0E75;    2938,00;    2,88;25/01/2024;70;CLIENTE CANCELOU              ;   ;teles      ;21:31
216294                            ;24/01/2024;    ;247815;007;    ;0052028;GILVAN DISTRIBUIDORA                              ;(74)99916-4689 ;020;206;NZN0E75;     238,00;    0,34;25/01/2024;71;SEM DINHEIRO/CHEQUE           ;   ;teles      ;21:30
216294                            ;24/01/2024;    ;247816;007;    ;0052028;GILVAN DISTRIBUIDORA                              ;(74)99916-4689 ;020;206;NZN0E75;      77,90;    0,12;25/01/2024;71;SEM DINHEIRO/CHEQUE           ;   ;teles      ;21:31
216295                            ;24/01/2024;    ;247861;007;    ;0057444;DISTRIBUID GORDINHO                               ;(74)99947-8678 ;020;204;RDC5J22;      25,61;    0,04;25/01/2024;42;Produto/Quantidade Errada     ;DER;teles      ;21:25
216296                            ;24/01/2024;    ;247939;007;    ;0064375;MERCADINHO FAMILIAR                               ;(87)99606-8228 ;010;110;RPP6J11;     620,98;    0,93;25/01/2024;64;SEM VASILHAME                 ;   ;aloisio    ;04:18
216298                            ;24/01/2024;    ;248011;007;    ;0058300;bar e dist LAS VEGAS                              ;(74)98826-3212 ;020;201;RPP0E77;     250,77;    0,34;24/01/2024;72;PDV FECHADO (HORARIO COM.)    ;   ;aloisio    ;20:57
216302                            ;24/01/2024;    ;248103;007;    ;0050636;MERC. CASTRO ALVES                                ;(74)98808-8667 ;010;101;PKL6654;     965,82;    0,96;24/01/2024;63;PRODUTO / QTDE. ERRADA        ;   ;silva      ;16:13
216302                            ;24/01/2024;    ;248104;007;    ;0050636;MERC. CASTRO ALVES                                ;(74)98808-8667 ;010;101;PKL6654;     825,47;    1,55;24/01/2024;63;PRODUTO / QTDE. ERRADA        ;   ;silva      ;16:13
216306                            ;24/01/2024;    ;248177;007;    ;0053969;SE FOR BEBER M CHAME                              ;(74)98823-4568 ;010;107;KJP3656;     748,50;    1,03;24/01/2024;71;SEM DINHEIRO/CHEQUE           ;   ;silva      ;16:58
216306                            ;24/01/2024;    ;248179;007;    ;0053969;SE FOR BEBER M CHAME                              ;(74)98823-4568 ;010;107;KJP3656;     377,00;    0,60;24/01/2024;71;SEM DINHEIRO/CHEQUE           ;   ;silva      ;16:57
216306                            ;24/01/2024;    ;248182;007;    ;0058039;SE FOR BEBER 2                                    ;(74)98835-4756 ;010;107;KJP3656;     349,30;    0,48;24/01/2024;71;SEM DINHEIRO/CHEQUE           ;   ;silva      ;16:57
216309                            ;24/01/2024;    ;248265;007;    ;0060826;EMPORIO BEBIDAS  CIA                              ;(74)99197-4910 ;010;107;RPR6D25;     167,42;    0,21;24/01/2024;64;SEM VASILHAME                 ;   ;silva      ;13:21
216310                            ;24/01/2024;    ;248274;007;    ;0057116;Bar Da Simone                                     ;(74)98835-3454 ;010;111;RPR6D25;      65,54;    0,08;24/01/2024;71;SEM DINHEIRO/CHEQUE           ;   ;silva      ;17:06
216310                            ;24/01/2024;    ;248284;007;    ;0062096;MERCADINHO DISTRIBUI                              ;(43)90000-0000 ;010;111;RPR6D25;     624,04;    1,13;24/01/2024;85;DIFICIL ACESSO                ;   ;silva      ;17:06
216310                            ;24/01/2024;    ;248285;007;    ;0062096;MERCADINHO DISTRIBUI                              ;(43)90000-0000 ;010;111;RPR6D25;       1,16;    0,00;24/01/2024;85;DIFICIL ACESSO                ;DER;silva      ;17:07
216314                            ;24/01/2024;    ;248391;007;    ;0063656;MERCADINHO E DISTRIB                              ;(74)98874-6845 ;010;101;KHL4414;     342,30;    0,34;24/01/2024;70;CLIENTE CANCELOU              ;   ;silva      ;14:17
216315                            ;24/01/2024;    ;248394;007;    ;0062252;ESPETARIA BUGUILA                                 ;(74)98837-1508 ;010;105;RDN7A69;     117,06;    0,14;24/01/2024;64;SEM VASILHAME                 ;   ;silva      ;11:08
216315                            ;24/01/2024;    ;248403;007;    ;0000876;ESPETINHO DO NETO                                 ;(74) 9962-0013 ;010;105;RDN7A69;     384,12;    0,72;24/01/2024;86;HORARIO DE ENTREGA            ;   ;silva      ;11:07
216315                            ;24/01/2024;    ;248404;007;    ;0000876;ESPETINHO DO NETO                                 ;(74) 9962-0013 ;010;105;RDN7A69;      10,84;    0,01;24/01/2024;86;HORARIO DE ENTREGA            ;DER;silva      ;11:07
216316                            ;24/01/2024;    ;248415;007;    ;0057595;DISTRIBUIDORA TOP                                 ;(74)99805-7288 ;010;109;RDN7A69;    1015,44;    1,38;24/01/2024;72;PDV FECHADO (HORARIO COM.)    ;   ;silva      ;16:44
216319                            ;24/01/2024;    ;248471;007;    ;0026625;PERNALONGA                                        ;(74)98812-0875 ;010;108;RPP7B52;   34181,00;   39,09;30/01/2024;91;CONSIGNACAO                   ;   ;alyson     ;18:58
216321                            ;24/01/2024;    ;248523;007;    ;0055627;Merc Disk Bebidas                                 ;(74)98819-1138 ;010;106;OFB8B68;     102,27;    0,16;24/01/2024;64;SEM VASILHAME                 ;   ;silva      ;15:41
216342                            ;25/01/2024;    ;248867;007;    ;0058458;FENIX DISTRIBUIDORA                               ;(74)99818-3460 ;020;205;RDC8F64;     532,00;    0,69;27/01/2024;72;PDV FECHADO (HORARIO COM.)    ;   ;ediziene   ;11:03
216342                            ;25/01/2024;    ;248868;007;    ;0051203;distribuidora Martin                              ;(74) 3535-1589 ;020;205;RDC8F64;     139,07;    0,12;27/01/2024;23;(C)Pedidos duplicados         ;   ;ediziene   ;11:05
216342                            ;25/01/2024;    ;248869;007;    ;0051203;distribuidora Martin                              ;(74) 3535-1589 ;020;205;RDC8F64;      13,94;    0,06;27/01/2024;23;(C)Pedidos duplicados         ;   ;ediziene   ;11:05
216352                            ;25/01/2024;    ;249300;007;    ;0002230;COMERCIAL J SALES                                 ;(74) 3613-2946 ;010;102;RDN1D46;    3617,76;    3,42;30/01/2024;91;CONSIGNACAO                   ;   ;alyson     ;18:58
216356                            ;25/01/2024;    ;249371;007;    ;0058501;RESTAURANTE RIO CENT                              ;(74)98854-4270 ;010;108;RDN1D46;      13,94;    0,06;25/01/2024;72;PDV FECHADO (HORARIO COM.)    ;   ;ediziene   ;17:59
216356                            ;25/01/2024;    ;249372;007;    ;0058501;RESTAURANTE RIO CENT                              ;(74)98854-4270 ;010;108;RDN1D46;      43,74;    0,01;25/01/2024;72;PDV FECHADO (HORARIO COM.)    ;   ;ediziene   ;17:59
216356                            ;25/01/2024;    ;249373;007;    ;0053600;REST MISTER GRILL                                 ;(74)98808-2518 ;010;108;RDN1D46;     427,27;    0,43;25/01/2024;72;PDV FECHADO (HORARIO COM.)    ;   ;ediziene   ;17:58
216356                            ;25/01/2024;    ;249374;007;    ;0053600;REST MISTER GRILL                                 ;(74)98808-2518 ;010;108;RDN1D46;      38,16;    0,00;25/01/2024;72;PDV FECHADO (HORARIO COM.)    ;   ;ediziene   ;17:58
216357                            ;25/01/2024;    ;249386;007;    ;0063930;BAR E RESTAURANTE CA                              ;(74)98804-6117 ;010;109;RDN7A69;      97,60;    0,14;25/01/2024;32;ENTREGA ATRASADA (BUFFER)     ;   ;ediziene   ;15:42
216359                            ;25/01/2024;    ;249420;007;    ;0053047;DIST DA LUCIENE                                   ;(74)98827-8146 ;010;108;RPJ2H66;     362,74;    0,43;25/01/2024;71;SEM DINHEIRO/CHEQUE           ;DER;ediziene   ;15:35
216363                            ;25/01/2024;    ;249533;007;    ;0052094;MERCADINHO DA MARA                                ;(74) 3617-1016 ;020;202;OVB5042;     474,24;    0,50;25/01/2024;63;PRODUTO / QTDE. ERRADA        ;   ;ediziene   ;17:03
216365                            ;25/01/2024;    ;249591;007;    ;0063669;DIST MOURA                                        ;(74)98819-1139 ;010;109;OZF1202;     151,52;    0,14;25/01/2024;70;CLIENTE CANCELOU              ;   ;ediziene   ;18:08
216365                            ;25/01/2024;    ;249599;007;    ;0058031;MERCADINHO SR ROMULO                              ;(55)74988-6159 ;010;101;OZF1202;     860,20;    1,08;25/01/2024;71;SEM DINHEIRO/CHEQUE           ;   ;ediziene   ;18:06
216365                            ;25/01/2024;    ;249604;007;    ;0058099;Dep sito do Guilherm                              ;(74)98128-0173 ;010;109;OZF1202;     351,08;    0,48;25/01/2024;72;PDV FECHADO (HORARIO COM.)    ;   ;ediziene   ;18:06
216365                            ;25/01/2024;    ;249605;007;    ;0058099;Dep sito do Guilherm                              ;(74)98128-0173 ;010;109;OZF1202;      50,15;    0,06;25/01/2024;72;PDV FECHADO (HORARIO COM.)    ;   ;ediziene   ;18:07
216365                            ;25/01/2024;    ;249615;007;    ;0058478;DUBAI DISTRIBUIDORA                               ;(74)99124-7573 ;010;109;OZF1202;     399,20;    0,55;25/01/2024;72;PDV FECHADO (HORARIO COM.)    ;   ;ediziene   ;18:07
216365                            ;25/01/2024;    ;249616;007;    ;0058478;DUBAI DISTRIBUIDORA                               ;(74)99124-7573 ;010;109;OZF1202;     249,50;    0,34;25/01/2024;72;PDV FECHADO (HORARIO COM.)    ;   ;ediziene   ;18:08
216366                            ;25/01/2024;    ;249674;007;    ;0058610;DM DISTRIBUIDORA                                  ;(87)98877-6719 ;010;107;NZM5543;     957,00;    1,26;25/01/2024;70;CLIENTE CANCELOU              ;   ;teles      ;19:15
216366                            ;25/01/2024;    ;249678;007;    ;0057085;DISTR. 24 HORAS                                   ;(74)98826-2801 ;010;107;NZM5543;      84,83;    0,07;25/01/2024;23;(C)Pedidos duplicados         ;   ;teles      ;19:15
216368                            ;25/01/2024;    ;249737;007;    ;0062912;COMERCIAL NUNES                                   ;(74)99929-0370 ;010;101;PKK8518;    1136,90;    1,43;25/01/2024;71;SEM DINHEIRO/CHEQUE           ;   ;ediziene   ;18:18
216368                            ;25/01/2024;    ;249739;007;    ;0054861;MERCA E FRIGORIF MS                               ;(74)98843-8246 ;010;101;PKK8518;     305,94;    0,36;25/01/2024;71;SEM DINHEIRO/CHEQUE           ;   ;ediziene   ;18:15
216368                            ;25/01/2024;    ;249740;007;    ;0054861;MERCA E FRIGORIF MS                               ;(74)98843-8246 ;010;101;PKK8518;      31,90;    0,04;25/01/2024;71;SEM DINHEIRO/CHEQUE           ;   ;ediziene   ;18:16
216368                            ;25/01/2024;    ;249751;007;    ;0056298;Depósito da Girlene                               ;(74)98849-2231 ;010;102;PKK8518;     162,40;    0,16;25/01/2024;85;DIFICIL ACESSO                ;   ;ediziene   ;18:16
216368                            ;25/01/2024;    ;249752;007;    ;0056298;Depósito da Girlene                               ;(74)98849-2231 ;010;102;PKK8518;    1846,92;    2,79;25/01/2024;85;DIFICIL ACESSO                ;   ;ediziene   ;18:17
216368                            ;25/01/2024;    ;249753;007;    ;0056298;Depósito da Girlene                               ;(74)98849-2231 ;010;102;PKK8518;      39,60;    0,12;25/01/2024;85;DIFICIL ACESSO                ;   ;ediziene   ;18:17
216368                            ;25/01/2024;    ;249760;007;    ;0056390;DISTRIBUIDORA ROSA                                ;(74)98821-9859 ;010;105;PKK8518;     515,06;    0,57;25/01/2024;71;SEM DINHEIRO/CHEQUE           ;   ;ediziene   ;18:18
216370                            ;25/01/2024;    ;249827;007;    ;0062149;DISTRIBUIDORA DA ANG                              ;(74)98841-1807 ;010;109;OFB8B68;     274,40;    0,39;25/01/2024;84;AREA DE RISCO                 ;   ;ediziene   ;16:14
216370                            ;25/01/2024;    ;249828;007;    ;0062149;DISTRIBUIDORA DA ANG                              ;(74)98841-1807 ;010;109;OFB8B68;      13,94;    0,06;25/01/2024;84;AREA DE RISCO                 ;   ;ediziene   ;16:15
216372                            ;25/01/2024;    ;249899;007;    ;0051212;CLUBE DO LOURO                                    ;(74)98114-9655 ;010;108;RPP7B52;     355,80;    0,37;25/01/2024;64;SEM VASILHAME                 ;   ;teles      ;18:44
216374                            ;25/01/2024;    ;249993;007;    ;0062943;Distribu o geladao                                ;(74)99923-5293 ;010;106;PKL6654;     399,20;    0,55;25/01/2024;72;PDV FECHADO (HORARIO COM.)    ;   ;ediziene   ;16:08
216374                            ;25/01/2024;    ;249994;007;    ;0062943;Distribu o geladao                                ;(74)99923-5293 ;010;106;PKL6654;      17,35;    0,02;25/01/2024;72;PDV FECHADO (HORARIO COM.)    ;   ;ediziene   ;16:07
216374                            ;25/01/2024;    ;249995;007;    ;0062943;Distribu o geladao                                ;(74)99923-5293 ;010;106;PKL6654;      16,20;    0,02;25/01/2024;72;PDV FECHADO (HORARIO COM.)    ;   ;ediziene   ;16:08
216385                            ;25/01/2024;    ;250029;007;    ;0062922;DISTRIBUIDORA VJ                                  ;(74)99981-8954 ;010;111;MSG0C01;    1800,00;    0,00;30/01/2024;08;Mapa nao carregado / nao canc.;   ;silva      ;16:34
216395                            ;26/01/2024;    ;250415;007;    ;0055002;BAR DO DIEGO                                      ;(74)98809-3593 ;020;201;RPP0E77;     508,50;    0,62;29/01/2024;72;PDV FECHADO (HORARIO COM.)    ;   ;aloisio    ;20:56
216395                            ;26/01/2024;    ;250426;007;    ;0053713;BAR DO ARLINDO                                    ;(74)98857-9875 ;020;201;RPP0E77;     304,90;    0,48;29/01/2024;72;PDV FECHADO (HORARIO COM.)    ;   ;aloisio    ;20:55
216398                            ;26/01/2024;    ;250525;007;    ;0064112;BARZINHO 16                                       ;(74)98125-2264 ;010;107;RPR6D25;      37,38;    0,12;26/01/2024;82;ENDERECO NAO ENCONTRADO       ;   ;silva      ;17:40
216399                            ;26/01/2024;    ;250540;007;    ;0063163;POINT MG O GELADÃO                                ;(74)99935-5607 ;010;105;RDN7A69;     444,56;    0,59;26/01/2024;72;PDV FECHADO (HORARIO COM.)    ;   ;aloisio    ;18:09
216404                            ;26/01/2024;    ;250648;007;    ;0002230;COMERCIAL J SALES                                 ;(74) 3613-2946 ;010;102;PKK0690;    1257,00;    1,70;26/01/2024;70;CLIENTE CANCELOU              ;   ;silva      ;13:50
216405                            ;26/01/2024;    ;250698;007;    ;0064312;MICHEL BATISTA DA GA                              ;(74)98104-7427 ;010;101;PKL6654;     150,80;    0,06;26/01/2024;70;CLIENTE CANCELOU              ;   ;silva      ;15:35
216409                            ;26/01/2024;    ;250821;007;    ;0063206;boteco da pitu                                    ;(74)98804-7587 ;010;109;NZM5543;      98,98;    0,18;26/01/2024;70;CLIENTE CANCELOU              ;DER;silva      ;15:54
216409                            ;26/01/2024;    ;250822;007;    ;0053014;REST CHEGUE MAIS                                  ;(74)98857-0561 ;010;109;NZM5543;     125,32;    0,24;26/01/2024;70;CLIENTE CANCELOU              ;   ;silva      ;15:53
216411                            ;26/01/2024;    ;250884;007;    ;0063892;MERCADINHO E DISTRIB                              ;(74)99199-0304 ;010;101;JII1442;    2052,43;    2,07;26/01/2024;70;CLIENTE CANCELOU              ;   ;silva      ;16:51
216411                            ;26/01/2024;    ;250895;007;    ;0058466;MERC E DIATR MIRANDA                              ;(74)99148-1232 ;010;101;JII1442;     145,60;    0,19;26/01/2024;70;CLIENTE CANCELOU              ;   ;silva      ;16:50
216411                            ;26/01/2024;    ;250896;007;    ;0058466;MERC E DIATR MIRANDA                              ;(74)99148-1232 ;010;101;JII1442;    3421,63;    3,45;26/01/2024;70;CLIENTE CANCELOU              ;   ;silva      ;16:50
216411                            ;26/01/2024;    ;250897;007;    ;0058466;MERC E DIATR MIRANDA                              ;(74)99148-1232 ;010;101;JII1442;     818,46;    1,15;26/01/2024;70;CLIENTE CANCELOU              ;   ;silva      ;16:50
216414                            ;26/01/2024;    ;251013;007;    ;0053975;DEPOSITO DO VALTER                                ;(74)98118-4464 ;010;102;SJQ9B60;      49,90;    0,06;26/01/2024;70;CLIENTE CANCELOU              ;   ;silva      ;17:26
216414                            ;26/01/2024;    ;251014;007;    ;0053975;DEPOSITO DO VALTER                                ;(74)98118-4464 ;010;102;SJQ9B60;      49,90;    0,06;26/01/2024;70;CLIENTE CANCELOU              ;   ;silva      ;17:26
216415                            ;26/01/2024;    ;251034;007;    ;0055625;MERCADINHO DA GG                                  ;(74)99995-4266 ;010;109;RDJ0G42;      49,90;    0,06;26/01/2024;72;PDV FECHADO (HORARIO COM.)    ;DER;silva      ;16:36
216415                            ;26/01/2024;    ;251053;007;    ;0053335;MAX ANDREY                                        ;(74)98818-8906 ;010;108;RDJ0G42;    1247,50;    1,72;26/01/2024;64;SEM VASILHAME                 ;   ;silva      ;16:37
216425                            ;26/01/2024;    ;251149;007;    ;0062151;CLUB AQUACITY                                     ;(11)96212-7454 ;020;204;       ;    1700,00;    0,00;31/01/2024;08;Mapa nao carregado / nao canc.;   ;ediziene   ;17:05
216436                            ;27/01/2024;    ;251224;007;    ;0025992;BAR DO JUNIOR                                     ;(74) 8824-4911 ;010;108;RDN1D46;      40,04;    0,04;27/01/2024;72;PDV FECHADO (HORARIO COM.)    ;   ;ediziene   ;14:44
216436                            ;27/01/2024;    ;251225;007;    ;0025992;BAR DO JUNIOR                                     ;(74) 8824-4911 ;010;108;RDN1D46;      89,60;    0,11;27/01/2024;72;PDV FECHADO (HORARIO COM.)    ;   ;ediziene   ;14:46
216436                            ;27/01/2024;    ;251229;007;    ;0064246;HEBERTH MATHEUS                                   ;(74)98826-9399 ;010;108;RDN1D46;     291,15;    0,76;27/01/2024;72;PDV FECHADO (HORARIO COM.)    ;   ;ediziene   ;14:43
216437                            ;27/01/2024;    ;251253;007;    ;0057280;DIST JOSE                                         ;(74)98874-3620 ;010;102;RDN7A69;      49,90;    0,06;27/01/2024;70;CLIENTE CANCELOU              ;DER;ediziene   ;13:25
216437                            ;27/01/2024;    ;251255;007;    ;0054875;BRISA MERCADINHO                                  ;(74)98839-2114 ;010;109;RDN7A69;      46,41;    0,06;27/01/2024;65;NAO FEZ PEDIDO                ;   ;ediziene   ;13:26
216437                            ;27/01/2024;    ;251269;007;    ;0064396;CHOPERIA DOS AMIGOS                               ;(74)98826-8786 ;010;109;RDN7A69;     178,74;    0,24;27/01/2024;72;PDV FECHADO (HORARIO COM.)    ;DER;ediziene   ;13:25
216439                            ;27/01/2024;    ;251303;007;    ;0062718;DISTRIBUIDORA PAIXaO                              ;(74)98837-3145 ;010;101;PKK0690;     644,68;    0,77;27/01/2024;72;PDV FECHADO (HORARIO COM.)    ;   ;ediziene   ;13:36
216439                            ;27/01/2024;    ;251304;007;    ;0062718;DISTRIBUIDORA PAIXaO                              ;(74)98837-3145 ;010;101;PKK0690;     207,61;    0,28;27/01/2024;72;PDV FECHADO (HORARIO COM.)    ;   ;ediziene   ;13:37
216439                            ;27/01/2024;    ;251305;007;    ;0062718;DISTRIBUIDORA PAIXaO                              ;(74)98837-3145 ;010;101;PKK0690;     587,52;    0,62;27/01/2024;72;PDV FECHADO (HORARIO COM.)    ;   ;ediziene   ;13:37
216439                            ;27/01/2024;    ;251311;007;    ;0053608;DISTRIBUIDORA HDL                                 ;(74)98804-9970 ;010;103;PKK0690;    4190,00;    5,67;27/01/2024;70;CLIENTE CANCELOU              ;   ;ediziene   ;13:36
216439                            ;27/01/2024;    ;251312;007;    ;0063894;DEPÓSITO BEER E PETI                              ;(74)98806-1510 ;010;107;PKK0690;     736,77;    1,07;27/01/2024;72;PDV FECHADO (HORARIO COM.)    ;   ;ediziene   ;13:35
216440                            ;27/01/2024;    ;251317;007;    ;0057700;MACEDO DISTRIBUIDORA                              ;(74)98872-7176 ;010;103;PKK8518;     922,40;    1,22;27/01/2024;71;SEM DINHEIRO/CHEQUE           ;   ;ediziene   ;14:14
216441                            ;27/01/2024;    ;251343;007;    ;0057305;DIST CLEIRAN                                      ;(74)98828-2158 ;010;106;NZM5543;     672,46;    0,78;27/01/2024;72;PDV FECHADO (HORARIO COM.)    ;   ;ediziene   ;13:44
216441                            ;27/01/2024;    ;251354;007;    ;0054540;BOTECO DO SEU Z                                   ;(74)98801-1932 ;010;106;NZM5543;     339,50;    0,89;27/01/2024;72;PDV FECHADO (HORARIO COM.)    ;   ;ediziene   ;13:43
216443                            ;27/01/2024;    ;251395;007;    ;0025470;LANCHONETE DA HELP                                ;(74)98809-4486 ;010;105;NZM4666;     399,20;    0,55;27/01/2024;72;PDV FECHADO (HORARIO COM.)    ;DER;ediziene   ;13:57
216444                            ;27/01/2024;    ;251432;007;    ;0063428;REINO DO DOG LOJA 3                               ;(43)90000-0000 ;010;105;NZM8419;     143,72;    0,34;27/01/2024;72;PDV FECHADO (HORARIO COM.)    ;   ;ediziene   ;13:52
216445                            ;27/01/2024;    ;251445;007;    ;0058603;AN DISTRI DO VALE                                 ;(74)98143-8032 ;010;102;NZM7723;     459,50;    0,72;27/01/2024;72;PDV FECHADO (HORARIO COM.)    ;   ;ediziene   ;13:40
216445                            ;27/01/2024;    ;251453;007;    ;0064303;LANCH LUCAS                                       ;(74)98106-6383 ;010;105;NZM7723;      47,04;    0,10;27/01/2024;72;PDV FECHADO (HORARIO COM.)    ;   ;ediziene   ;13:40
216445                            ;27/01/2024;    ;251454;007;    ;0050771;MEIRE DISTRIBUIDORA                               ;(74)98845-1639 ;010;103;NZM7723;    4798,82;    5,28;27/01/2024;71;SEM DINHEIRO/CHEQUE           ;   ;ediziene   ;13:39
216446                            ;27/01/2024;    ;251470;007;    ;0058611;MERCADO NOVA OPCaO                                ;(74)99155-0486 ;080;811;SJQ9B60;    1516,60;    2,07;27/01/2024;71;SEM DINHEIRO/CHEQUE           ;   ;ediziene   ;13:48
216447                            ;27/01/2024;    ;251493;007;    ;0061999;LIGIA DISTRIBUIDORA                               ;(74)99141-3467 ;010;103;OZF1202;     179,19;    0,52;27/01/2024;85;DIFICIL ACESSO                ;   ;ediziene   ;14:41
216447                            ;27/01/2024;    ;251494;007;    ;0062149;DISTRIBUIDORA DA ANG                              ;(74)98841-1807 ;010;109;OZF1202;     862,20;    1,18;27/01/2024;85;DIFICIL ACESSO                ;   ;ediziene   ;14:40
216447                            ;27/01/2024;    ;251495;007;    ;0062149;DISTRIBUIDORA DA ANG                              ;(74)98841-1807 ;010;109;OZF1202;     292,20;    0,44;27/01/2024;85;DIFICIL ACESSO                ;   ;ediziene   ;14:41
216465                            ;29/01/2024;    ;251668;007;    ;0052706;BAR SAO PAULINO                                   ;(74) 3533-2157 ;020;204;NZN3352;     214,96;    0,30;31/01/2024;70;CLIENTE CANCELOU              ;   ;ediziene   ;15:33
216465                            ;29/01/2024;    ;251669;007;    ;0052706;BAR SAO PAULINO                                   ;(74) 3533-2157 ;020;204;NZN3352;      99,80;    0,13;31/01/2024;70;CLIENTE CANCELOU              ;   ;ediziene   ;15:32
216474                            ;29/01/2024;    ;252029;007;    ;0064266;BAR DAS 7                                         ;(74)98838-2515 ;010;111;PKL6654;     774,98;    0,80;29/01/2024;72;PDV FECHADO (HORARIO COM.)    ;   ;ediziene   ;15:
216474                            ;29/01/2024;    ;252030;007;    ;0064266;BAR DAS 7                                         ;(74)98838-2515 ;010;111;PKL6654;      49,00;    0,08;29/01/2024;72;PDV FECHADO (HORARIO COM.)    ;   ;ediziene   ;15:
216474                            ;29/01/2024;    ;252031;007;    ;0055447;BAR E REST DOS FEIOS                              ;(87)99936-1351 ;010;111;PKL6654;    1405,36;    2,02;29/01/2024;72;PDV FECHADO (HORARIO COM.)    ;   ;ediziene   ;14:59
216478                            ;29/01/2024;    ;252097;007;    ;0050552;BAR MELLO DO PIMBAO                               ;(74)98822-8734 ;020;202;NZM8419;     299,40;    0,41;29/01/2024;72;PDV FECHADO (HORARIO COM.)    ;DER;ediziene   ;16:18
216479                            ;29/01/2024;    ;252128;007;    ;0055644;COMERCIAL CANTURIL                                ;(74) 3538-1628 ;020;202;NZM9993;     927,72;    1,41;29/01/2024;72;PDV FECHADO (HORARIO COM.)    ;   ;ediziene   ;15:51
216504                            ;30/01/2024;    ;252182;007;    ;0054648;GELADaO REIS                                      ;(74) 8142-0596 ;010;110;NZM9993;     205,25;    0,20;30/01/2024;81;PRODUTO DANIFICADO / FALTA    ;   ;aloisio    ;21:28
216504                            ;30/01/2024;    ;252183;007;    ;0054648;GELADaO REIS                                      ;(74) 8142-0596 ;010;110;NZM9993;      70,42;    0,30;30/01/2024;81;PRODUTO DANIFICADO / FALTA    ;   ;aloisio    ;21:29
216504                            ;30/01/2024;    ;252184;007;    ;0057739;MERC STA LUZIA                                    ;(74)98104-1741 ;010;110;NZM9993;     527,66;    0,85;30/01/2024;81;PRODUTO DANIFICADO / FALTA    ;   ;aloisio    ;21:27
216504                            ;30/01/2024;    ;252185;007;    ;0057739;MERC STA LUZIA                                    ;(74)98104-1741 ;010;110;NZM9993;      84,96;    0,24;30/01/2024;81;PRODUTO DANIFICADO / FALTA    ;   ;aloisio    ;21:27
216505                            ;30/01/2024;    ;252233;007;    ;0060279;PIZZARIA SOARES                                   ;(74)98837-4352 ;020;205;OUX3F90;     669,55;    0,85;31/01/2024;72;PDV FECHADO (HORARIO COM.)    ;   ;teles      ;21:57
216505                            ;30/01/2024;    ;252284;007;    ;0050509;BAR DO ALDECI                                     ;(74)99108-9262 ;020;205;OUX3F90;     863,25;    1,31;31/01/2024;70;CLIENTE CANCELOU              ;   ;teles      ;21:57
216513                            ;30/01/2024;    ;252564;007;    ;0064082;CZ DISTRIBUIDORA                                  ;(73)98167-9898 ;010;107;RPR6D25;     149,70;    0,20;30/01/2024;64;SEM VASILHAME                 ;   ;silva      ;16:38
216514                            ;30/01/2024;    ;252577;007;    ;0053073;COMERCIAL SANTOS                                  ;(74) 3611-6257 ;010;101;RDN7A69;     150,60;    0,19;30/01/2024;72;PDV FECHADO (HORARIO COM.)    ;   ;silva      ;16:52
216514                            ;30/01/2024;    ;252586;007;    ;0057508;TELES DISTRIBUIDORA                               ;(74)98842-1539 ;010;108;RDN7A69;      94,27;    0,12;30/01/2024;70;CLIENTE CANCELOU              ;   ;silva      ;16:52
216518                            ;30/01/2024;    ;252713;007;    ;0053482;BAR E DISTRIBUIDORA                               ;(74)98821-1043 ;010;109;PKK8518;      99,21;    0,15;30/01/2024;72;PDV FECHADO (HORARIO COM.)    ;   ;silva      ;16:20
216521                            ;30/01/2024;    ;252764;007;    ;0056325;GREAT ESQUENTA DIST.                              ;(74)99814-7352 ;010;103;OFB8B68;     718,54;    0,86;30/01/2024;72;PDV FECHADO (HORARIO COM.)    ;   ;silva      ;16:27
216522                            ;30/01/2024;    ;252795;007;    ;0058166;CASTRO DISTRIBUIDORA                              ;(74)99983-3352 ;010;106;OZE4956;     998,00;    1,38;30/01/2024;70;CLIENTE CANCELOU              ;   ;silva      ;17:31
216523                            ;30/01/2024;    ;252847;007;    ;0055312;MERC ATUAL                                        ;(74)98856-7308 ;010;106;OZF1202;     250,56;    0,40;30/01/2024;72;PDV FECHADO (HORARIO COM.)    ;   ;silva      ;16:57
216525                            ;30/01/2024;    ;252906;007;    ;0056455;DISTRIBUIDORA W E N                               ;(74)98838-9387 ;010;102;JII1442;    2495,00;    3,45;30/01/2024;64;SEM VASILHAME                 ;   ;silva      ;16:23
216527                            ;30/01/2024;    ;252968;007;    ;0063038;DISTRIBUIDORA BARBOS                              ;(71)99982-7749 ;010;111;NZM5543;    1746,50;    2,41;30/01/2024;64;SEM VASILHAME                 ;   ;silva      ;15:12
216528                            ;30/01/2024;    ;252970;007;    ;0058379;DISTRIBUIDORA JR                                  ;(74)98819-6355 ;010;107;LKI1H89;    1223,66;    1,41;30/01/2024;70;CLIENTE CANCELOU              ;   ;silva      ;10:49
216532                            ;30/01/2024;    ;253028;007;    ;0062292;MERC AVENIDA BIG                                  ;(74)98819-2312 ;010;105;RDN1D46;     153,31;    0,18;30/01/2024;87;TEMPO INSUFICIENTE            ;   ;aloisio    ;19:59
216532                            ;30/01/2024;    ;253029;007;    ;0062292;MERC AVENIDA BIG                                  ;(74)98819-2312 ;010;105;RDN1D46;     126,76;    0,27;30/01/2024;87;TEMPO INSUFICIENTE            ;   ;aloisio    ;19:58
216532                            ;30/01/2024;    ;253030;007;    ;0062292;MERC AVENIDA BIG                                  ;(74)98819-2312 ;010;105;RDN1D46;      37,02;    0,12;30/01/2024;87;TEMPO INSUFICIENTE            ;   ;aloisio    ;19:58
216559                            ;31/01/2024;    ;253281;007;    ;0057446;BUTECO DO VAL                                     ;(74)98804-1557 ;020;203;OVB5042;     298,74;    0,24;01/02/2024;82;ENDERECO NAO ENCONTRADO       ;   ;ediziene   ;13:28
216559                            ;31/01/2024;    ;253295;007;    ;0063504;ReK MARMITARIA                                    ;(74)99940-5990 ;020;203;OVB5042;      99,00;    0,31;01/02/2024;72;PDV FECHADO (HORARIO COM.)    ;   ;ediziene   ;13:29
216559                            ;31/01/2024;    ;253327;007;    ;0064158;BAR E DISTRIBUIDORA                               ;(74)99983-1736 ;020;203;OVB5042;     359,61;    0,68;01/02/2024;64;SEM VASILHAME                 ;   ;ediziene   ;13:30
216560                            ;31/01/2024;    ;253347;007;    ;0064366;ESPETINHO DO BELLUSH                              ;(74)98838-2150 ;020;201;RPP0E77;     240,68;    0,28;01/02/2024;82;ENDERECO NAO ENCONTRADO       ;   ;teles      ;02:13
216570                            ;31/01/2024;    ;253618;007;    ;0008083;BRISA LANCHE                                      ;(74)98819-7703 ;010;108;RDN1D46;     249,50;    0,34;31/01/2024;71;SEM DINHEIRO/CHEQUE           ;   ;ediziene   ;13:26
216570                            ;31/01/2024;    ;253622;007;    ;0064342;DEDEGO DIESTRIBUIDOR                              ;(74)99148-5746 ;010;108;RDN1D46;      13,94;    0,06;31/01/2024;72;PDV FECHADO (HORARIO COM.)    ;DER;ediziene   ;13:26
216570                            ;31/01/2024;    ;253629;007;    ;0000015;LUA MAR BAR E LANCH.                              ;(74)98808-2385 ;010;108;RDN1D46;     836,55;    1,67;31/01/2024;72;PDV FECHADO (HORARIO COM.)    ;   ;ediziene   ;13:25
216571                            ;31/01/2024;    ;253634;007;    ;0056967;MIX LANCHONETE                                    ;(74)98809-7893 ;010;108;RDN7A69;      68,51;    0,16;31/01/2024;72;PDV FECHADO (HORARIO COM.)    ;   ;teles      ;19:01
216571                            ;31/01/2024;    ;253635;007;    ;0056967;MIX LANCHONETE                                    ;(74)98809-7893 ;010;108;RDN7A69;      16,20;    0,02;31/01/2024;72;PDV FECHADO (HORARIO COM.)    ;   ;teles      ;19:02
216571                            ;31/01/2024;    ;253652;007;    ;0062421;HAMBURGUERIA LARA E                               ;(74)98862-2808 ;010;107;RDN7A69;     113,40;    0,28;31/01/2024;72;PDV FECHADO (HORARIO COM.)    ;   ;teles      ;19:02
216571                            ;31/01/2024;    ;253661;007;    ;0064408;BAR DA GILMARA                                    ;(74)98843-4395 ;010;108;RDN7A69;     343,20;    0,43;31/01/2024;72;PDV FECHADO (HORARIO COM.)    ;DER;teles      ;19:01
216571                            ;31/01/2024;    ;253662;007;    ;0024129;CANTINA NATURAL                                   ;(74) 8812-0681 ;010;108;RDN7A69;     184,38;    0,48;31/01/2024;82;ENDERECO NAO ENCONTRADO       ;   ;teles      ;19:01
216575                            ;31/01/2024;    ;253718;007;    ;0056763;B. FRITA EMANUELLY                                ;(74)98845-1656 ;010;108;PKL6654;    1090,00;    1,38;31/01/2024;64;SEM VASILHAME                 ;DER;ediziene   ;16:29
216581                            ;31/01/2024;    ;253909;007;    ;0063812;BAR JN                                            ;(74)98806-9967 ;010;105;JII1442;     399,20;    0,55;31/01/2024;71;SEM DINHEIRO/CHEQUE           ;   ;ediziene   ;17:06
216581                            ;31/01/2024;    ;253910;007;    ;0063812;BAR JN                                            ;(74)98806-9967 ;010;105;JII1442;      99,80;    0,13;31/01/2024;71;SEM DINHEIRO/CHEQUE           ;   ;ediziene   ;17:07
216583                            ;31/01/2024;    ;253948;007;    ;0053347;LAVA JATO CHAPEU DE                               ;(74)99141-0147 ;010;106;NZM5543;     248,50;    0,34;31/01/2024;70;CLIENTE CANCELOU              ;   ;ediziene   ;15:40
216583                            ;31/01/2024;    ;253975;007;    ;0058611;MERCADO NOVA OPCaO                                ;(74)99155-0486 ;080;811;NZM5543;    1497,00;    2,07;31/01/2024;71;SEM DINHEIRO/CHEQUE           ;   ;ediziene   ;15:40
216584                            ;31/01/2024;    ;254004;007;    ;0051528;SUPER. SUPERMAX                                   ;(74) 3612-9898 ;010;109;NZM7723;      84,96;    0,24;31/01/2024;72;PDV FECHADO (HORARIO COM.)    ;   ;ediziene   ;15:
216585                            ;31/01/2024;    ;254021;007;    ;0057783;Dino Pizzzaria                                    ;(74)98802-0493 ;010;106;NZM8419;     407,89;    1,06;31/01/2024;72;PDV FECHADO (HORARIO COM.)    ;   ;ediziene   ;15:36
216585                            ;31/01/2024;    ;254024;007;    ;0054626;POINT E CIA                                       ;(74)98824-2619 ;010;106;NZM8419;     154,76;    0,30;31/01/2024;72;PDV FECHADO (HORARIO COM.)    ;   ;ediziene   ;15:37
216585                            ;31/01/2024;    ;254025;007;    ;0054626;POINT E CIA                                       ;(74)98824-2619 ;010;106;NZM8419;     250,77;    0,34;31/01/2024;72;PDV FECHADO (HORARIO COM.)    ;   ;ediziene   ;15:37
