Mapa                     ;Data;Unb Nota;Nota;Serie;Unb Cliente;Cod. Cliente;Nome Cliente;Telefone;Area;Setor;Placa;Valor;Volume;Data Devol.;Cod. Motivo;Desc. Motivo;Orig. Pedido;Usuario;Hora 
002509                            ;02/09/2024;    ;033341;003;    ;0029405;MERCADINHO RAIANE                                 ;(75)98196-8643 ;040;409;SJQ2B64;     615,00;    0,79;03/09/2024;87;TEMPO INSUFICIENTE            ;   ;cunha.se   ;22:27
002529                            ;03/09/2024;    ;033533;003;    ;0032805;Mercadinho popular                                ;(75) 9139-3124 ;040;402;SJQ2B64;      52,94;    0,16;03/09/2024;55;QUALIDADE DO PRODUTO          ;   ;rafael     ;22:14
002537                            ;03/09/2024;    ;033819;003;    ;0000066;BIG LANCHE 2                                      ;(11)98527-1625 ;040;414;SJQ7D41;      56,83;    0,08;03/09/2024;71;SEM DINHEIRO/CHEQUE           ;   ;jadson.se  ;16:07
002538                            ;03/09/2024;    ;033829;003;    ;0086725;STILUS PANIF E RESTA                              ;(75) 9212-1898 ;040;408;SJQ9G53;     567,26;    0,92;03/09/2024;42;Produto/Quantidade Errada     ;   ;jadson.se  ;17:39
002544                            ;03/09/2024;    ;034046;003;    ;0086500;BAR DO VAL                                        ;(75)98244-6887 ;040;410;DEN3A12;     254,70;    0,31;04/09/2024;32;ENTREGA ATRASADA (BUFFER)     ;   ;mauricio.se;17:23
002544                            ;03/09/2024;    ;034047;003;    ;0086500;BAR DO VAL                                        ;(75)98244-6887 ;040;410;DEN3A12;      36,10;    0,04;04/09/2024;32;ENTREGA ATRASADA (BUFFER)     ;   ;mauricio.se;17:22
002549                            ;03/09/2024;    ;034140;003;    ;0000457;BAR SKOLZINHA                                     ;(75)99701-1960 ;040;410;SYE5D21;     291,84;    0,37;03/09/2024;72;PDV FECHADO (HORARIO COM.)    ;   ;jadson.se  ;18:11
002556                            ;03/09/2024;    ;034168;003;    ;0087408;BAR DA GORETTE                                    ;(75)99159-5616 ;040;406;GGC2226;    4000,00;    0,00;03/09/2024;46;Endereco Nao Encontrado       ;   ;jadson.se  ;17:35
002565                            ;03/09/2024;    ;034172;003;    ;0000355;VAQUEJADA D SERRINHA                              ;(75)99925-2606 ;040;406;SJQ3C18;   10940,10;   31,80;10/09/2024;91;CONSIGNACAO                   ;   ;alyson     ;19:52
002566                            ;03/09/2024;    ;034178;003;    ;0000355;VAQUEJADA D SERRINHA                              ;(75)99925-2606 ;040;406;SJQ3C18;   12441,56;   13,26;10/09/2024;91;CONSIGNACAO                   ;   ;alyson     ;19:52
002570                            ;04/09/2024;    ;034180;003;    ;0000355;VAQUEJADA D SERRINHA                              ;(75)99925-2606 ;040;406;SJQ3C18;   53562,60;   64,09;10/09/2024;91;CONSIGNACAO                   ;   ;alyson     ;19:52
002574                            ;04/09/2024;    ;034184;003;    ;0000355;VAQUEJADA D SERRINHA                              ;(75)99925-2606 ;040;406;SJQ3C18;  100386,00;  120,12;10/09/2024;91;CONSIGNACAO                   ;   ;alyson     ;19:53
002577                            ;04/09/2024;    ;034275;003;    ;0020858;BAR RASGATANGA                                    ;(75)99202-9121 ;040;414;SJQ7D41;     128,04;    0,27;04/09/2024;72;PDV FECHADO (HORARIO COM.)    ;   ;cunha.se   ;19:52
002577                            ;04/09/2024;    ;034288;003;    ;0020006;MERCADINHO SANTANA                                ;(07)50000-0000 ;040;414;SJQ7D41;     855,73;    1,14;04/09/2024;87;TEMPO INSUFICIENTE            ;   ;cunha.se   ;19:53
002577                            ;04/09/2024;    ;034291;003;    ;0020273;BOMBONIERE DO DUDU                                ;(07)59972-0418 ;040;414;SJQ7D41;      81,75;    0,12;04/09/2024;87;TEMPO INSUFICIENTE            ;   ;cunha.se   ;19:54
002577                            ;04/09/2024;    ;034292;003;    ;0020431;DEPOSITO DE  NENEM                                ;(75)99917-6677 ;040;414;SJQ7D41;    1342,89;    1,72;04/09/2024;87;TEMPO INSUFICIENTE            ;   ;cunha.se   ;19:55
002577                            ;04/09/2024;    ;034293;003;    ;0020431;DEPOSITO DE  NENEM                                ;(75)99917-6677 ;040;414;SJQ7D41;      69,80;    0,08;04/09/2024;87;TEMPO INSUFICIENTE            ;   ;cunha.se   ;19:55
002577                            ;04/09/2024;    ;034294;003;    ;0020251;LANCHONETE DA MARIA                               ;(07)59879-7834 ;040;414;SJQ7D41;      77,80;    0,20;04/09/2024;87;TEMPO INSUFICIENTE            ;   ;cunha.se   ;19:53
002577                            ;04/09/2024;    ;034295;003;    ;0020410;MERCADINHO M.S                                    ;(09)99999-9999 ;040;414;SJQ7D41;     286,47;    0,37;04/09/2024;87;TEMPO INSUFICIENTE            ;   ;cunha.se   ;19:56
002583                            ;04/09/2024;    ;034540;003;    ;0041105;MERCADINHO HORSE                                  ;(75)99294-5051 ;030;301;SJQ0J29;      93,44;    0,07;04/09/2024;65;NAO FEZ PEDIDO                ;   ;mauricio.se;17:29
002583                            ;04/09/2024;    ;034541;003;    ;0041105;MERCADINHO HORSE                                  ;(75)99294-5051 ;030;301;SJQ0J29;    1593,31;    1,95;04/09/2024;65;NAO FEZ PEDIDO                ;   ;mauricio.se;17:30
002584                            ;04/09/2024;    ;034615;003;    ;0051517; LD DISTRIBUIDORA                                 ;               ;040;405;SJQ9B48;     571,67;    0,73;04/09/2024;71;SEM DINHEIRO/CHEQUE           ;   ;mauricio.se;15:17
002600                            ;04/09/2024;    ;034834;003;    ;0000355;VAQUEJADA D SERRINHA                              ;(75)99925-2606 ;040;406;SJQ3C18;     491,40;    0,58;10/09/2024;91;CONSIGNACAO                   ;   ;alyson     ;19:53
002603                            ;05/09/2024;    ;034838;003;    ;0000355;VAQUEJADA D SERRINHA                              ;(75)99925-2606 ;040;406;SJQ3C18;   30975,82;   31,73;10/09/2024;91;CONSIGNACAO                   ;   ;alyson     ;19:53
002608                            ;05/09/2024;    ;034852;003;    ;0000355;VAQUEJADA D SERRINHA                              ;(75)99925-2606 ;040;406;SJQ3C18;  102903,60;  119,11;10/09/2024;91;CONSIGNACAO                   ;   ;alyson     ;19:53
002609                            ;05/09/2024;    ;034896;003;    ;0034395;JACIANE DE LIMA RAMO                              ;(75)99253-9587 ;040;402;SJQ2B64;      82,66;    0,05;05/09/2024;50;CARGA ERRADA ARMAZEM          ;   ;rafael     ;22:07
002611                            ;05/09/2024;    ;034956;003;    ;0020926;BAR DE RAMALIA                                    ;(07)59204-6567 ;040;412;SJQ7D41;     509,23;    1,29;05/09/2024;42;Produto/Quantidade Errada     ;   ;rafael     ;19:27
002611                            ;05/09/2024;    ;034957;003;    ;0020703;MERCADINHO CAJA                                   ;(07)59107-5366 ;040;414;SJQ7D41;    1995,95;    2,28;05/09/2024;87;TEMPO INSUFICIENTE            ;   ;rafael     ;19:29
002611                            ;05/09/2024;    ;034958;003;    ;0020703;MERCADINHO CAJA                                   ;(07)59107-5366 ;040;414;SJQ7D41;      23,90;    0,04;05/09/2024;87;TEMPO INSUFICIENTE            ;   ;rafael     ;19:29
002611                            ;05/09/2024;    ;034967;003;    ;0020612;BAR VAL DA MEIOTA                                 ;(07)59191-1988 ;040;414;SJQ7D41;     477,98;    0,62;05/09/2024;87;TEMPO INSUFICIENTE            ;   ;rafael     ;19:28
002618                            ;05/09/2024;    ;035245;003;    ;0046274;MERCADINHO JJ                                     ;(75)99863-9218 ;030;302;SJQ3A28;    1694,51;    2,31;05/09/2024;42;Produto/Quantidade Errada     ;   ;jadson.se  ;16:21
002621                            ;05/09/2024;    ;035343;003;    ;0048766;DISTRIBUIDORA RM                                  ;(75)99200-1400 ;040;403;SJQ0E61;     215,60;    0,27;05/09/2024;73;FALTA DE ATIVOS DE GIRO       ;   ;jadson.se  ;17:19
002631                            ;05/09/2024;    ;035499;003;    ;0040917;REIDSON LIMA DOS SAN                              ;(75)99941-1770 ;040;403;NZO1G22;     712,00;    0,67;05/09/2024;72;PDV FECHADO (HORARIO COM.)    ;   ;jadson.se  ;17:54
002631                            ;05/09/2024;    ;035500;003;    ;0085906;CHAMA SUPERMERCADO                                ;(75)98851-2019 ;030;301;NZO1G22;     835,52;    0,71;05/09/2024;85;DIFICIL ACESSO                ;   ;jadson.se  ;17:54
002631                            ;05/09/2024;    ;035501;003;    ;0085906;CHAMA SUPERMERCADO                                ;(75)98851-2019 ;030;301;NZO1G22;      13,67;    0,03;05/09/2024;72;PDV FECHADO (HORARIO COM.)    ;   ;jadson.se  ;17:55
002631                            ;05/09/2024;    ;035502;003;    ;0085906;CHAMA SUPERMERCADO                                ;(75)98851-2019 ;030;301;NZO1G22;      70,00;    0,08;05/09/2024;72;PDV FECHADO (HORARIO COM.)    ;   ;jadson.se  ;17:55
002635                            ;05/09/2024;    ;035562;003;    ;0085421;Point do espetinho                                ;               ;040;406;SKB5H16;     604,51;    0,74;05/09/2024;86;HORARIO DE ENTREGA            ;   ;rafael     ;19:06
002635                            ;05/09/2024;    ;035563;003;    ;0085421;Point do espetinho                                ;               ;040;406;SKB5H16;     613,34;    0,84;05/09/2024;86;HORARIO DE ENTREGA            ;   ;rafael     ;19:07
002644                            ;06/09/2024;    ;035610;003;    ;0085937;CESAR BAR                                         ;(75)99283-7119 ;040;402;SJQ2B64;     217,82;    0,27;06/09/2024;32;ENTREGA ATRASADA (BUFFER)     ;   ;cunha.se   ;22:11
002644                            ;06/09/2024;    ;035611;003;    ;0085937;CESAR BAR                                         ;(75)99283-7119 ;040;402;SJQ2B64;     163,37;    0,20;06/09/2024;32;ENTREGA ATRASADA (BUFFER)     ;   ;cunha.se   ;22:15
002644                            ;06/09/2024;    ;035612;003;    ;0085937;CESAR BAR                                         ;(75)99283-7119 ;040;402;SJQ2B64;      39,50;    0,04;06/09/2024;32;ENTREGA ATRASADA (BUFFER)     ;   ;cunha.se   ;22:16
002645                            ;06/09/2024;    ;035622;003;    ;0033527;EDIMILSON DA TUBAINA                              ;(75)99152-0681 ;030;303;SJQ2C64;    1387,00;    1,34;09/09/2024;42;Produto/Quantidade Errada     ;   ;cunha.se   ;02:54
002648                            ;06/09/2024;    ;035776;003;    ;0038148;MERCADINHO DUAS IRM                               ;(75)98217-4683 ;040;409;SJQ9G53;     323,40;    0,41;06/09/2024;87;TEMPO INSUFICIENTE            ;   ;cunha.se   ;19:01
002648                            ;06/09/2024;    ;035777;003;    ;0000448;RESTAURANTE FOGUINHO                              ;(75)99104-3329 ;040;414;SJQ9G53;     211,82;    0,18;06/09/2024;87;TEMPO INSUFICIENTE            ;   ;cunha.se   ;19:02
002648                            ;06/09/2024;    ;035778;003;    ;0047454;ACOUGUE DO NINHO                                  ;(75)99201-9434 ;040;409;SJQ9G53;     464,10;    0,59;06/09/2024;87;TEMPO INSUFICIENTE            ;   ;cunha.se   ;19:02
002648                            ;06/09/2024;    ;035779;003;    ;0047454;ACOUGUE DO NINHO                                  ;(75)99201-9434 ;040;409;SJQ9G53;     100,57;    0,36;06/09/2024;87;TEMPO INSUFICIENTE            ;   ;cunha.se   ;19:02
002650                            ;06/09/2024;    ;035895;003;    ;0020803;BAR DE TONHO DE ZUCA                              ;(07)59256-8347 ;040;414;SJQ4A76;     630,50;    0,74;06/09/2024;71;SEM DINHEIRO/CHEQUE           ;   ;mauricio.se;17:42
002651                            ;06/09/2024;    ;035919;003;    ;0023125;box do marcelo                                    ;(75)99163-4581 ;040;407;SJQ8E15;     681,03;    0,75;06/09/2024;72;PDV FECHADO (HORARIO COM.)    ;   ;cunha.se   ;19:03
002652                            ;06/09/2024;    ;035954;003;    ;0000486;BARRACA DO SINHO                                  ;(75)99197-3081 ;040;414;SJQ7D41;     830,28;    0,88;06/09/2024;87;TEMPO INSUFICIENTE            ;   ;cunha.se   ;19:04
002652                            ;06/09/2024;    ;035957;003;    ;0020473;SUPERMERCADO CRUZ AL                              ;(75)98294-6808 ;040;414;SJQ7D41;     937,21;    1,82;06/09/2024;87;TEMPO INSUFICIENTE            ;   ;cunha.se   ;19:04
002652                            ;06/09/2024;    ;035959;003;    ;0026563;BAR LANDIO                                        ;(75)99227-0605 ;040;414;SJQ7D41;     104,56;    0,13;06/09/2024;87;TEMPO INSUFICIENTE            ;   ;cunha.se   ;19:05
002652                            ;06/09/2024;    ;035961;003;    ;0020413;COMERCIAL OLIVEIRA                                ;(07)59142-1437 ;040;414;SJQ7D41;    1407,65;    2,10;06/09/2024;87;TEMPO INSUFICIENTE            ;   ;cunha.se   ;19:05
002652                            ;06/09/2024;    ;035962;003;    ;0020128;JCF SOUZA PADARIA E                               ;(75)99995-3945 ;040;414;SJQ7D41;     147,65;    0,34;06/09/2024;87;TEMPO INSUFICIENTE            ;   ;cunha.se   ;19:06
002653                            ;06/09/2024;    ;035984;003;    ;0045418;DISTRIBUIDORA PARA T                              ;(75)99197-7281 ;040;403;SJQ0E61;    1210,75;    1,91;06/09/2024;71;SEM DINHEIRO/CHEQUE           ;   ;mauricio.se;16:23
002653                            ;06/09/2024;    ;035986;003;    ;0053506;BAR SçTIO NOVO                                    ;               ;040;403;SJQ0E61;     808,50;    1,03;06/09/2024;72;PDV FECHADO (HORARIO COM.)    ;   ;mauricio.se;16:18
002653                            ;06/09/2024;    ;036000;003;    ;0033802;DEPOSITO DE BEBIDAS                               ;(75)99234-3305 ;030;301;SJQ0E61;     927,35;    1,12;06/09/2024;73;FALTA DE ATIVOS DE GIRO       ;   ;mauricio.se;16:20
002653                            ;06/09/2024;    ;036001;003;    ;0033802;DEPOSITO DE BEBIDAS                               ;(75)99234-3305 ;030;301;SJQ0E61;     539,00;    0,69;06/09/2024;73;FALTA DE ATIVOS DE GIRO       ;   ;mauricio.se;16:19
002653                            ;06/09/2024;    ;036002;003;    ;0033802;DEPOSITO DE BEBIDAS                               ;(75)99234-3305 ;030;301;SJQ0E61;     539,00;    0,69;06/09/2024;73;FALTA DE ATIVOS DE GIRO       ;   ;mauricio.se;16:19
002653                            ;06/09/2024;    ;036003;003;    ;0033802;DEPOSITO DE BEBIDAS                               ;(75)99234-3305 ;030;301;SJQ0E61;     220,33;    0,29;06/09/2024;73;FALTA DE ATIVOS DE GIRO       ;   ;mauricio.se;16:22
002656                            ;06/09/2024;    ;036125;003;    ;0086625;Bar da Virg≠nia                                   ;               ;040;404;SJQ0G38;     281,02;    0,46;06/09/2024;50;CARGA ERRADA ARMAZEM          ;   ;mauricio.se;17:53
002656                            ;06/09/2024;    ;036126;003;    ;0086625;Bar da Virg≠nia                                   ;               ;040;404;SJQ0G38;     109,04;    0,14;06/09/2024;50;CARGA ERRADA ARMAZEM          ;   ;mauricio.se;17:54
002660                            ;06/09/2024;    ;036247;003;    ;0020287;ACOUGUE DO BIZUITO                                ;(07)58258-0961 ;040;412;DEN3A12;     198,04;    0,37;06/09/2024;71;SEM DINHEIRO/CHEQUE           ;   ;cunha.se   ;19:51
002663                            ;06/09/2024;    ;036332;003;    ;0055403; BAR DA VILMA                                     ;               ;040;410;SIY2E51;     308,58;    0,37;06/09/2024;72;PDV FECHADO (HORARIO COM.)    ;   ;mauricio.se;13:52
002667                            ;06/09/2024;    ;036384;003;    ;0086244;LUCAS LANCHES                                     ;(75)99302-4136 ;040;406;NZO1G22;    1140,30;    1,38;06/09/2024;86;HORARIO DE ENTREGA            ;   ;mauricio.se;18:25
002674                            ;09/09/2024;    ;036401;003;    ;0085502;BAR DO DELCITO                                    ;(75) 9208-4841 ;040;402;SJQ2C64;     318,66;    0,44;10/09/2024;42;Produto/Quantidade Errada     ;   ;rafael     ;04:16
002677                            ;09/09/2024;    ;036528;003;    ;0000488;MERCADINHO OPCAO                                  ;(75)99218-7965 ;040;409;SJQ0G38;     143,90;    0,42;09/09/2024;82;ENDERECO NAO ENCONTRADO       ;   ;jadson.se  ;18:34
002678                            ;09/09/2024;    ;036572;003;    ;0000381;QUIOSQUE DA MUNDA                                 ;(75)99904-2322 ;040;401;SJQ3A28;     317,70;    0,35;09/09/2024;83;PROPRIETARIO AUSENTE          ;   ;rafael     ;19:07
002678                            ;09/09/2024;    ;036573;003;    ;0000381;QUIOSQUE DA MUNDA                                 ;(75)99904-2322 ;040;401;SJQ3A28;      16,32;    0,02;09/09/2024;83;PROPRIETARIO AUSENTE          ;   ;rafael     ;19:07
002682                            ;09/09/2024;    ;036724;003;    ;0000271;ALMAS SANTOS                                      ;(75)99859-6641 ;040;408;SJQ4E04;     195,09;    0,28;09/09/2024;32;ENTREGA ATRASADA (BUFFER)     ;   ;jadson.se  ;18:17
002682                            ;09/09/2024;    ;036725;003;    ;0000271;ALMAS SANTOS                                      ;(75)99859-6641 ;040;408;SJQ4E04;     174,50;    0,20;09/09/2024;32;ENTREGA ATRASADA (BUFFER)     ;   ;jadson.se  ;18:17
002682                            ;09/09/2024;    ;036734;003;    ;0028619;MERCADINHO SaO ROQUE                              ;(75)99139-7894 ;040;408;SJQ4E04;     808,71;    0,63;09/09/2024;32;ENTREGA ATRASADA (BUFFER)     ;   ;jadson.se  ;18:19
002682                            ;09/09/2024;    ;036735;003;    ;0023645;Mercearia de Naiane                               ;(75)99181-6804 ;040;408;SJQ4E04;     621,29;    0,97;09/09/2024;32;ENTREGA ATRASADA (BUFFER)     ;   ;jadson.se  ;18:19
002682                            ;09/09/2024;    ;036736;003;    ;0023645;Mercearia de Naiane                               ;(75)99181-6804 ;040;408;SJQ4E04;      71,70;    0,12;09/09/2024;32;ENTREGA ATRASADA (BUFFER)     ;   ;jadson.se  ;18:19
002682                            ;09/09/2024;    ;036738;003;    ;0086074;Dep≥sito Dorivan Tr                               ;               ;040;408;SJQ4E04;     510,85;    0,81;09/09/2024;73;FALTA DE ATIVOS DE GIRO       ;   ;jadson.se  ;18:18
002685                            ;09/09/2024;    ;036824;003;    ;0091204;Pizzaria Imperial                                 ;(75)98327-7485 ;040;410;SJQ0E61;     211,13;    0,27;09/09/2024;72;PDV FECHADO (HORARIO COM.)    ;   ;jadson.se  ;17:03
002685                            ;09/09/2024;    ;036825;003;    ;0091204;Pizzaria Imperial                                 ;(75)98327-7485 ;040;410;SJQ0E61;      83,65;    0,24;09/09/2024;72;PDV FECHADO (HORARIO COM.)    ;   ;jadson.se  ;17:03
002685                            ;09/09/2024;    ;036839;003;    ;0089479;DG POINT                                          ;(75)98202-5253 ;040;410;SJQ0E61;     486,26;    0,55;09/09/2024;72;PDV FECHADO (HORARIO COM.)    ;   ;jadson.se  ;17:02
002685                            ;09/09/2024;    ;036853;003;    ;0026326;DO DRINKS                                         ;(75) 8315-0577 ;040;410;SJQ0E61;    1332,39;    1,80;09/09/2024;32;ENTREGA ATRASADA (BUFFER)     ;   ;jadson.se  ;17:02
002686                            ;09/09/2024;    ;036879;003;    ;0020021;BAR DO RIVA E VANUSA                              ;(07)50000-0000 ;040;414;SJQ7D41;       4,58;    0,00;09/09/2024;42;Produto/Quantidade Errada     ;   ;jadson.se  ;18:27
002688                            ;09/09/2024;    ;036938;003;    ;0054219;MIX DISTRIBUIDORA                                 ;(75)99290-3438 ;040;409;DEN3A12;     212,85;    0,27;09/09/2024;82;ENDERECO NAO ENCONTRADO       ;   ;rafael     ;21:24
002688                            ;09/09/2024;    ;036939;003;    ;0054219;MIX DISTRIBUIDORA                                 ;(75)99290-3438 ;040;409;DEN3A12;      53,90;    0,06;09/09/2024;82;ENDERECO NAO ENCONTRADO       ;   ;rafael     ;21:24
002688                            ;09/09/2024;    ;036948;003;    ;0030312;Bar Sertanejo                                     ;(75)98196-9067 ;040;409;DEN3A12;     152,21;    0,20;09/09/2024;82;ENDERECO NAO ENCONTRADO       ;   ;rafael     ;21:23
002688                            ;09/09/2024;    ;036975;003;    ;0052663;ARMAZM SANTANA                                    ;(75) 9904-9626 ;040;405;DEN3A12;     233,12;    0,28;09/09/2024;82;ENDERECO NAO ENCONTRADO       ;   ;rafael     ;21:23
002689                            ;09/09/2024;    ;036981;003;    ;0047457;Mercadinho o barato                               ;(75)99964-3758 ;040;404;FQN2E14;     589,29;    0,86;10/09/2024;71;SEM DINHEIRO/CHEQUE           ;   ;mauricio.se;14:19
002689                            ;09/09/2024;    ;036997;003;    ;0086811;MERC LUCILENI                                     ;(75)99108-2977 ;040;408;FQN2E14;      31,90;    0,04;10/09/2024;71;SEM DINHEIRO/CHEQUE           ;   ;mauricio.se;14:21
002689                            ;09/09/2024;    ;036998;003;    ;0086811;MERC LUCILENI                                     ;(75)99108-2977 ;040;408;FQN2E14;      31,90;    0,04;10/09/2024;71;SEM DINHEIRO/CHEQUE           ;   ;mauricio.se;14:20
002689                            ;09/09/2024;    ;036999;003;    ;0086811;MERC LUCILENI                                     ;(75)99108-2977 ;040;408;FQN2E14;      31,90;    0,04;10/09/2024;71;SEM DINHEIRO/CHEQUE           ;   ;mauricio.se;14:22
002689                            ;09/09/2024;    ;037000;003;    ;0086811;MERC LUCILENI                                     ;(75)99108-2977 ;040;408;FQN2E14;      31,90;    0,04;10/09/2024;71;SEM DINHEIRO/CHEQUE           ;   ;mauricio.se;14:21
002689                            ;09/09/2024;    ;037001;003;    ;0086811;MERC LUCILENI                                     ;(75)99108-2977 ;040;408;FQN2E14;      92,34;    0,28;10/09/2024;71;SEM DINHEIRO/CHEQUE           ;   ;mauricio.se;14:20
002689                            ;09/09/2024;    ;037002;003;    ;0086811;MERC LUCILENI                                     ;(75)99108-2977 ;040;408;FQN2E14;     107,80;    0,13;10/09/2024;71;SEM DINHEIRO/CHEQUE           ;   ;mauricio.se;14:20
002689                            ;09/09/2024;    ;037008;003;    ;0032999;TOP BAHIA                                         ;(75)99959-5005 ;030;303;FQN2E14;     275,00;    0,23;10/09/2024;42;Produto/Quantidade Errada     ;   ;mauricio.se;14:19
002690                            ;09/09/2024;    ;037025;003;    ;0038173;ESTACAO DA COMPRA                                 ;(71)99252-7120 ;040;403;NTE9309;      52,49;    0,05;09/09/2024;72;PDV FECHADO (HORARIO COM.)    ;DER;jadson.se  ;14:04
002691                            ;09/09/2024;    ;037042;003;    ;0037527;GABRIEL MERCADINHO                                ;               ;040;406;NTE9309;     124,00;    0,06;09/09/2024;82;ENDERECO NAO ENCONTRADO       ;   ;jadson.se  ;18:48
002691                            ;09/09/2024;    ;037043;003;    ;0037527;GABRIEL MERCADINHO                                ;               ;040;406;NTE9309;      65,84;    0,07;09/09/2024;82;ENDERECO NAO ENCONTRADO       ;   ;jadson.se  ;18:48
002715                            ;10/09/2024;    ;037351;003;    ;0036209;QUITANDA DA RFR                                   ;(75)99888-5732 ;040;404;SJQ0E61;     535,76;    0,69;10/09/2024;73;FALTA DE ATIVOS DE GIRO       ;   ;mauricio.se;16:53
002716                            ;10/09/2024;    ;037383;003;    ;0086379;CANTINA KUKA                                      ;(75)99119-0410 ;040;411;SJQ4E04;     236,67;    0,33;10/09/2024;87;TEMPO INSUFICIENTE            ;   ;mauricio.se;18:52
002716                            ;10/09/2024;    ;037404;003;    ;0085458;BAR DO SABINO                                     ;(75) 9919-5597 ;040;408;SJQ4E04;     210,64;    0,19;10/09/2024;65;NAO FEZ PEDIDO                ;   ;mauricio.se;18:50
002716                            ;10/09/2024;    ;037410;003;    ;0032824;MERCADO BEM BARATO                                ;(75)99111-5887 ;040;404;SJQ4E04;      80,00;    0,24;10/09/2024;65;NAO FEZ PEDIDO                ;   ;mauricio.se;18:51
002716                            ;10/09/2024;    ;037411;003;    ;0032824;MERCADO BEM BARATO                                ;(75)99111-5887 ;040;404;SJQ4E04;      80,00;    0,24;10/09/2024;65;NAO FEZ PEDIDO                ;   ;mauricio.se;18:51
002716                            ;10/09/2024;    ;037420;003;    ;0038555;BARBEARIA DO MICHAEL                              ;(75)99263-0972 ;071;011;SJQ4E04;     119,45;    0,12;10/09/2024;87;TEMPO INSUFICIENTE            ;   ;mauricio.se;18:53
002716                            ;10/09/2024;    ;037421;003;    ;0038555;BARBEARIA DO MICHAEL                              ;(75)99263-0972 ;071;011;SJQ4E04;      87,87;    0,07;10/09/2024;87;TEMPO INSUFICIENTE            ;   ;mauricio.se;18:53
002716                            ;10/09/2024;    ;037422;003;    ;0038555;BARBEARIA DO MICHAEL                              ;(75)99263-0972 ;071;011;SJQ4E04;     197,18;    0,15;10/09/2024;87;TEMPO INSUFICIENTE            ;   ;mauricio.se;18:54
002716                            ;10/09/2024;    ;037423;003;    ;0038555;BARBEARIA DO MICHAEL                              ;(75)99263-0972 ;071;011;SJQ4E04;     146,40;    0,16;10/09/2024;87;TEMPO INSUFICIENTE            ;   ;mauricio.se;18:54
002716                            ;10/09/2024;    ;037424;003;    ;0092694;POINT MERCADINHO                                  ;               ;030;303;SJQ4E04;    3272,48;    3,94;10/09/2024;87;TEMPO INSUFICIENTE            ;   ;mauricio.se;18:52
002716                            ;10/09/2024;    ;037425;003;    ;0092694;POINT MERCADINHO                                  ;               ;030;303;SJQ4E04;    2174,68;    3,03;10/09/2024;87;TEMPO INSUFICIENTE            ;   ;mauricio.se;18:53
002719                            ;10/09/2024;    ;037546;003;    ;0053407; SN LANCHES                                       ;               ;040;407;SJQ8E15;     429,58;    0,55;10/09/2024;72;PDV FECHADO (HORARIO COM.)    ;   ;mauricio.se;16:33
002719                            ;10/09/2024;    ;037547;003;    ;0053407; SN LANCHES                                       ;               ;040;407;SJQ8E15;      37,95;    0,06;10/09/2024;72;PDV FECHADO (HORARIO COM.)    ;   ;mauricio.se;16:33
002722                            ;10/09/2024;    ;037695;003;    ;0026334;MERCADO ARAUJO                                    ;(75)98140-1959 ;040;412;SJQ4B82;     385,68;    1,02;10/09/2024;42;Produto/Quantidade Errada     ;   ;mauricio.se;15:43
002733                            ;10/09/2024;    ;037994;003;    ;0086837;MERC MENOR PRECO                                  ;(75)99106-1401 ;040;403;SIY2E51;     103,35;    0,26;10/09/2024;43;Forma de Pagamento            ;   ;mauricio.se;10:20
002733                            ;10/09/2024;    ;037995;003;    ;0086837;MERC MENOR PRECO                                  ;(75)99106-1401 ;040;403;SIY2E51;     164,05;    0,46;10/09/2024;43;Forma de Pagamento            ;   ;mauricio.se;10:20
002733                            ;10/09/2024;    ;037996;003;    ;0086837;MERC MENOR PRECO                                  ;(75)99106-1401 ;040;403;SIY2E51;     122,04;    0,18;10/09/2024;43;Forma de Pagamento            ;   ;mauricio.se;10:21
002736                            ;10/09/2024;    ;038042;003;    ;0050956;O MAIS BARATO                                     ;(75)99129-4088 ;030;301;SYE5D21;    1043,12;    2,45;10/09/2024;47;Dificil Acesso                ;   ;mauricio.se;18:  
002791                            ;11/09/2024;    ;038166;003;    ;0032821;ALEX SANDRO SOUZA                                 ;(75)98286-6639 ;040;402;SJQ2B64;     183,65;    0,20;12/09/2024;50;CARGA ERRADA ARMAZEM          ;   ;rafael     ;23:23
002793                            ;11/09/2024;    ;038313;003;    ;0051517; LD DISTRIBUIDORA                                 ;               ;040;405;SJQ9B48;     651,40;    0,76;11/09/2024;71;SEM DINHEIRO/CHEQUE           ;   ;jadson.se  ;16:05
002793                            ;11/09/2024;    ;038314;003;    ;0051517; LD DISTRIBUIDORA                                 ;               ;040;405;SJQ9B48;     431,20;    0,55;11/09/2024;71;SEM DINHEIRO/CHEQUE           ;   ;jadson.se  ;16:06
002793                            ;11/09/2024;    ;038315;003;    ;0051517; LD DISTRIBUIDORA                                 ;               ;040;405;SJQ9B48;     539,00;    0,69;11/09/2024;71;SEM DINHEIRO/CHEQUE           ;   ;jadson.se  ;16:06
002793                            ;11/09/2024;    ;038336;003;    ;0032622;VANIA PRODUTOS                                    ;(75)98139-9678 ;040;405;SJQ9B48;     128,00;    0,14;11/09/2024;50;CARGA ERRADA ARMAZEM          ;   ;jadson.se  ;16:05
002794                            ;11/09/2024;    ;038343;003;    ;0000456;MERCADO LAURA                                     ;(75)98217-9682 ;040;405;SJQ4B82;     154,12;    0,37;11/09/2024;82;ENDERECO NAO ENCONTRADO       ;   ;jadson.se  ;18:38
002794                            ;11/09/2024;    ;038348;003;    ;0045847;NAI DO MERCADAO                                   ;(75)98221-7194 ;040;405;SJQ4B82;     539,00;    0,69;11/09/2024;72;PDV FECHADO (HORARIO COM.)    ;   ;jadson.se  ;18:38
002794                            ;11/09/2024;    ;038371;003;    ;0034289;NAILTO DE OLIVEIRA V                              ;               ;040;405;SJQ4B82;    3274,44;    4,62;11/09/2024;73;FALTA DE ATIVOS DE GIRO       ;   ;jadson.se  ;18:39
002795                            ;11/09/2024;    ;038396;003;    ;0038821;MERCADO E LANCHONE                                ;               ;040;408;DEN3A12;     103,78;    0,13;11/09/2024;82;ENDERECO NAO ENCONTRADO       ;   ;rafael     ;19:58
002795                            ;11/09/2024;    ;038417;003;    ;0086415;ELIO SUPERMERCADO                                 ;(75)99126-8021 ;040;411;DEN3A12;     214,84;    0,49;11/09/2024;71;SEM DINHEIRO/CHEQUE           ;   ;rafael     ;19:57
002795                            ;11/09/2024;    ;038419;003;    ;0030067;ESPACO RDA                                        ;(75)99117-4311 ;040;411;DEN3A12;     254,07;    0,28;11/09/2024;50;CARGA ERRADA ARMAZEM          ;   ;rafael     ;19:59
002795                            ;11/09/2024;    ;038420;003;    ;0030067;ESPACO RDA                                        ;(75)99117-4311 ;040;411;DEN3A12;      36,21;    0,12;11/09/2024;50;CARGA ERRADA ARMAZEM          ;   ;rafael     ;19:59
002795                            ;11/09/2024;    ;038427;003;    ;0039667;BIROSKA                                           ;(75)99849-8243 ;040;411;DEN3A12;     269,50;    0,34;11/09/2024;72;PDV FECHADO (HORARIO COM.)    ;   ;rafael     ;19:58
002798                            ;11/09/2024;    ;038480;003;    ;0020205;MERCEARIA SAO JOAO                                ;(75)58189-1267 ;040;413;SJQ0G38;     246,56;    0,68;11/09/2024;50;CARGA ERRADA ARMAZEM          ;   ;jadson.se  ;18:57
002800                            ;11/09/2024;    ;038516;003;    ;0086260;BAR DO OLEO                                       ;(75)99975-1398 ;040;403;NZO1G22;     266,80;    0,28;11/09/2024;50;CARGA ERRADA ARMAZEM          ;   ;jadson.se  ;13:44
002800                            ;11/09/2024;    ;038526;003;    ;0091711;MERCADINHO BOM PRECO                              ;(75)99270-1286 ;040;406;NZO1G22;     217,64;    0,34;11/09/2024;71;SEM DINHEIRO/CHEQUE           ;   ;jadson.se  ;13:44
002802                            ;11/09/2024;    ;038554;003;    ;0032256;BAR SUCATAO                                       ;(71)99178-5275 ;040;410;NZO1G22;     391,20;    0,42;11/09/2024;72;PDV FECHADO (HORARIO COM.)    ;   ;jadson.se  ;17:36
002803                            ;11/09/2024;    ;038572;003;    ;0009673;BAR CERVEJA E CIA                                 ;(75)99231-6272 ;040;406;SIY2E51;      80,37;    0,07;11/09/2024;65;NAO FEZ PEDIDO                ;   ;jadson.se  ;14:49
002803                            ;11/09/2024;    ;038573;003;    ;0009673;BAR CERVEJA E CIA                                 ;(75)99231-6272 ;040;406;SIY2E51;     215,60;    0,27;11/09/2024;65;NAO FEZ PEDIDO                ;   ;jadson.se  ;14:49
002806                            ;11/09/2024;    ;038611;003;    ;0037950;OXENTE MERCADO                                    ;(71)99143-1115 ;040;404;JNW2B79;     109,44;    0,48;11/09/2024;25;(C)Falta produto p/ carreg.   ;   ;jadson.se  ;17:16
002807                            ;11/09/2024;    ;038632;003;    ;0026118;BAR  PRA COMEcAR                                  ;(75)99192-0326 ;040;408;SJQ9G53;     123,21;    0,14;11/09/2024;50;CARGA ERRADA ARMAZEM          ;   ;jadson.se  ;18:35
002807                            ;11/09/2024;    ;038637;003;    ;0039795;BOTECO ACONCHEGO                                  ;(71)99928-9809 ;040;408;SJQ9G53;     131,71;    0,14;11/09/2024;50;CARGA ERRADA ARMAZEM          ;   ;jadson.se  ;18:36
002807                            ;11/09/2024;    ;038660;003;    ;0049947;Gil Lanches                                       ;               ;040;411;SJQ9G53;     123,21;    0,14;11/09/2024;50;CARGA ERRADA ARMAZEM          ;   ;jadson.se  ;18:35
002832                            ;12/09/2024;    ;038966;003;    ;0091672;MERCADINHO SaO ROQUE                              ;(75)99127-6563 ;030;303;SJQ2B64;     100,00;    0,12;13/09/2024;50;CARGA ERRADA ARMAZEM          ;   ;cunha.se   ;23:10
002834                            ;12/09/2024;    ;039070;003;    ;0020414;MERCADINHO DO EPA                                 ;(07)59169-9111 ;040;414;SJQ3A28;    1221,50;    1,41;12/09/2024;87;TEMPO INSUFICIENTE            ;   ;mauricio.se;18:37
002834                            ;12/09/2024;    ;039090;003;    ;0020265;MERCADINHO E LANCHON                              ;(07)19159-1032 ;040;414;SJQ3A28;     374,02;    0,73;12/09/2024;71;SEM DINHEIRO/CHEQUE           ;   ;mauricio.se;18:39
002834                            ;12/09/2024;    ;039091;003;    ;0020265;MERCADINHO E LANCHON                              ;(07)19159-1032 ;040;414;SJQ3A28;      16,32;    0,02;12/09/2024;71;SEM DINHEIRO/CHEQUE           ;   ;mauricio.se;18:38
002834                            ;12/09/2024;    ;039093;003;    ;0020909;BAR DA GEANE                                      ;(07)59163-5525 ;040;414;SJQ3A28;     998,72;    1,80;12/09/2024;87;TEMPO INSUFICIENTE            ;   ;mauricio.se;18:37
002837                            ;12/09/2024;    ;039164;003;    ;0028843;MERCADINHO CEDRAZ                                 ;               ;030;303;SJQ9B48;    2884,50;    3,66;12/09/2024;87;TEMPO INSUFICIENTE            ;   ;mauricio.se;18:28
002837                            ;12/09/2024;    ;039165;003;    ;0028843;MERCADINHO CEDRAZ                                 ;               ;030;303;SJQ9B48;    2743,78;    3,45;12/09/2024;87;TEMPO INSUFICIENTE            ;   ;mauricio.se;18:28
002837                            ;12/09/2024;    ;039166;003;    ;0028843;MERCADINHO CEDRAZ                                 ;               ;030;303;SJQ9B48;    1097,51;    1,38;12/09/2024;87;TEMPO INSUFICIENTE            ;   ;mauricio.se;18:29
002840                            ;12/09/2024;    ;039225;003;    ;0085485;JORGE TIRCO LJ 02                                 ;(75) 9125-7339 ;030;303;SJQ9G53;     473,57;    1,27;12/09/2024;50;CARGA ERRADA ARMAZEM          ;   ;mauricio.se;18:14
002840                            ;12/09/2024;    ;039247;003;    ;0051048;BAR DE KEKEU                                      ;               ;040;411;SJQ9G53;     539,00;    0,69;12/09/2024;72;PDV FECHADO (HORARIO COM.)    ;   ;mauricio.se;18:13
002840                            ;12/09/2024;    ;039250;003;    ;0091242;ZEBURACODISTRIBUIDOR                              ;(75)98130-5800 ;040;411;SJQ9G53;     430,49;    0,52;12/09/2024;72;PDV FECHADO (HORARIO COM.)    ;   ;mauricio.se;18:13
002840                            ;12/09/2024;    ;039251;003;    ;0091242;ZEBURACODISTRIBUIDOR                              ;(75)98130-5800 ;040;411;SJQ9G53;      83,28;    0,05;12/09/2024;72;PDV FECHADO (HORARIO COM.)    ;   ;mauricio.se;18:13
002842                            ;12/09/2024;    ;039323;003;    ;0045106;DEPOSITO DO FELIPE                                ;(75)99854-6113 ;040;401;SJQ3C84;     175,50;    0,20;12/09/2024;87;TEMPO INSUFICIENTE            ;   ;mauricio.se;18:43
002842                            ;12/09/2024;    ;039324;003;    ;0045106;DEPOSITO DO FELIPE                                ;(75)99854-6113 ;040;401;SJQ3C84;     433,90;    0,65;12/09/2024;87;TEMPO INSUFICIENTE            ;   ;mauricio.se;18:44
002844                            ;12/09/2024;    ;039371;003;    ;0086941;BAR DO IVO                                        ;(75)99182-5105 ;040;404;SJQ8E15;     366,03;    0,43;12/09/2024;50;CARGA ERRADA ARMAZEM          ;   ;mauricio.se;16:24
002844                            ;12/09/2024;    ;039373;003;    ;0086941;BAR DO IVO                                        ;(75)99182-5105 ;040;404;SJQ8E15;     139,19;    0,14;12/09/2024;50;CARGA ERRADA ARMAZEM          ;   ;mauricio.se;16:24
002848                            ;12/09/2024;    ;039559;003;    ;0000508;LANCHONETE RODOVIARI                              ;(75)99175-7322 ;040;402;SJQ4B82;     188,02;    0,25;12/09/2024;87;TEMPO INSUFICIENTE            ;   ;mauricio.se;17:55
002852                            ;12/09/2024;    ;039756;003;    ;0051864;BAR DO FIINHO                                     ;(75)99270-8692 ;040;407;GGC2226;     323,40;    0,41;12/09/2024;87;TEMPO INSUFICIENTE            ;   ;mauricio.se;18:31
002852                            ;12/09/2024;    ;039757;003;    ;0051269; BAR DE MANCHINHA                                 ;               ;040;407;GGC2226;     862,40;    1,10;12/09/2024;87;TEMPO INSUFICIENTE            ;   ;mauricio.se;18:30
002852                            ;12/09/2024;    ;039758;003;    ;0000477;LANCHONETE DA CRIS                                ;(11)98160-5007 ;040;407;GGC2226;     389,10;    0,45;12/09/2024;87;TEMPO INSUFICIENTE            ;   ;mauricio.se;18:31
002852                            ;12/09/2024;    ;039770;003;    ;0044025; MERCADINHO GINALDO                               ;               ;040;410;GGC2226;     446,46;    0,72;12/09/2024;87;TEMPO INSUFICIENTE            ;   ;mauricio.se;18:31
002855                            ;12/09/2024;    ;039795;003;    ;0086980;POINT DO BEBEZAO                                  ;(75)99172-9484 ;040;406;NZO1G22;     149,90;    0,14;12/09/2024;72;PDV FECHADO (HORARIO COM.)    ;   ;mauricio.se;14:40
002855                            ;12/09/2024;    ;039797;003;    ;0026122;BIROSCA BAR                                       ;(75) 9127-3247 ;040;406;NZO1G22;      56,75;    0,06;12/09/2024;72;PDV FECHADO (HORARIO COM.)    ;   ;mauricio.se;14:42
002855                            ;12/09/2024;    ;039798;003;    ;0085010;MERC E BAR RS                                     ;(75)99210-7576 ;040;406;NZO1G22;     188,45;    0,21;12/09/2024;71;SEM DINHEIRO/CHEQUE           ;   ;mauricio.se;14:41
002855                            ;12/09/2024;    ;039799;003;    ;0085010;MERC E BAR RS                                     ;(75)99210-7576 ;040;406;NZO1G22;      27,36;    0,12;12/09/2024;71;SEM DINHEIRO/CHEQUE           ;   ;mauricio.se;14:42
002855                            ;12/09/2024;    ;039807;003;    ;0000471;BAR BICO DOCE                                     ;(75)98857-8402 ;040;406;NZO1G22;      58,50;    0,06;12/09/2024;72;PDV FECHADO (HORARIO COM.)    ;   ;mauricio.se;14:43
002855                            ;12/09/2024;    ;039808;003;    ;0000471;BAR BICO DOCE                                     ;(75)98857-8402 ;040;406;NZO1G22;      58,50;    0,06;12/09/2024;72;PDV FECHADO (HORARIO COM.)    ;   ;mauricio.se;14:43
002858                            ;12/09/2024;    ;039823;003;    ;0020301;KIOSK PARADA DOS AMI                              ;(75)98200-6205 ;040;414;SYE5D21;     222,78;    0,27;12/09/2024;71;SEM DINHEIRO/CHEQUE           ;   ;mauricio.se;14:12
002929                            ;13/09/2024;    ;039910;003;    ;0000291;DEPOSITO DO MOACIR                                ;(75) 9934-1666 ;040;402;SJQ2C64;    2599,90;    2,84;14/09/2024;42;Produto/Quantidade Errada     ;   ;rafael     ;05:07
002930                            ;13/09/2024;    ;039948;003;    ;0024224;PONTO CAIPIRA                                     ;(75)99218-4778 ;040;402;SJQ2B64;     812,62;    1,03;13/09/2024;72;PDV FECHADO (HORARIO COM.)    ;   ;rafael     ;23:11
002930                            ;13/09/2024;    ;039950;003;    ;0090462;ROOTS BAR                                         ;(75)99190-2584 ;040;402;SJQ2B64;     815,46;    0,89;13/09/2024;71;SEM DINHEIRO/CHEQUE           ;   ;rafael     ;23:10
002931                            ;13/09/2024;    ;039984;003;    ;0000485;PADARIA                                           ;(75)99912-7689 ;040;401;SJQ4A76;     309,78;    0,53;13/09/2024;87;TEMPO INSUFICIENTE            ;   ;rafael     ;20:04
002931                            ;13/09/2024;    ;039985;003;    ;0039464; ADEGA                                            ;               ;040;401;SJQ4A76;    1230,90;    1,35;13/09/2024;87;TEMPO INSUFICIENTE            ;   ;rafael     ;20:04
002931                            ;13/09/2024;    ;039986;003;    ;0039464; ADEGA                                            ;               ;040;401;SJQ4A76;     164,50;    0,21;13/09/2024;87;TEMPO INSUFICIENTE            ;   ;rafael     ;20:04
002931                            ;13/09/2024;    ;039987;003;    ;0039464; ADEGA                                            ;               ;040;401;SJQ4A76;     215,60;    0,27;13/09/2024;87;TEMPO INSUFICIENTE            ;   ;rafael     ;20:04
002931                            ;13/09/2024;    ;039988;003;    ;0039432;PADARIA SILVA                                     ;(75)99236-1331 ;040;401;SJQ4A76;     326,40;    0,35;13/09/2024;87;TEMPO INSUFICIENTE            ;   ;rafael     ;20:05
002932                            ;13/09/2024;    ;040035;003;    ;0085177;RENE BAR                                          ;(75)99702-9320 ;040;401;SJQ0J29;    2208,30;    2,44;13/09/2024;46;Endereco Nao Encontrado       ;   ;jadson.se  ;18:30
002932                            ;13/09/2024;    ;040039;003;    ;0052104;ADEGA PIT STOP                                    ;               ;040;401;SJQ0J29;     807,24;    1,02;13/09/2024;71;SEM DINHEIRO/CHEQUE           ;   ;jadson.se  ;18:29
002933                            ;13/09/2024;    ;040072;003;    ;0027614;BAR DO MIRANDINHA                                 ;(75)99961-1374 ;040;401;SJQ4B82;     539,00;    0,69;13/09/2024;87;TEMPO INSUFICIENTE            ;   ;jadson.se  ;18:53
002933                            ;13/09/2024;    ;040073;003;    ;0027614;BAR DO MIRANDINHA                                 ;(75)99961-1374 ;040;401;SJQ4B82;    2195,02;    2,76;13/09/2024;87;TEMPO INSUFICIENTE            ;   ;jadson.se  ;18:54
002934                            ;13/09/2024;    ;040114;003;    ;0041081;DEPOSITO DA PINA                                  ;(75)99112-7458 ;040;404;SJQ8E15;     250,50;    0,31;13/09/2024;87;TEMPO INSUFICIENTE            ;   ;jadson.se  ;18:42
002934                            ;13/09/2024;    ;040115;003;    ;0041081;DEPOSITO DA PINA                                  ;(75)99112-7458 ;040;404;SJQ8E15;     107,79;    0,09;13/09/2024;87;TEMPO INSUFICIENTE            ;   ;jadson.se  ;18:42
002935                            ;13/09/2024;    ;040164;003;    ;0032330;PAGUE MENOS                                       ;(75)99256-4647 ;030;302;SJQ7D41;     784,09;    1,54;13/09/2024;86;HORARIO DE ENTREGA            ;   ;jadson.se  ;17:17
002936                            ;13/09/2024;    ;040183;003;    ;0052216;TRAILE DA XICA                                    ;(75)99200-3220 ;040;407;JNW2B79;     299,62;    0,55;13/09/2024;37;PDV Fechado                   ;   ;jadson.se  ;16:57
002939                            ;13/09/2024;    ;040304;003;    ;0000481;BAR DO NICINHO                                    ;(75)99844-2829 ;040;404;GGC2226;      34,10;    0,04;13/09/2024;87;TEMPO INSUFICIENTE            ;   ;rafael     ;19:48
002943                            ;13/09/2024;    ;040455;003;    ;0045972; MAMAS BAR                                        ;               ;040;408;SJQ3C84;     539,00;    0,69;13/09/2024;72;PDV FECHADO (HORARIO COM.)    ;   ;jadson.se  ;18:41
002944                            ;13/09/2024;    ;040497;003;    ;0020255;SUPERMERCADO SAO JOA                              ;(75)99140-5330 ;040;414;SJQ3A28;      79,20;    0,24;13/09/2024;32;ENTREGA ATRASADA (BUFFER)     ;   ;jadson.se  ;17:24
002944                            ;13/09/2024;    ;040498;003;    ;0020255;SUPERMERCADO SAO JOA                              ;(75)99140-5330 ;040;414;SJQ3A28;      67,68;    0,24;13/09/2024;32;ENTREGA ATRASADA (BUFFER)     ;   ;jadson.se  ;17:23
002944                            ;13/09/2024;    ;040501;003;    ;0020022;SATIRO OFERTA COMERC                              ;(75)53446-2239 ;040;414;SJQ3A28;     323,40;    0,41;13/09/2024;50;CARGA ERRADA ARMAZEM          ;   ;jadson.se  ;17:31
002965                            ;14/09/2024;    ;040766;003;    ;0045131;POINT DA TIA                                      ;               ;040;402;SJQ2B64;    1238,70;    1,34;14/09/2024;42;Produto/Quantidade Errada     ;   ;cunha.se   ;19:18
002965                            ;14/09/2024;    ;040770;003;    ;0029572;MERCADINHO OLIVEIRA                               ;(75)99148-6931 ;040;402;SJQ2B64;      35,00;    0,04;14/09/2024;68;TROCA (SEM SELO / QTDE. ERRADA;   ;cunha.se   ;19:18
002966                            ;14/09/2024;    ;040799;003;    ;0085622;ARMAZEM SR DO BONFIM                              ;(75)99815-5940 ;040;405;SJQ9B48;     648,54;    0,87;14/09/2024;72;PDV FECHADO (HORARIO COM.)    ;   ;mauricio.se;16:35
002969                            ;14/09/2024;    ;040905;003;    ;0086495;BAR DO RUBAO                                      ;(71)99195-4201 ;040;401;SJQ0G38;      42,99;    0,10;14/09/2024;72;PDV FECHADO (HORARIO COM.)    ;   ;mauricio.se;18:03
002969                            ;14/09/2024;    ;040924;003;    ;0000488;MERCADINHO OPCAO                                  ;(75)99218-7965 ;040;408;SJQ0G38;     163,58;    0,52;14/09/2024;82;ENDERECO NAO ENCONTRADO       ;   ;mauricio.se;18:03
002972                            ;14/09/2024;    ;040978;003;    ;0026553;BAR DA MEN                                        ;(75)99121-6200 ;040;401;SIY2E51;       2,83;    0,00;14/09/2024;72;PDV FECHADO (HORARIO COM.)    ;DER;mauricio.se;13:42
002975                            ;14/09/2024;    ;041077;003;    ;0086811;MERC LUCILENI                                     ;(75)99108-2977 ;040;408;SJQ9G53;     129,21;    0,18;14/09/2024;71;SEM DINHEIRO/CHEQUE           ;   ;mauricio.se;15:53
002975                            ;14/09/2024;    ;041078;003;    ;0086811;MERC LUCILENI                                     ;(75)99108-2977 ;040;408;SJQ9G53;     323,40;    0,41;14/09/2024;71;SEM DINHEIRO/CHEQUE           ;   ;mauricio.se;15:54
002975                            ;14/09/2024;    ;041079;003;    ;0086811;MERC LUCILENI                                     ;(75)99108-2977 ;040;408;SJQ9G53;     161,70;    0,20;14/09/2024;71;SEM DINHEIRO/CHEQUE           ;   ;mauricio.se;15:54
002975                            ;14/09/2024;    ;041080;003;    ;0086811;MERC LUCILENI                                     ;(75)99108-2977 ;040;408;SJQ9G53;      23,90;    0,04;14/09/2024;71;SEM DINHEIRO/CHEQUE           ;   ;mauricio.se;15:54
002975                            ;14/09/2024;    ;041083;003;    ;0052663;ARMAZM SANTANA                                    ;(75) 9904-9626 ;040;405;SJQ9G53;      96,74;    0,13;14/09/2024;82;ENDERECO NAO ENCONTRADO       ;   ;mauricio.se;15:53
002975                            ;14/09/2024;    ;041084;003;    ;0052663;ARMAZM SANTANA                                    ;(75) 9904-9626 ;040;405;SJQ9G53;     233,13;    0,73;14/09/2024;82;ENDERECO NAO ENCONTRADO       ;   ;mauricio.se;15:52
002976                            ;14/09/2024;    ;041138;003;    ;0044799;DEPSITO BATISTA                                   ;               ;030;302;SJQ8E15;    2872,92;    2,93;14/09/2024;42;Produto/Quantidade Errada     ;   ;mauricio.se;17:38
002980                            ;14/09/2024;    ;041235;003;    ;0050552;DISTRIBUIDORA MOTA                                ;               ;040;410;DEN3A12;     161,70;    0,20;14/09/2024;32;ENTREGA ATRASADA (BUFFER)     ;   ;mauricio.se;17:07
002980                            ;14/09/2024;    ;041236;003;    ;0050552;DISTRIBUIDORA MOTA                                ;               ;040;410;DEN3A12;     215,60;    0,27;14/09/2024;32;ENTREGA ATRASADA (BUFFER)     ;   ;mauricio.se;17:07
002980                            ;14/09/2024;    ;041237;003;    ;0050552;DISTRIBUIDORA MOTA                                ;               ;040;410;DEN3A12;      53,90;    0,06;14/09/2024;32;ENTREGA ATRASADA (BUFFER)     ;   ;mauricio.se;17:07
003006                            ;16/09/2024;    ;041536;003;    ;0000508;LANCHONETE RODOVIARI                              ;(75)99175-7322 ;040;402;SJQ0G38;     188,02;    0,25;16/09/2024;07;OUTROS MOTIVOS VALIDADO AC    ;   ;mauricio.se;13:56
003010                            ;16/09/2024;    ;041633;003;    ;0049073;DISTRIBUIDORA BAUNIL                              ;(75)99208-9862 ;040;407;SYE5D21;     852,10;    0,81;16/09/2024;71;SEM DINHEIRO/CHEQUE           ;   ;mauricio.se;14:06
003015                            ;16/09/2024;    ;041722;003;    ;0033802;DEPOSITO DE BEBIDAS                               ;(75)99234-3305 ;030;301;SIY2E51;     357,46;    0,46;16/09/2024;72;PDV FECHADO (HORARIO COM.)    ;   ;mauricio.se;15:50
003021                            ;17/09/2024;    ;041742;003;    ;0045521;JACIARA LIMA                                      ;(75)99139-0345 ;040;402;SJQ3C84;     514,82;    0,72;18/09/2024;65;NAO FEZ PEDIDO                ;   ;rafael     ;04:09
003022                            ;17/09/2024;    ;041815;003;    ;0086077;Bar de Salvador                                   ;(75)98147-2223 ;040;405;SJQ2B64;     482,66;    0,59;18/09/2024;72;PDV FECHADO (HORARIO COM.)    ;   ;rafael     ;23:44
003022                            ;17/09/2024;    ;041826;003;    ;0053988;PEDRO MERCEARIA                                   ;(75)98204-5921 ;040;405;SJQ2B64;     161,70;    0,20;18/09/2024;71;SEM DINHEIRO/CHEQUE           ;   ;rafael     ;23:43
003025                            ;17/09/2024;    ;041929;003;    ;0086069;BAR PE NA COVA                                    ;(75) 9218-1278 ;040;403;SJQ0G38;     193,80;    0,26;17/09/2024;64;SEM VASILHAME                 ;   ;jadson.se  ;17:10
003031                            ;17/09/2024;    ;042077;003;    ;0020700;CANTINHO DO MEU SERT                              ;(07)59923-5467 ;040;413;SJQ7D41;     664,35;    0,79;17/09/2024;72;PDV FECHADO (HORARIO COM.)    ;   ;jadson.se  ;15:35
003032                            ;17/09/2024;    ;042113;003;    ;0045411;Espaßo Familly Oliv                               ;               ;040;404;SJQ9B48;     828,06;    0,91;17/09/2024;73;FALTA DE ATIVOS DE GIRO       ;   ;jadson.se  ;17:14
003032                            ;17/09/2024;    ;042118;003;    ;0045411;Espaßo Familly Oliv                               ;               ;040;404;SJQ9B48;     161,70;    0,20;17/09/2024;73;FALTA DE ATIVOS DE GIRO       ;   ;jadson.se  ;17:14
003041                            ;17/09/2024;    ;042381;003;    ;0055832;BAR DO DU                                         ;(75)99260-7539 ;040;410;NZO1G22;      58,50;    0,06;17/09/2024;72;PDV FECHADO (HORARIO COM.)    ;   ;jadson.se  ;11:49
003041                            ;17/09/2024;    ;042386;003;    ;0052171;BOTECO DA LUZI                                    ;               ;040;406;NZO1G22;     113,50;    0,13;17/09/2024;71;SEM DINHEIRO/CHEQUE           ;   ;jadson.se  ;11:48
003043                            ;17/09/2024;    ;042404;003;    ;0000406;COMERCIAL PR                                      ;(75)99272-4167 ;040;403;NTE9309;     329,00;    0,42;17/09/2024;61;PRAZO ERRADO                  ;   ;jadson.se  ;14:34
003055                            ;18/09/2024;    ;042531;003;    ;0037728;BAR DO OSNI                                       ;(75)99951-5252 ;040;409;SJQ2B64;     215,60;    0,27;19/09/2024;82;ENDERECO NAO ENCONTRADO       ;   ;cunha.se   ;23:28
003064                            ;18/09/2024;    ;042825;003;    ;0000410;BAR DO SEVERO                                     ;(75)99130-3448 ;040;410;GGC2226;      39,10;    0,04;18/09/2024;87;TEMPO INSUFICIENTE            ;   ;mauricio.se;19:04
003064                            ;18/09/2024;    ;042847;003;    ;0000457;BAR SKOLZINHA                                     ;(75)99701-1960 ;040;410;GGC2226;     517,08;    0,66;18/09/2024;87;TEMPO INSUFICIENTE            ;   ;mauricio.se;19:04
003065                            ;18/09/2024;    ;042854;003;    ;0000456;MERCADO LAURA                                     ;(75)98217-9682 ;040;405;SJQ9B48;     136,32;    0,36;18/09/2024;71;SEM DINHEIRO/CHEQUE           ;   ;mauricio.se;17:43
003065                            ;18/09/2024;    ;042899;003;    ;0056058;PANIFICADORA UNIAO                                ;               ;040;405;SJQ9B48;     137,88;    0,21;18/09/2024;71;SEM DINHEIRO/CHEQUE           ;   ;mauricio.se;17:44
003068                            ;18/09/2024;    ;043043;003;    ;0020347;BAR DO NEI                                        ;(07)58144-9816 ;040;413;DEN3A12;     151,84;    0,25;18/09/2024;71;SEM DINHEIRO/CHEQUE           ;   ;mauricio.se;17:45
003072                            ;18/09/2024;    ;043135;003;    ;0038244;JUNIOR SUPERMERCADO                               ;(75)99284-4493 ;030;303;SJQ0E61;      52,17;    0,05;18/09/2024;42;Produto/Quantidade Errada     ;DER;mauricio.se;18:46
003072                            ;18/09/2024;    ;043149;003;    ;0039795;BOTECO ACONCHEGO                                  ;(71)99928-9809 ;040;408;SJQ0E61;    1499,00;    1,44;18/09/2024;71;SEM DINHEIRO/CHEQUE           ;   ;mauricio.se;18:45
003075                            ;18/09/2024;    ;043241;003;    ;0085258;merc compre sempre                                ;(75) 9200-8799 ;040;406;NTE9309;      24,90;    0,04;18/09/2024;65;NAO FEZ PEDIDO                ;   ;mauricio.se;13:43
003075                            ;18/09/2024;    ;043251;003;    ;0035242;JK MERCADINHO E DIST                              ;(35)99879-2019 ;040;403;NTE9309;     191,77;    0,26;18/09/2024;72;PDV FECHADO (HORARIO COM.)    ;   ;mauricio.se;13:44
003075                            ;18/09/2024;    ;043258;003;    ;0000470;KALILA DRINKS                                     ;(75)99214-1394 ;040;410;NTE9309;      58,50;    0,06;18/09/2024;71;SEM DINHEIRO/CHEQUE           ;   ;mauricio.se;13:42
003076                            ;18/09/2024;    ;043269;003;    ;0032256;BAR SUCATAO                                       ;(71)99178-5275 ;040;410;NTE9309;     175,50;    0,20;18/09/2024;72;PDV FECHADO (HORARIO COM.)    ;   ;mauricio.se;17:58
003077                            ;18/09/2024;    ;043277;003;    ;0085730;MERCADINHO DO NEVES                               ;               ;040;410;NZO1G22;     365,70;    0,52;18/09/2024;42;Produto/Quantidade Errada     ;   ;mauricio.se;13:33
003077                            ;18/09/2024;    ;043284;003;    ;0045344;BAR DA Jî                                         ;               ;040;410;NZO1G22;      86,38;    0,11;18/09/2024;71;SEM DINHEIRO/CHEQUE           ;   ;mauricio.se;13:34
003077                            ;18/09/2024;    ;043289;003;    ;0055838;MERCADINHO DA LUIZA                               ;(75)98152-3687 ;040;406;NZO1G22;      38,57;    0,12;18/09/2024;72;PDV FECHADO (HORARIO COM.)    ;   ;mauricio.se;13:34
003077                            ;18/09/2024;    ;043291;003;    ;0000378;LEL LANCHES E REFEI«                              ;(75)99201-4097 ;040;406;NZO1G22;      16,32;    0,02;18/09/2024;72;PDV FECHADO (HORARIO COM.)    ;   ;mauricio.se;13:35
003086                            ;19/09/2024;    ;043365;003;    ;0055145;DISTR DE BEBIDAS                                  ;               ;030;303;SJQ2B64;     419,40;    0,23;20/09/2024;71;SEM DINHEIRO/CHEQUE           ;   ;rafael     ;23:32
003086                            ;19/09/2024;    ;043368;003;    ;0055145;DISTR DE BEBIDAS                                  ;               ;030;303;SJQ2B64;     131,70;    0,12;20/09/2024;71;SEM DINHEIRO/CHEQUE           ;   ;rafael     ;23:32
003086                            ;19/09/2024;    ;043369;003;    ;0055145;DISTR DE BEBIDAS                                  ;               ;030;303;SJQ2B64;     131,88;    0,05;20/09/2024;71;SEM DINHEIRO/CHEQUE           ;   ;rafael     ;23:32
003087                            ;19/09/2024;    ;043408;003;    ;0085994;CHANTY PAO DELICATES                              ;(75)99157-6043 ;040;402;SJQ3C84;     267,44;    0,50;20/09/2024;71;SEM DINHEIRO/CHEQUE           ;   ;rafael     ;03:53
003087                            ;19/09/2024;    ;043423;003;    ;0000314;DONA VAL                                          ;(75)99884-9984 ;040;402;SJQ3C84;     234,00;    0,27;20/09/2024;87;TEMPO INSUFICIENTE            ;   ;rafael     ;03:54
003089                            ;19/09/2024;    ;043482;003;    ;0020621;MERCADAO DE JESUS                                 ;(07)58283-8250 ;040;414;SJQ3A28;     562,89;    1,43;19/09/2024;87;TEMPO INSUFICIENTE            ;   ;jadson.se  ;16:27
003091                            ;19/09/2024;    ;043524;003;    ;0020414;MERCADINHO DO EPA                                 ;(07)59169-9111 ;040;414;SJQ4B82;     754,14;    1,06;19/09/2024;87;TEMPO INSUFICIENTE            ;   ;rafael     ;19:11
003092                            ;19/09/2024;    ;043550;003;    ;0020351;PAULA LANCHES                                     ;(07)58131-6496 ;040;413;NTE9309;      44,71;    0,06;20/09/2024;71;SEM DINHEIRO/CHEQUE           ;   ;mauricio.se;17:16
003094                            ;19/09/2024;    ;043573;003;    ;0055717;PIZZARIA STYLLUS                                  ;(75)99995-9993 ;040;401;DEN3A12;     118,63;    0,28;19/09/2024;82;ENDERECO NAO ENCONTRADO       ;   ;rafael     ;21:10
003094                            ;19/09/2024;    ;043590;003;    ;0055075; NSALGADOS                                        ;               ;040;401;DEN3A12;     122,10;    0,15;19/09/2024;65;NAO FEZ PEDIDO                ;   ;rafael     ;21:10
003103                            ;19/09/2024;    ;043909;003;    ;0092342;MERCERA                                           ;               ;040;414;SJQ2C64;     206,64;    0,22;19/09/2024;85;DIFICIL ACESSO                ;   ;jadson.se  ;18:56
003103                            ;19/09/2024;    ;043910;003;    ;0092342;MERCERA                                           ;               ;040;414;SJQ2C64;      27,36;    0,12;19/09/2024;85;DIFICIL ACESSO                ;   ;jadson.se  ;18:56
003110                            ;19/09/2024;    ;044172;003;    ;0045586;ACARAGE DA MARY                                   ;(75)99283-7230 ;040;402;SJQ3C18;      16,32;    0,02;19/09/2024;72;PDV FECHADO (HORARIO COM.)    ;   ;jadson.se  ;15:49
003118                            ;20/09/2024;    ;044232;003;    ;0085794;SUPERMERCADO CARNEIR                              ;(75) 3264-2018 ;040;402;SJQ2B64;     207,36;    0,72;21/09/2024;65;NAO FEZ PEDIDO                ;   ;cunha.se   ;23:36
003120                            ;20/09/2024;    ;044279;003;    ;0000536;SUPERMERCADO VK                                   ;(75)99187-7335 ;040;414;SJQ7D41;     191,76;    0,36;20/09/2024;87;TEMPO INSUFICIENTE            ;   ;mauricio.se;16:52
003120                            ;20/09/2024;    ;044295;003;    ;0020709;BAR DA MICHELE                                    ;(75)98321-9788 ;040;414;SJQ7D41;     809,00;    0,97;20/09/2024;50;CARGA ERRADA ARMAZEM          ;   ;mauricio.se;16:52
003120                            ;20/09/2024;    ;044299;003;    ;0020094;SUPERMERCADO SOUZA C                              ;(75)99245-6719 ;040;414;SJQ7D41;     329,00;    0,42;20/09/2024;87;TEMPO INSUFICIENTE            ;   ;mauricio.se;16:50
003120                            ;20/09/2024;    ;044300;003;    ;0020094;SUPERMERCADO SOUZA C                              ;(75)99245-6719 ;040;414;SJQ7D41;     273,20;    0,32;20/09/2024;87;TEMPO INSUFICIENTE            ;   ;mauricio.se;16:50
003120                            ;20/09/2024;    ;044305;003;    ;0020254;BAR PARADA  OBRIGATO                              ;(07)59985-1573 ;040;414;SJQ7D41;     354,38;    0,42;20/09/2024;87;TEMPO INSUFICIENTE            ;   ;mauricio.se;16:51
003120                            ;20/09/2024;    ;044306;003;    ;0020254;BAR PARADA  OBRIGATO                              ;(07)59985-1573 ;040;414;SJQ7D41;      42,18;    0,12;20/09/2024;87;TEMPO INSUFICIENTE            ;   ;mauricio.se;16:51
003122                            ;20/09/2024;    ;044357;003;    ;0034627;ARENA CHELSEA                                     ;(75)99142-3142 ;040;407;SJQ9B03;     924,21;    1,40;20/09/2024;85;DIFICIL ACESSO                ;   ;cunha.se   ;19:14
003123                            ;20/09/2024;    ;044387;003;    ;0087098;BAR  DA NANA                                      ;(75)99182-6145 ;040;407;SJQ4B82;     783,80;    0,97;20/09/2024;72;PDV FECHADO (HORARIO COM.)    ;   ;mauricio.se;16:54
003123                            ;20/09/2024;    ;044388;003;    ;0087098;BAR  DA NANA                                      ;(75)99182-6145 ;040;407;SJQ4B82;     508,95;    0,72;20/09/2024;72;PDV FECHADO (HORARIO COM.)    ;   ;mauricio.se;16:54
003125                            ;20/09/2024;    ;044496;003;    ;0056444;SUPERMERCADO ISABELL                              ;               ;040;404;SJQ4A76;     161,70;    0,20;20/09/2024;71;SEM DINHEIRO/CHEQUE           ;   ;mauricio.se;18:29
003125                            ;20/09/2024;    ;044497;003;    ;0056444;SUPERMERCADO ISABELL                              ;               ;040;404;SJQ4A76;      64,18;    0,00;20/09/2024;71;SEM DINHEIRO/CHEQUE           ;   ;mauricio.se;18:29
003125                            ;20/09/2024;    ;044504;003;    ;0055923;QUIOSQUE DO MRCIO                                 ;               ;040;401;SJQ4A76;     369,19;    0,40;20/09/2024;87;TEMPO INSUFICIENTE            ;   ;mauricio.se;18:28
003125                            ;20/09/2024;    ;044505;003;    ;0056139;KOSQUI                                            ;(75)98330-8824 ;040;401;SJQ4A76;     327,84;    0,48;20/09/2024;87;TEMPO INSUFICIENTE            ;   ;mauricio.se;18:30
003125                            ;20/09/2024;    ;044510;003;    ;0086279;BAR DM                                            ;(75)99824-6979 ;040;404;SJQ4A76;     146,28;    0,18;20/09/2024;72;PDV FECHADO (HORARIO COM.)    ;   ;mauricio.se;18:30
003127                            ;20/09/2024;    ;044588;003;    ;0036386;BAR DO NANDO                                      ;(75)98106-2003 ;040;405;SJQ3A28;    1338,63;    1,62;20/09/2024;87;TEMPO INSUFICIENTE            ;   ;mauricio.se;17:26
003127                            ;20/09/2024;    ;044589;003;    ;0055588;DELICIAS DA TIA LU                                ;(71)99944-2444 ;040;405;SJQ3A28;     269,50;    0,34;20/09/2024;87;TEMPO INSUFICIENTE            ;   ;mauricio.se;17:28
003127                            ;20/09/2024;    ;044590;003;    ;0055588;DELICIAS DA TIA LU                                ;(71)99944-2444 ;040;405;SJQ3A28;     161,70;    0,20;20/09/2024;87;TEMPO INSUFICIENTE            ;   ;mauricio.se;17:29
003127                            ;20/09/2024;    ;044591;003;    ;0026511;MERCADINHO SANTANA                                ;               ;040;405;SJQ3A28;     539,00;    0,69;20/09/2024;87;TEMPO INSUFICIENTE            ;   ;mauricio.se;17:27
003127                            ;20/09/2024;    ;044592;003;    ;0026511;MERCADINHO SANTANA                                ;               ;040;405;SJQ3A28;     589,18;    0,75;20/09/2024;87;TEMPO INSUFICIENTE            ;   ;mauricio.se;17:28
003127                            ;20/09/2024;    ;044593;003;    ;0029059;MERCAD CESTA REAL                                 ;(75)98157-8876 ;040;405;SJQ3A28;     297,30;    0,34;20/09/2024;87;TEMPO INSUFICIENTE            ;   ;mauricio.se;17:26
003127                            ;20/09/2024;    ;044594;003;    ;0029059;MERCAD CESTA REAL                                 ;(75)98157-8876 ;040;405;SJQ3A28;     504,01;    1,43;20/09/2024;87;TEMPO INSUFICIENTE            ;   ;mauricio.se;17:26
003127                            ;20/09/2024;    ;044595;003;    ;0029059;MERCAD CESTA REAL                                 ;(75)98157-8876 ;040;405;SJQ3A28;     808,50;    1,03;20/09/2024;87;TEMPO INSUFICIENTE            ;   ;mauricio.se;17:27
003127                            ;20/09/2024;    ;044596;003;    ;0029059;MERCAD CESTA REAL                                 ;(75)98157-8876 ;040;405;SJQ3A28;      10,23;    0,01;20/09/2024;87;TEMPO INSUFICIENTE            ;DER;mauricio.se;17:27
003127                            ;20/09/2024;    ;044597;003;    ;0037128;PINGO MERCADINHO                                  ;(75)98344-2748 ;040;405;SJQ3A28;     349,00;    0,40;20/09/2024;87;TEMPO INSUFICIENTE            ;   ;mauricio.se;17:24
003127                            ;20/09/2024;    ;044598;003;    ;0037128;PINGO MERCADINHO                                  ;(75)98344-2748 ;040;405;SJQ3A28;     377,30;    0,48;20/09/2024;87;TEMPO INSUFICIENTE            ;   ;mauricio.se;17:25
003127                            ;20/09/2024;    ;044599;003;    ;0037128;PINGO MERCADINHO                                  ;(75)98344-2748 ;040;405;SJQ3A28;      78,96;    0,24;20/09/2024;87;TEMPO INSUFICIENTE            ;   ;mauricio.se;17:25
003127                            ;20/09/2024;    ;044600;003;    ;0037128;PINGO MERCADINHO                                  ;(75)98344-2748 ;040;405;SJQ3A28;     594,51;    0,70;20/09/2024;87;TEMPO INSUFICIENTE            ;   ;mauricio.se;17:25
003127                            ;20/09/2024;    ;044601;003;    ;0037128;PINGO MERCADINHO                                  ;(75)98344-2748 ;040;405;SJQ3A28;     713,38;    0,89;20/09/2024;87;TEMPO INSUFICIENTE            ;   ;mauricio.se;17:25
003127                            ;20/09/2024;    ;044602;003;    ;0050555; MAJ                                              ;               ;040;405;SJQ3A28;     258,58;    0,80;20/09/2024;87;TEMPO INSUFICIENTE            ;   ;mauricio.se;17:29
003129                            ;20/09/2024;    ;044670;003;    ;0053879;BAR E MERCADINHO DO                               ;(75)99112-2344 ;090;997;SJQ9B48;     431,20;    0,55;20/09/2024;82;ENDERECO NAO ENCONTRADO       ;   ;mauricio.se;17:52
003135                            ;20/09/2024;    ;044879;003;    ;0087425;MERC POPULAR                                      ;(75)99164-9811 ;040;404;GGC2226;     186,52;    0,25;20/09/2024;46;Endereco Nao Encontrado       ;   ;mauricio.se;18:57
003135                            ;20/09/2024;    ;044880;003;    ;0087425;MERC POPULAR                                      ;(75)99164-9811 ;040;404;GGC2226;      25,80;    0,04;20/09/2024;46;Endereco Nao Encontrado       ;   ;mauricio.se;18:56
003135                            ;20/09/2024;    ;044885;003;    ;0000424;BAR DO ZE RENI                                    ;(75)98889-4084 ;040;404;GGC2226;     346,08;    0,42;20/09/2024;46;Endereco Nao Encontrado       ;   ;mauricio.se;18:57
003135                            ;20/09/2024;    ;044886;003;    ;0000287;BAR DO JOSE                                       ;(75)99129-2505 ;040;404;GGC2226;      53,90;    0,06;20/09/2024;46;Endereco Nao Encontrado       ;   ;mauricio.se;18:57
003135                            ;20/09/2024;    ;044892;003;    ;0037928;sitio visitaß£o                                   ;               ;040;404;GGC2226;     160,08;    0,20;20/09/2024;72;PDV FECHADO (HORARIO COM.)    ;   ;mauricio.se;18:55
003136                            ;20/09/2024;    ;044923;003;    ;0020471;BAR DE BILU                                       ;(07)58357-0803 ;040;413;SKB5H16;      50,02;    0,06;20/09/2024;50;CARGA ERRADA ARMAZEM          ;   ;mauricio.se;17:31
003137                            ;20/09/2024;    ;044956;003;    ;0020460;BAR DE CEMA                                       ;(75)98183-0243 ;040;412;SIY2E51;     107,80;    0,13;20/09/2024;82;ENDERECO NAO ENCONTRADO       ;   ;alyson10   ;08:32
003153                            ;21/09/2024;    ;045078;003;    ;0000438;BAR DO TOINHO                                     ;(75)99188-7067 ;040;414;SJQ7D41;     433,20;    0,48;21/09/2024;50;CARGA ERRADA ARMAZEM          ;   ;jadson.se  ;17:02
003154                            ;21/09/2024;    ;045085;003;    ;0020732;NOVO LAR VARIEDADES                               ;(07)53262-9858 ;040;414;SJQ3A28;     287,26;    0,33;21/09/2024;50;CARGA ERRADA ARMAZEM          ;   ;jadson.se  ;15:57
003154                            ;21/09/2024;    ;045088;003;    ;0020516;MERCADINHO REIS                                   ;(07)59191-2630 ;040;414;SJQ3A28;    2870,16;    4,67;21/09/2024;50;CARGA ERRADA ARMAZEM          ;   ;jadson.se  ;15:58
003154                            ;21/09/2024;    ;045099;003;    ;0000547;UILSON QUIOSQUE                                   ;(75)99149-4199 ;040;413;SJQ3A28;     189,08;    0,37;21/09/2024;71;SEM DINHEIRO/CHEQUE           ;   ;jadson.se  ;15:57
003155                            ;21/09/2024;    ;045100;003;    ;0029502;BAR DO HELSON                                     ;(75)99208-7585 ;040;401;SJQ3C18;     361,00;    0,40;21/09/2024;50;CARGA ERRADA ARMAZEM          ;   ;jadson.se  ;17:55
003155                            ;21/09/2024;    ;045102;003;    ;0053821;PANIFICADORA WILSON                               ;(75)99152-1974 ;040;401;SJQ3C18;    1759,93;    2,01;21/09/2024;64;SEM VASILHAME                 ;   ;jadson.se  ;17:56
003155                            ;21/09/2024;    ;045129;003;    ;0092434;E G M BEBIDAS                                     ;(75)99989-1017 ;040;401;SJQ3C18;    2695,00;    3,45;21/09/2024;71;SEM DINHEIRO/CHEQUE           ;   ;jadson.se  ;17:56
003155                            ;21/09/2024;    ;045130;003;    ;0092434;E G M BEBIDAS                                     ;(75)99989-1017 ;040;401;SJQ3C18;    1105,64;    1,38;21/09/2024;71;SEM DINHEIRO/CHEQUE           ;   ;jadson.se  ;17:57
003155                            ;21/09/2024;    ;045131;003;    ;0092434;E G M BEBIDAS                                     ;(75)99989-1017 ;040;401;SJQ3C18;     825,73;    0,89;21/09/2024;71;SEM DINHEIRO/CHEQUE           ;   ;jadson.se  ;17:57
003162                            ;21/09/2024;    ;045370;003;    ;0091503;MACEDO EMBALAGENS                                 ;(75)99176-7832 ;040;403;SJQ4B82;     597,00;    0,70;21/09/2024;88;REFUGO DE VASILHAME           ;   ;jadson.se  ;15:53
003162                            ;21/09/2024;    ;045371;003;    ;0091503;MACEDO EMBALAGENS                                 ;(75)99176-7832 ;040;403;SJQ4B82;     567,02;    0,70;21/09/2024;88;REFUGO DE VASILHAME           ;   ;jadson.se  ;15:52
003171                            ;21/09/2024;    ;045621;003;    ;0049085;ARENA QUIXABEIRA                                  ;(75)99924-2568 ;040;405;NZO1G22;      33,91;    0,03;21/09/2024;42;Produto/Quantidade Errada     ;DER;jadson.se  ;15:02
003180                            ;24/09/2024;    ;045670;003;    ;0045521;JACIARA LIMA                                      ;(75)99139-0345 ;040;402;SJQ2B64;     384,91;    0,63;25/09/2024;71;SEM DINHEIRO/CHEQUE           ;   ;cunha.se   ;23:36
003183                            ;24/09/2024;    ;045781;003;    ;0032210;MERCADINHO SANTIAGO                               ;(75) 9207-4599 ;030;302;SJQ4A76;     136,58;    0,16;24/09/2024;71;SEM DINHEIRO/CHEQUE           ;   ;mauricio.se;18:21
003183                            ;24/09/2024;    ;045799;003;    ;0024072;BAR CARLOS                                        ;(75)99113-5141 ;040;401;SJQ4A76;     249,96;    0,46;24/09/2024;71;SEM DINHEIRO/CHEQUE           ;   ;mauricio.se;18:21
003187                            ;24/09/2024;    ;045946;003;    ;0049335;GIDEONE BAR                                       ;(75)98343-0827 ;040;409;SJQ3C84;     419,72;    0,60;24/09/2024;71;SEM DINHEIRO/CHEQUE           ;   ;mauricio.se;18:  
003187                            ;24/09/2024;    ;045947;003;    ;0049335;GIDEONE BAR                                       ;(75)98343-0827 ;040;409;SJQ3C84;     420,10;    0,72;24/09/2024;71;SEM DINHEIRO/CHEQUE           ;   ;mauricio.se;18:01
003187                            ;24/09/2024;    ;045948;003;    ;0049335;GIDEONE BAR                                       ;(75)98343-0827 ;040;409;SJQ3C84;      12,52;    0,06;24/09/2024;71;SEM DINHEIRO/CHEQUE           ;   ;mauricio.se;18:01
003191                            ;24/09/2024;    ;046102;003;    ;0035437;MERCADINHO SOUZA                                  ;(75)99135-2853 ;040;410;SJQ3C18;     322,04;    0,61;24/09/2024;71;SEM DINHEIRO/CHEQUE           ;   ;mauricio.se;18:54
003191                            ;24/09/2024;    ;046103;003;    ;0034419;Point Do lazer                                    ;(75)99240-4903 ;040;410;SJQ3C18;     194,17;    0,27;24/09/2024;72;PDV FECHADO (HORARIO COM.)    ;   ;mauricio.se;18:54
003191                            ;24/09/2024;    ;046104;003;    ;0034419;Point Do lazer                                    ;(75)99240-4903 ;040;410;SJQ3C18;     269,50;    0,34;24/09/2024;72;PDV FECHADO (HORARIO COM.)    ;   ;mauricio.se;18:55
003191                            ;24/09/2024;    ;046105;003;    ;0034419;Point Do lazer                                    ;(75)99240-4903 ;040;410;SJQ3C18;     144,10;    0,14;24/09/2024;72;PDV FECHADO (HORARIO COM.)    ;   ;mauricio.se;18:55
003194                            ;24/09/2024;    ;046189;003;    ;0053988;PEDRO MERCEARIA                                   ;(75)98204-5921 ;040;405;DEN3A12;      27,94;    0,02;24/09/2024;71;SEM DINHEIRO/CHEQUE           ;   ;mauricio.se;16:48
003194                            ;24/09/2024;    ;046190;003;    ;0053988;PEDRO MERCEARIA                                   ;(75)98204-5921 ;040;405;DEN3A12;      34,18;    0,12;24/09/2024;71;SEM DINHEIRO/CHEQUE           ;   ;mauricio.se;16:49
003195                            ;24/09/2024;    ;046201;003;    ;0045874;MERCEARIA                                         ;(75)99272-8948 ;040;402;SJQ9B03;     970,20;    1,24;24/09/2024;42;Produto/Quantidade Errada     ;   ;mauricio.se;16:10
003195                            ;24/09/2024;    ;046202;003;    ;0045874;MERCEARIA                                         ;(75)99272-8948 ;040;402;SJQ9B03;      66,99;    0,08;24/09/2024;42;Produto/Quantidade Errada     ;   ;mauricio.se;16:10
003195                            ;24/09/2024;    ;046203;003;    ;0045874;MERCEARIA                                         ;(75)99272-8948 ;040;402;SJQ9B03;     916,30;    1,17;24/09/2024;42;Produto/Quantidade Errada     ;   ;mauricio.se;16:10
003195                            ;24/09/2024;    ;046204;003;    ;0045874;MERCEARIA                                         ;(75)99272-8948 ;040;402;SJQ9B03;     970,20;    1,24;24/09/2024;42;Produto/Quantidade Errada     ;   ;mauricio.se;16:11
003195                            ;24/09/2024;    ;046205;003;    ;0045874;MERCEARIA                                         ;(75)99272-8948 ;040;402;SJQ9B03;      65,80;    0,08;24/09/2024;42;Produto/Quantidade Errada     ;   ;mauricio.se;16:07
003195                            ;24/09/2024;    ;046206;003;    ;0045874;MERCEARIA                                         ;(75)99272-8948 ;040;402;SJQ9B03;    1078,00;    1,38;24/09/2024;42;Produto/Quantidade Errada     ;   ;mauricio.se;16:06
003195                            ;24/09/2024;    ;046207;003;    ;0045874;MERCEARIA                                         ;(75)99272-8948 ;040;402;SJQ9B03;    1072,62;    1,38;24/09/2024;42;Produto/Quantidade Errada     ;   ;mauricio.se;16:06
003195                            ;24/09/2024;    ;046208;003;    ;0045874;MERCEARIA                                         ;(75)99272-8948 ;040;402;SJQ9B03;    1078,00;    1,38;24/09/2024;42;Produto/Quantidade Errada     ;   ;mauricio.se;16:06
003195                            ;24/09/2024;    ;046209;003;    ;0045874;MERCEARIA                                         ;(75)99272-8948 ;040;402;SJQ9B03;      99,70;    0,12;24/09/2024;42;Produto/Quantidade Errada     ;   ;mauricio.se;16:07
003195                            ;24/09/2024;    ;046212;003;    ;0045874;MERCEARIA                                         ;(75)99272-8948 ;040;402;SJQ9B03;     808,50;    1,03;24/09/2024;42;Produto/Quantidade Errada     ;   ;mauricio.se;16:07
003195                            ;24/09/2024;    ;046213;003;    ;0045874;MERCEARIA                                         ;(75)99272-8948 ;040;402;SJQ9B03;      21,17;    0,12;24/09/2024;42;Produto/Quantidade Errada     ;   ;mauricio.se;16:12
003195                            ;24/09/2024;    ;046214;003;    ;0045874;MERCEARIA                                         ;(75)99272-8948 ;040;402;SJQ9B03;      65,80;    0,08;24/09/2024;42;Produto/Quantidade Errada     ;   ;mauricio.se;16:08
003195                            ;24/09/2024;    ;046215;003;    ;0045874;MERCEARIA                                         ;(75)99272-8948 ;040;402;SJQ9B03;      99,80;    0,08;24/09/2024;42;Produto/Quantidade Errada     ;   ;mauricio.se;16:11
003195                            ;24/09/2024;    ;046216;003;    ;0045874;MERCEARIA                                         ;(75)99272-8948 ;040;402;SJQ9B03;     539,00;    0,69;24/09/2024;42;Produto/Quantidade Errada     ;   ;mauricio.se;16:08
003195                            ;24/09/2024;    ;046217;003;    ;0045874;MERCEARIA                                         ;(75)99272-8948 ;040;402;SJQ9B03;    1617,00;    2,07;24/09/2024;42;Produto/Quantidade Errada     ;   ;mauricio.se;16:08
003195                            ;24/09/2024;    ;046218;003;    ;0045874;MERCEARIA                                         ;(75)99272-8948 ;040;402;SJQ9B03;    2156,00;    2,76;24/09/2024;42;Produto/Quantidade Errada     ;   ;mauricio.se;16:08
003195                            ;24/09/2024;    ;046219;003;    ;0045874;MERCEARIA                                         ;(75)99272-8948 ;040;402;SJQ9B03;     539,00;    0,69;24/09/2024;42;Produto/Quantidade Errada     ;   ;mauricio.se;16:09
003195                            ;24/09/2024;    ;046220;003;    ;0045874;MERCEARIA                                         ;(75)99272-8948 ;040;402;SJQ9B03;     539,00;    0,69;24/09/2024;42;Produto/Quantidade Errada     ;   ;mauricio.se;16:09
003195                            ;24/09/2024;    ;046221;003;    ;0045874;MERCEARIA                                         ;(75)99272-8948 ;040;402;SJQ9B03;     808,50;    1,03;24/09/2024;42;Produto/Quantidade Errada     ;   ;mauricio.se;16:09
003195                            ;24/09/2024;    ;046223;003;    ;0045874;MERCEARIA                                         ;(75)99272-8948 ;040;402;SJQ9B03;     808,50;    1,03;24/09/2024;42;Produto/Quantidade Errada     ;   ;mauricio.se;16:09
003195                            ;24/09/2024;    ;046224;003;    ;0045874;MERCEARIA                                         ;(75)99272-8948 ;040;402;SJQ9B03;    1078,00;    1,38;24/09/2024;42;Produto/Quantidade Errada     ;   ;mauricio.se;16:11
003195                            ;24/09/2024;    ;046225;003;    ;0045874;MERCEARIA                                         ;(75)99272-8948 ;040;402;SJQ9B03;     808,50;    1,03;24/09/2024;42;Produto/Quantidade Errada     ;   ;mauricio.se;16:09
003195                            ;24/09/2024;    ;046226;003;    ;0045874;MERCEARIA                                         ;(75)99272-8948 ;040;402;SJQ9B03;     149,70;    0,12;24/09/2024;42;Produto/Quantidade Errada     ;   ;mauricio.se;16:11
003195                            ;24/09/2024;    ;046227;003;    ;0045874;MERCEARIA                                         ;(75)99272-8948 ;040;402;SJQ9B03;      49,90;    0,04;24/09/2024;42;Produto/Quantidade Errada     ;   ;mauricio.se;16:12
003195                            ;24/09/2024;    ;046228;003;    ;0045874;MERCEARIA                                         ;(75)99272-8948 ;040;402;SJQ9B03;     539,00;    0,69;24/09/2024;42;Produto/Quantidade Errada     ;   ;mauricio.se;16:10
003195                            ;24/09/2024;    ;046229;003;    ;0045874;MERCEARIA                                         ;(75)99272-8948 ;040;402;SJQ9B03;      46,42;    0,10;24/09/2024;42;Produto/Quantidade Errada     ;   ;mauricio.se;16:12
003196                            ;24/09/2024;    ;046236;003;    ;0026764;LANCHONETE AMARAL                                 ;(75) 9864-8675 ;040;405;SKB5H16;     320,16;    0,41;24/09/2024;71;SEM DINHEIRO/CHEQUE           ;   ;mauricio.se;14:  
003200                            ;24/09/2024;    ;046309;003;    ;0000471;BAR BICO DOCE                                     ;(75)98857-8402 ;040;406;NZO1G22;      76,20;    0,08;24/09/2024;72;PDV FECHADO (HORARIO COM.)    ;   ;mauricio.se;13:40
003217                            ;25/09/2024;    ;046411;003;    ;0029856;LANCHE DA PRAcA                                   ;(75)98190-6160 ;040;409;SJQ3C84;      42,84;    0,12;26/09/2024;42;Produto/Quantidade Errada     ;   ;rafael     ;03:59
003218                            ;25/09/2024;    ;046453;003;    ;0020568;BAR TAMBURI DRINKS                                ;(75)99123-3186 ;040;414;SJQ7D41;     275,87;    0,36;25/09/2024;71;SEM DINHEIRO/CHEQUE           ;   ;jadson.se  ;16:35
003223                            ;25/09/2024;    ;046642;003;    ;0090980;TOIN DO BAR                                       ;(75)99853-2353 ;040;405;SJQ9B48;     478,34;    0,67;25/09/2024;87;TEMPO INSUFICIENTE            ;   ;jadson.se  ;17:41
003229                            ;25/09/2024;    ;046900;003;    ;0047457;Mercadinho o barato                               ;(75)99964-3758 ;040;404;SJQ9G53;     969,36;    1,69;25/09/2024;71;SEM DINHEIRO/CHEQUE           ;   ;jadson.se  ;17:42
003231                            ;25/09/2024;    ;046958;003;    ;0000148;ATACADO TOP BAHIA EX                              ;(75)99959-5005 ;030;303;SJQ4E04;     114,04;    0,19;25/09/2024;55;QUALIDADE DO PRODUTO          ;   ;jadson.se  ;17:17
003232                            ;25/09/2024;    ;046993;003;    ;0055838;MERCADINHO DA LUIZA                               ;(75)98152-3687 ;040;406;SJQ0E61;      17,95;    0,04;25/09/2024;72;PDV FECHADO (HORARIO COM.)    ;   ;jadson.se  ;16:32
003232                            ;25/09/2024;    ;046994;003;    ;0055838;MERCADINHO DA LUIZA                               ;(75)98152-3687 ;040;406;SJQ0E61;      12,52;    0,06;25/09/2024;72;PDV FECHADO (HORARIO COM.)    ;   ;jadson.se  ;16:31
003232                            ;25/09/2024;    ;047002;003;    ;0050796;BAR DA ESQUINA                                    ;               ;040;406;SJQ0E61;     305,74;    0,73;25/09/2024;72;PDV FECHADO (HORARIO COM.)    ;   ;jadson.se  ;16:31
003235                            ;25/09/2024;    ;047078;003;    ;0033270;BAR DE SILVANA                                    ;(75)99188-1593 ;040;411;DEN3A12;     208,55;    0,34;25/09/2024;42;Produto/Quantidade Errada     ;   ;jadson.se  ;17:39
003238                            ;25/09/2024;    ;047158;003;    ;0020641;BAR RR                                            ;(07)59701-0900 ;040;413;NTE9309;     142,36;    0,18;25/09/2024;71;SEM DINHEIRO/CHEQUE           ;   ;jadson.se  ;14:12
003252                            ;26/09/2024;    ;047332;003;    ;0052430;BAR DO SERTÉO                                     ;               ;040;402;SJQ2C64;      45,00;    0,04;27/09/2024;42;Produto/Quantidade Errada     ;   ;cunha.se   ;04:15
003254                            ;26/09/2024;    ;047375;003;    ;0020909;BAR DA GEANE                                      ;(07)59163-5525 ;040;414;SYE5D21;      60,00;    0,06;26/09/2024;42;Produto/Quantidade Errada     ;   ;mauricio.se;16:46
003259                            ;26/09/2024;    ;047589;003;    ;0000083;ROBERTO BAR                                       ;(75)99192-0683 ;040;407;SJQ9B03;     349,00;    0,42;26/09/2024;87;TEMPO INSUFICIENTE            ;   ;cunha.se   ;19:20
003259                            ;26/09/2024;    ;047590;003;    ;0000083;ROBERTO BAR                                       ;(75)99192-0683 ;040;407;SJQ9B03;     349,00;    0,42;26/09/2024;87;TEMPO INSUFICIENTE            ;   ;cunha.se   ;19:20
003259                            ;26/09/2024;    ;047592;003;    ;0023174;MERCADINHO ESTRELA                                ;(75)99156-5034 ;030;301;SJQ9B03;      88,08;    0,24;26/09/2024;87;TEMPO INSUFICIENTE            ;   ;cunha.se   ;19:21
003259                            ;26/09/2024;    ;047593;003;    ;0023174;MERCADINHO ESTRELA                                ;(75)99156-5034 ;030;301;SJQ9B03;    2092,12;    2,80;26/09/2024;87;TEMPO INSUFICIENTE            ;   ;cunha.se   ;19:21
003259                            ;26/09/2024;    ;047594;003;    ;0044025; MERCADINHO GINALDO                               ;               ;040;410;SJQ9B03;     821,54;    1,34;26/09/2024;87;TEMPO INSUFICIENTE            ;   ;cunha.se   ;19:20
003261                            ;26/09/2024;    ;047653;003;    ;0049074; ADEGA ANGICO                                     ;               ;040;401;SJQ4A76;      51,21;    0,06;26/09/2024;87;TEMPO INSUFICIENTE            ;   ;cunha.se   ;19:15
003261                            ;26/09/2024;    ;047654;003;    ;0037668;Bar Caneta Azul                                   ;(75)99195-6817 ;040;401;SJQ4A76;     487,09;    0,84;26/09/2024;87;TEMPO INSUFICIENTE            ;   ;cunha.se   ;19:14
003261                            ;26/09/2024;    ;047655;003;    ;0037668;Bar Caneta Azul                                   ;(75)99195-6817 ;040;401;SJQ4A76;      39,64;    0,12;26/09/2024;87;TEMPO INSUFICIENTE            ;   ;cunha.se   ;19:15
003261                            ;26/09/2024;    ;047656;003;    ;0054748;BAR DA ROSE                                       ;               ;040;401;SJQ4A76;    1043,95;    1,43;26/09/2024;87;TEMPO INSUFICIENTE            ;   ;cunha.se   ;19:16
003261                            ;26/09/2024;    ;047657;003;    ;0054748;BAR DA ROSE                                       ;               ;040;401;SJQ4A76;     107,80;    0,13;26/09/2024;87;TEMPO INSUFICIENTE            ;   ;cunha.se   ;19:17
003261                            ;26/09/2024;    ;047658;003;    ;0040516;DEPOSITO DO VAL                                   ;(75)99818-6605 ;040;401;SJQ4A76;      54,44;    0,24;26/09/2024;87;TEMPO INSUFICIENTE            ;   ;cunha.se   ;19:16
003261                            ;26/09/2024;    ;047659;003;    ;0000441;RIACHO DO BOI                                     ;(75)99152-1904 ;040;401;SJQ4A76;     351,00;    0,41;26/09/2024;87;TEMPO INSUFICIENTE            ;   ;cunha.se   ;19:13
003261                            ;26/09/2024;    ;047660;003;    ;0055906;LORRAINE CAR                                      ;(75)99878-1697 ;040;401;SJQ4A76;       5,00;    0,00;26/09/2024;87;TEMPO INSUFICIENTE            ;   ;cunha.se   ;19:13
003263                            ;26/09/2024;    ;047783;003;    ;0091967;JUCENILDE FERREIRA                                ;(75)98269-7764 ;040;408;SJQ3C84;    1064,40;    1,15;26/09/2024;71;SEM DINHEIRO/CHEQUE           ;   ;cunha.se   ;19:19
003263                            ;26/09/2024;    ;047792;003;    ;0043707;MERCADO NILSINHO                                  ;               ;040;408;SJQ3C84;     554,35;    0,69;26/09/2024;71;SEM DINHEIRO/CHEQUE           ;   ;cunha.se   ;19:19
003268                            ;26/09/2024;    ;047978;003;    ;0027206;FREDERICO MERCADINHO                              ;(75)99936-4007 ;030;303;GGC2226;    2619,43;    3,03;26/09/2024;87;TEMPO INSUFICIENTE            ;   ;mauricio.se;18:53
003268                            ;26/09/2024;    ;047979;003;    ;0041043;MT MERCADINHO                                     ;(75)99961-3311 ;040;409;GGC2226;     394,80;    0,50;26/09/2024;87;TEMPO INSUFICIENTE            ;   ;mauricio.se;18:56
003268                            ;26/09/2024;    ;047980;003;    ;0041043;MT MERCADINHO                                     ;(75)99961-3311 ;040;409;GGC2226;     676,52;    0,82;26/09/2024;87;TEMPO INSUFICIENTE            ;   ;mauricio.se;18:56
003268                            ;26/09/2024;    ;047981;003;    ;0041043;MT MERCADINHO                                     ;(75)99961-3311 ;040;409;GGC2226;      10,21;    0,06;26/09/2024;87;TEMPO INSUFICIENTE            ;   ;mauricio.se;18:57
003268                            ;26/09/2024;    ;047982;003;    ;0055866;MERCADINHO ZEITAO                                 ;(75)99848-1406 ;040;409;GGC2226;     339,15;    0,54;26/09/2024;87;TEMPO INSUFICIENTE            ;   ;mauricio.se;18:54
003268                            ;26/09/2024;    ;047983;003;    ;0055866;MERCADINHO ZEITAO                                 ;(75)99848-1406 ;040;409;GGC2226;      17,00;    0,06;26/09/2024;87;TEMPO INSUFICIENTE            ;   ;mauricio.se;18:54
003268                            ;26/09/2024;    ;047984;003;    ;0051284;BAR SE SINVAL                                     ;               ;040;409;GGC2226;     377,30;    0,48;26/09/2024;87;TEMPO INSUFICIENTE            ;   ;mauricio.se;18:55
003268                            ;26/09/2024;    ;047985;003;    ;0051284;BAR SE SINVAL                                     ;               ;040;409;GGC2226;      12,52;    0,06;26/09/2024;87;TEMPO INSUFICIENTE            ;   ;mauricio.se;18:55
003269                            ;26/09/2024;    ;048015;003;    ;0020639;BAR PONTO RESISTENCI                              ;(07)58172-3154 ;040;412;JNW2B79;     388,58;    0,36;26/09/2024;71;SEM DINHEIRO/CHEQUE           ;   ;mauricio.se;18:48
003271                            ;26/09/2024;    ;048084;003;    ;0038149;MINE MERCADINHO GOME                              ;(75)98126-1389 ;040;408;DEN3A12;     297,88;    0,57;26/09/2024;71;SEM DINHEIRO/CHEQUE           ;   ;mauricio.se;17:44
003271                            ;26/09/2024;    ;048104;003;    ;0045160;BAR DO DIOGO                                      ;(75)98276-3069 ;040;408;DEN3A12;     361,46;    0,44;26/09/2024;71;SEM DINHEIRO/CHEQUE           ;   ;mauricio.se;17:43
003274                            ;26/09/2024;    ;048154;003;    ;0056117;MARMITARIA SABOR E S                              ;               ;040;403;NZO1G22;     190,09;    0,24;26/09/2024;72;PDV FECHADO (HORARIO COM.)    ;   ;mauricio.se;13:36
003274                            ;26/09/2024;    ;048155;003;    ;0029280;MERCADO MAX CONCEICA                              ;(75)99149-3868 ;040;403;NZO1G22;      64,30;    0,30;26/09/2024;71;SEM DINHEIRO/CHEQUE           ;   ;mauricio.se;13:38
003274                            ;26/09/2024;    ;048156;003;    ;0029280;MERCADO MAX CONCEICA                              ;(75)99149-3868 ;040;403;NZO1G22;      43,98;    0,08;26/09/2024;71;SEM DINHEIRO/CHEQUE           ;   ;mauricio.se;13:37
003284                            ;27/09/2024;    ;048253;003;    ;0086831;POINT DO MARISCO                                  ;(71)99278-9456 ;040;402;SJQ2B64;     539,00;    0,69;28/09/2024;65;NAO FEZ PEDIDO                ;   ;rafael     ;23:15
003286                            ;27/09/2024;    ;048317;003;    ;0020022;SATIRO OFERTA COMERC                              ;(75)53446-2239 ;040;414;SJQ3A28;     271,52;    0,64;27/09/2024;42;Produto/Quantidade Errada     ;   ;jadson.se  ;16:59
003286                            ;27/09/2024;    ;048318;003;    ;0020022;SATIRO OFERTA COMERC                              ;(75)53446-2239 ;040;414;SJQ3A28;    2916,00;    3,51;27/09/2024;42;Produto/Quantidade Errada     ;   ;jadson.se  ;16:58
003286                            ;27/09/2024;    ;048319;003;    ;0020022;SATIRO OFERTA COMERC                              ;(75)53446-2239 ;040;414;SJQ3A28;    2916,00;    3,51;27/09/2024;42;Produto/Quantidade Errada     ;   ;jadson.se  ;16:58
003286                            ;27/09/2024;    ;048320;003;    ;0020022;SATIRO OFERTA COMERC                              ;(75)53446-2239 ;040;414;SJQ3A28;    2008,40;    2,32;27/09/2024;42;Produto/Quantidade Errada     ;   ;jadson.se  ;16:58
003287                            ;27/09/2024;    ;048336;003;    ;0000187;MERCADINHO BOM PRECO                              ;(75)99135-4362 ;040;414;SIY2E51;     523,64;    1,06;27/09/2024;71;SEM DINHEIRO/CHEQUE           ;   ;jadson.se  ;12:03
003287                            ;27/09/2024;    ;048337;003;    ;0000187;MERCADINHO BOM PRECO                              ;(75)99135-4362 ;040;414;SIY2E51;     193,60;    0,01;27/09/2024;71;SEM DINHEIRO/CHEQUE           ;   ;jadson.se  ;12:03
003288                            ;27/09/2024;    ;048385;003;    ;0030288;BAR DO DILO                                       ;(75)99198-7606 ;040;407;SJQ4A76;     483,98;    0,56;27/09/2024;87;TEMPO INSUFICIENTE            ;   ;rafael     ;19:05
003289                            ;27/09/2024;    ;048428;003;    ;0087098;BAR  DA NANA                                      ;(75)99182-6145 ;040;407;SJQ8E15;     474,60;    0,57;27/09/2024;72;PDV FECHADO (HORARIO COM.)    ;   ;jadson.se  ;18:33
003289                            ;27/09/2024;    ;048429;003;    ;0087098;BAR  DA NANA                                      ;(75)99182-6145 ;040;407;SJQ8E15;     928,38;    1,10;27/09/2024;72;PDV FECHADO (HORARIO COM.)    ;   ;jadson.se  ;18:32
003291                            ;27/09/2024;    ;048498;003;    ;0056440;ADILSON NASCIMENTO O                              ;(75)99218-8811 ;040;401;SJQ4B82;     406,40;    0,48;27/09/2024;42;Produto/Quantidade Errada     ;   ;jadson.se  ;18:01
003291                            ;27/09/2024;    ;048523;003;    ;0092434;E G M BEBIDAS                                     ;(75)99989-1017 ;040;401;SJQ4B82;     232,60;    0,64;27/09/2024;42;Produto/Quantidade Errada     ;   ;jadson.se  ;17:59
003291                            ;27/09/2024;    ;048524;003;    ;0092434;E G M BEBIDAS                                     ;(75)99989-1017 ;040;401;SJQ4B82;      49,43;    0,06;27/09/2024;42;Produto/Quantidade Errada     ;   ;jadson.se  ;18:  
003291                            ;27/09/2024;    ;048525;003;    ;0092434;E G M BEBIDAS                                     ;(75)99989-1017 ;040;401;SJQ4B82;     740,42;    1,18;27/09/2024;42;Produto/Quantidade Errada     ;   ;jadson.se  ;18:  
003298                            ;27/09/2024;    ;048809;003;    ;0032458;ANGELICA DEIN S                                   ;(75) 9121-6733 ;040;403;SJQ0E61;     107,62;    0,40;27/09/2024;72;PDV FECHADO (HORARIO COM.)    ;   ;jadson.se  ;17:25
003300                            ;27/09/2024;    ;048900;003;    ;0035760;BAR BILENGA                                       ;(75)99121-9957 ;040;410;SJQ0J29;     276,38;    0,77;27/09/2024;73;FALTA DE ATIVOS DE GIRO       ;   ;jadson.se  ;15:47
003300                            ;27/09/2024;    ;048930;003;    ;0029829;MERCADINHO BRITO                                  ;(75)99198-8994 ;040;410;SJQ0J29;     858,84;    1,32;27/09/2024;71;SEM DINHEIRO/CHEQUE           ;   ;jadson.se  ;15:46
003303                            ;27/09/2024;    ;049002;003;    ;0000424;BAR DO ZE RENI                                    ;(75)98889-4084 ;040;404;DEN3A12;     175,67;    0,17;27/09/2024;72;PDV FECHADO (HORARIO COM.)    ;   ;rafael     ;19:57
003303                            ;27/09/2024;    ;049004;003;    ;0046539; BAR DA ANA                                       ;               ;040;404;DEN3A12;     159,01;    0,20;27/09/2024;72;PDV FECHADO (HORARIO COM.)    ;   ;rafael     ;19:57
003303                            ;27/09/2024;    ;049014;003;    ;0092629;MERCADINHO 3M                                     ;(75)99715-2637 ;030;302;DEN3A12;       2,33;    0,00;27/09/2024;72;PDV FECHADO (HORARIO COM.)    ;DER;rafael     ;19:58
003303                            ;27/09/2024;    ;049015;003;    ;0092629;MERCADINHO 3M                                     ;(75)99715-2637 ;030;302;DEN3A12;       2,33;    0,00;27/09/2024;72;PDV FECHADO (HORARIO COM.)    ;DER;rafael     ;19:58
003303                            ;27/09/2024;    ;049016;003;    ;0092629;MERCADINHO 3M                                     ;(75)99715-2637 ;030;302;DEN3A12;      34,00;    0,12;27/09/2024;72;PDV FECHADO (HORARIO COM.)    ;   ;rafael     ;19:58
003303                            ;27/09/2024;    ;049026;003;    ;0031975;PAGUE MENOS                                       ;(75) 3268-2940 ;030;302;DEN3A12;      25,00;    0,04;27/09/2024;72;PDV FECHADO (HORARIO COM.)    ;DER;rafael     ;19:59
003303                            ;27/09/2024;    ;049027;003;    ;0031975;PAGUE MENOS                                       ;(75) 3268-2940 ;030;302;DEN3A12;       9,17;    0,00;27/09/2024;72;PDV FECHADO (HORARIO COM.)    ;   ;rafael     ;19:59
003308                            ;27/09/2024;    ;049108;003;    ;0023212;AVENIDA PIT STOP SKO                              ;(71)99328-4167 ;030;301;SYE5D21;    2819,23;    3,29;27/09/2024;42;Produto/Quantidade Errada     ;   ;jadson.se  ;08:39
003325                            ;28/09/2024;    ;049400;003;    ;0039278;BAR                                               ;(75)99803-3479 ;040;401;SJQ8E15;     252,35;    0,28;28/09/2024;87;TEMPO INSUFICIENTE            ;   ;cunha.se   ;18:59
003325                            ;28/09/2024;    ;049401;003;    ;0039278;BAR                                               ;(75)99803-3479 ;040;401;SJQ8E15;     274,10;    0,31;28/09/2024;87;TEMPO INSUFICIENTE            ;   ;cunha.se   ;18:57
003325                            ;28/09/2024;    ;049419;003;    ;0026553;BAR DA MEN                                        ;(75)99121-6200 ;040;401;SJQ8E15;     509,47;    0,64;28/09/2024;73;FALTA DE ATIVOS DE GIRO       ;   ;cunha.se   ;18:58
003325                            ;28/09/2024;    ;049420;003;    ;0026553;BAR DA MEN                                        ;(75)99121-6200 ;040;401;SJQ8E15;     265,18;    0,28;28/09/2024;73;FALTA DE ATIVOS DE GIRO       ;   ;cunha.se   ;18:58
003325                            ;28/09/2024;    ;049431;003;    ;0029260;BAR E POUSADA 116                                 ;(75)99116-0594 ;040;401;SJQ8E15;     185,68;    0,35;28/09/2024;50;CARGA ERRADA ARMAZEM          ;   ;cunha.se   ;18:56
003326                            ;28/09/2024;    ;049454;003;    ;0000544;CARIOCA BAR                                       ;(21)97279-6505 ;040;407;SJQ9B03;     476,68;    0,58;28/09/2024;50;CARGA ERRADA ARMAZEM          ;   ;cunha.se   ;19:15
003327                            ;28/09/2024;    ;049516;003;    ;0030068;BAR DO LUA                                        ;(75) 9181-1383 ;040;407;SJQ4B82;     135,12;    0,36;28/09/2024;52;FALTA PRODUTO ESTOQUE         ;   ;mauricio.se;15:52
003330                            ;28/09/2024;    ;049633;003;    ;0085255;MERC DA FAMILIA                                   ;(75)98270-0173 ;030;303;GGC2226;    1404,09;    2,21;28/09/2024;33;Nao Fez Pedido                ;   ;mauricio.se;17:41
003330                            ;28/09/2024;    ;049635;003;    ;0032207;ATACADAO CASA DO ARR                              ;(75)99184-0060 ;030;303;GGC2226;    1238,90;    2,83;28/09/2024;72;PDV FECHADO (HORARIO COM.)    ;   ;mauricio.se;17:36
003330                            ;28/09/2024;    ;049636;003;    ;0032207;ATACADAO CASA DO ARR                              ;(75)99184-0060 ;030;303;GGC2226;    2619,40;    5,52;28/09/2024;72;PDV FECHADO (HORARIO COM.)    ;   ;mauricio.se;17:35
003330                            ;28/09/2024;    ;049637;003;    ;0032207;ATACADAO CASA DO ARR                              ;(75)99184-0060 ;030;303;GGC2226;    2687,30;    3,23;28/09/2024;72;PDV FECHADO (HORARIO COM.)    ;   ;mauricio.se;17:36
003333                            ;28/09/2024;    ;049748;003;    ;0085351;MERC ALTO DA COLINA                               ;(75)99182-7288 ;030;301;SJQ0E61;     344,10;    0,37;28/09/2024;71;SEM DINHEIRO/CHEQUE           ;   ;mauricio.se;15:46
003336                            ;28/09/2024;    ;049812;003;    ;0085146;BAR ENCOTRO DO AMIGO                              ;(75) 9810-2256 ;040;411;JNW2B79;     840,36;    1,34;28/09/2024;39;Cliente Cancelou.             ;   ;mauricio.se;17:23
003336                            ;28/09/2024;    ;049813;003;    ;0085146;BAR ENCOTRO DO AMIGO                              ;(75) 9810-2256 ;040;411;JNW2B79;     259,80;    0,28;28/09/2024;39;Cliente Cancelou.             ;   ;mauricio.se;17:23
003338                            ;28/09/2024;    ;049908;003;    ;0050295;BAR DO COMODORO                                   ;(75)99965-8888 ;040;408;SKB5H16;     234,00;    0,27;28/09/2024;82;ENDERECO NAO ENCONTRADO       ;   ;mauricio.se;14:58
003338                            ;28/09/2024;    ;049909;003;    ;0050295;BAR DO COMODORO                                   ;(75)99965-8888 ;040;408;SKB5H16;      74,06;    0,10;28/09/2024;82;ENDERECO NAO ENCONTRADO       ;   ;mauricio.se;14:58
003341                            ;28/09/2024;    ;049932;003;    ;0049292; LANCH BOM GOSTO                                  ;               ;040;406;NTE9309;     186,85;    0,22;28/09/2024;72;PDV FECHADO (HORARIO COM.)    ;   ;mauricio.se;14:16
003341                            ;28/09/2024;    ;049947;003;    ;0000064;BAR LACO DE FAMILIA                               ;(75)99149-5953 ;040;406;NTE9309;      61,32;    0,14;28/09/2024;58;Carga Errada                  ;   ;mauricio.se;14:17
003342                            ;28/09/2024;    ;049961;003;    ;0085948;LURDES DA LINHA                                   ;(75)99171-8606 ;040;403;NZO1G22;     107,80;    0,13;28/09/2024;71;SEM DINHEIRO/CHEQUE           ;   ;mauricio.se;13:46
003343                            ;28/09/2024;    ;049978;003;    ;0024270;BAR E REST DO TCHE                                ;(75)99161-3426 ;040;406;NTE9309;     568,20;    0,57;28/09/2024;32;ENTREGA ATRASADA (BUFFER)     ;   ;mauricio.se;16:41
003344                            ;28/09/2024;    ;049980;003;    ;0007367;BAR DA CARMEN                                     ;(75)99136-6597 ;040;403;NZO1G22;     165,90;    0,14;28/09/2024;73;FALTA DE ATIVOS DE GIRO       ;   ;mauricio.se;16:36
003344                            ;28/09/2024;    ;049981;003;    ;0007367;BAR DA CARMEN                                     ;(75)99136-6597 ;040;403;NZO1G22;     129,90;    0,14;28/09/2024;73;FALTA DE ATIVOS DE GIRO       ;   ;mauricio.se;16:30
003344                            ;28/09/2024;    ;049982;003;    ;0007367;BAR DA CARMEN                                     ;(75)99136-6597 ;040;403;NZO1G22;     165,90;    0,14;28/09/2024;73;FALTA DE ATIVOS DE GIRO       ;   ;mauricio.se;16:30
003344                            ;28/09/2024;    ;049983;003;    ;0007367;BAR DA CARMEN                                     ;(75)99136-6597 ;040;403;NZO1G22;     165,90;    0,14;28/09/2024;73;FALTA DE ATIVOS DE GIRO       ;   ;mauricio.se;16:36
003344                            ;28/09/2024;    ;049984;003;    ;0007367;BAR DA CARMEN                                     ;(75)99136-6597 ;040;403;NZO1G22;      29,80;    0,08;28/09/2024;73;FALTA DE ATIVOS DE GIRO       ;   ;mauricio.se;16:36
003374                            ;30/09/2024;    ;050008;003;    ;0085789;SUPERMERCADO MILLA                                ;(75) 0264-2586 ;030;303;SJQ2B64;     194,92;    0,26;01/10/2024;42;Produto/Quantidade Errada     ;   ;cunha.se   ;23:05
003376                            ;30/09/2024;    ;050073;003;    ;0085059;COMERCIAL NASCIMENTO                              ;(75)99167-9183 ;030;302;SJQ3C18;     649,54;    0,83;30/09/2024;87;TEMPO INSUFICIENTE            ;   ;cunha.se   ;19:37
003376                            ;30/09/2024;    ;050074;003;    ;0085059;COMERCIAL NASCIMENTO                              ;(75)99167-9183 ;030;302;SJQ3C18;    1630,20;    1,85;30/09/2024;87;TEMPO INSUFICIENTE            ;   ;cunha.se   ;19:38
003376                            ;30/09/2024;    ;050075;003;    ;0085059;COMERCIAL NASCIMENTO                              ;(75)99167-9183 ;030;302;SJQ3C18;     623,80;    1,27;30/09/2024;87;TEMPO INSUFICIENTE            ;   ;cunha.se   ;19:39
003378                            ;30/09/2024;    ;050111;003;    ;0036006;SEKAI                                             ;               ;040;408;SJQ9G53;     102,62;    0,24;30/09/2024;72;PDV FECHADO (HORARIO COM.)    ;   ;mauricio.se;17:08
003380                            ;30/09/2024;    ;050179;003;    ;0048366; BAR DO GUARDA                                    ;               ;040;404;SJQ4E04;     258,80;    0,39;30/09/2024;73;FALTA DE ATIVOS DE GIRO       ;   ;mauricio.se;14:52
003380                            ;30/09/2024;    ;050183;003;    ;0033377;DEPOSITO DO CAL                                   ;(75)99890-2635 ;040;404;SJQ4E04;     597,47;    0,75;30/09/2024;73;FALTA DE ATIVOS DE GIRO       ;   ;mauricio.se;14:53
003383                            ;30/09/2024;    ;050260;003;    ;0000406;COMERCIAL PR                                      ;(75)99272-4167 ;071;011;SJQ0E61;     154,08;    0,46;30/09/2024;32;ENTREGA ATRASADA (BUFFER)     ;   ;mauricio.se;16:37
003383                            ;30/09/2024;    ;050261;003;    ;0000406;COMERCIAL PR                                      ;(75)99272-4167 ;071;011;SJQ0E61;      17,30;    0,09;30/09/2024;32;ENTREGA ATRASADA (BUFFER)     ;   ;mauricio.se;16:36
003383                            ;30/09/2024;    ;050290;003;    ;0000223;BAR DO CALDO                                      ;(75)99111-2991 ;040;406;SJQ0E61;      51,44;    0,10;30/09/2024;71;SEM DINHEIRO/CHEQUE           ;   ;mauricio.se;16:37
003388                            ;30/09/2024;    ;050366;003;    ;0055405;GIL MERCADINHO                                    ;(75)99871-3440 ;040;409;SYE5D21;      28,05;    0,12;30/09/2024;72;PDV FECHADO (HORARIO COM.)    ;   ;mauricio.se;15:53
003394                            ;30/09/2024;    ;050343;003;    ;0029260;BAR E POUSADA 116                                 ;(75)99116-0594 ;040;401;SIY2E51;      28,05;    0,12;30/09/2024;58;Carga Errada                  ;   ;mauricio.se;15:11
