Mapa                     ;Data;Unb Nota;Nota;Serie;Unb Cliente;Cod. Cliente;Nome Cliente;Telefone;Area;Setor;Placa;Valor;Volume;Data Devol.;Cod. Motivo;Desc. Motivo;Orig. Pedido;Usuario;Hora 
019853                            ;02/03/2026;    ;296672;003;    ;0051706;DONA MARIA ESP SHOW                               ;(75)98162-3725 ;010;104;SJQ3B12;     379,93;    0,50;02/03/2026;71;SEM DINHEIRO/CHEQUE           ;   ;jose.al    ;21:01
019857                            ;02/03/2026;    ;296785;003;    ;0040512;MERCADO SANTANOPOLIS                              ;(75)98131-7667 ;010;106;TMM3F04;    1364,07;    1,66;02/03/2026;58;Carga Errada                  ;   ;romario.al ;16:30
019857                            ;02/03/2026;    ;296789;003;    ;0029790;MERCEARIA DO ROQUE                                ;(75)98112-0547 ;010;106;TMM3F04;     503,82;    0,75;02/03/2026;34;Pedido Duplicado              ;   ;romario.al ;16:31
019858                            ;02/03/2026;    ;296803;003;    ;0020776;BARRACA SEM NOME                                  ;(75)99946-9722 ;010;110;TMM4F43;     151,16;    0,07;02/03/2026;58;Carga Errada                  ;   ;romario.al ;18:22
019859                            ;02/03/2026;    ;296859;003;    ;0031019;BAR DO PAPUDA                                     ;(75)98160-2832 ;010;110;TMM5E06;     589,24;    0,62;02/03/2026;72;PDV FECHADO (HORARIO COM.)    ;   ;romario.al ;14:36
019859                            ;02/03/2026;    ;296860;003;    ;0031019;BAR DO PAPUDA                                     ;(75)98160-2832 ;010;110;TMM5E06;       4,84;    0,00;02/03/2026;72;PDV FECHADO (HORARIO COM.)    ;   ;romario.al ;14:36
019860                            ;02/03/2026;    ;296873;003;    ;0060886;BAR DOS AMIGOS                                    ;(07)19628-4333 ;020;208;SKB4I83;     137,16;    0,07;02/03/2026;71;SEM DINHEIRO/CHEQUE           ;   ;romario.al ;16:24
019860                            ;02/03/2026;    ;296874;003;    ;0060932;OFICINA DE BIG                                    ;(07)19647-1939 ;020;208;SKB4I83;     301,09;    0,56;02/03/2026;71;SEM DINHEIRO/CHEQUE           ;   ;romario.al ;16:24
019860                            ;02/03/2026;    ;296878;003;    ;0020639;BARRAC H DE PESCADOR                              ;(75)99984-3240 ;020;201;SKB4I83;     270,26;    0,22;02/03/2026;72;PDV FECHADO (HORARIO COM.)    ;   ;romario.al ;16:23
019868                            ;03/03/2026;    ;296892;003;    ;0030424;BAR DO DIO                                        ;(75)99935-4023 ;020;207;SKS5C26;     223,50;    0,43;03/03/2026;71;SEM DINHEIRO/CHEQUE           ;   ;emerson.al ;20:58
019868                            ;03/03/2026;    ;296893;003;    ;0030424;BAR DO DIO                                        ;(75)99935-4023 ;020;207;SKS5C26;      19,68;    0,02;03/03/2026;71;SEM DINHEIRO/CHEQUE           ;   ;emerson.al ;20:58
019869                            ;03/03/2026;    ;296941;003;    ;0050015;SHOPPING DAS FRUTAS                               ;(07)59949-0232 ;020;205;SJQ0A82;     597,38;    1,09;03/03/2026;71;SEM DINHEIRO/CHEQUE           ;   ;emerson.al ;21:14
019876                            ;03/03/2026;    ;297127;003;    ;0029052;MERCADINHO DO ZEINHO                              ;(75)98142-7763 ;030;305;SJQ7E10;     705,06;    0,66;03/03/2026;71;SEM DINHEIRO/CHEQUE           ;   ;tailan.al  ;16:13
019876                            ;03/03/2026;    ;297128;003;    ;0029052;MERCADINHO DO ZEINHO                              ;(75)98142-7763 ;030;305;SJQ7E10;     523,98;    0,39;03/03/2026;71;SEM DINHEIRO/CHEQUE           ;   ;tailan.al  ;16:13
019878                            ;03/03/2026;    ;297174;003;    ;0083418;ESQUINA BAR                                       ;(71)99934-7844 ;010;101;SJQ3B12;     175,50;    0,20;03/03/2026;71;SEM DINHEIRO/CHEQUE           ;   ;tailan.al  ;16:12
019880                            ;03/03/2026;    ;297240;003;    ;0031534;SUPERMERCADO RODRIGU                              ;(75)98102-0453 ;030;305;SKS7B90;       6,67;    0,00;03/03/2026;42;Produto/Quantidade Errada     ;   ;tailan.al  ;17:39
019883                            ;03/03/2026;    ;297336;003;    ;0026573;BAR DA ELIENE                                     ;(71)99900-1398 ;010;109;TMM5E06;     248,52;    0,28;03/03/2026;42;Produto/Quantidade Errada     ;   ;tailan.al  ;16:36
019883                            ;03/03/2026;    ;297353;003;    ;0019144;BAR DA LEU                                        ;(71)99982-8732 ;010;101;TMM5E06;     449,31;    0,82;03/03/2026;71;SEM DINHEIRO/CHEQUE           ;   ;tailan.al  ;16:36
019884                            ;03/03/2026;    ;297358;003;    ;0019294;CASA DO FRANGO                                    ;(75)99201-6774 ;010;111;TMM9J07;     854,74;    1,38;03/03/2026;72;PDV FECHADO (HORARIO COM.)    ;   ;emerson.al ;20:17
019884                            ;03/03/2026;    ;297359;003;    ;0019294;CASA DO FRANGO                                    ;(75)99201-6774 ;010;111;TMM9J07;      47,07;    0,12;03/03/2026;72;PDV FECHADO (HORARIO COM.)    ;   ;emerson.al ;20:17
019890                            ;03/03/2026;    ;297450;003;    ;0027987;BAR DA EDELZUIT                                   ;(71)99611-0516 ;010;109;       ;    1695,00;    0,00;04/03/2026;70;CLIENTE CANCELOU              ;   ;jose.al    ;20:17
019906                            ;04/03/2026;    ;297633;003;    ;0051145;TITO BEBIDAS                                      ;(75)99809-9564 ;010;104;SJQ1F85;    2110,12;    2,38;04/03/2026;50;CARGA ERRADA ARMAZEM          ;   ;jose.al    ;21:03
019919                            ;04/03/2026;    ;298095;003;    ;0083435;BAR DO NAL JORRINHO                               ;(75)98182-7281 ;010;105;TMM3F04;     120,99;    0,14;04/03/2026;50;CARGA ERRADA ARMAZEM          ;   ;romario.al ;17:53
019919                            ;04/03/2026;    ;298096;003;    ;0083435;BAR DO NAL JORRINHO                               ;(75)98182-7281 ;010;105;TMM3F04;      33,08;    0,04;04/03/2026;50;CARGA ERRADA ARMAZEM          ;   ;romario.al ;17:52
019919                            ;04/03/2026;    ;298111;003;    ;0026606;BAR E REST DO PIU                                 ;(75)98110-1784 ;010;103;TMM3F04;    1288,38;    1,39;04/03/2026;73;FALTA DE ATIVOS DE GIRO       ;   ;romario.al ;17:52
019920                            ;04/03/2026;    ;298149;003;    ;0040119;Restaur.Sabor da Flo                              ;(07)58897-5482 ;010;111;TMM9J07;     207,63;    0,24;04/03/2026;87;TEMPO INSUFICIENTE            ;   ;jose.al    ;20:11
019920                            ;04/03/2026;    ;298170;003;    ;0033929;DEP. MESQUITA                                     ;(75) 3423-2536 ;030;305;TMM9J07;     679,14;    0,80;04/03/2026;72;PDV FECHADO (HORARIO COM.)    ;   ;jose.al    ;20:11
019920                            ;04/03/2026;    ;298172;003;    ;0082201;CENTRAL 3 IRMAOS                                  ;(75)99918-4356 ;010;110;TMM9J07;     657,21;    0,74;04/03/2026;87;TEMPO INSUFICIENTE            ;   ;jose.al    ;20:11
019920                            ;04/03/2026;    ;298173;003;    ;0082201;CENTRAL 3 IRMAOS                                  ;(75)99918-4356 ;010;110;TMM9J07;     331,07;    0,25;04/03/2026;87;TEMPO INSUFICIENTE            ;   ;jose.al    ;20:11
019920                            ;04/03/2026;    ;298174;003;    ;0082201;CENTRAL 3 IRMAOS                                  ;(75)99918-4356 ;010;110;TMM9J07;      34,90;    0,04;04/03/2026;87;TEMPO INSUFICIENTE            ;   ;jose.al    ;20:11
019920                            ;04/03/2026;    ;298175;003;    ;0087530;DEPOSITO TONHO GORDO                              ;(75)99939-7759 ;030;305;TMM9J07;     539,00;    0,69;04/03/2026;87;TEMPO INSUFICIENTE            ;   ;jose.al    ;20:10
019920                            ;04/03/2026;    ;298176;003;    ;0087530;DEPOSITO TONHO GORDO                              ;(75)99939-7759 ;030;305;TMM9J07;     285,80;    0,28;04/03/2026;87;TEMPO INSUFICIENTE            ;   ;jose.al    ;20:10
019922                            ;04/03/2026;    ;298195;003;    ;0047700;ACARAJE DA BEL                                    ;(75)99990-2549 ;010;110;PJX0435;     215,60;    0,27;04/03/2026;72;PDV FECHADO (HORARIO COM.)    ;   ;romario.al ;16:53
019924                            ;04/03/2026;    ;297463;003;    ;0040133;BAR DA ZEFINHA                                    ;(75)99715-9943 ;020;203;SKS5C26;     119,98;    0,12;05/03/2026;50;CARGA ERRADA ARMAZEM          ;   ;emerson.al ;20:41
019924                            ;04/03/2026;    ;297464;003;    ;0040210;Bar do Galego alto d                              ;(07)59886-1422 ;020;203;SKS5C26;     106,53;    0,17;05/03/2026;50;CARGA ERRADA ARMAZEM          ;   ;emerson.al ;20:41
019924                            ;04/03/2026;    ;297472;003;    ;0030126;DEPOSITO DO GP                                    ;(75)99673-8107 ;020;207;SKS5C26;      93,67;    0,22;05/03/2026;50;CARGA ERRADA ARMAZEM          ;   ;emerson.al ;20:41
019924                            ;04/03/2026;    ;297477;003;    ;0030216;DEPOSITO BROGODOR                                 ;(75)99951-1229 ;020;207;SKS5C26;     130,86;    0,15;05/03/2026;50;CARGA ERRADA ARMAZEM          ;   ;emerson.al ;20:41
019924                            ;04/03/2026;    ;297478;003;    ;0018915;RECANTO BAIXIO                                    ;(75)98864-4709 ;020;202;SKS5C26;     102,24;    0,24;05/03/2026;71;SEM DINHEIRO/CHEQUE           ;   ;emerson.al ;20:40
019925                            ;04/03/2026;    ;297696;003;    ;0019053;CHURRASCARIA AR LIVR                              ;(75)99194-0251 ;020;204;SJQ5B35;     435,87;    0,53;05/03/2026;72;PDV FECHADO (HORARIO COM.)    ;   ;emerson.al ;20:26
019925                            ;04/03/2026;    ;297697;003;    ;0019053;CHURRASCARIA AR LIVR                              ;(75)99194-0251 ;020;204;SJQ5B35;      45,00;    0,04;05/03/2026;72;PDV FECHADO (HORARIO COM.)    ;   ;emerson.al ;20:26
019925                            ;04/03/2026;    ;297703;003;    ;0020310;FLOR DO AMANHECER                                 ;(75)98835-2080 ;020;204;SJQ5B35;     233,52;    0,25;05/03/2026;71;SEM DINHEIRO/CHEQUE           ;   ;emerson.al ;20:26
019925                            ;04/03/2026;    ;297725;003;    ;0050602;ACOUGUE DO JOELSON                                ;(75)99950-3916 ;020;204;SJQ5B35;     117,00;    0,13;05/03/2026;72;PDV FECHADO (HORARIO COM.)    ;   ;emerson.al ;20:25
019926                            ;04/03/2026;    ;297973;003;    ;0035571;MONTE SINAI                                       ;(71)99723-0383 ;030;306;SJQ0A82;    3096,37;    0,00;04/03/2026;83;PROPRIETARIO AUSENTE          ;   ;jose.al    ;20:16
019936                            ;05/03/2026;    ;298287;003;    ;0050280;DISTRIBUIDORA SAO JO                              ;(07)59845-5470 ;030;304;SJQ0C73;    3773,38;    4,40;06/03/2026;42;Produto/Quantidade Errada     ;   ;emerson.al ;04:07
019936                            ;05/03/2026;    ;298288;003;    ;0050705;CA DISTRIBUIDORA                                  ;(75)99829-3508 ;020;209;SJQ0C73;    2513,93;    3,22;06/03/2026;42;Produto/Quantidade Errada     ;   ;emerson.al ;04:07
019936                            ;05/03/2026;    ;298289;003;    ;0050347;DISTRIBUIDORA TIMBO                               ;(75)99806-9693 ;030;304;SJQ0C73;     587,67;    0,78;06/03/2026;42;Produto/Quantidade Errada     ;   ;emerson.al ;04:08
019936                            ;05/03/2026;    ;298290;003;    ;0050347;DISTRIBUIDORA TIMBO                               ;(75)99806-9693 ;030;304;SJQ0C73;     199,16;    0,17;06/03/2026;42;Produto/Quantidade Errada     ;   ;emerson.al ;04:08
019937                            ;05/03/2026;    ;298324;003;    ;0019498;ESPETINHO DO DECO                                 ;(75)99878-5862 ;010;104;SJQ7E10;     117,00;    0,13;05/03/2026;42;Produto/Quantidade Errada     ;   ;emerson.al ;20:44
019939                            ;05/03/2026;    ;298395;003;    ;0084737;MERCA-TELMA                                       ;(75)99912-8315 ;030;306;SKS7B90;     363,77;    0,80;05/03/2026;87;TEMPO INSUFICIENTE            ;   ;emerson.al ;20:17
019940                            ;05/03/2026;    ;298414;003;    ;0021151;ADEGA DOSE CERTA                                  ;(71)99107-6670 ;010;109;SKS3C50;     757,36;    1,35;05/03/2026;72;PDV FECHADO (HORARIO COM.)    ;   ;emerson.al ;20:13
019944                            ;05/03/2026;    ;298449;003;    ;0019826;KIDOCE DELICATESSEN                               ;(75)98322-6597 ;030;305;TMM5E06;    1170,36;    2,32;05/03/2026;87;TEMPO INSUFICIENTE            ;   ;emerson.al ;20:14
019944                            ;05/03/2026;    ;298483;003;    ;0032095;BAR DA SAIDEIRA                                   ;(75) 9830-6004 ;010;110;TMM5E06;     622,96;    0,80;05/03/2026;87;TEMPO INSUFICIENTE            ;   ;emerson.al ;20:15
019944                            ;05/03/2026;    ;298484;003;    ;0032095;BAR DA SAIDEIRA                                   ;(75) 9830-6004 ;010;110;TMM5E06;       6,20;    0,01;05/03/2026;87;TEMPO INSUFICIENTE            ;DER;emerson.al ;20:15
019944                            ;05/03/2026;    ;298485;003;    ;0032095;BAR DA SAIDEIRA                                   ;(75) 9830-6004 ;010;110;TMM5E06;      15,65;    0,01;05/03/2026;87;TEMPO INSUFICIENTE            ;   ;emerson.al ;20:15
019944                            ;05/03/2026;    ;298486;003;    ;0020107;ESPETINHO DO CUNHA                                ;(75)99289-9180 ;010;110;TMM5E06;     524,37;    0,55;05/03/2026;87;TEMPO INSUFICIENTE            ;   ;emerson.al ;20:16
019944                            ;05/03/2026;    ;298487;003;    ;0020107;ESPETINHO DO CUNHA                                ;(75)99289-9180 ;010;110;TMM5E06;      53,16;    0,12;05/03/2026;87;TEMPO INSUFICIENTE            ;   ;emerson.al ;20:15
019946                            ;05/03/2026;    ;298515;003;    ;0060450;BAR DA EDNA                                       ;(71)99925-9066 ;020;208;TMM3F04;     275,02;    0,50;05/03/2026;45;Tempo Insuficiente.           ;   ;emerson.al ;20:08
019946                            ;05/03/2026;    ;298516;003;    ;0060450;BAR DA EDNA                                       ;(71)99925-9066 ;020;208;TMM3F04;      22,40;    0,00;05/03/2026;45;Tempo Insuficiente.           ;   ;emerson.al ;20:08
019946                            ;05/03/2026;    ;298517;003;    ;0019311;RESTAURANTE ESPACO L                              ;(71)99926-4348 ;020;208;TMM3F04;     365,86;    0,54;05/03/2026;45;Tempo Insuficiente.           ;   ;emerson.al ;20:07
019946                            ;05/03/2026;    ;298518;003;    ;0019387;DEPOSITO DO LEO                                   ;(71)99962-4123 ;020;208;TMM3F04;     190,85;    0,21;05/03/2026;45;Tempo Insuficiente.           ;   ;emerson.al ;20:06
019946                            ;05/03/2026;    ;298519;003;    ;0019387;DEPOSITO DO LEO                                   ;(71)99962-4123 ;020;208;TMM3F04;     581,35;    0,44;05/03/2026;45;Tempo Insuficiente.           ;   ;emerson.al ;20:07
019946                            ;05/03/2026;    ;298520;003;    ;0019387;DEPOSITO DO LEO                                   ;(71)99962-4123 ;020;208;TMM3F04;     168,37;    0,21;05/03/2026;45;Tempo Insuficiente.           ;   ;emerson.al ;20:07
019946                            ;05/03/2026;    ;298521;003;    ;0019387;DEPOSITO DO LEO                                   ;(71)99962-4123 ;020;208;TMM3F04;     262,59;    0,67;05/03/2026;45;Tempo Insuficiente.           ;   ;emerson.al ;20:07
019946                            ;05/03/2026;    ;298524;003;    ;0060719;RESTAURANTE BELA VIS                              ;(71)99656-5657 ;020;208;TMM3F04;     488,90;    0,43;05/03/2026;45;Tempo Insuficiente.           ;   ;emerson.al ;20:06
019946                            ;05/03/2026;    ;298549;003;    ;0037779;PORTAL DAS BEBIDAS                                ;(75)99186-5263 ;010;107;TMM3F04;     797,20;    0,77;05/03/2026;45;Tempo Insuficiente.           ;   ;emerson.al ;20:08
019946                            ;05/03/2026;    ;298550;003;    ;0037779;PORTAL DAS BEBIDAS                                ;(75)99186-5263 ;010;107;TMM3F04;    1094,01;    1,38;05/03/2026;45;Tempo Insuficiente.           ;   ;emerson.al ;20:09
019948                            ;05/03/2026;    ;298581;003;    ;0021021;DANIELS PIZZA                                     ;(75)99969-9396 ;010;110;IAK5E60;     180,32;    0,20;05/03/2026;72;PDV FECHADO (HORARIO COM.)    ;   ;tailan.al  ;17:30
019948                            ;05/03/2026;    ;298582;003;    ;0021021;DANIELS PIZZA                                     ;(75)99969-9396 ;010;110;IAK5E60;      19,68;    0,02;05/03/2026;72;PDV FECHADO (HORARIO COM.)    ;   ;tailan.al  ;17:30
019948                            ;05/03/2026;    ;298600;003;    ;0083135;REST E LANC SUCESSO                               ;(75)99906-0515 ;010;111;IAK5E60;     422,81;    0,54;05/03/2026;47;Dificil Acesso                ;   ;tailan.al  ;17:33
019948                            ;05/03/2026;    ;298601;003;    ;0083391;BAR LANCHES JR                                    ;(75) 9943-9901 ;010;111;IAK5E60;     366,30;    0,42;05/03/2026;47;Dificil Acesso                ;   ;tailan.al  ;17:33
019948                            ;05/03/2026;    ;298602;003;    ;0083391;BAR LANCHES JR                                    ;(75) 9943-9901 ;010;111;IAK5E60;      33,00;    0,04;05/03/2026;47;Dificil Acesso                ;   ;tailan.al  ;17:32
019948                            ;05/03/2026;    ;298603;003;    ;0019922;BAR DO DELEGADO                                   ;(75)99832-4113 ;010;111;IAK5E60;     206,20;    0,21;05/03/2026;47;Dificil Acesso                ;   ;tailan.al  ;17:32
019948                            ;05/03/2026;    ;298604;003;    ;0019747;M FRANGO DEPOSITO                                 ;(75)99971-3779 ;010;111;IAK5E60;     429,60;    0,50;05/03/2026;47;Dificil Acesso                ;   ;tailan.al  ;17:32
019948                            ;05/03/2026;    ;298616;003;    ;0083134;REST E LANC VITORIA                               ;(75) 8369-2358 ;010;111;IAK5E60;     142,90;    0,14;05/03/2026;47;Dificil Acesso                ;   ;tailan.al  ;17:33
019948                            ;05/03/2026;    ;298623;003;    ;0028885;QUIOSQUE DA RENY                                  ;(75)99829-7409 ;010;110;IAK5E60;      37,00;    0,04;05/03/2026;34;Pedido Duplicado              ;   ;tailan.al  ;17:32
019958                            ;06/03/2026;    ;298670;003;    ;0020962;BARRACA PASSARINHOO                               ;(75)99995-8076 ;020;207;TMM3F04;     292,50;    0,50;06/03/2026;85;DIFICIL ACESSO                ;DER;jose.al    ;20:31
019958                            ;06/03/2026;    ;298671;003;    ;0030205;POINT DO MURINGA                                  ;(75)99909-9877 ;020;207;TMM3F04;     739,84;    0,69;06/03/2026;85;DIFICIL ACESSO                ;   ;jose.al    ;20:31
019958                            ;06/03/2026;    ;298672;003;    ;0030205;POINT DO MURINGA                                  ;(75)99909-9877 ;020;207;TMM3F04;      66,04;    0,10;06/03/2026;85;DIFICIL ACESSO                ;   ;jose.al    ;20:31
019958                            ;06/03/2026;    ;298679;003;    ;0030206;BAR DO PIA                                        ;(75)99876-8102 ;020;202;TMM3F04;     188,21;    0,50;06/03/2026;42;Produto/Quantidade Errada     ;   ;jose.al    ;20:31
019960                            ;06/03/2026;    ;298746;003;    ;0034248;DEPOSITO GELA GUELA                               ;(75)99958-7880 ;030;305;SJQ5B35;    2824,53;    3,21;09/03/2026;71;SEM DINHEIRO/CHEQUE           ;   ;emerson.al ;21:31
019960                            ;06/03/2026;    ;298747;003;    ;0034248;DEPOSITO GELA GUELA                               ;(75)99958-7880 ;030;305;SJQ5B35;     353,02;    0,07;09/03/2026;71;SEM DINHEIRO/CHEQUE           ;   ;emerson.al ;21:31
019967                            ;06/03/2026;    ;298983;003;    ;0026643;SUPERMERCADO NUNES                                ;(71)99306-5512 ;030;306;SJQ0A82;    2182,87;    2,60;06/03/2026;85;DIFICIL ACESSO                ;   ;romario.al ;18:42
019967                            ;06/03/2026;    ;298984;003;    ;0032334;ATACADO NUNES TELES                               ;(71)99304-8413 ;030;306;SJQ0A82;    1222,09;    1,54;06/03/2026;86;HORARIO DE ENTREGA            ;   ;romario.al ;18:41
019970                            ;06/03/2026;    ;299077;003;    ;0020149;COMPRE BEM ARAMARI                                ;(75)99862-5151 ;030;305;SJQ1F85;     732,50;    0,73;09/03/2026;38;Sem Dinheiro                  ;   ;romario.al ;18:24
019970                            ;06/03/2026;    ;299078;003;    ;0020149;COMPRE BEM ARAMARI                                ;(75)99862-5151 ;030;305;SJQ1F85;     206,40;    0,60;09/03/2026;38;Sem Dinheiro                  ;   ;romario.al ;18:23
019970                            ;06/03/2026;    ;299081;003;    ;0046890;ESPETISCO                                         ;(90) 9000-8000 ;010;103;SJQ1F85;     303,97;    0,35;09/03/2026;38;Sem Dinheiro                  ;   ;romario.al ;18:22
019970                            ;06/03/2026;    ;299099;003;    ;0018579;BAR DO PEDRaO                                     ;(75)99224-6975 ;010;103;SJQ1F85;     131,38;    0,15;09/03/2026;72;PDV FECHADO (HORARIO COM.)    ;   ;romario.al ;18:27
019970                            ;06/03/2026;    ;299100;003;    ;0018579;BAR DO PEDRaO                                     ;(75)99224-6975 ;010;103;SJQ1F85;      22,40;    0,00;09/03/2026;72;PDV FECHADO (HORARIO COM.)    ;   ;romario.al ;18:26
019970                            ;06/03/2026;    ;299105;003;    ;0020098;BAR NERI RICO                                     ;(75)99302-0493 ;010;103;SJQ1F85;     118,94;    0,15;09/03/2026;72;PDV FECHADO (HORARIO COM.)    ;   ;romario.al ;18:22
019970                            ;06/03/2026;    ;299121;003;    ;0089645;MERC PADARIA T.R                                  ;(75)99821-5592 ;010;110;SJQ1F85;     547,37;    0,31;09/03/2026;40;Horario de Entrega            ;   ;romario.al ;18:25
019971                            ;06/03/2026;    ;299140;003;    ;0091837;DEPOSITO ROGER                                    ;(75)99174-4202 ;010;105;SKS5C26;     217,48;    0,26;06/03/2026;50;CARGA ERRADA ARMAZEM          ;   ;jose.al    ;20:11
019971                            ;06/03/2026;    ;299141;003;    ;0091837;DEPOSITO ROGER                                    ;(75)99174-4202 ;010;105;SKS5C26;      54,12;    0,24;06/03/2026;50;CARGA ERRADA ARMAZEM          ;   ;jose.al    ;20:11
019971                            ;06/03/2026;    ;299144;003;    ;0091255;CANTINHO DA JOILDA                                ;(75)99958-0094 ;010;105;SKS5C26;     500,58;    0,77;06/03/2026;50;CARGA ERRADA ARMAZEM          ;   ;jose.al    ;20:12
019972                            ;06/03/2026;    ;299201;003;    ;0040021;BAR DO PRETO                                      ;(07)50420-2645 ;020;206;TMM4F43;     409,50;    0,48;06/03/2026;45;Tempo Insuficiente.           ;   ;jose.al    ;21:26
019972                            ;06/03/2026;    ;299202;003;    ;0040092;MF                                                ;(75)99809-6880 ;030;304;TMM4F43;     401,65;    0,41;06/03/2026;45;Tempo Insuficiente.           ;   ;jose.al    ;21:25
019973                            ;06/03/2026;    ;299209;003;    ;0019634;BAR DO MIGUEL                                     ;(75)99909-9003 ;010;110;TMM5E06;     448,54;    0,24;06/03/2026;71;SEM DINHEIRO/CHEQUE           ;   ;jose.al    ;20:09
019977                            ;06/03/2026;    ;299336;003;    ;0019929;RENDSON SANTOS                                    ;(71)99643-6965 ;010;101;PJX0435;     282,80;    0,28;06/03/2026;72;PDV FECHADO (HORARIO COM.)    ;   ;romario.al ;18:17
019977                            ;06/03/2026;    ;299345;003;    ;0044416;MODESTIA QUIOSQUE                                 ;(71)99919-1853 ;010;101;PJX0435;     107,80;    0,13;06/03/2026;72;PDV FECHADO (HORARIO COM.)    ;   ;romario.al ;18:17
019995                            ;09/03/2026;    ;299528;003;    ;0050636;BAR DA CARINA                                     ;(75)99846-5940 ;020;209;SJQ0C73;     148,98;    0,23;10/03/2026;86;HORARIO DE ENTREGA            ;   ;emerson.al ;03:01
019997                            ;09/03/2026;    ;299616;003;    ;0045329;COCA DRINKS                                       ;(75)98182-3296 ;010;102;SJQ7E10;     201,14;    0,24;09/03/2026;72;PDV FECHADO (HORARIO COM.)    ;   ;emerson.al ;20:12
019997                            ;09/03/2026;    ;299621;003;    ;0024390;BOTECO DO LEO                                     ;(75)98185-2291 ;010;102;SJQ7E10;     722,04;    0,97;09/03/2026;86;HORARIO DE ENTREGA            ;   ;emerson.al ;20:11
019997                            ;09/03/2026;    ;299622;003;    ;0024390;BOTECO DO LEO                                     ;(75)98185-2291 ;010;102;SJQ7E10;     190,85;    0,21;09/03/2026;86;HORARIO DE ENTREGA            ;   ;emerson.al ;20:12
019997                            ;09/03/2026;    ;299623;003;    ;0024390;BOTECO DO LEO                                     ;(75)98185-2291 ;010;102;SJQ7E10;     190,85;    0,21;09/03/2026;86;HORARIO DE ENTREGA            ;   ;emerson.al ;20:12
019997                            ;09/03/2026;    ;299624;003;    ;0024390;BOTECO DO LEO                                     ;(75)98185-2291 ;010;102;SJQ7E10;     202,32;    0,11;09/03/2026;86;HORARIO DE ENTREGA            ;   ;emerson.al ;20:12
019997                            ;09/03/2026;    ;299625;003;    ;0024390;BOTECO DO LEO                                     ;(75)98185-2291 ;010;102;SJQ7E10;      39,12;    0,05;09/03/2026;86;HORARIO DE ENTREGA            ;DER;emerson.al ;20:12
019998                            ;09/03/2026;    ;299632;003;    ;0019207;CORETO BAR                                        ;(75)99226-9087 ;020;206;TMM9J07;     845,76;    0,93;09/03/2026;40;Horario de Entrega            ;   ;tailan.al  ;18:28
019998                            ;09/03/2026;    ;299633;003;    ;0019207;CORETO BAR                                        ;(75)99226-9087 ;020;206;TMM9J07;     112,28;    0,11;09/03/2026;40;Horario de Entrega            ;   ;tailan.al  ;18:28
019998                            ;09/03/2026;    ;299634;003;    ;0019207;CORETO BAR                                        ;(75)99226-9087 ;020;206;TMM9J07;      58,27;    0,06;09/03/2026;40;Horario de Entrega            ;   ;tailan.al  ;18:27
019998                            ;09/03/2026;    ;299635;003;    ;0019207;CORETO BAR                                        ;(75)99226-9087 ;020;206;TMM9J07;      73,09;    0,14;09/03/2026;40;Horario de Entrega            ;   ;tailan.al  ;18:27
019998                            ;09/03/2026;    ;299650;003;    ;0040042;PONTO DOS AMIGOS                                  ;(75)99819-6880 ;020;206;TMM9J07;     196,88;    0,24;09/03/2026;72;PDV FECHADO (HORARIO COM.)    ;   ;tailan.al  ;18:26
019999                            ;09/03/2026;    ;299653;003;    ;0020103;BAR DA CIDA                                       ;(75)98127-9947 ;010;104;TMM3F04;    1217,17;    1,13;09/03/2026;42;Produto/Quantidade Errada     ;   ;tailan.al  ;18:40
020001                            ;09/03/2026;    ;299724;003;    ;0083251;BAR DA DETE                                       ;(75)99995-3317 ;010;104;SJQ0A82;     599,59;    0,87;09/03/2026;72;PDV FECHADO (HORARIO COM.)    ;   ;tailan.al  ;16:38
020001                            ;09/03/2026;    ;299727;003;    ;0051706;DONA MARIA ESP SHOW                               ;(75)98162-3725 ;010;104;SJQ0A82;     113,76;    0,16;09/03/2026;72;PDV FECHADO (HORARIO COM.)    ;   ;tailan.al  ;16:37
020001                            ;09/03/2026;    ;299765;003;    ;0046104;POINT DA GALERA                                   ;(75)99882-0877 ;010;104;SJQ0A82;     134,30;    0,15;09/03/2026;72;PDV FECHADO (HORARIO COM.)    ;   ;tailan.al  ;16:38
020002                            ;09/03/2026;    ;299774;003;    ;0082455;MERCADO SANTOS                                    ;(75)98280-8524 ;010;105;SJQ5E98;     122,90;    0,14;09/03/2026;71;SEM DINHEIRO/CHEQUE           ;   ;tailan.al  ;16:45
020002                            ;09/03/2026;    ;299778;003;    ;0053868;BAR DA LIU                                        ;(75)99297-1561 ;010;105;SJQ5E98;     182,98;    0,11;09/03/2026;71;SEM DINHEIRO/CHEQUE           ;   ;tailan.al  ;16:45
020002                            ;09/03/2026;    ;299794;003;    ;0020538;NIKIBAS BAR BEER                                  ;(75)98177-6343 ;010;111;SJQ5E98;     107,80;    0,13;09/03/2026;72;PDV FECHADO (HORARIO COM.)    ;   ;tailan.al  ;16:51
020002                            ;09/03/2026;    ;299796;003;    ;0018671;TO NO BABA BEER                                   ;(75)98867-6321 ;010;111;SJQ5E98;     215,60;    0,27;09/03/2026;72;PDV FECHADO (HORARIO COM.)    ;   ;tailan.al  ;16:45
020004                            ;09/03/2026;    ;299840;003;    ;0084207;BOTECO DO GALEGO                                  ;(71)99628-8226 ;010;109;SKB4I83;       8,16;    0,02;11/03/2026;77;Devolucao NFe.                ;DER;tailan.al  ;16:04
020005                            ;09/03/2026;    ;299849;003;    ;0030712;CONVERSA FIADA                                    ;(71)99727-7419 ;010;107;SJQ1F85;     267,70;    0,28;09/03/2026;48;PDV Fechado Apos              ;   ;tailan.al  ;15:48
020005                            ;09/03/2026;    ;299850;003;    ;0053387;BAR DELICIAS DA JO                                ;(71)99630-3436 ;010;107;SJQ1F85;     117,46;    0,15;09/03/2026;48;PDV Fechado Apos              ;   ;tailan.al  ;15:49
020005                            ;09/03/2026;    ;299860;003;    ;0083427;BAR SAO SEBASTIAO                                 ;(75)99812-5357 ;010;110;SJQ1F85;     761,08;    1,16;09/03/2026;89;PDV FECHADO APOS HORARIO      ;   ;tailan.al  ;15:49
020006                            ;09/03/2026;    ;299881;003;    ;0019451;BAR ESTRELA MAR                                   ;(75)98130-4899 ;010;111;TMM4F43;     113,58;    0,18;09/03/2026;64;SEM VASILHAME                 ;   ;tailan.al  ;17:37
020006                            ;09/03/2026;    ;299892;003;    ;0030581;CANTINHO Z                                        ;(75) 9839-6519 ;010;103;TMM4F43;     102,77;    0,12;09/03/2026;72;PDV FECHADO (HORARIO COM.)    ;   ;tailan.al  ;17:36
020006                            ;09/03/2026;    ;299895;003;    ;0019989;BAR TABARNA                                       ;(75)99991-0641 ;010;103;TMM4F43;     146,95;    0,19;09/03/2026;71;SEM DINHEIRO/CHEQUE           ;   ;tailan.al  ;17:38
020006                            ;09/03/2026;    ;299896;003;    ;0019989;BAR TABARNA                                       ;(75)99991-0641 ;010;103;TMM4F43;      13,74;    0,00;09/03/2026;71;SEM DINHEIRO/CHEQUE           ;   ;tailan.al  ;17:37
020006                            ;09/03/2026;    ;299897;003;    ;0019989;BAR TABARNA                                       ;(75)99991-0641 ;010;103;TMM4F43;       4,12;    0,00;09/03/2026;71;SEM DINHEIRO/CHEQUE           ;   ;tailan.al  ;17:37
020012                            ;10/03/2026;    ;299949;003;    ;0020970;SUPER BARBOSA                                     ;(79)99986-6607 ;030;304;SJQ4A23;    1293,24;    2,55;10/03/2026;71;SEM DINHEIRO/CHEQUE           ;   ;jose.al    ;21:33
020018                            ;10/03/2026;    ;300121;003;    ;0054062;BOM DO 29                                         ;(71)99981-2929 ;010;108;SJQ0C73;    1057,16;    1,09;10/03/2026;72;PDV FECHADO (HORARIO COM.)    ;   ;romario.al ;18:05
020020                            ;10/03/2026;    ;300181;003;    ;0040799;BAR DO JO O                                       ;(75)98103-1548 ;010;106;SJQ7E10;     336,96;    0,41;10/03/2026;72;PDV FECHADO (HORARIO COM.)    ;   ;jose.al    ;20:05
020020                            ;10/03/2026;    ;300182;003;    ;0040799;BAR DO JO O                                       ;(75)98103-1548 ;010;106;SJQ7E10;      13,53;    0,06;10/03/2026;72;PDV FECHADO (HORARIO COM.)    ;   ;jose.al    ;20:05
020020                            ;10/03/2026;    ;300184;003;    ;0047053;MERCEARIA DA EVA                                  ;(75)98251-8457 ;010;106;SJQ7E10;    1094,01;    1,38;10/03/2026;71;SEM DINHEIRO/CHEQUE           ;   ;jose.al    ;20:06
020022                            ;10/03/2026;    ;300219;003;    ;0037779;PORTAL DAS BEBIDAS                                ;(75)99186-5263 ;010;107;SJQ1F85;    2023,90;    2,90;11/03/2026;40;Horario de Entrega            ;   ;tailan.al  ;14:02
020022                            ;10/03/2026;    ;300244;003;    ;0020601;BUTECO BORA BORA                                  ;(75)99913-1513 ;010;107;SJQ1F85;       5,00;    0,00;11/03/2026;50;CARGA ERRADA ARMAZEM          ;   ;tailan.al  ;14:01
020023                            ;10/03/2026;    ;300282;003;    ;0028346;BAR DO BAGO MOLE                                  ;(75)98218-0502 ;010;103;TMM5E06;     236,48;    0,30;10/03/2026;71;SEM DINHEIRO/CHEQUE           ;   ;jose.al    ;20:04
020024                            ;10/03/2026;    ;300296;003;    ;0084591;Q BATIDA                                          ;(75)99936-9741 ;010;110;TMM9J07;     147,87;    0,14;11/03/2026;72;PDV FECHADO (HORARIO COM.)    ;   ;tailan.al  ;14:06
020024                            ;10/03/2026;    ;300297;003;    ;0084591;Q BATIDA                                          ;(75)99936-9741 ;010;110;TMM9J07;     527,70;    0,43;11/03/2026;72;PDV FECHADO (HORARIO COM.)    ;   ;tailan.al  ;14:06
020024                            ;10/03/2026;    ;300298;003;    ;0084591;Q BATIDA                                          ;(75)99936-9741 ;010;110;TMM9J07;       6,58;    0,00;11/03/2026;72;PDV FECHADO (HORARIO COM.)    ;   ;tailan.al  ;14:05
020024                            ;10/03/2026;    ;300302;003;    ;0020407;ESPETINHO PARAIBA                                 ;(75)99998-2597 ;010;111;TMM9J07;    1550,37;    1,44;11/03/2026;72;PDV FECHADO (HORARIO COM.)    ;   ;tailan.al  ;14:04
020024                            ;10/03/2026;    ;300324;003;    ;0037252;DISTRI. DO MARCELO                                ;(75)98872-8803 ;010;107;TMM9J07;     107,80;    0,13;11/03/2026;34;Pedido Duplicado              ;   ;tailan.al  ;14:05
020024                            ;10/03/2026;    ;300333;003;    ;0020009;ESPAÇO LIVRE                                      ;(75)99819-5599 ;010;107;TMM9J07;     103,56;    0,41;11/03/2026;34;Pedido Duplicado              ;   ;tailan.al  ;14:04
020024                            ;10/03/2026;    ;300334;003;    ;0020009;ESPAÇO LIVRE                                      ;(75)99819-5599 ;010;107;TMM9J07;       8,24;    0,01;11/03/2026;34;Pedido Duplicado              ;   ;tailan.al  ;14:04
020025                            ;10/03/2026;    ;300356;003;    ;0040063;BIROSCA BAR                                       ;(75)99978-6778 ;020;206;TMM3F04;     983,89;    0,82;10/03/2026;72;PDV FECHADO (HORARIO COM.)    ;   ;romario.al ;16:18
020027                            ;10/03/2026;    ;300412;003;    ;0083151;BAR DO BELO                                       ;(75)98361-3529 ;010;111;IAK5E60;     366,10;    0,35;11/03/2026;72;PDV FECHADO (HORARIO COM.)    ;   ;tailan.al  ;16:27
020027                            ;10/03/2026;    ;300415;003;    ;0083582;BAR DO GILO                                       ;(75)98116-4200 ;010;105;IAK5E60;     113,77;    0,13;11/03/2026;40;Horario de Entrega            ;   ;tailan.al  ;16:27
020027                            ;10/03/2026;    ;300424;003;    ;0055183;BAR DO GETULIO                                    ;               ;010;105;IAK5E60;     268,70;    0,45;11/03/2026;72;PDV FECHADO (HORARIO COM.)    ;   ;tailan.al  ;16:27
020028                            ;10/03/2026;    ;300448;003;    ;0018910;FAMILIA GLAMOUR E SP                              ;(71)99903-5922 ;010;109;PJX0435;     441,40;    0,73;10/03/2026;72;PDV FECHADO (HORARIO COM.)    ;   ;romario.al ;15:12
020028                            ;10/03/2026;    ;300449;003;    ;0018910;FAMILIA GLAMOUR E SP                              ;(71)99903-5922 ;010;109;PJX0435;      27,06;    0,12;10/03/2026;72;PDV FECHADO (HORARIO COM.)    ;   ;romario.al ;15:11
020029                            ;10/03/2026;    ;300495;003;    ;0083840;TAL LANCHES                                       ;(75) 3423-1537 ;010;110;PLL7H92;     121,22;    0,26;10/03/2026;72;PDV FECHADO (HORARIO COM.)    ;   ;romario.al ;14:08
020029                            ;10/03/2026;    ;300496;003;    ;0083840;TAL LANCHES                                       ;(75) 3423-1537 ;010;110;PLL7H92;      62,03;    0,07;10/03/2026;72;PDV FECHADO (HORARIO COM.)    ;   ;romario.al ;14:08
020037                            ;11/03/2026;    ;300533;003;    ;0060811;BAR PIXICO                                        ;(75)99884-5174 ;020;201;SJQ5E98;     162,47;    0,20;12/03/2026;72;PDV FECHADO (HORARIO COM.)    ;   ;romario.al ;17:59
020037                            ;11/03/2026;    ;300575;003;    ;0060328;BARRACA DO FURAO                                  ;(71)99999-8684 ;020;208;SJQ5E98;     306,06;    0,28;12/03/2026;65;NAO FEZ PEDIDO                ;   ;romario.al ;18:  
020037                            ;11/03/2026;    ;300576;003;    ;0060328;BARRACA DO FURAO                                  ;(71)99999-8684 ;020;208;SJQ5E98;      94,95;    0,12;12/03/2026;65;NAO FEZ PEDIDO                ;   ;romario.al ;18:  
020037                            ;11/03/2026;    ;300587;003;    ;0060636;KIOSQUE ESTRELA                                   ;(75)99869-7027 ;020;208;SJQ5E98;     280,21;    0,28;12/03/2026;72;PDV FECHADO (HORARIO COM.)    ;   ;romario.al ;18:01
020037                            ;11/03/2026;    ;300588;003;    ;0060636;KIOSQUE ESTRELA                                   ;(75)99869-7027 ;020;208;SJQ5E98;      27,06;    0,12;12/03/2026;72;PDV FECHADO (HORARIO COM.)    ;   ;romario.al ;18:  
020039                            ;11/03/2026;    ;300657;003;    ;0050673;BAR DO ERASMO                                     ;(07)59974-0964 ;020;205;SKS7B90;     316,10;    0,41;11/03/2026;42;Produto/Quantidade Errada     ;   ;emerson.al ;21:23
020040                            ;11/03/2026;    ;300738;003;    ;0030288;MERCEARIA INDICHARQU                              ;(07)59892-8808 ;020;207;SKS5C26;     209,91;    0,45;12/03/2026;42;Produto/Quantidade Errada     ;   ;jose.al    ;20:30
020044                            ;11/03/2026;    ;300950;003;    ;0039389;PASTELARIA                                        ;(71)99934-0739 ;010;109;SJQ3B12;     675,96;    1,17;11/03/2026;46;Endereco Nao Encontrado       ;   ;emerson.al ;20:06
020044                            ;11/03/2026;    ;300955;003;    ;0035571;MONTE SINAI                                       ;(71)99723-0383 ;030;306;SJQ3B12;    3067,13;    3,37;11/03/2026;40;Horario de Entrega            ;   ;emerson.al ;20:06
020047                            ;11/03/2026;    ;301046;003;    ;0082636;RESTAURANTE ARAUJO                                ;(75)99982-6974 ;010;103;SKS9J44;     113,23;    0,20;11/03/2026;37;PDV Fechado                   ;   ;tailan.al  ;18:58
020047                            ;11/03/2026;    ;301047;003;    ;0082636;RESTAURANTE ARAUJO                                ;(75)99982-6974 ;010;103;SKS9J44;      43,46;    0,02;11/03/2026;37;PDV Fechado                   ;   ;tailan.al  ;18:58
020050                            ;11/03/2026;    ;301190;003;    ;0051138;BAR E PETISCARIA PL                               ;(75)98288-4060 ;010;105;TMM5E06;     173,13;    0,36;11/03/2026;34;Pedido Duplicado              ;   ;tailan.al  ;18:04
020050                            ;11/03/2026;    ;301195;003;    ;0019751;CHURRASQUINHO AVENID                              ;(75)99999-3559 ;010;111;TMM5E06;     640,23;    0,63;11/03/2026;63;PRODUTO / QTDE. ERRADA        ;   ;tailan.al  ;18:04
020050                            ;11/03/2026;    ;301210;003;    ;0019123;RESTAURANTE SILVA                                 ;(75)99896-7335 ;010;107;TMM5E06;     196,06;    0,26;11/03/2026;71;SEM DINHEIRO/CHEQUE           ;   ;tailan.al  ;18:03
020062                            ;12/03/2026;    ;301275;003;    ;0050416;MERCEARIA POPULAR                                 ;(07)59996-4537 ;020;205;SKS2H93;    1331,74;    1,79;12/03/2026;42;Produto/Quantidade Errada     ;   ;jose.al    ;21:21
020066                            ;12/03/2026;    ;301376;003;    ;0020785;LR DEPOSITO                                       ;(75)98243-5080 ;020;203;SJQ4A23;     365,97;    0,29;13/03/2026;45;Tempo Insuficiente.           ;   ;emerson.al ;21:38
020066                            ;12/03/2026;    ;301379;003;    ;0040181;COMERCIO DO BINHO                                 ;(07)59621-4991 ;020;203;SJQ4A23;     296,74;    0,31;13/03/2026;71;SEM DINHEIRO/CHEQUE           ;   ;emerson.al ;21:37
020066                            ;12/03/2026;    ;301401;003;    ;0040160;BAR BEIRA RIO BAIXIO                              ;(75)99998-3846 ;020;203;SJQ4A23;     218,70;    0,25;13/03/2026;72;PDV FECHADO (HORARIO COM.)    ;   ;emerson.al ;21:38
020066                            ;12/03/2026;    ;301413;003;    ;0030173;MERCEARIA REUNIDAS                                ;(75)99909-7739 ;020;207;SJQ4A23;     180,50;    0,48;13/03/2026;87;TEMPO INSUFICIENTE            ;   ;emerson.al ;21:40
020066                            ;12/03/2026;    ;301414;003;    ;0030173;MERCEARIA REUNIDAS                                ;(75)99909-7739 ;020;207;SJQ4A23;      10,00;    0,01;13/03/2026;87;TEMPO INSUFICIENTE            ;   ;emerson.al ;21:40
020066                            ;12/03/2026;    ;301416;003;    ;0030091;CANTINHO DA CERVEJA                               ;(75)99921-9537 ;020;207;SJQ4A23;     272,90;    0,47;13/03/2026;87;TEMPO INSUFICIENTE            ;   ;emerson.al ;21:40
020066                            ;12/03/2026;    ;301417;003;    ;0018762;BAR DA SANDRINHA                                  ;(71)99724-4847 ;020;207;SJQ4A23;     113,64;    0,28;13/03/2026;72;PDV FECHADO (HORARIO COM.)    ;   ;emerson.al ;21:39
020066                            ;12/03/2026;    ;301425;003;    ;0020157;EMPORIO DA SUKAS                                  ;(71)98645-0888 ;020;202;SJQ4A23;     994,28;    1,67;13/03/2026;87;TEMPO INSUFICIENTE            ;   ;emerson.al ;21:42
020066                            ;12/03/2026;    ;301426;003;    ;0030109;MERCADINHO SAO JOAO                               ;(75)75413-2006 ;020;202;SJQ4A23;     112,36;    0,12;13/03/2026;45;Tempo Insuficiente.           ;   ;emerson.al ;21:38
020066                            ;12/03/2026;    ;301427;003;    ;0019179;MERC LINHA VERDE                                  ;(75)99989-1500 ;020;202;SJQ4A23;     994,48;    1,16;13/03/2026;87;TEMPO INSUFICIENTE            ;   ;emerson.al ;21:42
020066                            ;12/03/2026;    ;301428;003;    ;0019179;MERC LINHA VERDE                                  ;(75)99989-1500 ;020;202;SJQ4A23;      90,00;    0,08;13/03/2026;87;TEMPO INSUFICIENTE            ;   ;emerson.al ;21:42
020066                            ;12/03/2026;    ;301429;003;    ;0018933;PONIT DA BARRA                                    ;(75)99936-6048 ;020;202;SJQ4A23;     169,80;    0,32;13/03/2026;87;TEMPO INSUFICIENTE            ;   ;emerson.al ;21:41
020066                            ;12/03/2026;    ;301430;003;    ;0030046;KIOSK LAGOA AZUL                                  ;(75) 9983-2419 ;020;202;SJQ4A23;     244,86;    0,16;13/03/2026;87;TEMPO INSUFICIENTE            ;   ;emerson.al ;21:41
020066                            ;12/03/2026;    ;301431;003;    ;0030113;BAR VERDE E ROSA                                  ;(75) 9985-6574 ;020;202;SJQ4A23;     323,87;    0,66;13/03/2026;87;TEMPO INSUFICIENTE            ;   ;emerson.al ;21:41
020066                            ;12/03/2026;    ;301432;003;    ;0020584;BAR DA VARA                                       ;(75)99904-4464 ;020;202;SJQ4A23;     318,80;    0,28;13/03/2026;87;TEMPO INSUFICIENTE            ;   ;emerson.al ;21:40
020066                            ;12/03/2026;    ;301433;003;    ;0020584;BAR DA VARA                                       ;(75)99904-4464 ;020;202;SJQ4A23;      75,61;    0,24;13/03/2026;87;TEMPO INSUFICIENTE            ;   ;emerson.al ;21:41
020066                            ;12/03/2026;    ;301434;003;    ;0019108;PESTIACARIA BROGODOR                              ;(75)99706-7360 ;020;202;SJQ4A23;     253,74;    0,34;13/03/2026;72;PDV FECHADO (HORARIO COM.)    ;   ;emerson.al ;21:39
020066                            ;12/03/2026;    ;301447;003;    ;0019542;BAR DA TEREZA                                     ;(75)99829-4786 ;020;207;SJQ4A23;     243,14;    0,45;13/03/2026;47;Dificil Acesso                ;   ;emerson.al ;21:39
020068                            ;12/03/2026;    ;301501;003;    ;0037448;BAR POINT CHICO                                   ;(75)98154-0192 ;010;102;SKS9J44;     676,65;    0,83;12/03/2026;39;Cliente Cancelou.             ;   ;romario.al ;18:06
020068                            ;12/03/2026;    ;301506;003;    ;0040894;DUDU BAR                                          ;(75)98106-2787 ;010;102;SKS9J44;     109,23;    0,20;12/03/2026;39;Cliente Cancelou.             ;   ;romario.al ;18:06
020070                            ;12/03/2026;    ;301588;003;    ;0019947;MERCADINHO E DEPÓSIT                              ;(43)90000-0000 ;010;102;TMM9J07;     407,22;    0,49;12/03/2026;72;PDV FECHADO (HORARIO COM.)    ;   ;romario.al ;18:47
020070                            ;12/03/2026;    ;301592;003;    ;0038682;PARADA OBRIGATORIA                                ;(75)98256-4020 ;010;102;TMM9J07;     147,70;    0,14;12/03/2026;71;SEM DINHEIRO/CHEQUE           ;   ;romario.al ;18:46
020070                            ;12/03/2026;    ;301602;003;    ;0039604;SABOR DA TERRA                                    ;(71)98340-7341 ;010;102;TMM9J07;     565,19;    0,59;12/03/2026;42;Produto/Quantidade Errada     ;   ;romario.al ;18:45
020071                            ;12/03/2026;    ;301616;003;    ;0029094;MERCADINHO DO POPO                                ;(75)99814-8662 ;010;111;SJQ1F85;     413,27;    0,43;12/03/2026;70;CLIENTE CANCELOU              ;   ;jose.al    ;20:08
020071                            ;12/03/2026;    ;301620;003;    ;0027334;TRAILER DA MAURINA                                ;(75)99990-2605 ;010;111;SJQ1F85;     104,28;    0,24;12/03/2026;72;PDV FECHADO (HORARIO COM.)    ;   ;jose.al    ;20:08
020072                            ;12/03/2026;    ;301643;003;    ;0049680;DISTRIBUIDORA ARCANJ                              ;(75)98724-1017 ;010;101;SJQ3B12;     133,84;    0,14;12/03/2026;72;PDV FECHADO (HORARIO COM.)    ;   ;romario.al ;17:25
020072                            ;12/03/2026;    ;301649;003;    ;0020220;THAYNA OLIVEIRA                                   ;(71)99952-7071 ;030;306;SJQ3B12;     381,70;    0,42;12/03/2026;71;SEM DINHEIRO/CHEQUE           ;   ;romario.al ;17:25
020072                            ;12/03/2026;    ;301660;003;    ;0083196;BAR DE APARECIDA                                  ;(75)99721-3742 ;010;101;SJQ3B12;     270,90;    0,33;12/03/2026;34;Pedido Duplicado              ;   ;romario.al ;17:27
020073                            ;12/03/2026;    ;301711;003;    ;0083491;BAR DO AMIGOS                                     ;(75)99811-8834 ;010;104;SJQ0A82;     271,84;    0,34;12/03/2026;72;PDV FECHADO (HORARIO COM.)    ;   ;jose.al    ;21:34
020074                            ;12/03/2026;    ;301722;003;    ;0019862;BAR ZE POTO                                       ;(75)99159-1711 ;010;102;PJX0435;     107,77;    0,15;12/03/2026;71;SEM DINHEIRO/CHEQUE           ;   ;romario.al ;15:50
020075                            ;12/03/2026;    ;301755;003;    ;0026028;BAR DA IVONETE                                    ;(75)98321-5743 ;010;102;PJX0435;     134,56;    0,12;12/03/2026;72;PDV FECHADO (HORARIO COM.)    ;   ;romario.al ;18:39
020076                            ;12/03/2026;    ;301756;003;    ;0020020;TOP DRINKS                                        ;(75)98366-7261 ;010;107;IAK5E60;     397,02;    0,57;12/03/2026;71;SEM DINHEIRO/CHEQUE           ;   ;romario.al ;16:30
020076                            ;12/03/2026;    ;301757;003;    ;0020768;ADEGA ROTA 777                                    ;(71)99137-8836 ;010;111;IAK5E60;     878,42;    0,57;12/03/2026;71;SEM DINHEIRO/CHEQUE           ;   ;romario.al ;16:30
020076                            ;12/03/2026;    ;301758;003;    ;0045119;TEMPERO DA MAMAE                                  ;(75)98848-1775 ;010;111;IAK5E60;     169,64;    0,15;12/03/2026;71;SEM DINHEIRO/CHEQUE           ;   ;romario.al ;16:31
020076                            ;12/03/2026;    ;301760;003;    ;0032401;BARRACA NOVO TEMPO                                ;(75) 8308-7414 ;010;111;IAK5E60;     511,20;    0,54;12/03/2026;72;PDV FECHADO (HORARIO COM.)    ;   ;romario.al ;16:30
020076                            ;12/03/2026;    ;301761;003;    ;0019866;RANCHO CYTE                                       ;(75)99703-3540 ;010;111;IAK5E60;     322,18;    0,30;12/03/2026;71;SEM DINHEIRO/CHEQUE           ;   ;romario.al ;16:31
020076                            ;12/03/2026;    ;301764;003;    ;0020791;BAR RATOLANDIA                                    ;(75)99958-0065 ;010;105;IAK5E60;    1214,35;    1,06;12/03/2026;71;SEM DINHEIRO/CHEQUE           ;   ;romario.al ;16:32
020076                            ;12/03/2026;    ;301765;003;    ;0031910;DADOS NET CONVENIENC                              ;(75)99100-2879 ;010;111;IAK5E60;     212,25;    0,28;12/03/2026;71;SEM DINHEIRO/CHEQUE           ;   ;romario.al ;16:28
020076                            ;12/03/2026;    ;301773;003;    ;0032350;BAR CHEGA MAIS                                    ;(75)99963-2677 ;010;111;IAK5E60;     101,22;    0,11;12/03/2026;71;SEM DINHEIRO/CHEQUE           ;   ;romario.al ;16:32
020076                            ;12/03/2026;    ;301775;003;    ;0029256;BOX DA MEIRE                                      ;(75)98173-9083 ;010;111;IAK5E60;     114,49;    0,13;12/03/2026;72;PDV FECHADO (HORARIO COM.)    ;   ;romario.al ;16:29
020098                            ;13/03/2026;    ;301810;003;    ;0050347;DISTRIBUIDORA TIMBO                               ;(75)99806-9693 ;030;304;SJQ5B35;    2897,33;    3,67;14/03/2026;72;PDV FECHADO (HORARIO COM.)    ;   ;jose.al    ;20:21
020098                            ;13/03/2026;    ;301811;003;    ;0050347;DISTRIBUIDORA TIMBO                               ;(75)99806-9693 ;030;304;SJQ5B35;    1734,25;    2,70;14/03/2026;72;PDV FECHADO (HORARIO COM.)    ;   ;jose.al    ;20:21
020098                            ;13/03/2026;    ;301812;003;    ;0050347;DISTRIBUIDORA TIMBO                               ;(75)99806-9693 ;030;304;SJQ5B35;     163,88;    0,48;14/03/2026;72;PDV FECHADO (HORARIO COM.)    ;   ;jose.al    ;20:22
020099                            ;13/03/2026;    ;301862;003;    ;0050198;BAR DO JAIRO                                      ;(75)53426-1834 ;020;205;SJQ8D11;    1038,86;    1,25;14/03/2026;86;HORARIO DE ENTREGA            ;   ;romario.al ;18:43
020099                            ;13/03/2026;    ;301887;003;    ;0050073;MERC JAIME AMANCIO                                ;(75)99987-7416 ;020;209;SJQ8D11;      36,71;    0,04;14/03/2026;72;PDV FECHADO (HORARIO COM.)    ;   ;romario.al ;18:41
020099                            ;13/03/2026;    ;301888;003;    ;0050073;MERC JAIME AMANCIO                                ;(75)99987-7416 ;020;209;SJQ8D11;      78,30;    0,04;14/03/2026;72;PDV FECHADO (HORARIO COM.)    ;   ;romario.al ;18:41
020099                            ;13/03/2026;    ;301889;003;    ;0050073;MERC JAIME AMANCIO                                ;(75)99987-7416 ;020;209;SJQ8D11;     216,92;    0,20;14/03/2026;72;PDV FECHADO (HORARIO COM.)    ;   ;romario.al ;18:42
020099                            ;13/03/2026;    ;301890;003;    ;0050073;MERC JAIME AMANCIO                                ;(75)99987-7416 ;020;209;SJQ8D11;      28,80;    0,04;14/03/2026;72;PDV FECHADO (HORARIO COM.)    ;   ;romario.al ;18:42
020099                            ;13/03/2026;    ;301891;003;    ;0050073;MERC JAIME AMANCIO                                ;(75)99987-7416 ;020;209;SJQ8D11;      76,54;    0,24;14/03/2026;72;PDV FECHADO (HORARIO COM.)    ;   ;romario.al ;18:43
020100                            ;13/03/2026;    ;301905;003;    ;0020999;BAR DA LITA                                       ;(71)98343-4924 ;020;207;SKS3C50;     101,66;    0,13;17/03/2026;86;HORARIO DE ENTREGA            ;   ;jose.al    ;01:02
020100                            ;13/03/2026;    ;301907;003;    ;0018742;DEPOSITO DO DO                                    ;(71)98128-3985 ;020;207;SKS3C50;     659,17;    0,93;17/03/2026;86;HORARIO DE ENTREGA            ;   ;jose.al    ;01:  
020100                            ;13/03/2026;    ;301908;003;    ;0018742;DEPOSITO DO DO                                    ;(71)98128-3985 ;020;207;SKS3C50;      36,85;    0,12;17/03/2026;86;HORARIO DE ENTREGA            ;   ;jose.al    ;01:01
020100                            ;13/03/2026;    ;301909;003;    ;0018742;DEPOSITO DO DO                                    ;(71)98128-3985 ;020;207;SKS3C50;      10,00;    0,01;17/03/2026;86;HORARIO DE ENTREGA            ;   ;jose.al    ;01:01
020100                            ;13/03/2026;    ;301910;003;    ;0018742;DEPOSITO DO DO                                    ;(71)98128-3985 ;020;207;SKS3C50;       2,61;    0,00;17/03/2026;86;HORARIO DE ENTREGA            ;   ;jose.al    ;01:01
020100                            ;13/03/2026;    ;301912;003;    ;0030007;BAR DO TOMBO                                      ;(75)99714-5533 ;020;202;SKS3C50;     130,33;    0,25;17/03/2026;71;SEM DINHEIRO/CHEQUE           ;   ;jose.al    ;01:02
020100                            ;13/03/2026;    ;301931;003;    ;0030207;MERCEARIA PAI E FILH                              ;(75)99935-3885 ;020;202;SKS3C50;     466,86;    0,55;17/03/2026;71;SEM DINHEIRO/CHEQUE           ;   ;jose.al    ;01:01
020100                            ;13/03/2026;    ;301942;003;    ;0030210;MERCEARIA BAHIA                                   ;(07)59999-9999 ;020;202;SKS3C50;     303,24;    0,55;17/03/2026;72;PDV FECHADO (HORARIO COM.)    ;   ;jose.al    ;01:  
020100                            ;13/03/2026;    ;301953;003;    ;0030399;JUNBEL LITORAL GOURM                              ;(75)18358-4423 ;020;207;SKS3C50;     132,13;    0,22;17/03/2026;72;PDV FECHADO (HORARIO COM.)    ;   ;jose.al    ;01:03
020100                            ;13/03/2026;    ;301966;003;    ;0030439;BELI LANCHES                                      ;(07)59244-8773 ;020;207;SKS3C50;      29,70;    0,04;17/03/2026;65;NAO FEZ PEDIDO                ;   ;jose.al    ;01:02
020100                            ;13/03/2026;    ;301967;003;    ;0030436;MERCEADINHO BEIRA MA                              ;(75)99962-9400 ;020;207;SKS3C50;     482,40;    0,48;17/03/2026;71;SEM DINHEIRO/CHEQUE           ;   ;jose.al    ;01:02
020100                            ;13/03/2026;    ;301968;003;    ;0030436;MERCEADINHO BEIRA MA                              ;(75)99962-9400 ;020;207;SKS3C50;      29,49;    0,04;17/03/2026;71;SEM DINHEIRO/CHEQUE           ;   ;jose.al    ;01:02
020100                            ;13/03/2026;    ;301971;003;    ;0020992;BARRACA DO HELIO                                  ;(75)99120-9494 ;020;207;SKS3C50;     225,35;    0,29;17/03/2026;72;PDV FECHADO (HORARIO COM.)    ;   ;jose.al    ;01:01
020100                            ;13/03/2026;    ;301972;003;    ;0030037;BAR E REST. LITORAL                               ;(75)99947-8964 ;020;207;SKS3C50;     113,04;    0,36;17/03/2026;72;PDV FECHADO (HORARIO COM.)    ;   ;jose.al    ;01:02
020100                            ;13/03/2026;    ;301980;003;    ;0030230;BAR DO BOJO                                       ;(75)99893-9395 ;020;207;SKS3C50;     307,05;    0,41;17/03/2026;72;PDV FECHADO (HORARIO COM.)    ;   ;jose.al    ;01:  
020100                            ;13/03/2026;    ;301981;003;    ;0030230;BAR DO BOJO                                       ;(75)99893-9395 ;020;207;SKS3C50;      53,90;    0,06;17/03/2026;72;PDV FECHADO (HORARIO COM.)    ;   ;jose.al    ;01:  
020103                            ;13/03/2026;    ;302051;003;    ;0018730;BOTECARIA RIOS                                    ;(71)99945-1106 ;020;201;SKS9J44;     110,95;    0,36;14/03/2026;70;CLIENTE CANCELOU              ;   ;jose.al    ;21:17
020103                            ;13/03/2026;    ;302070;003;    ;0019265;JÚLIO CESA                                        ;(71)99669-0449 ;020;208;SKS9J44;     154,14;    0,36;14/03/2026;70;CLIENTE CANCELOU              ;   ;jose.al    ;21:18
020103                            ;13/03/2026;    ;302071;003;    ;0019265;JÚLIO CESA                                        ;(71)99669-0449 ;020;208;SKS9J44;     295,66;    0,28;14/03/2026;70;CLIENTE CANCELOU              ;   ;jose.al    ;21:18
020103                            ;13/03/2026;    ;302079;003;    ;0060216;DEPOSITO DA VALDELIC                              ;(07)19943-1768 ;020;208;SKS9J44;     114,79;    0,14;14/03/2026;71;SEM DINHEIRO/CHEQUE           ;   ;jose.al    ;21:18
020103                            ;13/03/2026;    ;302083;003;    ;0019602;FEIJaO DA VANGE                                   ;(71)99151-3801 ;020;208;SKS9J44;     125,30;    0,12;14/03/2026;71;SEM DINHEIRO/CHEQUE           ;   ;jose.al    ;21:18
020103                            ;13/03/2026;    ;302084;003;    ;0060582;BARBEARIA SHALON                                  ;(75)19915-0102 ;020;208;SKS9J44;     138,18;    0,14;14/03/2026;70;CLIENTE CANCELOU              ;   ;jose.al    ;21:17
020103                            ;13/03/2026;    ;302098;003;    ;0060645;BARRACA CHEIRO DE CA                              ;(71)99704-9661 ;020;208;SKS9J44;     242,91;    0,54;14/03/2026;70;CLIENTE CANCELOU              ;   ;jose.al    ;21:17
020103                            ;13/03/2026;    ;302099;003;    ;0060645;BARRACA CHEIRO DE CA                              ;(71)99704-9661 ;020;208;SKS9J44;      58,50;    0,06;14/03/2026;70;CLIENTE CANCELOU              ;   ;jose.al    ;21:17
020104                            ;13/03/2026;    ;302116;003;    ;0050403;BAR DO MANOEL                                     ;(75)99159-2854 ;020;204;SJQ0C73;     353,03;    0,42;14/03/2026;72;PDV FECHADO (HORARIO COM.)    ;   ;romario.al ;13:59
020104                            ;13/03/2026;    ;302148;003;    ;0050213;TREILLER LANCHE                                   ;(75)75441-2277 ;020;204;SJQ0C73;     357,57;    0,47;14/03/2026;72;PDV FECHADO (HORARIO COM.)    ;   ;romario.al ;14:  
020107                            ;13/03/2026;    ;302208;003;    ;0040249;BAR TO NO TRABALHO                                ;(71)99623-7897 ;020;201;SJQ1F85;     140,36;    0,16;14/03/2026;02;Sem Vasilhame Ambev           ;   ;romario.al ;13:52
020107                            ;13/03/2026;    ;302234;003;    ;0083107;MERC. ALAGOINHAS                                  ;(75) 3421-0688 ;010;107;SJQ1F85;     469,72;    0,54;14/03/2026;52;FALTA PRODUTO ESTOQUE         ;   ;romario.al ;13:53
020107                            ;13/03/2026;    ;302235;003;    ;0083107;MERC. ALAGOINHAS                                  ;(75) 3421-0688 ;010;107;SJQ1F85;       7,75;    0,00;14/03/2026;52;FALTA PRODUTO ESTOQUE         ;   ;romario.al ;13:54
020107                            ;13/03/2026;    ;302236;003;    ;0083107;MERC. ALAGOINHAS                                  ;(75) 3421-0688 ;010;107;SJQ1F85;      16,67;    0,01;14/03/2026;52;FALTA PRODUTO ESTOQUE         ;   ;romario.al ;13:55
020112                            ;13/03/2026;    ;302373;003;    ;0038281;BOX DESCUBRA                                      ;(75)99921-1399 ;010;105;TMM4F43;     175,35;    0,23;13/03/2026;42;Produto/Quantidade Errada     ;   ;emerson.al ;20:11
020112                            ;13/03/2026;    ;302384;003;    ;0019041;COMPRE BEM DO 21                                  ;(75)99946-8968 ;030;305;TMM4F43;    2905,51;    3,61;13/03/2026;71;SEM DINHEIRO/CHEQUE           ;   ;emerson.al ;20:12
020112                            ;13/03/2026;    ;302386;003;    ;0020534;BAR DO ZITO                                       ;(75)99895-7971 ;010;111;TMM4F43;     102,96;    0,25;13/03/2026;42;Produto/Quantidade Errada     ;   ;emerson.al ;20:11
020114                            ;13/03/2026;    ;302467;003;    ;0020407;ESPETINHO PARAIBA                                 ;(75)99998-2597 ;010;111;TMM5E06;     942,74;    0,64;13/03/2026;72;PDV FECHADO (HORARIO COM.)    ;   ;emerson.al ;20:19
020116                            ;13/03/2026;    ;302473;003;    ;0020656;PONTO DA NEGA                                     ;(71)99648-1923 ;010;108;PJX0435;     329,36;    0,49;13/03/2026;65;NAO FEZ PEDIDO                ;   ;tailan.al  ;17:54
020130                            ;14/03/2026;    ;302519;003;    ;0019039;COMPRE BEM R DO                                   ;(75)99946-8968 ;030;305;NZF6F00;    2766,32;    3,94;14/03/2026;40;Horario de Entrega            ;   ;romario.al ;16:12
020133                            ;14/03/2026;    ;302602;003;    ;0040483;REST. PURO SABOR                                  ;(75)99936-3446 ;020;206;SKS5C26;     105,80;    0,15;14/03/2026;72;PDV FECHADO (HORARIO COM.)    ;   ;jose.al    ;20:22
020134                            ;14/03/2026;    ;302639;003;    ;0082563;BAR IPIRANGA                                      ;(75)98161-1906 ;010;107;SKS7B90;     287,94;    0,28;16/03/2026;71;SEM DINHEIRO/CHEQUE           ;   ;jose.al    ;20:43
020134                            ;14/03/2026;    ;302651;003;    ;0035200;BAR CASA VELHA                                    ;(75)98171-6715 ;010;102;SKS7B90;     254,15;    0,40;16/03/2026;32;ENTREGA ATRASADA (BUFFER)     ;   ;jose.al    ;20:42
020134                            ;14/03/2026;    ;302652;003;    ;0035200;BAR CASA VELHA                                    ;(75)98171-6715 ;010;102;SKS7B90;      43,46;    0,02;16/03/2026;32;ENTREGA ATRASADA (BUFFER)     ;   ;jose.al    ;20:41
020134                            ;14/03/2026;    ;302658;003;    ;0091323;BAR SAO JOSE                                      ;(71)98224-2630 ;010;102;SKS7B90;     610,23;    0,73;16/03/2026;43;Forma de Pagamento            ;   ;jose.al    ;20:43
020134                            ;14/03/2026;    ;302659;003;    ;0091323;BAR SAO JOSE                                      ;(71)98224-2630 ;010;102;SKS7B90;      43,46;    0,02;16/03/2026;43;Forma de Pagamento            ;   ;jose.al    ;20:43
020135                            ;14/03/2026;    ;302674;003;    ;0035466;BAR VERAO                                         ;(71)99743-5107 ;010;103;SJQ4A23;     265,20;    0,34;14/03/2026;72;PDV FECHADO (HORARIO COM.)    ;   ;jose.al    ;20:16
020135                            ;14/03/2026;    ;302682;003;    ;0028839;LIMA MERCEARIA                                    ;(75)98224-4195 ;010;106;SJQ4A23;     945,15;    1,24;14/03/2026;41;Sem Vasilhame.                ;   ;jose.al    ;20:14
020135                            ;14/03/2026;    ;302683;003;    ;0028839;LIMA MERCEARIA                                    ;(75)98224-4195 ;010;106;SJQ4A23;     759,72;    1,71;14/03/2026;41;Sem Vasilhame.                ;   ;jose.al    ;20:15
020135                            ;14/03/2026;    ;302686;003;    ;0047053;MERCEARIA DA EVA                                  ;(75)98251-8457 ;010;106;SJQ4A23;    2298,45;    2,25;14/03/2026;87;TEMPO INSUFICIENTE            ;   ;jose.al    ;20:15
020135                            ;14/03/2026;    ;302687;003;    ;0047053;MERCEARIA DA EVA                                  ;(75)98251-8457 ;010;106;SJQ4A23;      34,90;    0,04;14/03/2026;87;TEMPO INSUFICIENTE            ;   ;jose.al    ;20:16
020135                            ;14/03/2026;    ;302688;003;    ;0047053;MERCEARIA DA EVA                                  ;(75)98251-8457 ;010;106;SJQ4A23;     299,40;    0,25;14/03/2026;87;TEMPO INSUFICIENTE            ;   ;jose.al    ;20:15
020135                            ;14/03/2026;    ;302689;003;    ;0020186;BAR DO PIU                                        ;(75)98354-7274 ;010;106;SJQ4A23;     590,12;    0,81;14/03/2026;72;PDV FECHADO (HORARIO COM.)    ;   ;jose.al    ;20:16
020135                            ;14/03/2026;    ;302693;003;    ;0035627;BAR VALDIR PORTEIRA                               ;(75)98208-8255 ;010;106;SJQ4A23;     808,50;    1,03;14/03/2026;72;PDV FECHADO (HORARIO COM.)    ;   ;jose.al    ;20:15
020136                            ;14/03/2026;    ;302726;003;    ;0020352;BAR DO ZE                                         ;(75)98129-7296 ;010;102;SKS2H93;     141,13;    0,20;14/03/2026;71;SEM DINHEIRO/CHEQUE           ;   ;romario.al ;18:08
020137                            ;14/03/2026;    ;302786;003;    ;0020322;BAR DA SIMONE                                     ;(71)98459-2640 ;010;103;SJQ0A82;     109,01;    0,20;14/03/2026;45;Tempo Insuficiente.           ;   ;romario.al ;18:16
020137                            ;14/03/2026;    ;302787;003;    ;0019540;DEPOSITO DO LEO                                   ;(75)98857-8859 ;010;110;SJQ0A82;     468,14;    0,54;14/03/2026;45;Tempo Insuficiente.           ;   ;romario.al ;18:17
020137                            ;14/03/2026;    ;302788;003;    ;0019540;DEPOSITO DO LEO                                   ;(75)98857-8859 ;010;110;SJQ0A82;      25,88;    0,03;14/03/2026;45;Tempo Insuficiente.           ;   ;romario.al ;18:17
020137                            ;14/03/2026;    ;302789;003;    ;0044106;KIOQUE DA AMIZADE                                 ;(75)99841-3409 ;010;105;SJQ0A82;     151,74;    0,20;14/03/2026;45;Tempo Insuficiente.           ;   ;romario.al ;18:16
020138                            ;14/03/2026;    ;302829;003;    ;0030622;CANTINHO DO CEU                                   ;(75) 9986-6328 ;010;107;TMM5E06;     401,75;    0,42;14/03/2026;72;PDV FECHADO (HORARIO COM.)    ;   ;romario.al ;17:14
020139                            ;14/03/2026;    ;302843;003;    ;0020664;KIOSK RAISES                                      ;(75)98101-2523 ;010;105;TMM9J07;     544,45;    0,57;14/03/2026;86;HORARIO DE ENTREGA            ;   ;jose.al    ;21:08
020139                            ;14/03/2026;    ;302851;003;    ;0083388;MERCEARIA J SANTOS                                ;(75)98804-4443 ;010;110;TMM9J07;     540,52;    0,69;14/03/2026;45;Tempo Insuficiente.           ;   ;jose.al    ;21:09
020139                            ;14/03/2026;    ;302852;003;    ;0083388;MERCEARIA J SANTOS                                ;(75)98804-4443 ;010;110;TMM9J07;      26,28;    0,03;14/03/2026;45;Tempo Insuficiente.           ;   ;jose.al    ;21:09
020139                            ;14/03/2026;    ;302853;003;    ;0083388;MERCEARIA J SANTOS                                ;(75)98804-4443 ;010;110;TMM9J07;      22,40;    0,00;14/03/2026;45;Tempo Insuficiente.           ;   ;jose.al    ;21:09
020139                            ;14/03/2026;    ;302864;003;    ;0084013;MERCADINHO SOL NASCE                              ;(75)98234-1503 ;010;110;TMM9J07;    1083,80;    1,25;14/03/2026;72;PDV FECHADO (HORARIO COM.)    ;   ;jose.al    ;21:08
020139                            ;14/03/2026;    ;302866;003;    ;0089134;BAR FRANGO ASADO                                  ;(75) 9968-2367 ;010;105;TMM9J07;     273,16;    0,35;14/03/2026;72;PDV FECHADO (HORARIO COM.)    ;   ;jose.al    ;21:08
020139                            ;14/03/2026;    ;302867;003;    ;0089134;BAR FRANGO ASADO                                  ;(75) 9968-2367 ;010;105;TMM9J07;      85,00;    0,12;14/03/2026;72;PDV FECHADO (HORARIO COM.)    ;   ;jose.al    ;21:08
020139                            ;14/03/2026;    ;302872;003;    ;0023144;DEP TRES A                                        ;(75)99956-4612 ;030;305;TMM9J07;     833,28;    1,09;14/03/2026;45;Tempo Insuficiente.           ;   ;jose.al    ;21:10
020139                            ;14/03/2026;    ;302873;003;    ;0026151;BAR PEIXOTO                                       ;(75)99143-6804 ;010;110;TMM9J07;     637,90;    0,75;14/03/2026;45;Tempo Insuficiente.           ;   ;jose.al    ;21:10
020141                            ;14/03/2026;    ;302934;003;    ;0029330;BAR PAI E FILHO                                   ;(71)99699-3872 ;010;101;SJQ7E10;    1047,10;    1,15;14/03/2026;39;Cliente Cancelou.             ;   ;romario.al ;17:11
020142                            ;14/03/2026;    ;302991;003;    ;0046150;BAR DA DINDA                                      ;(71)99668-5824 ;010;108;SJQ3B12;     114,04;    0,26;14/03/2026;71;SEM DINHEIRO/CHEQUE           ;   ;romario.al ;18:58
020142                            ;14/03/2026;    ;302992;003;    ;0046150;BAR DA DINDA                                      ;(71)99668-5824 ;010;108;SJQ3B12;     304,05;    0,38;14/03/2026;71;SEM DINHEIRO/CHEQUE           ;   ;romario.al ;18:59
020142                            ;14/03/2026;    ;303007;003;    ;0082385;BAR DO TITO                                       ;(71)99920-4625 ;010;108;SJQ3B12;     272,75;    0,34;14/03/2026;71;SEM DINHEIRO/CHEQUE           ;   ;romario.al ;18:58
020143                            ;14/03/2026;    ;303045;003;    ;0082868;MERC.YAHWEH SHAMAH                                ;(75)99921-7957 ;010;105;PJX0435;     211,01;    0,40;14/03/2026;71;SEM DINHEIRO/CHEQUE           ;   ;romario.al ;17:43
020143                            ;14/03/2026;    ;303048;003;    ;0019441;BAR MARINALVA                                     ;(75)98143-9283 ;010;105;PJX0435;       4,17;    0,00;14/03/2026;58;Carga Errada                  ;   ;romario.al ;17:43
020143                            ;14/03/2026;    ;303057;003;    ;0018574;BAR DO REPOLHO                                    ;(75)99971-4223 ;010;105;PJX0435;     119,64;    0,32;14/03/2026;72;PDV FECHADO (HORARIO COM.)    ;   ;romario.al ;17:42
020143                            ;14/03/2026;    ;303070;003;    ;0018495;DEPOSITO PETROLAR                                 ;(75)99938-8473 ;010;107;PJX0435;     437,18;    0,58;14/03/2026;39;Cliente Cancelou.             ;   ;romario.al ;17:44
020144                            ;14/03/2026;    ;303091;003;    ;0035723;PONTO ESPORTIVO                                   ;(75)98819-4707 ;010;107;SJQ1F85;     351,80;    0,28;14/03/2026;72;PDV FECHADO (HORARIO COM.)    ;   ;jose.al    ;20:23
020144                            ;14/03/2026;    ;303092;003;    ;0035723;PONTO ESPORTIVO                                   ;(75)98819-4707 ;010;107;SJQ1F85;     152,50;    0,29;14/03/2026;72;PDV FECHADO (HORARIO COM.)    ;   ;jose.al    ;20:23
020159                            ;16/03/2026;    ;303181;003;    ;0040286;QUIOSQUE DO QUEIJEIR                              ;(07)59992-7144 ;020;206;SJQ4A23;    1016,35;    1,10;16/03/2026;71;SEM DINHEIRO/CHEQUE           ;   ;jose.al    ;21:15
020159                            ;16/03/2026;    ;303182;003;    ;0040286;QUIOSQUE DO QUEIJEIR                              ;(07)59992-7144 ;020;206;SJQ4A23;      28,07;    0,02;16/03/2026;71;SEM DINHEIRO/CHEQUE           ;   ;jose.al    ;21:15
020159                            ;16/03/2026;    ;303225;003;    ;0019842;RESTAURANTE VITORIA                               ;(75)99180-8298 ;020;203;SJQ4A23;     232,03;    0,12;16/03/2026;71;SEM DINHEIRO/CHEQUE           ;   ;jose.al    ;21:16
020160                            ;16/03/2026;    ;303228;003;    ;0050640;BAR DA PIU                                        ;(07)59978-3004 ;020;209;SKS5C26;     107,14;    0,12;16/03/2026;72;PDV FECHADO (HORARIO COM.)    ;   ;jose.al    ;20:16
020162                            ;16/03/2026;    ;303300;003;    ;0033008;DEPOSITO CARCARA                                  ;(75)99708-0480 ;010;102;SJQ0A82;     357,57;    0,38;17/03/2026;85;DIFICIL ACESSO                ;   ;tailan.al  ;16:38
020162                            ;16/03/2026;    ;303301;003;    ;0033008;DEPOSITO CARCARA                                  ;(75)99708-0480 ;010;102;SJQ0A82;      23,48;    0,02;17/03/2026;85;DIFICIL ACESSO                ;   ;tailan.al  ;16:38
020162                            ;16/03/2026;    ;303310;003;    ;0018438;MERCADO OLIVEIRA                                  ;(75)99850-0202 ;010;102;SJQ0A82;     122,04;    0,36;17/03/2026;86;HORARIO DE ENTREGA            ;   ;tailan.al  ;16:38
020162                            ;16/03/2026;    ;303311;003;    ;0018438;MERCADO OLIVEIRA                                  ;(75)99850-0202 ;010;102;SJQ0A82;     100,32;    0,22;17/03/2026;86;HORARIO DE ENTREGA            ;   ;tailan.al  ;16:38
020164                            ;16/03/2026;    ;303400;003;    ;0054084;CHURRASCARIA ESPIGA                               ;(75)98133-0244 ;010;106;SJQ7E10;     555,00;    0,69;16/03/2026;42;Produto/Quantidade Errada     ;   ;jose.al    ;20:15
020165                            ;16/03/2026;    ;303444;003;    ;0048968;MERC PONTO CERTO                                  ;(75)98185-9003 ;010;102;TMM5E06;     105,16;    0,18;16/03/2026;65;NAO FEZ PEDIDO                ;   ;romario.al ;18:50
020165                            ;16/03/2026;    ;303454;003;    ;0087603;BAR BAMBUZAL                                      ;(75)98112-9887 ;010;102;TMM5E06;     151,44;    0,18;16/03/2026;72;PDV FECHADO (HORARIO COM.)    ;   ;romario.al ;18:49
020165                            ;16/03/2026;    ;303455;003;    ;0087603;BAR BAMBUZAL                                      ;(75)98112-9887 ;010;102;TMM5E06;      13,53;    0,06;16/03/2026;72;PDV FECHADO (HORARIO COM.)    ;   ;romario.al ;18:49
020166                            ;16/03/2026;    ;303487;003;    ;0030462;BAR JOSE                                          ;(75)98316-8362 ;010;103;TMM9J07;     165,50;    0,19;16/03/2026;71;SEM DINHEIRO/CHEQUE           ;   ;jose.al    ;20:31
020166                            ;16/03/2026;    ;303498;003;    ;0024251;BAR DA ANDREIA                                    ;(75)99885-3286 ;010;110;TMM9J07;     142,21;    0,04;16/03/2026;72;PDV FECHADO (HORARIO COM.)    ;   ;jose.al    ;20:31
020166                            ;16/03/2026;    ;303504;003;    ;0082201;CENTRAL 3 IRMAOS                                  ;(75)99918-4356 ;010;110;TMM9J07;    1918,80;    1,72;16/03/2026;42;Produto/Quantidade Errada     ;   ;jose.al    ;20:30
020168                            ;16/03/2026;    ;303556;003;    ;0039295;ENCONTRO DOS AMIGOS                               ;(75)99990-9742 ;010;107;TMM4F43;     148,06;    0,14;16/03/2026;45;Tempo Insuficiente.           ;   ;jose.al    ;20:54
020168                            ;16/03/2026;    ;303557;003;    ;0028673;BAR DA DIU                                        ;(75)99921-5501 ;010;107;TMM4F43;     253,22;    0,37;16/03/2026;45;Tempo Insuficiente.           ;   ;jose.al    ;20:55
020168                            ;16/03/2026;    ;303558;003;    ;0028673;BAR DA DIU                                        ;(75)99921-5501 ;010;107;TMM4F43;      48,90;    0,06;16/03/2026;45;Tempo Insuficiente.           ;   ;jose.al    ;20:55
020168                            ;16/03/2026;    ;303559;003;    ;0019109;MERC FOME ZERO                                    ;(75)99940-9653 ;010;107;TMM4F43;     118,62;    0,17;16/03/2026;45;Tempo Insuficiente.           ;   ;jose.al    ;20:55
020168                            ;16/03/2026;    ;303560;003;    ;0019109;MERC FOME ZERO                                    ;(75)99940-9653 ;010;107;TMM4F43;     127,78;    0,07;16/03/2026;45;Tempo Insuficiente.           ;   ;jose.al    ;20:55
020168                            ;16/03/2026;    ;303561;003;    ;0041469;ARENA LIMOEIRO                                    ;(75)99978-4013 ;010;107;TMM4F43;     480,99;    0,81;16/03/2026;45;Tempo Insuficiente.           ;   ;jose.al    ;20:54
020168                            ;16/03/2026;    ;303562;003;    ;0041469;ARENA LIMOEIRO                                    ;(75)99978-4013 ;010;107;TMM4F43;      32,52;    0,04;16/03/2026;45;Tempo Insuficiente.           ;   ;jose.al    ;20:54
020168                            ;16/03/2026;    ;303583;003;    ;0052350;SOUZA SUPERMERCADO                                ;(75)99833-4776 ;030;305;TMM4F43;    1203,03;    1,68;16/03/2026;45;Tempo Insuficiente.           ;   ;jose.al    ;20:54
020169                            ;16/03/2026;    ;303616;003;    ;0020613;COMPRE BEM SAO PEDRO                              ;(75)99946-8968 ;030;305;SKS2H93;    1634,55;    2,34;17/03/2026;72;PDV FECHADO (HORARIO COM.)    ;   ;tailan.al  ;07:15
020192                            ;17/03/2026;    ;303732;003;    ;0018804;JADIEL COMERCIO DE A                              ;(75)99971-7137 ;020;207;SKS5C26;     136,49;    0,22;20/03/2026;71;SEM DINHEIRO/CHEQUE           ;   ;emerson.al ;02:13
020192                            ;17/03/2026;    ;303756;003;    ;0019110;POUSADA VELHO PINA                                ;(71)99961-6450 ;020;207;SKS5C26;     104,28;    0,11;20/03/2026;65;NAO FEZ PEDIDO                ;   ;emerson.al ;02:14
020192                            ;17/03/2026;    ;303781;003;    ;0030116;REST DO PAULISTA                                  ;(75)99994-1537 ;020;207;SKS5C26;      52,97;    0,12;20/03/2026;42;Produto/Quantidade Errada     ;   ;emerson.al ;02:14
020192                            ;17/03/2026;    ;303796;003;    ;0018931;O PONTO CERTO                                     ;(75)99964-9602 ;020;202;SKS5C26;     163,13;    0,36;20/03/2026;82;ENDERECO NAO ENCONTRADO       ;   ;emerson.al ;02:13
020193                            ;17/03/2026;    ;303829;003;    ;0020044;COMPRE BEM CARDEAL                                ;(75) 9946-8968 ;030;305;SJQ0C73;    1256,50;    1,72;18/03/2026;86;HORARIO DE ENTREGA            ;   ;emerson.al ;02:09
020194                            ;17/03/2026;    ;303854;003;    ;0018902;PIRÃO DA MILI                                     ;(71)99992-1496 ;010;108;SKS3C50;     218,13;    0,16;17/03/2026;72;PDV FECHADO (HORARIO COM.)    ;   ;emerson.al ;21:03
020196                            ;17/03/2026;    ;303977;003;    ;0047053;MERCEARIA DA EVA                                  ;(75)98251-8457 ;010;106;SJQ5E98;    1536,30;    2,07;17/03/2026;45;Tempo Insuficiente.           ;   ;emerson.al ;20:28
020197                            ;17/03/2026;    ;304008;003;    ;0020892;BAR DA DRIKA                                      ;(75)98348-3587 ;010;103;SKS7B90;     470,97;    0,37;17/03/2026;39;Cliente Cancelou.             ;   ;tailan.al  ;17:27
020198                            ;17/03/2026;    ;304038;003;    ;0019059;BAR LUZINETE POÇAS                                ;(75)99862-8715 ;020;206;TMM9J07;     151,18;    0,32;17/03/2026;45;Tempo Insuficiente.           ;   ;emerson.al ;20:30
020198                            ;17/03/2026;    ;304039;003;    ;0018750;FENIX BAR                                         ;(75)99977-0852 ;020;206;TMM9J07;     390,66;    0,70;17/03/2026;45;Tempo Insuficiente.           ;   ;emerson.al ;20:31
020198                            ;17/03/2026;    ;304042;003;    ;0020460;ALTAS HORAS                                       ;(75)99299-1749 ;030;304;TMM9J07;    1275,80;    1,49;17/03/2026;45;Tempo Insuficiente.           ;   ;emerson.al ;20:31
020198                            ;17/03/2026;    ;304055;003;    ;0040234;JR DISTRIBUIDORA                                  ;(75)99946-0286 ;020;206;TMM9J07;    1081,40;    1,25;17/03/2026;45;Tempo Insuficiente.           ;   ;emerson.al ;20:31
020198                            ;17/03/2026;    ;304060;003;    ;0040021;BAR DO PRETO                                      ;(07)50420-2645 ;020;206;TMM9J07;     292,50;    0,34;17/03/2026;45;Tempo Insuficiente.           ;   ;emerson.al ;20:32
020198                            ;17/03/2026;    ;304071;003;    ;0040252;BAR DA LANINHA                                    ;(75)99901-5187 ;020;206;TMM9J07;     312,51;    0,32;17/03/2026;45;Tempo Insuficiente.           ;   ;emerson.al ;20:31
020199                            ;17/03/2026;    ;304122;003;    ;0027890;VS MERCEA                                         ;(75) 3181-6199 ;010;110;TMM4F43;     158,69;    0,32;17/03/2026;72;PDV FECHADO (HORARIO COM.)    ;   ;emerson.al ;20:39
020199                            ;17/03/2026;    ;304128;003;    ;0020165;BAR DA LIGIA                                      ;(75)99237-1655 ;010;107;TMM4F43;     176,04;    0,30;17/03/2026;72;PDV FECHADO (HORARIO COM.)    ;   ;emerson.al ;20:40
020199                            ;17/03/2026;    ;304129;003;    ;0021206;JAILTON FRANCISCO SA                              ;(75)99940-9653 ;010;107;TMM4F43;     618,20;    0,64;17/03/2026;72;PDV FECHADO (HORARIO COM.)    ;   ;emerson.al ;20:39
020200                            ;17/03/2026;    ;304156;003;    ;0020462;BIROSCA DA SANDRA                                 ;(75)99880-2919 ;010;107;TMM3F04;     110,90;    0,13;18/03/2026;41;Sem Vasilhame.                ;   ;romario.al ;16:27
020200                            ;17/03/2026;    ;304157;003;    ;0020462;BIROSCA DA SANDRA                                 ;(75)99880-2919 ;010;107;TMM3F04;      19,83;    0,01;18/03/2026;41;Sem Vasilhame.                ;   ;romario.al ;16:27
020202                            ;17/03/2026;    ;304191;003;    ;0018747;DEPOSITO JOADER                                   ;(75)99985-5662 ;010;111;TMM5E06;     264,02;    0,39;18/03/2026;52;FALTA PRODUTO ESTOQUE         ;   ;romario.al ;14:25
020202                            ;17/03/2026;    ;304192;003;    ;0018747;DEPOSITO JOADER                                   ;(75)99985-5662 ;010;111;TMM5E06;      11,40;    0,02;18/03/2026;52;FALTA PRODUTO ESTOQUE         ;   ;romario.al ;14:24
020203                            ;17/03/2026;    ;304221;003;    ;0020392;BARRACA COROGUETE                                 ;(71)99995-1623 ;020;208;SKS9J44;     123,68;    0,24;19/03/2026;71;SEM DINHEIRO/CHEQUE           ;   ;tailan.al  ;18:59
020203                            ;17/03/2026;    ;304251;003;    ;0060489;BARRACA DA TANIA                                  ;(71)99967-3327 ;020;208;SKS9J44;     281,16;    0,47;19/03/2026;71;SEM DINHEIRO/CHEQUE           ;   ;tailan.al  ;18:59
020203                            ;17/03/2026;    ;304263;003;    ;0060300;BAR E REST ACONCHEGO                              ;(71)99903-8687 ;020;208;SKS9J44;     267,01;    0,40;19/03/2026;70;CLIENTE CANCELOU              ;   ;tailan.al  ;19:  
020203                            ;17/03/2026;    ;304264;003;    ;0060886;BAR DOS AMIGOS                                    ;(07)19628-4333 ;020;208;SKS9J44;     111,33;    0,13;19/03/2026;71;SEM DINHEIRO/CHEQUE           ;   ;tailan.al  ;19:  
020203                            ;17/03/2026;    ;304271;003;    ;0020061;MERCEARIA AMOURS                                  ;(75)99897-5411 ;020;208;SKS9J44;     141,12;    0,36;19/03/2026;71;SEM DINHEIRO/CHEQUE           ;   ;tailan.al  ;19:01
020203                            ;17/03/2026;    ;304285;003;    ;0020907;MINI DEP GUEU E ZAN                               ;(71)99925-0111 ;020;208;SKS9J44;      42,82;    0,02;19/03/2026;58;Carga Errada                  ;   ;tailan.al  ;19:01
020203                            ;17/03/2026;    ;304292;003;    ;0060837;QUIOSQ ESTRELA DALVA                              ;(75) 8611-5954 ;020;208;SKS9J44;     784,71;    1,05;19/03/2026;71;SEM DINHEIRO/CHEQUE           ;   ;tailan.al  ;19:02
020230                            ;18/03/2026;    ;304399;003;    ;0047008;SUPERM. SHALON                                    ;(71)99627-0476 ;010;101;JSO0D21;    2525,45;    4,14;18/03/2026;71;SEM DINHEIRO/CHEQUE           ;   ;jose.al    ;20:06
020235                            ;18/03/2026;    ;304540;003;    ;0050377;CANTINHO DA ROCA                                  ;(07)59819-4639 ;020;204;SJQ8D11;     427,32;    0,53;19/03/2026;47;Dificil Acesso                ;   ;emerson.al ;20:35
020235                            ;18/03/2026;    ;304541;003;    ;0050377;CANTINHO DA ROCA                                  ;(07)59819-4639 ;020;204;SJQ8D11;       2,28;    0,00;19/03/2026;47;Dificil Acesso                ;   ;emerson.al ;20:35
020235                            ;18/03/2026;    ;304563;003;    ;0053222;BAR DA KEKINHA                                    ;(75)99816-3704 ;020;204;SJQ8D11;     108,42;    0,18;19/03/2026;72;PDV FECHADO (HORARIO COM.)    ;   ;emerson.al ;20:34
020236                            ;18/03/2026;    ;304640;003;    ;0082201;CENTRAL 3 IRMAOS                                  ;(75)99918-4356 ;010;110;SJQ1F85;    1865,80;    2,17;19/03/2026;33;Nao Fez Pedido                ;   ;tailan.al  ;12:14
020236                            ;18/03/2026;    ;304644;003;    ;0082201;CENTRAL 3 IRMAOS                                  ;(75)99918-4356 ;010;110;SJQ1F85;      63,16;    0,03;19/03/2026;33;Nao Fez Pedido                ;   ;tailan.al  ;12:14
020240                            ;18/03/2026;    ;304770;003;    ;0019147;DE FRENTE PRO FUTURO                              ;(75)99876-8253 ;010;103;TMM4F43;     319,27;    0,46;18/03/2026;45;Tempo Insuficiente.           ;   ;jose.al    ;20:04
020240                            ;18/03/2026;    ;304771;003;    ;0053519;BAR DAHORA                                        ;(75)98172-1638 ;010;103;TMM4F43;     323,40;    0,41;18/03/2026;45;Tempo Insuficiente.           ;   ;jose.al    ;20:03
020240                            ;18/03/2026;    ;304772;003;    ;0056035;ESTANCIA DA PESCA                                 ;(75)98143-7353 ;010;103;TMM4F43;     484,07;    1,03;18/03/2026;45;Tempo Insuficiente.           ;   ;jose.al    ;20:03
020240                            ;18/03/2026;    ;304773;003;    ;0056035;ESTANCIA DA PESCA                                 ;(75)98143-7353 ;010;103;TMM4F43;      30,06;    0,18;18/03/2026;45;Tempo Insuficiente.           ;   ;jose.al    ;20:03
020242                            ;18/03/2026;    ;304882;003;    ;0041489;DEPÃSITO SC                                       ;               ;010;109;SJQ3B12;     575,02;    0,91;18/03/2026;64;SEM VASILHAME                 ;   ;jose.al    ;20:08
020242                            ;18/03/2026;    ;304884;003;    ;0041489;DEPÃSITO SC                                       ;               ;010;109;SJQ3B12;      61,68;    0,02;18/03/2026;64;SEM VASILHAME                 ;   ;jose.al    ;20:07
020242                            ;18/03/2026;    ;304885;003;    ;0041489;DEPÃSITO SC                                       ;               ;010;109;SJQ3B12;      61,68;    0,02;18/03/2026;71;SEM DINHEIRO/CHEQUE           ;   ;jose.al    ;20:07
020242                            ;18/03/2026;    ;304897;003;    ;0026016;MERC DOCE CATU                                    ;(71)99929-1597 ;030;306;SJQ3B12;     542,33;    1,36;18/03/2026;71;SEM DINHEIRO/CHEQUE           ;   ;jose.al    ;20:07
020245                            ;18/03/2026;    ;305003;003;    ;0040476;BAR DA MARIA                                      ;(75)98281-0618 ;020;203;SKB4I83;     104,70;    0,12;18/03/2026;71;SEM DINHEIRO/CHEQUE           ;   ;romario.al ;17:41
020245                            ;18/03/2026;    ;305014;003;    ;0040386;BAR DA STELA                                      ;(75)99942-1030 ;020;203;SKB4I83;     102,92;    0,18;18/03/2026;72;PDV FECHADO (HORARIO COM.)    ;   ;romario.al ;17:41
020245                            ;18/03/2026;    ;305032;003;    ;0030112;BAR DO SOSSEGO                                    ;(75)99964-7735 ;020;207;SKB4I83;      31,54;    0,04;18/03/2026;58;Carga Errada                  ;   ;romario.al ;17:40
020246                            ;18/03/2026;    ;305053;003;    ;0020949;PATRICIA ALVES                                    ;(75)99832-1992 ;010;110;PJX0435;     107,80;    0,13;18/03/2026;72;PDV FECHADO (HORARIO COM.)    ;   ;romario.al ;16:10
020246                            ;18/03/2026;    ;305054;003;    ;0020949;PATRICIA ALVES                                    ;(75)99832-1992 ;010;110;PJX0435;     176,19;    0,37;18/03/2026;72;PDV FECHADO (HORARIO COM.)    ;   ;romario.al ;16:11
020246                            ;18/03/2026;    ;305055;003;    ;0020949;PATRICIA ALVES                                    ;(75)99832-1992 ;010;110;PJX0435;      44,32;    0,12;18/03/2026;72;PDV FECHADO (HORARIO COM.)    ;   ;romario.al ;16:11
020247                            ;18/03/2026;    ;305089;003;    ;0030819;CHURRAC BOI NA BRASA                              ;(75)98837-8401 ;010;107;SKB4I83;     336,73;    0,65;19/03/2026;40;Horario de Entrega            ;   ;jose.al    ;05:45
020247                            ;18/03/2026;    ;305092;003;    ;0082298;PRIMEIRA ESTACAO                                  ;(75) 9931-1197 ;010;105;SKB4I83;     215,32;    0,22;19/03/2026;49;Area de Risco                 ;   ;jose.al    ;05:45
020247                            ;18/03/2026;    ;305093;003;    ;0082298;PRIMEIRA ESTACAO                                  ;(75) 9931-1197 ;010;105;SKB4I83;     101,76;    0,24;19/03/2026;49;Area de Risco                 ;   ;jose.al    ;05:45
020263                            ;19/03/2026;    ;305119;003;    ;0084723;DEPOSITO DO UBALDO                                ;(71)99645-0513 ;030;306;NTS7D78;    2936,64;    3,86;19/03/2026;41;Sem Vasilhame.                ;   ;tailan.al  ;17:29
020263                            ;19/03/2026;    ;305121;003;    ;0084723;DEPOSITO DO UBALDO                                ;(71)99645-0513 ;030;306;NTS7D78;      28,92;    0,04;19/03/2026;41;Sem Vasilhame.                ;   ;tailan.al  ;17:28
020268                            ;19/03/2026;    ;305239;003;    ;0050605;QUIOSQUE DO GAMA                                  ;(75)90000-0000 ;020;209;SJQ0C73;     241,92;    0,29;19/03/2026;72;PDV FECHADO (HORARIO COM.)    ;   ;emerson.al ;20:55
020268                            ;19/03/2026;    ;305240;003;    ;0050605;QUIOSQUE DO GAMA                                  ;(75)90000-0000 ;020;209;SJQ0C73;      13,74;    0,00;19/03/2026;72;PDV FECHADO (HORARIO COM.)    ;   ;emerson.al ;20:55
020268                            ;19/03/2026;    ;305269;003;    ;0050405;DISTRIBUIDORA REAL                                ;(07)59995-4733 ;020;209;SJQ0C73;     295,55;    0,33;19/03/2026;72;PDV FECHADO (HORARIO COM.)    ;   ;emerson.al ;20:55
020269                            ;19/03/2026;    ;305297;003;    ;0035456;DONNA PIZZARIA E RES                              ;(71)99943-4187 ;010;106;SJQ7E10;      27,39;    0,04;19/03/2026;71;SEM DINHEIRO/CHEQUE           ;   ;emerson.al ;20:20
020269                            ;19/03/2026;    ;305298;003;    ;0035456;DONNA PIZZARIA E RES                              ;(71)99943-4187 ;010;106;SJQ7E10;      85,77;    0,01;19/03/2026;71;SEM DINHEIRO/CHEQUE           ;   ;emerson.al ;20:20
020269                            ;19/03/2026;    ;305299;003;    ;0035456;DONNA PIZZARIA E RES                              ;(71)99943-4187 ;010;106;SJQ7E10;      41,87;    0,12;19/03/2026;71;SEM DINHEIRO/CHEQUE           ;   ;emerson.al ;20:20
020271                            ;19/03/2026;    ;305389;003;    ;0039295;ENCONTRO DOS AMIGOS                               ;(75)99990-9742 ;010;107;SKS7B90;     142,90;    0,14;19/03/2026;43;Forma de Pagamento            ;   ;tailan.al  ;17:15
020272                            ;19/03/2026;    ;305401;003;    ;0028885;QUIOSQUE DA RENY                                  ;(75)99829-7409 ;010;110;TMM3F04;      37,00;    0,04;19/03/2026;34;Pedido Duplicado              ;   ;emerson.al ;20:15
020273                            ;19/03/2026;    ;305454;003;    ;0027290;PONTO DA JUCELIA                                  ;(75)99846-3843 ;010;111;TMM4F43;     402,87;    0,54;19/03/2026;71;SEM DINHEIRO/CHEQUE           ;   ;tailan.al  ;18:34
020277                            ;19/03/2026;    ;305596;003;    ;0083511;BOX DAS GATAS                                     ;(71) 8777-3913 ;010;108;SJQ3B12;     552,08;    0,43;19/03/2026;72;PDV FECHADO (HORARIO COM.)    ;   ;emerson.al ;20:16
020277                            ;19/03/2026;    ;305611;003;    ;0032061;PANIF TRIGO BOM                                   ;(75)98370-4642 ;010;101;SJQ3B12;     620,32;    0,96;19/03/2026;71;SEM DINHEIRO/CHEQUE           ;   ;emerson.al ;20:16
020278                            ;19/03/2026;    ;305641;003;    ;0040220;KIOSQUE DA SOCORRO                                ;(07)59858-0176 ;020;206;SKB4I83;     566,21;    0,79;19/03/2026;72;PDV FECHADO (HORARIO COM.)    ;   ;tailan.al  ;13:58
020278                            ;19/03/2026;    ;305645;003;    ;0040073;GERILANCHE                                        ;(75)99943-9334 ;020;206;SKB4I83;     124,23;    0,16;19/03/2026;71;SEM DINHEIRO/CHEQUE           ;   ;tailan.al  ;13:58
020278                            ;19/03/2026;    ;305653;003;    ;0018850;BAR 51                                            ;(75)99864-4369 ;020;206;SKB4I83;     103,53;    0,26;19/03/2026;71;SEM DINHEIRO/CHEQUE           ;   ;tailan.al  ;13:58
020280                            ;19/03/2026;    ;305665;003;    ;0020220;THAYNA OLIVEIRA                                   ;(71)99952-7071 ;030;306;PJX0435;      79,82;    0,05;19/03/2026;71;SEM DINHEIRO/CHEQUE           ;   ;tailan.al  ;15:14
020280                            ;19/03/2026;    ;305666;003;    ;0020220;THAYNA OLIVEIRA                                   ;(71)99952-7071 ;030;306;PJX0435;     120,64;    0,07;19/03/2026;71;SEM DINHEIRO/CHEQUE           ;   ;tailan.al  ;15:14
020280                            ;19/03/2026;    ;305667;003;    ;0020220;THAYNA OLIVEIRA                                   ;(71)99952-7071 ;030;306;PJX0435;     113,36;    0,07;19/03/2026;71;SEM DINHEIRO/CHEQUE           ;   ;tailan.al  ;15:15
020284                            ;19/03/2026;    ;305836;003;    ;0019826;KIDOCE DELICATESSEN                               ;(75)98322-6597 ;030;305;SKB4I83;    2354,04;    3,24;19/03/2026;40;Horario de Entrega            ;   ;emerson.al ;21:45
020301                            ;20/03/2026;    ;305869;003;    ;0030336;KIOSK ESCALA MARES                                ;(75)99916-4950 ;020;207;SKS5C26;     178,41;    0,26;23/03/2026;82;ENDERECO NAO ENCONTRADO       ;   ;emerson.al ;20:51
020301                            ;20/03/2026;    ;305907;003;    ;0020609;DEPOSITO DOS AMIGOS                               ;(75)99822-0553 ;020;207;SKS5C26;    1387,29;    1,86;23/03/2026;86;HORARIO DE ENTREGA            ;   ;emerson.al ;20:52
020301                            ;20/03/2026;    ;305908;003;    ;0020609;DEPOSITO DOS AMIGOS                               ;(75)99822-0553 ;020;207;SKS5C26;     159,84;    0,60;23/03/2026;86;HORARIO DE ENTREGA            ;   ;emerson.al ;20:52
020301                            ;20/03/2026;    ;305912;003;    ;0021036;BM DISTRIBUIDORA EM                               ;(75)99958-2768 ;020;202;SKS5C26;    3509,07;    5,03;23/03/2026;72;PDV FECHADO (HORARIO COM.)    ;   ;emerson.al ;20:51
020301                            ;20/03/2026;    ;305916;003;    ;0030377;DEPOSITO GOMES                                    ;(75)99959-9176 ;020;202;SKS5C26;    1332,42;    1,10;23/03/2026;86;HORARIO DE ENTREGA            ;   ;emerson.al ;20:50
020301                            ;20/03/2026;    ;305920;003;    ;0030060;BARRACA VELHO MENDES                              ;(75)99906-9941 ;020;207;SKS5C26;     427,35;    0,43;23/03/2026;72;PDV FECHADO (HORARIO COM.)    ;   ;emerson.al ;20:50
020301                            ;20/03/2026;    ;305921;003;    ;0030040;BARRACA RENASCER                                  ;(71)99729-2741 ;020;207;SKS5C26;     292,19;    0,28;23/03/2026;86;HORARIO DE ENTREGA            ;   ;emerson.al ;20:51
020304                            ;20/03/2026;    ;306003;003;    ;0019588;JMD DISTRIBUIDORA                                 ;(75)99915-8475 ;030;304;SJQ8D11;    3970,55;    5,23;21/03/2026;71;SEM DINHEIRO/CHEQUE           ;   ;tailan.al  ;18:52
020308                            ;20/03/2026;    ;306114;003;    ;0019517;BAR DE LEITOA                                     ;(75)99170-5027 ;020;204;SKS2H93;     283,09;    0,31;21/03/2026;72;PDV FECHADO (HORARIO COM.)    ;   ;tailan.al  ;07:28
020308                            ;20/03/2026;    ;306115;003;    ;0019517;BAR DE LEITOA                                     ;(75)99170-5027 ;020;204;SKS2H93;      45,74;    0,02;21/03/2026;72;PDV FECHADO (HORARIO COM.)    ;   ;tailan.al  ;07:28
020314                            ;20/03/2026;    ;306377;003;    ;0048753;BAR FIM D TARDE                                   ;               ;010;103;SJQ1F85;     161,70;    0,20;20/03/2026;85;DIFICIL ACESSO                ;   ;romario.al ;18:10
020315                            ;20/03/2026;    ;306420;003;    ;0046890;ESPETISCO                                         ;(90) 9000-8000 ;010;103;SJQ5E98;     177,50;    0,21;20/03/2026;72;PDV FECHADO (HORARIO COM.)    ;   ;jose.al    ;20:24
020315                            ;20/03/2026;    ;306421;003;    ;0046890;ESPETISCO                                         ;(90) 9000-8000 ;010;103;SJQ5E98;      43,46;    0,02;20/03/2026;72;PDV FECHADO (HORARIO COM.)    ;   ;jose.al    ;20:23
020315                            ;20/03/2026;    ;306432;003;    ;0026605;MERC MINE PREcO                                   ;(75)99139-9787 ;010;103;SJQ5E98;     250,49;    0,35;20/03/2026;71;SEM DINHEIRO/CHEQUE           ;   ;jose.al    ;20:23
020315                            ;20/03/2026;    ;306437;003;    ;0033511;MERC CARVALHO                                     ;(75) 9177-2956 ;010;103;SJQ5E98;     550,43;    0,73;20/03/2026;70;CLIENTE CANCELOU              ;   ;jose.al    ;20:24
020315                            ;20/03/2026;    ;306457;003;    ;0021059;BAR GALEGO E NEGONA                               ;(75)99827-5607 ;010;103;SJQ5E98;     107,80;    0,13;20/03/2026;83;PROPRIETARIO AUSENTE          ;   ;jose.al    ;20:24
020316                            ;20/03/2026;    ;306474;003;    ;0036709;BOTECO DO RAPOSA                                  ;(75)98369-1169 ;010;102;SKS7B90;     326,86;    0,40;20/03/2026;71;SEM DINHEIRO/CHEQUE           ;   ;jose.al    ;20:44
020316                            ;20/03/2026;    ;306475;003;    ;0036709;BOTECO DO RAPOSA                                  ;(75)98369-1169 ;010;102;SKS7B90;      22,40;    0,00;20/03/2026;71;SEM DINHEIRO/CHEQUE           ;   ;jose.al    ;20:44
020318                            ;20/03/2026;    ;306532;003;    ;0083893;BAR DO BONECO                                     ;(75)99194-7970 ;010;105;TMM9J07;    1784,09;    1,68;20/03/2026;63;PRODUTO / QTDE. ERRADA        ;   ;jose.al    ;20:25
020319                            ;20/03/2026;    ;306570;003;    ;0028588;CLUB DOS COMERCIARIO                              ;(75)98107-4950 ;010;110;TMM4F43;     162,52;    0,18;20/03/2026;72;PDV FECHADO (HORARIO COM.)    ;   ;romario.al ;16:05
020321                            ;20/03/2026;    ;306650;003;    ;0020963;AJALA                                             ;(75)99994-4429 ;030;305;TMM3F04;     161,70;    0,20;21/03/2026;51;NF ERRADA                     ;   ;tailan.al  ;16:40
020324                            ;20/03/2026;    ;306711;003;    ;0024383;R A DISTRIBUIDORA                                 ;(75)99913-5368 ;010;105;SKB4I83;    1712,16;    1,28;21/03/2026;72;PDV FECHADO (HORARIO COM.)    ;   ;jose.al    ;22:08
020324                            ;20/03/2026;    ;306712;003;    ;0083361;RECAN. DAS MANGUEIRA                              ;(75)99887-3757 ;010;107;SKB4I83;     920,56;    1,36;21/03/2026;72;PDV FECHADO (HORARIO COM.)    ;   ;jose.al    ;22:07
020324                            ;20/03/2026;    ;306714;003;    ;0018495;DEPOSITO PETROLAR                                 ;(75)99938-8473 ;010;107;SKB4I83;     386,90;    0,46;21/03/2026;72;PDV FECHADO (HORARIO COM.)    ;   ;jose.al    ;22:07
020324                            ;20/03/2026;    ;306721;003;    ;0024769;BARBE STO ANTONIO                                 ;(75)99911-6522 ;010;105;SKB4I83;     161,64;    0,09;21/03/2026;72;PDV FECHADO (HORARIO COM.)    ;   ;jose.al    ;22:08
020325                            ;20/03/2026;    ;306760;003;    ;0044416;MODESTIA QUIOSQUE                                 ;(71)99919-1853 ;010;101;PJX0435;     108,16;    0,23;21/03/2026;72;PDV FECHADO (HORARIO COM.)    ;   ;tailan.al  ;15:54
020325                            ;20/03/2026;    ;306766;003;    ;0032284;BAR DE ADRIELE                                    ;(71)99680-9864 ;010;101;PJX0435;     234,00;    0,27;21/03/2026;71;SEM DINHEIRO/CHEQUE           ;   ;tailan.al  ;15:55
020325                            ;20/03/2026;    ;306769;003;    ;0050753;SELMA BAR                                         ;(71)99729-5001 ;010;101;PJX0435;     319,50;    0,44;21/03/2026;72;PDV FECHADO (HORARIO COM.)    ;   ;tailan.al  ;15:54
020346                            ;21/03/2026;    ;306786;003;    ;0055433;BAR DA SOL                                        ;(75)98152-0022 ;010;104;TMM3F04;     325,02;    0,33;21/03/2026;71;SEM DINHEIRO/CHEQUE           ;   ;tailan.al  ;17:35
020346                            ;21/03/2026;    ;306787;003;    ;0055433;BAR DA SOL                                        ;(75)98152-0022 ;010;104;TMM3F04;      32,52;    0,04;21/03/2026;71;SEM DINHEIRO/CHEQUE           ;   ;tailan.al  ;17:35
020349                            ;21/03/2026;    ;306864;003;    ;0037987;MERCEARIA COMPRE BEM                              ;               ;010;111;SKB4I83;     113,70;    0,12;21/03/2026;42;Produto/Quantidade Errada     ;   ;tailan.al  ;15:32
020349                            ;21/03/2026;    ;306889;003;    ;0020003;LANC. LUZ DO SOL                                  ;(75)98858-2614 ;010;111;SKB4I83;     100,40;    0,20;21/03/2026;72;PDV FECHADO (HORARIO COM.)    ;   ;tailan.al  ;15:32
020378                            ;23/03/2026;    ;306933;003;    ;0019697;BAR BEIRA RIO                                     ;(75)98333-1690 ;010;104;SKS2H93;     122,26;    0,14;23/03/2026;72;PDV FECHADO (HORARIO COM.)    ;   ;emerson.al ;21:32
020379                            ;23/03/2026;    ;306955;003;    ;0050347;DISTRIBUIDORA TIMBO                               ;(75)99806-9693 ;030;304;SJQ5B35;     979,12;    0,99;24/03/2026;42;Produto/Quantidade Errada     ;   ;emerson.al ;04:38
020387                            ;23/03/2026;    ;307157;003;    ;0021106;IVONETE DE JESUS                                  ;(75)98299-3778 ;010;106;SJQ7E10;     117,00;    0,13;24/03/2026;71;SEM DINHEIRO/CHEQUE           ;   ;romario.al ;15:23
020390                            ;23/03/2026;    ;307243;003;    ;0032604;CANTINHO DA FAFA                                  ;(75)98303-6978 ;010;111;SKS7B90;     102,40;    0,18;23/03/2026;71;SEM DINHEIRO/CHEQUE           ;   ;tailan.al  ;16:59
020390                            ;23/03/2026;    ;307244;003;    ;0049472;DEPOSITO VADINHO DRI                              ;(75)98341-4823 ;010;111;SKS7B90;     200,00;    0,26;23/03/2026;72;PDV FECHADO (HORARIO COM.)    ;   ;tailan.al  ;16:58
020390                            ;23/03/2026;    ;307245;003;    ;0049472;DEPOSITO VADINHO DRI                              ;(75)98341-4823 ;010;111;SKS7B90;      16,12;    0,01;23/03/2026;72;PDV FECHADO (HORARIO COM.)    ;   ;tailan.al  ;16:58
020390                            ;23/03/2026;    ;307248;003;    ;0020358;BAR DA FARINHA                                    ;(75)98211-3122 ;010;111;SKS7B90;     107,80;    0,13;23/03/2026;40;Horario de Entrega            ;   ;tailan.al  ;16:58
020390                            ;23/03/2026;    ;307268;003;    ;0027355;MERC. DO GALEGO                                   ;(75)98131-6164 ;010;105;SKS7B90;     283,70;    0,28;23/03/2026;72;PDV FECHADO (HORARIO COM.)    ;   ;tailan.al  ;16:59
020390                            ;23/03/2026;    ;307272;003;    ;0082508;BAR DO PIM                                        ;(75)99928-7210 ;010;105;SKS7B90;     394,50;    0,60;23/03/2026;43;Forma de Pagamento            ;   ;tailan.al  ;16:59
020393                            ;23/03/2026;    ;307404;003;    ;0028817;MERCADINHO LR                                     ;(75)98252-0676 ;010;104;TMM5E06;      77,81;    0,24;23/03/2026;72;PDV FECHADO (HORARIO COM.)    ;   ;emerson.al ;20:15
020393                            ;23/03/2026;    ;307405;003;    ;0028817;MERCADINHO LR                                     ;(75)98252-0676 ;010;104;TMM5E06;     189,98;    0,54;23/03/2026;72;PDV FECHADO (HORARIO COM.)    ;   ;emerson.al ;20:15
020393                            ;23/03/2026;    ;307406;003;    ;0028817;MERCADINHO LR                                     ;(75)98252-0676 ;010;104;TMM5E06;      44,06;    0,12;23/03/2026;72;PDV FECHADO (HORARIO COM.)    ;   ;emerson.al ;20:16
020393                            ;23/03/2026;    ;307431;003;    ;0020597;MERCEARIA DA TATI                                 ;               ;010;110;TMM5E06;     136,60;    0,14;23/03/2026;02;Sem Vasilhame Ambev           ;   ;emerson.al ;20:14
020393                            ;23/03/2026;    ;307432;003;    ;0020597;MERCEARIA DA TATI                                 ;               ;010;110;TMM5E06;      36,62;    0,02;23/03/2026;02;Sem Vasilhame Ambev           ;   ;emerson.al ;20:14
020393                            ;23/03/2026;    ;307440;003;    ;0019532;NOELIA DEPOSITO                                   ;(75)98189-5064 ;010;110;TMM5E06;     332,29;    0,24;23/03/2026;72;PDV FECHADO (HORARIO COM.)    ;   ;emerson.al ;20:15
020393                            ;23/03/2026;    ;307441;003;    ;0048121;CANTINA VIP                                       ;(75)99991-0142 ;010;110;TMM5E06;     352,60;    0,36;23/03/2026;72;PDV FECHADO (HORARIO COM.)    ;   ;emerson.al ;20:15
020393                            ;23/03/2026;    ;307442;003;    ;0038271;ESPETINHO DA RAPOSA                               ;(75)99895-7685 ;010;110;TMM5E06;     605,60;    0,57;23/03/2026;71;SEM DINHEIRO/CHEQUE           ;   ;emerson.al ;20:15
020394                            ;23/03/2026;    ;307485;003;    ;0040796;DISTRIB AGUA FACIL                                ;(75)99900-0788 ;010;103;TMM9J07;     242,00;    0,21;23/03/2026;34;Pedido Duplicado              ;   ;tailan.al  ;16:33
020395                            ;23/03/2026;    ;307508;003;    ;0050587;FARMANOSSA 01                                     ;(07)59961-8730 ;020;204;SKB4I83;     328,35;    0,62;23/03/2026;39;Cliente Cancelou.             ;   ;tailan.al  ;17:42
020399                            ;23/03/2026;    ;307235;003;    ;0019035;COMPRE BEM FEIRA                                  ;(75)99946-8968 ;030;305;SJQ1F85;    1409,24;    2,43;23/03/2026;45;Tempo Insuficiente.           ;   ;emerson.al ;20:12
020418                            ;24/03/2026;    ;307571;003;    ;0050140;LANCHONETE PRIMEIRA                               ;(75)99992-6274 ;020;209;SJQ8D11;     250,41;    0,31;25/03/2026;71;SEM DINHEIRO/CHEQUE           ;   ;jose.al    ;02:19
020418                            ;24/03/2026;    ;307572;003;    ;0050140;LANCHONETE PRIMEIRA                               ;(75)99992-6274 ;020;209;SJQ8D11;      13,74;    0,00;25/03/2026;71;SEM DINHEIRO/CHEQUE           ;   ;jose.al    ;02:19
020418                            ;24/03/2026;    ;307575;003;    ;0020514;BAR DO PEDRO                                      ;(75)99867-6946 ;020;209;SJQ8D11;     493,33;    0,60;25/03/2026;72;PDV FECHADO (HORARIO COM.)    ;   ;jose.al    ;02:20
020418                            ;24/03/2026;    ;307576;003;    ;0020514;BAR DO PEDRO                                      ;(75)99867-6946 ;020;209;SJQ8D11;       4,60;    0,01;25/03/2026;72;PDV FECHADO (HORARIO COM.)    ;   ;jose.al    ;02:20
020418                            ;24/03/2026;    ;307579;003;    ;0050284;MERC. SANTO ANTONIO                               ;(07)59852-5386 ;020;209;SJQ8D11;      30,00;    0,06;25/03/2026;42;Produto/Quantidade Errada     ;   ;jose.al    ;02:20
020418                            ;24/03/2026;    ;307580;003;    ;0050284;MERC. SANTO ANTONIO                               ;(07)59852-5386 ;020;209;SJQ8D11;      37,33;    0,02;25/03/2026;42;Produto/Quantidade Errada     ;   ;jose.al    ;02:20
020420                            ;24/03/2026;    ;307625;003;    ;0018517;BAR DA ZENE                                       ;(75)99952-7656 ;020;207;SKS5C26;     183,10;    0,23;26/03/2026;71;SEM DINHEIRO/CHEQUE           ;   ;jose.al    ;21:23
020420                            ;24/03/2026;    ;307658;003;    ;0020628;BOTECO CARANGUEJO                                 ;(75)99953-6212 ;020;207;SKS5C26;     124,00;    0,15;26/03/2026;42;Produto/Quantidade Errada     ;   ;jose.al    ;21:23
020420                            ;24/03/2026;    ;307659;003;    ;0020628;BOTECO CARANGUEJO                                 ;(75)99953-6212 ;020;207;SKS5C26;     229,81;    0,50;26/03/2026;42;Produto/Quantidade Errada     ;   ;jose.al    ;21:23
020420                            ;24/03/2026;    ;307660;003;    ;0020628;BOTECO CARANGUEJO                                 ;(75)99953-6212 ;020;207;SKS5C26;     888,32;    0,86;26/03/2026;42;Produto/Quantidade Errada     ;   ;jose.al    ;21:23
020423                            ;24/03/2026;    ;307825;003;    ;0019936;FERREIRA FIGUEIREDO                               ;(71)99644-7793 ;020;208;SJQ0C73;      89,96;    0,24;27/03/2026;87;TEMPO INSUFICIENTE            ;   ;jose.al    ;05:04
020423                            ;24/03/2026;    ;307826;003;    ;0019936;FERREIRA FIGUEIREDO                               ;(71)99644-7793 ;020;208;SJQ0C73;      34,03;    0,04;27/03/2026;87;TEMPO INSUFICIENTE            ;   ;jose.al    ;05:04
020423                            ;24/03/2026;    ;307837;003;    ;0020248;HSD COMERC BEBIDAS L                              ;(71)99972-7780 ;020;208;SJQ0C73;     834,09;    0,81;27/03/2026;87;TEMPO INSUFICIENTE            ;   ;jose.al    ;05:07
020423                            ;24/03/2026;    ;307838;003;    ;0020248;HSD COMERC BEBIDAS L                              ;(71)99972-7780 ;020;208;SJQ0C73;      45,09;    0,27;27/03/2026;87;TEMPO INSUFICIENTE            ;   ;jose.al    ;05:06
020423                            ;24/03/2026;    ;307846;003;    ;0060718;BRUNO ACOUGUE                                     ;(71)98396-4626 ;020;208;SJQ0C73;     290,47;    0,54;27/03/2026;87;TEMPO INSUFICIENTE            ;   ;jose.al    ;05:05
020423                            ;24/03/2026;    ;307847;003;    ;0020578;CAJUEIRO SAUIPE CASA                              ;(71)99913-6500 ;020;208;SJQ0C73;     881,50;    1,26;27/03/2026;87;TEMPO INSUFICIENTE            ;   ;jose.al    ;05:06
020423                            ;24/03/2026;    ;307856;003;    ;0060724;POINT DA ORLA                                     ;(71)99684-5284 ;020;208;SJQ0C73;     132,25;    0,28;27/03/2026;87;TEMPO INSUFICIENTE            ;   ;jose.al    ;05:07
020423                            ;24/03/2026;    ;307858;003;    ;0060178;FUSCA BAR                                         ;(75)19997-2816 ;020;208;SJQ0C73;     569,30;    0,66;27/03/2026;87;TEMPO INSUFICIENTE            ;   ;jose.al    ;05:07
020423                            ;24/03/2026;    ;307859;003;    ;0060178;FUSCA BAR                                         ;(75)19997-2816 ;020;208;SJQ0C73;     114,96;    0,00;27/03/2026;87;TEMPO INSUFICIENTE            ;   ;jose.al    ;05:07
020423                            ;24/03/2026;    ;307866;003;    ;0060636;KIOSQUE ESTRELA                                   ;(75)99869-7027 ;020;208;SJQ0C73;     189,00;    0,18;27/03/2026;87;TEMPO INSUFICIENTE            ;   ;jose.al    ;05:05
020423                            ;24/03/2026;    ;307867;003;    ;0060636;KIOSQUE ESTRELA                                   ;(75)99869-7027 ;020;208;SJQ0C73;      27,06;    0,12;27/03/2026;87;TEMPO INSUFICIENTE            ;   ;jose.al    ;05:05
020423                            ;24/03/2026;    ;307872;003;    ;0060495;DEP ESKINA DO CAMPO                               ;(71)98767-9515 ;020;208;SJQ0C73;     105,54;    0,16;27/03/2026;87;TEMPO INSUFICIENTE            ;   ;jose.al    ;05:07
020423                            ;24/03/2026;    ;307877;003;    ;0020573;ESPFAMILIAOLIVEIRA                                ;(71)99621-6497 ;020;208;SJQ0C73;     325,00;    0,42;27/03/2026;87;TEMPO INSUFICIENTE            ;   ;jose.al    ;05:05
020429                            ;24/03/2026;    ;308074;003;    ;0021154;ANTONIO MAURILIO DOS                              ;(75)98253-2181 ;010;103;SJQ5E98;     309,82;    0,65;24/03/2026;71;SEM DINHEIRO/CHEQUE           ;   ;jose.al    ;21:18
020429                            ;24/03/2026;    ;308102;003;    ;0032193;CANECAO LANCHES                                   ;(75)99166-6589 ;010;103;SJQ5E98;     310,86;    0,45;24/03/2026;71;SEM DINHEIRO/CHEQUE           ;   ;jose.al    ;21:18
020430                            ;24/03/2026;    ;308121;003;    ;0047053;MERCEARIA DA EVA                                  ;(75)98251-8457 ;010;106;SKS7B90;    1821,80;    2,41;24/03/2026;71;SEM DINHEIRO/CHEQUE           ;   ;romario.al ;18:36
020430                            ;24/03/2026;    ;308122;003;    ;0047053;MERCEARIA DA EVA                                  ;(75)98251-8457 ;010;106;SKS7B90;     445,40;    0,23;24/03/2026;71;SEM DINHEIRO/CHEQUE           ;   ;romario.al ;18:37
020430                            ;24/03/2026;    ;308123;003;    ;0047053;MERCEARIA DA EVA                                  ;(75)98251-8457 ;010;106;SKS7B90;     303,20;    0,33;24/03/2026;71;SEM DINHEIRO/CHEQUE           ;   ;romario.al ;18:37
020431                            ;24/03/2026;    ;308170;003;    ;0018419;DJ                                                ;(75)99871-6014 ;010;102;TMM3F04;     618,41;    0,80;24/03/2026;45;Tempo Insuficiente.           ;   ;jose.al    ;20:19
020431                            ;24/03/2026;    ;308172;003;    ;0018648;BAR DO DOMICIO                                    ;(71)98771-1695 ;010;102;TMM3F04;     320,41;    0,36;24/03/2026;45;Tempo Insuficiente.           ;   ;jose.al    ;20:19
020431                            ;24/03/2026;    ;308173;003;    ;0044936;PJ MERCADINHO E Aa‡O                              ;(75)99813-2560 ;010;102;TMM3F04;     253,50;    0,20;24/03/2026;45;Tempo Insuficiente.           ;   ;jose.al    ;20:19
020431                            ;24/03/2026;    ;308174;003;    ;0051258;BIROSCA                                           ;(75)99897-3609 ;010;102;TMM3F04;     293,13;    0,43;24/03/2026;45;Tempo Insuficiente.           ;   ;jose.al    ;20:19
020431                            ;24/03/2026;    ;308175;003;    ;0051258;BIROSCA                                           ;(75)99897-3609 ;010;102;TMM3F04;      53,90;    0,06;24/03/2026;45;Tempo Insuficiente.           ;   ;jose.al    ;20:19
020431                            ;24/03/2026;    ;308176;003;    ;0051258;BIROSCA                                           ;(75)99897-3609 ;010;102;TMM3F04;      32,52;    0,04;24/03/2026;45;Tempo Insuficiente.           ;   ;jose.al    ;20:18
020431                            ;24/03/2026;    ;308177;003;    ;0033008;DEPOSITO CARCARA                                  ;(75)99708-0480 ;010;102;TMM3F04;     421,36;    0,55;24/03/2026;45;Tempo Insuficiente.           ;   ;jose.al    ;20:18
020431                            ;24/03/2026;    ;308178;003;    ;0019753;BARRACA DA PRAÇA                                  ;(75)99970-0240 ;010;102;TMM3F04;     342,12;    0,36;24/03/2026;45;Tempo Insuficiente.           ;   ;jose.al    ;20:18
020431                            ;24/03/2026;    ;308179;003;    ;0019753;BARRACA DA PRAÇA                                  ;(75)99970-0240 ;010;102;TMM3F04;      57,30;    0,04;24/03/2026;45;Tempo Insuficiente.           ;   ;jose.al    ;20:18
020431                            ;24/03/2026;    ;308180;003;    ;0019862;BAR ZE POTO                                       ;(75)99159-1711 ;010;102;TMM3F04;     129,36;    0,16;24/03/2026;45;Tempo Insuficiente.           ;   ;jose.al    ;20:18
020431                            ;24/03/2026;    ;308181;003;    ;0039054;CLUBE DO VAQUEIRO 2                               ;(75)99179-9941 ;010;102;TMM3F04;     459,72;    0,52;24/03/2026;45;Tempo Insuficiente.           ;   ;jose.al    ;20:18
020431                            ;24/03/2026;    ;308182;003;    ;0039054;CLUBE DO VAQUEIRO 2                               ;(75)99179-9941 ;010;102;TMM3F04;      22,40;    0,00;24/03/2026;45;Tempo Insuficiente.           ;   ;jose.al    ;20:17
020431                            ;24/03/2026;    ;308183;003;    ;0026028;BAR DA IVONETE                                    ;(75)98321-5743 ;010;102;TMM3F04;     190,04;    0,21;24/03/2026;45;Tempo Insuficiente.           ;   ;jose.al    ;20:17
020432                            ;24/03/2026;    ;308217;003;    ;0034852;MERC. DO ROMARIO                                  ;(75)99902-6520 ;010;107;TMM4F43;     146,69;    0,25;24/03/2026;72;PDV FECHADO (HORARIO COM.)    ;   ;jose.al    ;21:11
020432                            ;24/03/2026;    ;308224;003;    ;0046544;BOTECO NO QUINT                                   ;(75)99986-1888 ;010;107;TMM4F43;    2450,69;    3,15;24/03/2026;71;SEM DINHEIRO/CHEQUE           ;   ;jose.al    ;21:12
020432                            ;24/03/2026;    ;308225;003;    ;0046544;BOTECO NO QUINT                                   ;(75)99986-1888 ;010;107;TMM4F43;     367,54;    0,17;24/03/2026;71;SEM DINHEIRO/CHEQUE           ;   ;jose.al    ;21:12
020432                            ;24/03/2026;    ;308231;003;    ;0084707;BAR DO JULIO                                      ;(75)98360-2074 ;010;107;TMM4F43;     113,70;    0,12;24/03/2026;71;SEM DINHEIRO/CHEQUE           ;   ;jose.al    ;21:11
020433                            ;24/03/2026;    ;308271;003;    ;0034357;BAR DO BIRA                                       ;(75)99972-4532 ;010;107;TMM5E06;     340,60;    0,55;24/03/2026;71;SEM DINHEIRO/CHEQUE           ;   ;romario.al ;18:57
020433                            ;24/03/2026;    ;308272;003;    ;0034357;BAR DO BIRA                                       ;(75)99972-4532 ;010;107;TMM5E06;      41,94;    0,07;24/03/2026;71;SEM DINHEIRO/CHEQUE           ;   ;romario.al ;18:57
020434                            ;24/03/2026;    ;308313;003;    ;0035611;BAR PONTO DOS AMIGOS                              ;(75)99999-9646 ;010;104;TMM9J07;     175,97;    0,48;24/03/2026;87;TEMPO INSUFICIENTE            ;   ;jose.al    ;20:26
020437                            ;24/03/2026;    ;308442;003;    ;0020603;BAR DO EDMUNDO                                    ;(75)98142-9536 ;010;111;SJQ1F85;     136,30;    0,18;24/03/2026;72;PDV FECHADO (HORARIO COM.)    ;   ;romario.al ;17:24
020440                            ;24/03/2026;    ;307913;003;    ;0020762;MESTRE DO CHURRASCO                               ;(71)99917-9879 ;010;101;SJQ3B12;      37,00;    0,04;24/03/2026;71;SEM DINHEIRO/CHEQUE           ;   ;jose.al    ;20:30
020440                            ;24/03/2026;    ;307949;003;    ;0082833;BAR DA RITA                                       ;(71)99738-0569 ;010;109;SJQ3B12;    1078,00;    1,38;24/03/2026;71;SEM DINHEIRO/CHEQUE           ;   ;jose.al    ;20:30
020471                            ;25/03/2026;    ;308492;003;    ;0050702;ADEGA 93                                          ;(11)94913-1307 ;020;205;SJQ0A82;     883,28;    0,85;25/03/2026;72;PDV FECHADO (HORARIO COM.)    ;   ;emerson.al ;22:16
020475                            ;25/03/2026;    ;308706;003;    ;0053222;BAR DA KEKINHA                                    ;(75)99816-3704 ;020;204;SJQ8D11;     223,13;    0,37;26/03/2026;72;PDV FECHADO (HORARIO COM.)    ;   ;jose.al    ;20:24
020475                            ;25/03/2026;    ;308707;003;    ;0034052;MER NOVA ESPERANCA                                ;(75)99887-6356 ;020;204;SJQ8D11;     442,39;    1,00;26/03/2026;87;TEMPO INSUFICIENTE            ;   ;jose.al    ;20:24
020475                            ;25/03/2026;    ;308708;003;    ;0034052;MER NOVA ESPERANCA                                ;(75)99887-6356 ;020;204;SJQ8D11;      16,83;    0,03;26/03/2026;87;TEMPO INSUFICIENTE            ;   ;jose.al    ;20:24
020475                            ;25/03/2026;    ;308712;003;    ;0021012;RAIMUNDA NONATA DE O                              ;(43)90000-0000 ;020;204;SJQ8D11;      28,07;    0,02;26/03/2026;72;PDV FECHADO (HORARIO COM.)    ;   ;jose.al    ;20:25
020475                            ;25/03/2026;    ;308713;003;    ;0021012;RAIMUNDA NONATA DE O                              ;(43)90000-0000 ;020;204;SJQ8D11;      58,50;    0,06;26/03/2026;72;PDV FECHADO (HORARIO COM.)    ;   ;jose.al    ;20:25
020475                            ;25/03/2026;    ;308715;003;    ;0019430;ESPACO DA MORENA                                  ;(75) 9987-6543 ;020;204;SJQ8D11;      13,74;    0,00;26/03/2026;63;PRODUTO / QTDE. ERRADA        ;   ;jose.al    ;20:24
020475                            ;25/03/2026;    ;308759;003;    ;0050602;ACOUGUE DO JOELSON                                ;(75)99950-3916 ;020;204;SJQ8D11;     120,48;    0,16;26/03/2026;72;PDV FECHADO (HORARIO COM.)    ;   ;jose.al    ;20:24
020479                            ;25/03/2026;    ;308903;003;    ;0053425;CHURRASCARIA BERRANT                              ;(75)99224-1611 ;010;102;SKS9J44;     706,96;    0,72;25/03/2026;02;Sem Vasilhame Ambev           ;   ;emerson.al ;22:10
020479                            ;25/03/2026;    ;308930;003;    ;0052058;CANTIHO DO BETO                                   ;(71)98744-7381 ;010;102;SKS9J44;      32,68;    0,04;25/03/2026;63;PRODUTO / QTDE. ERRADA        ;   ;emerson.al ;22:09
020479                            ;25/03/2026;    ;308937;003;    ;0048578;BAR DA NEIDE                                      ;(75)98146-0314 ;010;102;SKS9J44;     505,16;    0,72;25/03/2026;72;PDV FECHADO (HORARIO COM.)    ;   ;emerson.al ;22:09
020479                            ;25/03/2026;    ;308938;003;    ;0048578;BAR DA NEIDE                                      ;(75)98146-0314 ;010;102;SKS9J44;      22,40;    0,00;25/03/2026;72;PDV FECHADO (HORARIO COM.)    ;   ;emerson.al ;22:09
020479                            ;25/03/2026;    ;308947;003;    ;0019788;ARENA DA CAJÁ                                     ;(75)98186-6038 ;010;102;SKS9J44;     212,80;    0,21;25/03/2026;71;SEM DINHEIRO/CHEQUE           ;   ;emerson.al ;22:08
020479                            ;25/03/2026;    ;308948;003;    ;0018486;MERCADO DA IVETE                                  ;(71)98303-7996 ;010;102;SKS9J44;     159,50;    0,36;25/03/2026;65;NAO FEZ PEDIDO                ;   ;emerson.al ;22:08
020480                            ;25/03/2026;    ;308966;003;    ;0019445;BAR DO ESTEVAM                                    ;(75)98274-9720 ;010;103;SKS7B90;     259,60;    0,27;25/03/2026;40;Horario de Entrega            ;   ;emerson.al ;22:05
020480                            ;25/03/2026;    ;308967;003;    ;0019445;BAR DO ESTEVAM                                    ;(75)98274-9720 ;010;103;SKS7B90;      20,88;    0,02;25/03/2026;40;Horario de Entrega            ;   ;emerson.al ;22:06
020480                            ;25/03/2026;    ;308968;003;    ;0019445;BAR DO ESTEVAM                                    ;(75)98274-9720 ;010;103;SKS7B90;      39,10;    0,04;25/03/2026;40;Horario de Entrega            ;   ;emerson.al ;22:06
020483                            ;25/03/2026;    ;309080;003;    ;0049150;CANTINHO ALIMENTACAO                              ;               ;010;107;TMM5E06;     322,60;    0,37;25/03/2026;40;Horario de Entrega            ;   ;emerson.al ;21:33
020483                            ;25/03/2026;    ;309081;003;    ;0049150;CANTINHO ALIMENTACAO                              ;               ;010;107;TMM5E06;     149,90;    0,14;25/03/2026;40;Horario de Entrega            ;   ;emerson.al ;21:32
020483                            ;25/03/2026;    ;309082;003;    ;0024372;PISCINA SECA                                      ;(75)99813-8960 ;010;107;TMM5E06;     596,97;    0,65;25/03/2026;45;Tempo Insuficiente.           ;   ;emerson.al ;21:55
020483                            ;25/03/2026;    ;309083;003;    ;0024372;PISCINA SECA                                      ;(75)99813-8960 ;010;107;TMM5E06;       4,64;    0,01;25/03/2026;45;Tempo Insuficiente.           ;   ;emerson.al ;21:55
020483                            ;25/03/2026;    ;309092;003;    ;0020689;BAR DO HELLO                                      ;(75)99814-9840 ;010;110;TMM5E06;     159,90;    0,14;25/03/2026;40;Horario de Entrega            ;   ;emerson.al ;21:32
020485                            ;25/03/2026;    ;309184;003;    ;0040073;GERILANCHE                                        ;(75)99943-9334 ;020;206;SKB4I83;     239,40;    0,36;25/03/2026;50;CARGA ERRADA ARMAZEM          ;   ;emerson.al ;21:58
020485                            ;25/03/2026;    ;309195;003;    ;0018850;BAR 51                                            ;(75)99864-4369 ;020;206;SKB4I83;     116,68;    0,26;25/03/2026;50;CARGA ERRADA ARMAZEM          ;   ;emerson.al ;21:58
020487                            ;25/03/2026;    ;309230;003;    ;0020821;SKINA DO SABOR                                    ;(71)99739-9107 ;010;109;PJX0435;     118,86;    0,17;25/03/2026;42;Produto/Quantidade Errada     ;   ;tailan.al  ;17:55
020488                            ;25/03/2026;    ;309270;003;    ;0083377;BIAUIRI S BAR                                     ;(75) 3421-9952 ;010;110;SKB4I83;     165,67;    0,14;27/03/2026;72;PDV FECHADO (HORARIO COM.)    ;   ;jose.al    ;23:26
020488                            ;25/03/2026;    ;309271;003;    ;0083377;BIAUIRI S BAR                                     ;(75) 3421-9952 ;010;110;SKB4I83;      13,53;    0,06;27/03/2026;72;PDV FECHADO (HORARIO COM.)    ;   ;jose.al    ;23:26
020493                            ;25/03/2026;    ;309290;003;    ;0019036;COMPRE BEM AL V                                   ;(75)99946-8968 ;030;305;MSG0C01;    3096,37;    0,00;31/03/2026;08;Mapa nao carregado / nao canc.;   ;tailan.al  ;16:13
020493                            ;25/03/2026;    ;309291;003;    ;0019037;COMPRE BEM CENTRO                                 ;(75)99946-8968 ;030;305;MSG0C01;    3096,37;    0,00;31/03/2026;08;Mapa nao carregado / nao canc.;   ;tailan.al  ;16:42
020493                            ;25/03/2026;    ;309292;003;    ;0019038;COMPRE BEM BARREIRO                               ;(75)99946-8968 ;030;305;MSG0C01;    3096,37;    0,00;31/03/2026;08;Mapa nao carregado / nao canc.;   ;tailan.al  ;16:43
020493                            ;25/03/2026;    ;309293;003;    ;0019826;KIDOCE DELICATESSEN                               ;(75)98322-6597 ;030;305;MSG0C01;    3096,37;    0,00;31/03/2026;08;Mapa nao carregado / nao canc.;   ;tailan.al  ;16:43
020493                            ;25/03/2026;    ;309294;003;    ;0019039;COMPRE BEM R DO                                   ;(75)99946-8968 ;030;305;MSG0C01;    3096,37;    0,00;31/03/2026;08;Mapa nao carregado / nao canc.;   ;tailan.al  ;16:44
020521                            ;26/03/2026;    ;309299;003;    ;0019039;COMPRE BEM R DO                                   ;(75)99946-8968 ;030;305;NZF6F00;    6646,50;    6,21;26/03/2026;58;Carga Errada                  ;   ;romario.al ;14:43
020527                            ;26/03/2026;    ;309427;003;    ;0021247;BAR FERNANDO                                      ;(75)99714-0528 ;020;209;SJQ3B12;     356,68;    0,44;27/03/2026;82;ENDERECO NAO ENCONTRADO       ;   ;jose.al    ;02:46
020527                            ;26/03/2026;    ;309428;003;    ;0021247;BAR FERNANDO                                      ;(75)99714-0528 ;020;209;SJQ3B12;     272,79;    0,45;27/03/2026;82;ENDERECO NAO ENCONTRADO       ;   ;jose.al    ;02:46
020531                            ;26/03/2026;    ;309496;003;    ;0033999;RECANTO NORDESTINO                                ;(71)99659-5568 ;010;101;SJQ5B35;      70,14;    0,16;26/03/2026;72;PDV FECHADO (HORARIO COM.)    ;   ;jose.al    ;20:22
020531                            ;26/03/2026;    ;309497;003;    ;0033999;RECANTO NORDESTINO                                ;(71)99659-5568 ;010;101;SJQ5B35;      54,14;    0,08;26/03/2026;72;PDV FECHADO (HORARIO COM.)    ;   ;jose.al    ;20:22
020531                            ;26/03/2026;    ;309498;003;    ;0033999;RECANTO NORDESTINO                                ;(71)99659-5568 ;010;101;SJQ5B35;      67,70;    0,16;26/03/2026;72;PDV FECHADO (HORARIO COM.)    ;   ;jose.al    ;20:22
020531                            ;26/03/2026;    ;309499;003;    ;0033999;RECANTO NORDESTINO                                ;(71)99659-5568 ;010;101;SJQ5B35;     159,90;    0,14;26/03/2026;72;PDV FECHADO (HORARIO COM.)    ;   ;jose.al    ;20:22
020534                            ;26/03/2026;    ;309612;003;    ;0018967;RECANTO DO SOL                                    ;(75)98193-8061 ;010;102;SKS7B90;     144,43;    0,18;26/03/2026;72;PDV FECHADO (HORARIO COM.)    ;   ;jose.al    ;20:21
020534                            ;26/03/2026;    ;309646;003;    ;0019926;QUIOSQUE KY LANCHES                               ;(75)98191-9450 ;010;102;SKS7B90;     764,10;    1,03;26/03/2026;71;SEM DINHEIRO/CHEQUE           ;   ;jose.al    ;20:21
020535                            ;26/03/2026;    ;309649;003;    ;0040594;MERC SAO JORGE                                    ;(75)98840-7550 ;010;111;SJQ5E98;     721,40;    0,66;26/03/2026;87;TEMPO INSUFICIENTE            ;   ;jose.al    ;20:41
020535                            ;26/03/2026;    ;309650;003;    ;0040594;MERC SAO JORGE                                    ;(75)98840-7550 ;010;111;SJQ5E98;      46,08;    0,06;26/03/2026;87;TEMPO INSUFICIENTE            ;   ;jose.al    ;20:40
020535                            ;26/03/2026;    ;309653;003;    ;0018714;MERCEARIA DO BIRA                                 ;(75)98803-5935 ;010;111;SJQ5E98;     555,52;    1,09;26/03/2026;87;TEMPO INSUFICIENTE            ;   ;jose.al    ;20:40
020535                            ;26/03/2026;    ;309655;003;    ;0040119;Restaur.Sabor da Flo                              ;(07)58897-5482 ;010;111;SJQ5E98;     295,40;    0,28;26/03/2026;87;TEMPO INSUFICIENTE            ;   ;jose.al    ;20:40
020535                            ;26/03/2026;    ;309661;003;    ;0040279;MERCEARIA POPULAR                                 ;(07)19998-8415 ;020;201;SJQ5E98;     127,70;    0,36;26/03/2026;87;TEMPO INSUFICIENTE            ;   ;jose.al    ;20:40
020535                            ;26/03/2026;    ;309662;003;    ;0020989;RESTOBAR                                          ;(75)99818-1854 ;020;201;SJQ5E98;     345,60;    0,42;26/03/2026;87;TEMPO INSUFICIENTE            ;   ;jose.al    ;20:40
020536                            ;26/03/2026;    ;309701;003;    ;0084069;ARMAZEM PROGRESSO                                 ;(71) 3662-2165 ;010;101;SJQ1F85;     238,96;    0,25;27/03/2026;72;PDV FECHADO (HORARIO COM.)    ;   ;tailan.al  ;17:19
020537                            ;26/03/2026;    ;309734;003;    ;0040018;MERCADINHO PEG PAG                                ;(75)99946-7005 ;020;201;TMM4F43;    1310,39;    1,91;26/03/2026;42;Produto/Quantidade Errada     ;   ;jose.al    ;20:19
020537                            ;26/03/2026;    ;309735;003;    ;0040018;MERCADINHO PEG PAG                                ;(75)99946-7005 ;020;201;TMM4F43;      15,03;    0,09;26/03/2026;42;Produto/Quantidade Errada     ;   ;jose.al    ;20:19
020537                            ;26/03/2026;    ;309736;003;    ;0019483;BAR DO ALEXANDRE                                  ;(75)98114-7348 ;020;201;TMM4F43;     365,28;    0,41;26/03/2026;87;TEMPO INSUFICIENTE            ;   ;jose.al    ;20:19
020537                            ;26/03/2026;    ;309737;003;    ;0019483;BAR DO ALEXANDRE                                  ;(75)98114-7348 ;020;201;TMM4F43;      41,22;    0,02;26/03/2026;87;TEMPO INSUFICIENTE            ;   ;jose.al    ;20:19
020537                            ;26/03/2026;    ;309738;003;    ;0040242;ADILSON BARBOSA SANT                              ;(75)99833-4899 ;020;201;TMM4F43;     336,50;    0,76;26/03/2026;87;TEMPO INSUFICIENTE            ;   ;jose.al    ;20:19
020537                            ;26/03/2026;    ;309748;003;    ;0040473;PARADA OBRIGATO                                   ;(75)99929-9505 ;020;201;TMM4F43;     350,80;    0,42;26/03/2026;87;TEMPO INSUFICIENTE            ;   ;jose.al    ;20:20
020537                            ;26/03/2026;    ;309749;003;    ;0040473;PARADA OBRIGATO                                   ;(75)99929-9505 ;020;201;TMM4F43;    1844,28;    1,50;26/03/2026;87;TEMPO INSUFICIENTE            ;   ;jose.al    ;20:20
020538                            ;26/03/2026;    ;309753;003;    ;0037136;DELICIAS DA PRACA                                 ;(75)98802-8248 ;010;110;TMM5E06;     419,70;    0,46;26/03/2026;87;TEMPO INSUFICIENTE            ;   ;romario.al ;17:37
020538                            ;26/03/2026;    ;309754;003;    ;0019043;ESPAÇO FAMILIA                                    ;(75)98329-1971 ;010;110;TMM5E06;     297,10;    0,32;26/03/2026;87;TEMPO INSUFICIENTE            ;   ;romario.al ;17:37
020538                            ;26/03/2026;    ;309755;003;    ;0019043;ESPAÇO FAMILIA                                    ;(75)98329-1971 ;010;110;TMM5E06;     142,90;    0,14;26/03/2026;87;TEMPO INSUFICIENTE            ;   ;romario.al ;17:37
020538                            ;26/03/2026;    ;309757;003;    ;0082777;MERC. 8 DE DEZEMBRO                               ;(75)99915-9542 ;010;107;TMM5E06;     651,97;    1,01;26/03/2026;72;PDV FECHADO (HORARIO COM.)    ;   ;romario.al ;17:38
020539                            ;26/03/2026;    ;309785;003;    ;0083605;BAR GOTA D AGUA                                   ;(75)98861-2361 ;010;111;TMM9J07;     954,80;    0,86;26/03/2026;87;TEMPO INSUFICIENTE            ;   ;jose.al    ;20:37
020539                            ;26/03/2026;    ;309804;003;    ;0020215;WILLIAN BAR                                       ;(75)98221-5770 ;010;105;TMM9J07;     140,82;    0,08;26/03/2026;72;PDV FECHADO (HORARIO COM.)    ;   ;jose.al    ;20:38
020539                            ;26/03/2026;    ;309810;003;    ;0082594;PONTO QUENTE                                      ;(75)99826-9478 ;010;105;TMM9J07;     102,40;    0,18;26/03/2026;72;PDV FECHADO (HORARIO COM.)    ;   ;jose.al    ;20:37
020539                            ;26/03/2026;    ;309820;003;    ;0018597;GALERIA THEREZA LIMA                              ;(75)99908-3617 ;010;110;TMM9J07;    1184,91;    1,00;26/03/2026;87;TEMPO INSUFICIENTE            ;   ;jose.al    ;20:37
020539                            ;26/03/2026;    ;309821;003;    ;0023775;ZE MIRIN                                          ;(75)99945-2424 ;010;110;TMM9J07;     528,29;    0,65;26/03/2026;87;TEMPO INSUFICIENTE            ;   ;jose.al    ;20:36
020539                            ;26/03/2026;    ;309822;003;    ;0023775;ZE MIRIN                                          ;(75)99945-2424 ;010;110;TMM9J07;      60,00;    0,06;26/03/2026;87;TEMPO INSUFICIENTE            ;   ;jose.al    ;20:36
020539                            ;26/03/2026;    ;309823;003;    ;0020062;BROOKLIN                                          ;(75)99984-6644 ;010;110;TMM9J07;     634,80;    1,44;26/03/2026;87;TEMPO INSUFICIENTE            ;   ;jose.al    ;20:36
020539                            ;26/03/2026;    ;309824;003;    ;0020062;BROOKLIN                                          ;(75)99984-6644 ;010;110;TMM9J07;      33,00;    0,04;26/03/2026;87;TEMPO INSUFICIENTE            ;   ;jose.al    ;20:36
020539                            ;26/03/2026;    ;309825;003;    ;0023149;ARMAZEN DO CABECA                                 ;(75)99953-3056 ;010;107;TMM9J07;     149,94;    0,10;26/03/2026;87;TEMPO INSUFICIENTE            ;   ;jose.al    ;20:36
020539                            ;26/03/2026;    ;309826;003;    ;0023149;ARMAZEN DO CABECA                                 ;(75)99953-3056 ;010;107;TMM9J07;     428,70;    0,43;26/03/2026;87;TEMPO INSUFICIENTE            ;   ;jose.al    ;20:36
020541                            ;26/03/2026;    ;309861;003;    ;0060884;ESCONDIDINHO DO RECA                              ;(07)19621-1920 ;020;201;SKB4I83;     315,88;    0,45;26/03/2026;72;PDV FECHADO (HORARIO COM.)    ;   ;romario.al ;16:24
020541                            ;26/03/2026;    ;309863;003;    ;0060442;BARRACA BEIRA MAR                                 ;(71)99939-8849 ;020;208;SKB4I83;     292,90;    0,28;26/03/2026;41;Sem Vasilhame.                ;   ;romario.al ;16:26
020541                            ;26/03/2026;    ;309892;003;    ;0030819;CHURRAC BOI NA BRASA                              ;(75)98837-8401 ;010;107;SKB4I83;     339,32;    0,65;26/03/2026;71;SEM DINHEIRO/CHEQUE           ;   ;romario.al ;16:25
020543                            ;26/03/2026;    ;309936;003;    ;0045119;TEMPERO DA MAMAE                                  ;(75)98848-1775 ;010;111;PJX0435;     133,95;    0,12;26/03/2026;42;Produto/Quantidade Errada     ;   ;romario.al ;17:05
020548                            ;26/03/2026;    ;309495;003;    ;0084784;BAR DO EDGARD                                     ;(75)99994-7741 ;010;104;SKS2H93;   13712,20;    0,00;26/03/2026;16;(C)Ind. Frota / Excesso Volume;   ;alyson     ;  :22
020584                            ;27/03/2026;    ;309959;003;    ;0019036;COMPRE BEM AL V                                   ;(75)99946-8968 ;030;305;NTS7D78;    6249,75;    6,21;27/03/2026;42;Produto/Quantidade Errada     ;   ;tailan.al  ;13:35
020584                            ;27/03/2026;    ;309960;003;    ;0019036;COMPRE BEM AL V                                   ;(75)99946-8968 ;030;305;NTS7D78;    6856,14;   15,74;27/03/2026;42;Produto/Quantidade Errada     ;   ;tailan.al  ;13:35
020585                            ;27/03/2026;    ;309963;003;    ;0050776;DEPOSITO PINHEIRO                                 ;(71)99987-9919 ;030;306;NZF6F00;    4370,67;    7,49;27/03/2026;72;PDV FECHADO (HORARIO COM.)    ;   ;tailan.al  ;18:04
020586                            ;27/03/2026;    ;309972;003;    ;0020354;LANCHES CANOAS                                    ;(75)99971-6190 ;020;208;SKS9J44;     112,93;    0,30;30/03/2026;72;PDV FECHADO (HORARIO COM.)    ;   ;jose.al    ;22:43
020586                            ;27/03/2026;    ;310025;003;    ;0019602;FEIJaO DA VANGE                                   ;(71)99151-3801 ;020;208;SKS9J44;     131,30;    0,28;30/03/2026;71;SEM DINHEIRO/CHEQUE           ;   ;jose.al    ;22:43
020586                            ;27/03/2026;    ;310026;003;    ;0019602;FEIJaO DA VANGE                                   ;(71)99151-3801 ;020;208;SKS9J44;      11,44;    0,02;30/03/2026;71;SEM DINHEIRO/CHEQUE           ;   ;jose.al    ;22:43
020589                            ;27/03/2026;    ;310086;003;    ;0050061;RA FRIGORIFICO E PEI                              ;(07)59993-1410 ;020;205;SJQ8D11;    1071,46;    1,38;28/03/2026;71;SEM DINHEIRO/CHEQUE           ;   ;romario.al ;18:17
020590                            ;27/03/2026;    ;310150;003;    ;0020967;64.440.210 WESLEY SA                              ;(75)98227-1655 ;010;110;SKS2H93;     177,04;    0,22;27/03/2026;82;ENDERECO NAO ENCONTRADO       ;   ;emerson.al ;21:  
020592                            ;27/03/2026;    ;310237;003;    ;0030093;BARRACA DO BINHO                                  ;(75)99839-3784 ;020;202;SKS5C26;     102,60;    0,25;28/03/2026;71;SEM DINHEIRO/CHEQUE           ;   ;romario.al ;16:55
020595                            ;27/03/2026;    ;310375;003;    ;0020119;BAR LOJAO                                         ;(75)98323-2861 ;010;106;SJQ7E10;     334,26;    0,39;27/03/2026;71;SEM DINHEIRO/CHEQUE           ;   ;emerson.al ;20:24
020595                            ;27/03/2026;    ;310391;003;    ;0050774;PAULA DO ACARAJE                                  ;(75)98298-2133 ;010;106;SJQ7E10;     110,10;    0,13;27/03/2026;72;PDV FECHADO (HORARIO COM.)    ;   ;emerson.al ;20:24
020596                            ;27/03/2026;    ;310414;003;    ;0083016;MERCEARIA SR LAZARO                               ;(75)98264-2910 ;030;305;SKS7B90;    1485,33;    2,29;27/03/2026;47;Dificil Acesso                ;   ;emerson.al ;20:18
020596                            ;27/03/2026;    ;310443;003;    ;0020676;BAR PARADA CERTA                                  ;(75)99109-9252 ;010;103;SKS7B90;     171,53;    0,21;27/03/2026;72;PDV FECHADO (HORARIO COM.)    ;   ;emerson.al ;20:18
020596                            ;27/03/2026;    ;310446;003;    ;0020355;BAR DOS AMIGOS                                    ;(75)99861-1673 ;010;103;SKS7B90;     107,80;    0,13;27/03/2026;45;Tempo Insuficiente.           ;   ;emerson.al ;20:17
020596                            ;27/03/2026;    ;310447;003;    ;0020355;BAR DOS AMIGOS                                    ;(75)99861-1673 ;010;103;SKS7B90;       2,32;    0,00;27/03/2026;45;Tempo Insuficiente.           ;   ;emerson.al ;20:17
020596                            ;27/03/2026;    ;310448;003;    ;0030924;BARRACA DO MARCOS                                 ;(75)98258-9689 ;010;103;SKS7B90;     683,91;    0,79;27/03/2026;45;Tempo Insuficiente.           ;   ;emerson.al ;20:16
020596                            ;27/03/2026;    ;310449;003;    ;0030924;BARRACA DO MARCOS                                 ;(75)98258-9689 ;010;103;SKS7B90;      19,68;    0,02;27/03/2026;45;Tempo Insuficiente.           ;   ;emerson.al ;20:16
020596                            ;27/03/2026;    ;310450;003;    ;0084038;UNIDOS BAR                                        ;(75)98100-1933 ;010;103;SKS7B90;     130,57;    0,24;27/03/2026;45;Tempo Insuficiente.           ;   ;emerson.al ;20:17
020596                            ;27/03/2026;    ;310454;003;    ;0021025;MERCEARIA FONSECA                                 ;(75)99123-2379 ;010;103;SKS7B90;     379,00;    0,42;27/03/2026;71;SEM DINHEIRO/CHEQUE           ;   ;emerson.al ;20:17
020597                            ;27/03/2026;    ;310458;003;    ;0030164;RESTAURANTE CABANA                                ;(07)59709-8205 ;020;207;SJQ5E98;     109,50;    0,30;27/03/2026;71;SEM DINHEIRO/CHEQUE           ;   ;emerson.al ;20:05
020597                            ;27/03/2026;    ;310472;003;    ;0018617;CUPIM DO DODO                                     ;(75)99893-1268 ;020;209;SJQ5E98;     119,49;    0,12;27/03/2026;71;SEM DINHEIRO/CHEQUE           ;   ;emerson.al ;20:05
020599                            ;27/03/2026;    ;310559;003;    ;0040378;BAR DA CHEGADA                                    ;(75)99857-8589 ;020;206;TMM4F43;     514,18;    0,69;27/03/2026;45;Tempo Insuficiente.           ;   ;emerson.al ;20:46
020599                            ;27/03/2026;    ;310560;003;    ;0040125;BAR E ACOUGUE AMERIC                              ;(07)53333-3333 ;020;206;TMM4F43;     603,75;    0,60;27/03/2026;45;Tempo Insuficiente.           ;   ;emerson.al ;20:46
020599                            ;27/03/2026;    ;310561;003;    ;0018864;BAR DA ELIENE                                     ;(73)99913-2505 ;020;206;TMM4F43;     139,60;    0,16;27/03/2026;45;Tempo Insuficiente.           ;   ;emerson.al ;20:46
020599                            ;27/03/2026;    ;310562;003;    ;0040324;BAR DA 7 IRMAS                                    ;(75)99993-2235 ;020;206;TMM4F43;    1249,30;    1,28;27/03/2026;45;Tempo Insuficiente.           ;   ;emerson.al ;20:47
020599                            ;27/03/2026;    ;310563;003;    ;0040324;BAR DA 7 IRMAS                                    ;(75)99993-2235 ;020;206;TMM4F43;     315,60;    0,37;27/03/2026;45;Tempo Insuficiente.           ;   ;emerson.al ;20:47
020600                            ;27/03/2026;    ;310566;003;    ;0021004;BAR DO CRISPIM                                    ;(75)99842-2435 ;010;103;TMM9J07;     132,80;    0,18;27/03/2026;45;Tempo Insuficiente.           ;   ;emerson.al ;20:12
020600                            ;27/03/2026;    ;310567;003;    ;0084058;BAR DA MORENA                                     ;(75) 9825-1593 ;010;110;TMM9J07;     952,77;    1,81;27/03/2026;45;Tempo Insuficiente.           ;   ;emerson.al ;20:12
020600                            ;27/03/2026;    ;310581;003;    ;0082543;CARRANCA                                          ;(75)98135-0710 ;010;105;TMM9J07;     179,41;    0,27;27/03/2026;72;PDV FECHADO (HORARIO COM.)    ;   ;emerson.al ;20:12
020600                            ;27/03/2026;    ;310594;003;    ;0091255;CANTINHO DA JOILDA                                ;(75)99958-0094 ;010;105;TMM9J07;      89,02;    0,07;27/03/2026;58;Carga Errada                  ;   ;emerson.al ;20:12
020601                            ;27/03/2026;    ;310624;003;    ;0019450;FACE BURGUER BEBIDAS                              ;(75)99936-4808 ;010;107;TMM5E06;     185,72;    0,18;28/03/2026;72;PDV FECHADO (HORARIO COM.)    ;   ;romario.al ;13:44
020602                            ;27/03/2026;    ;310699;003;    ;0020828;RM GUERREIROS                                     ;(75)99872-1253 ;020;207;SKB4I83;       6,67;    0,01;27/03/2026;58;Carga Errada                  ;   ;tailan.al  ;15:24
020604                            ;27/03/2026;    ;310732;003;    ;0082385;BAR DO TITO                                       ;(71)99920-4625 ;010;108;PJX0435;     177,50;    0,21;27/03/2026;71;SEM DINHEIRO/CHEQUE           ;   ;tailan.al  ;17:33
020604                            ;27/03/2026;    ;310754;003;    ;0048250;FaSNIX KA                                         ;(75)99954-2620 ;010;108;PJX0435;     131,57;    0,30;27/03/2026;71;SEM DINHEIRO/CHEQUE           ;   ;tailan.al  ;17:33
020605                            ;27/03/2026;    ;310770;003;    ;0083480;PEQUENO COMERCI                                   ;(75)99941-2434 ;010;107;SJQ1F85;    1334,18;    1,34;28/03/2026;87;TEMPO INSUFICIENTE            ;   ;jose.al    ;19:55
020605                            ;27/03/2026;    ;310771;003;    ;0083480;PEQUENO COMERCI                                   ;(75)99941-2434 ;010;107;SJQ1F85;     127,91;    0,47;28/03/2026;87;TEMPO INSUFICIENTE            ;   ;jose.al    ;19:55
020605                            ;27/03/2026;    ;310772;003;    ;0020487;BAR DO BARBOSA                                    ;(75)99924-4915 ;010;107;SJQ1F85;    1912,99;    1,86;28/03/2026;87;TEMPO INSUFICIENTE            ;   ;jose.al    ;19:54
020607                            ;27/03/2026;    ;310045;003;    ;0050718;BAR DO CLOVIS                                     ;(07)59819-8438 ;020;204;SJQ5B35;     297,77;    0,32;28/03/2026;72;PDV FECHADO (HORARIO COM.)    ;   ;emerson.al ;02:31
020629                            ;27/03/2026;    ;310786;003;    ;0019399;ATOS HENRIQUE                                     ;(75)98307-4135 ;090;992;MSG0C01;      47,90;    0,04;30/03/2026;03;Devolucao NFe                 ;   ;romario.al ;15:17
020646                            ;28/03/2026;    ;310915;003;    ;0021172;BAR DA MARIA                                      ;(71)99320-3195 ;010;109;SJQ5B35;     147,70;    0,14;28/03/2026;72;PDV FECHADO (HORARIO COM.)    ;   ;jose.al    ;19:31
020646                            ;28/03/2026;    ;310916;003;    ;0021172;BAR DA MARIA                                      ;(71)99320-3195 ;010;109;SJQ5B35;      24,00;    0,02;28/03/2026;72;PDV FECHADO (HORARIO COM.)    ;   ;jose.al    ;19:31
020647                            ;28/03/2026;    ;310959;003;    ;0055245;PADARIA DANIEL                                    ;(75)98128-6007 ;010;106;SJQ7E10;     427,62;    0,75;28/03/2026;86;HORARIO DE ENTREGA            ;   ;jose.al    ;19:32
020650                            ;28/03/2026;    ;311081;003;    ;0020715;PINNGO DISTRIBUIDORA                              ;(75)99885-1894 ;030;306;SJQ0A82;    2325,85;    2,02;28/03/2026;53;PROD PROXIMO VENCIM. COMERCIAL;   ;romario.al ;16:35
020650                            ;28/03/2026;    ;311082;003;    ;0020715;PINNGO DISTRIBUIDORA                              ;(75)99885-1894 ;030;306;SJQ0A82;     119,84;    0,04;28/03/2026;53;PROD PROXIMO VENCIM. COMERCIAL;   ;romario.al ;16:37
020650                            ;28/03/2026;    ;311084;003;    ;0020246;JÁ TÔ INDO                                        ;(75)98355-4283 ;010;111;SJQ0A82;     159,90;    0,14;28/03/2026;41;Sem Vasilhame.                ;   ;romario.al ;16:33
020651                            ;28/03/2026;    ;311095;003;    ;0055864;BAR DA BEATRIZ                                    ;(75)98135-0376 ;010;102;SKS9J44;     142,06;    0,14;30/03/2026;72;PDV FECHADO (HORARIO COM.)    ;   ;jose.al    ;19:16
020651                            ;28/03/2026;    ;311128;003;    ;0026872;ENCONTRO DOS AMIGOS                               ;(75)98343-1939 ;010;102;SKS9J44;     101,58;    0,13;30/03/2026;71;SEM DINHEIRO/CHEQUE           ;   ;jose.al    ;19:16
020651                            ;28/03/2026;    ;311129;003;    ;0026872;ENCONTRO DOS AMIGOS                               ;(75)98343-1939 ;010;102;SKS9J44;      16,10;    0,06;30/03/2026;71;SEM DINHEIRO/CHEQUE           ;   ;jose.al    ;19:16
020653                            ;28/03/2026;    ;311170;003;    ;0083427;BAR SAO SEBASTIAO                                 ;(75)99812-5357 ;010;110;TMM3F04;     341,38;    0,45;30/03/2026;23;(C)Pedidos duplicados         ;   ;jose.al    ;19:18
020654                            ;28/03/2026;    ;311217;003;    ;0040422;BAR DO CHICAO                                     ;(07)59902-3930 ;020;206;SKS7B90;     129,90;    0,14;30/03/2026;33;Nao Fez Pedido                ;   ;romario.al ;13:58
020655                            ;28/03/2026;    ;311268;003;    ;0023775;ZE MIRIN                                          ;(75)99945-2424 ;010;110;TMM9J07;     528,29;    0,65;28/03/2026;72;PDV FECHADO (HORARIO COM.)    ;   ;jose.al    ;19:31
020656                            ;28/03/2026;    ;311292;003;    ;0050210;BAR DA NEA                                        ;(07)59846-2576 ;020;209;SKB4I83;     181,11;    0,21;28/03/2026;71;SEM DINHEIRO/CHEQUE           ;   ;romario.al ;17:24
020656                            ;28/03/2026;    ;311305;003;    ;0021035;DEPOSITO DA PRACA                                 ;(71)99276-7710 ;020;204;SKB4I83;     394,28;    0,45;28/03/2026;70;CLIENTE CANCELOU              ;   ;romario.al ;17:25
020676                            ;30/03/2026;    ;311470;003;    ;0060048;MERCADINHO RODRIGUES                              ;(09)99999-9999 ;020;208;TMM5E06;     329,43;    1,23;31/03/2026;45;Tempo Insuficiente.           ;   ;tailan.al  ;08:43
020676                            ;30/03/2026;    ;311471;003;    ;0060048;MERCADINHO RODRIGUES                              ;(09)99999-9999 ;020;208;TMM5E06;      28,80;    0,04;31/03/2026;45;Tempo Insuficiente.           ;   ;tailan.al  ;08:43
020676                            ;30/03/2026;    ;311472;003;    ;0060048;MERCADINHO RODRIGUES                              ;(09)99999-9999 ;020;208;TMM5E06;       9,12;    0,02;31/03/2026;45;Tempo Insuficiente.           ;   ;tailan.al  ;08:43
020676                            ;30/03/2026;    ;311482;003;    ;0060886;BAR DOS AMIGOS                                    ;(07)19628-4333 ;020;208;TMM5E06;     143,16;    0,07;31/03/2026;45;Tempo Insuficiente.           ;   ;tailan.al  ;08:41
020676                            ;30/03/2026;    ;311483;003;    ;0060886;BAR DOS AMIGOS                                    ;(07)19628-4333 ;020;208;TMM5E06;       6,88;    0,01;31/03/2026;45;Tempo Insuficiente.           ;   ;tailan.al  ;08:41
020676                            ;30/03/2026;    ;311486;003;    ;0060439;BARRACA DA NANNA                                  ;(74)99922-2351 ;020;208;TMM5E06;     108,30;    0,26;31/03/2026;45;Tempo Insuficiente.           ;   ;tailan.al  ;08:42
020676                            ;30/03/2026;    ;311505;003;    ;0019265;JÚLIO CESA                                        ;(71)99669-0449 ;020;208;TMM5E06;     116,17;    0,07;31/03/2026;55;QUALIDADE DO PRODUTO          ;   ;tailan.al  ;08:42
020676                            ;30/03/2026;    ;311506;003;    ;0019265;JÚLIO CESA                                        ;(71)99669-0449 ;020;208;TMM5E06;     117,95;    0,07;31/03/2026;55;QUALIDADE DO PRODUTO          ;   ;tailan.al  ;08:42
020678                            ;30/03/2026;    ;311529;003;    ;0018503;BAR DO VICTOR                                     ;(75)99885-0290 ;020;203;SKS3C50;     277,50;    0,34;31/03/2026;71;SEM DINHEIRO/CHEQUE           ;   ;tailan.al  ;14:33
020678                            ;30/03/2026;    ;311530;003;    ;0018503;BAR DO VICTOR                                     ;(75)99885-0290 ;020;203;SKS3C50;       6,88;    0,01;31/03/2026;71;SEM DINHEIRO/CHEQUE           ;   ;tailan.al  ;14:33
020679                            ;30/03/2026;    ;311584;003;    ;0050347;DISTRIBUIDORA TIMBO                               ;(75)99806-9693 ;030;304;SJQ0C73;    1719,54;    0,61;31/03/2026;71;SEM DINHEIRO/CHEQUE           ;   ;jose.al    ;02:47
020680                            ;30/03/2026;    ;311626;003;    ;0026606;BAR E REST DO PIU                                 ;(75)98110-1784 ;010;103;SJQ8D11;     529,82;    0,60;30/03/2026;71;SEM DINHEIRO/CHEQUE           ;   ;jose.al    ;19:20
020680                            ;30/03/2026;    ;311627;003;    ;0026606;BAR E REST DO PIU                                 ;(75)98110-1784 ;010;103;SJQ8D11;     281,50;    0,27;30/03/2026;71;SEM DINHEIRO/CHEQUE           ;   ;jose.al    ;19:20
020682                            ;30/03/2026;    ;311680;003;    ;0051258;BIROSCA                                           ;(75)99897-3609 ;010;102;SJQ4A23;     103,68;    0,13;30/03/2026;64;SEM VASILHAME                 ;   ;jose.al    ;19:24
020682                            ;30/03/2026;    ;311682;003;    ;0051258;BIROSCA                                           ;(75)99897-3609 ;010;102;SJQ4A23;      18,13;    0,07;30/03/2026;64;SEM VASILHAME                 ;   ;jose.al    ;19:24
020683                            ;30/03/2026;    ;311723;003;    ;0019039;COMPRE BEM R DO                                   ;(75)99946-8968 ;030;305;SJQ0A82;    2794,85;    2,31;30/03/2026;64;SEM VASILHAME                 ;   ;jose.al    ;19:21
020685                            ;30/03/2026;    ;311756;003;    ;0019796;BAR BARACK OBAMA                                  ;(75)99964-6447 ;010;110;SJQ5E98;     955,09;    1,05;30/03/2026;87;TEMPO INSUFICIENTE            ;   ;jose.al    ;20:02
020685                            ;30/03/2026;    ;311765;003;    ;0083216;DINALVA BAR                                       ;(75)99874-0393 ;010;103;SJQ5E98;     399,26;    0,57;30/03/2026;87;TEMPO INSUFICIENTE            ;   ;jose.al    ;20:03
020685                            ;30/03/2026;    ;311766;003;    ;0083216;DINALVA BAR                                       ;(75)99874-0393 ;010;103;SJQ5E98;       2,28;    0,00;30/03/2026;87;TEMPO INSUFICIENTE            ;   ;jose.al    ;20:03
020685                            ;30/03/2026;    ;311769;003;    ;0020373;JD SERVICOS LTDA                                  ;(75)99877-8595 ;010;103;SJQ5E98;     140,09;    0,30;30/03/2026;87;TEMPO INSUFICIENTE            ;   ;jose.al    ;20:03
020688                            ;30/03/2026;    ;311863;003;    ;0051167;PONTO DO ROBERTO                                  ;(75)99831-9618 ;010;107;TMM4F43;      69,12;    0,14;30/03/2026;71;SEM DINHEIRO/CHEQUE           ;   ;romario.al ;16:57
020689                            ;30/03/2026;    ;311885;003;    ;0044998;POINT DO FEIJa O75                                ;(71)98864-0887 ;010;111;TMM9J07;     107,80;    0,13;30/03/2026;71;SEM DINHEIRO/CHEQUE           ;   ;jose.al    ;19:47
020689                            ;30/03/2026;    ;311901;003;    ;0033905;LANCHES BAR                                       ;(75)98821-6479 ;010;111;TMM9J07;      94,27;    0,24;30/03/2026;71;SEM DINHEIRO/CHEQUE           ;   ;jose.al    ;19:47
020690                            ;30/03/2026;    ;311913;003;    ;0030032;PAN E LANC KIPAO                                  ;(75)99875-4813 ;020;202;SKB4I83;     356,89;    0,63;30/03/2026;71;SEM DINHEIRO/CHEQUE           ;   ;romario.al ;17:53
020690                            ;30/03/2026;    ;311932;003;    ;0020624;BAR DO JAIR                                       ;(75)99999-9999 ;020;207;SKB4I83;     151,62;    0,09;30/03/2026;71;SEM DINHEIRO/CHEQUE           ;   ;romario.al ;17:53
020690                            ;30/03/2026;    ;311933;003;    ;0018736;PIZZARIA DEGUSTE                                  ;(75)99935-3790 ;020;207;SKB4I83;     315,84;    0,76;30/03/2026;72;PDV FECHADO (HORARIO COM.)    ;   ;romario.al ;17:52
020691                            ;30/03/2026;    ;311956;003;    ;0018685;BAR DA ZELITA                                     ;(71)99633-4153 ;010;108;PJX0435;     219,90;    0,22;30/03/2026;72;PDV FECHADO (HORARIO COM.)    ;   ;jose.al    ;19:15
020691                            ;30/03/2026;    ;311966;003;    ;0084187;CASA DA BE                                        ;(71)99612-2361 ;010;109;PJX0435;      15,23;    0,00;30/03/2026;71;SEM DINHEIRO/CHEQUE           ;   ;jose.al    ;19:15
020691                            ;30/03/2026;    ;311994;003;    ;0032849;DEPOSITO J K SOARES                               ;(71)99717-8368 ;030;306;PJX0435;     427,96;    0,40;30/03/2026;71;SEM DINHEIRO/CHEQUE           ;   ;jose.al    ;19:14
020692                            ;30/03/2026;    ;311996;003;    ;0052350;SOUZA SUPERMERCADO                                ;(75)99833-4776 ;030;305;SKB4I83;    1190,08;    0,75;30/03/2026;86;HORARIO DE ENTREGA            ;   ;jose.al    ;22:17
020692                            ;30/03/2026;    ;311997;003;    ;0052350;SOUZA SUPERMERCADO                                ;(75)99833-4776 ;030;305;SKB4I83;     294,15;    0,46;30/03/2026;86;HORARIO DE ENTREGA            ;   ;jose.al    ;22:17
020692                            ;30/03/2026;    ;311998;003;    ;0018551;PANIFICACAO CENTRAL                               ;(75)99902-3729 ;010;111;SKB4I83;     885,74;    1,32;30/03/2026;86;HORARIO DE ENTREGA            ;   ;jose.al    ;22:18
020692                            ;30/03/2026;    ;311999;003;    ;0018551;PANIFICACAO CENTRAL                               ;(75)99902-3729 ;010;111;SKB4I83;      95,88;    0,03;30/03/2026;86;HORARIO DE ENTREGA            ;   ;jose.al    ;22:18
020692                            ;30/03/2026;    ;312002;003;    ;0018495;DEPOSITO PETROLAR                                 ;(75)99938-8473 ;010;107;SKB4I83;     463,98;    0,62;30/03/2026;72;PDV FECHADO (HORARIO COM.)    ;   ;jose.al    ;22:19
020692                            ;30/03/2026;    ;312004;003;    ;0082799;BAR SILVA GENI                                    ;(75) 9811-3671 ;010;105;SKB4I83;     662,80;    0,82;30/03/2026;72;PDV FECHADO (HORARIO COM.)    ;   ;jose.al    ;22:18
020692                            ;30/03/2026;    ;312005;003;    ;0082799;BAR SILVA GENI                                    ;(75) 9811-3671 ;010;105;SKB4I83;      28,80;    0,04;30/03/2026;72;PDV FECHADO (HORARIO COM.)    ;   ;jose.al    ;22:18
020692                            ;30/03/2026;    ;312006;003;    ;0091255;CANTINHO DA JOILDA                                ;(75)99958-0094 ;010;105;SKB4I83;     224,60;    0,30;30/03/2026;72;PDV FECHADO (HORARIO COM.)    ;   ;jose.al    ;22:18
020692                            ;30/03/2026;    ;312009;003;    ;0018771;MERCADINHO PONTO DO                               ;(75)99826-5400 ;010;105;SKB4I83;     821,78;    1,08;30/03/2026;72;PDV FECHADO (HORARIO COM.)    ;   ;jose.al    ;22:17
020694                            ;30/03/2026;    ;311400;003;    ;0050309;JP DISTRIBUIDORA DE                               ;(75)59904-3903 ;030;304;SJQ3B12;     239,60;    0,15;30/03/2026;71;SEM DINHEIRO/CHEQUE           ;   ;jose.al    ;21:15
020694                            ;30/03/2026;    ;311430;003;    ;0050242;DISTRIBUIDORA MELO                                ;(75)99800-1437 ;030;304;SJQ3B12;    5825,00;    0,00;30/03/2026;32;ENTREGA ATRASADA (BUFFER)     ;   ;jose.al    ;21:19
020704                            ;30/03/2026;    ;312016;003;    ;0019039;COMPRE BEM R DO                                   ;(75)99946-8968 ;030;305;MSG0C01;     112,80;    0,00;31/03/2026;08;Mapa nao carregado / nao canc.;   ;tailan.al  ;17:16
020731                            ;31/03/2026;    ;312119;003;    ;0030057;REST MINEIRO                                      ;(75)99991-3786 ;020;202;SKS5C26;      34,26;    0,00;02/04/2026;72;PDV FECHADO (HORARIO COM.)    ;   ;romario.al ;02:04
020731                            ;31/03/2026;    ;312120;003;    ;0030057;REST MINEIRO                                      ;(75)99991-3786 ;020;202;SKS5C26;     138,49;    0,15;02/04/2026;72;PDV FECHADO (HORARIO COM.)    ;   ;romario.al ;02:05
020731                            ;31/03/2026;    ;312121;003;    ;0030142;PIZZARIA BELA PIZZA                               ;(07)53429-0000 ;020;202;SKS5C26;     104,28;    0,24;02/04/2026;65;NAO FEZ PEDIDO                ;   ;romario.al ;02:06
020731                            ;31/03/2026;    ;312125;003;    ;0030377;DEPOSITO GOMES                                    ;(75)99959-9176 ;020;202;SKS5C26;     103,58;    0,14;02/04/2026;86;HORARIO DE ENTREGA            ;   ;romario.al ;02:06
020731                            ;31/03/2026;    ;312126;003;    ;0030377;DEPOSITO GOMES                                    ;(75)99959-9176 ;020;202;SKS5C26;    2108,91;    2,12;02/04/2026;86;HORARIO DE ENTREGA            ;   ;romario.al ;02:08
020732                            ;31/03/2026;    ;312160;003;    ;0019616;PARADA OBRIGATÓRIA                                ;(71)99699-5037 ;020;208;SKS9J44;     249,50;    0,60;02/04/2026;58;Carga Errada                  ;   ;romario.al ;03:23
020732                            ;31/03/2026;    ;312164;003;    ;0019936;FERREIRA FIGUEIREDO                               ;(71)99644-7793 ;020;208;SKS9J44;     126,03;    0,28;02/04/2026;72;PDV FECHADO (HORARIO COM.)    ;   ;romario.al ;03:24
020732                            ;31/03/2026;    ;312204;003;    ;0060369;QUIOSK CANTO DA SERE                              ;(07)19711-5681 ;020;208;SKS9J44;     465,70;    0,43;02/04/2026;72;PDV FECHADO (HORARIO COM.)    ;   ;romario.al ;03:24
020732                            ;31/03/2026;    ;312205;003;    ;0060369;QUIOSK CANTO DA SERE                              ;(07)19711-5681 ;020;208;SKS9J44;      46,70;    0,06;02/04/2026;72;PDV FECHADO (HORARIO COM.)    ;   ;romario.al ;03:20
020732                            ;31/03/2026;    ;312206;003;    ;0060369;QUIOSK CANTO DA SERE                              ;(07)19711-5681 ;020;208;SKS9J44;      22,40;    0,00;02/04/2026;72;PDV FECHADO (HORARIO COM.)    ;   ;romario.al ;03:21
020732                            ;31/03/2026;    ;312209;003;    ;0060666;BARRACA CURISCO                                   ;(75)99843-2585 ;020;208;SKS9J44;     335,00;    0,64;02/04/2026;71;SEM DINHEIRO/CHEQUE           ;   ;romario.al ;03:25
020732                            ;31/03/2026;    ;312210;003;    ;0060666;BARRACA CURISCO                                   ;(75)99843-2585 ;020;208;SKS9J44;      76,64;    0,00;02/04/2026;71;SEM DINHEIRO/CHEQUE           ;   ;romario.al ;03:25
020735                            ;31/03/2026;    ;312269;003;    ;0020782;COMPRE BEM CARDEAL                                ;(75) 9946-8968 ;030;305;SKS3C50;    1510,40;    1,38;01/04/2026;86;HORARIO DE ENTREGA            ;   ;emerson.al ;01:07
020735                            ;31/03/2026;    ;312278;003;    ;0020044;COMPRE BEM CARDEAL                                ;(75) 9946-8968 ;030;305;SKS3C50;    4359,20;    4,14;01/04/2026;86;HORARIO DE ENTREGA            ;   ;emerson.al ;01:07
020736                            ;31/03/2026;    ;312296;003;    ;0029052;MERCADINHO DO ZEINHO                              ;(75)98142-7763 ;030;305;SJQ5B35;     826,88;    0,82;31/03/2026;87;TEMPO INSUFICIENTE            ;   ;emerson.al ;20:06
020736                            ;31/03/2026;    ;312297;003;    ;0029052;MERCADINHO DO ZEINHO                              ;(75)98142-7763 ;030;305;SJQ5B35;    3010,20;    4,00;31/03/2026;87;TEMPO INSUFICIENTE            ;   ;emerson.al ;20:07
020736                            ;31/03/2026;    ;312298;003;    ;0029052;MERCADINHO DO ZEINHO                              ;(75)98142-7763 ;030;305;SJQ5B35;      42,39;    0,06;31/03/2026;87;TEMPO INSUFICIENTE            ;   ;emerson.al ;20:07
020739                            ;31/03/2026;    ;312379;003;    ;0018875;DELIVERY DO MR                                    ;(75)98177-3778 ;010;106;SJQ7E10;     304,51;    0,38;31/03/2026;72;PDV FECHADO (HORARIO COM.)    ;   ;emerson.al ;19:34
020739                            ;31/03/2026;    ;312380;003;    ;0018875;DELIVERY DO MR                                    ;(75)98177-3778 ;010;106;SJQ7E10;      34,26;    0,04;31/03/2026;72;PDV FECHADO (HORARIO COM.)    ;   ;emerson.al ;19:34
020741                            ;31/03/2026;    ;312448;003;    ;0020227;SUPERMERCADO MAIS OP                              ;(75)98112-7425 ;030;305;SKS7B90;    1852,40;    2,79;01/04/2026;42;Produto/Quantidade Errada     ;   ;jose.al    ;18:47
020741                            ;31/03/2026;    ;312449;003;    ;0028346;BAR DO BAGO MOLE                                  ;(75)98218-0502 ;010;103;SKS7B90;     294,26;    0,21;01/04/2026;72;PDV FECHADO (HORARIO COM.)    ;   ;jose.al    ;18:48
020741                            ;31/03/2026;    ;312476;003;    ;0035401;KIOSQUE DAS IRMAS                                 ;(75)98263-5074 ;010;102;SKS7B90;     633,03;    0,76;01/04/2026;72;PDV FECHADO (HORARIO COM.)    ;   ;jose.al    ;18:48
020742                            ;31/03/2026;    ;312510;003;    ;0082833;BAR DA RITA                                       ;(71)99738-0569 ;010;109;SJQ5E98;      25,11;    0,01;01/04/2026;71;SEM DINHEIRO/CHEQUE           ;   ;jose.al    ;12:18
020742                            ;31/03/2026;    ;312511;003;    ;0082833;BAR DA RITA                                       ;(71)99738-0569 ;010;109;SJQ5E98;     135,44;    0,29;01/04/2026;71;SEM DINHEIRO/CHEQUE           ;   ;jose.al    ;12:17
020743                            ;31/03/2026;    ;312533;003;    ;0060404;BAR DOS AMIGOS                                    ;(75)99892-3967 ;020;201;TMM3F04;     297,07;    0,45;31/03/2026;87;TEMPO INSUFICIENTE            ;   ;emerson.al ;19:54
020743                            ;31/03/2026;    ;312534;003;    ;0020262;BAR AMBRÓSIO DOMINÓ                               ;(75)99714-3676 ;020;201;TMM3F04;     300,32;    0,51;31/03/2026;87;TEMPO INSUFICIENTE            ;   ;emerson.al ;19:54
020743                            ;31/03/2026;    ;312535;003;    ;0020262;BAR AMBRÓSIO DOMINÓ                               ;(75)99714-3676 ;020;201;TMM3F04;      68,70;    0,03;31/03/2026;87;TEMPO INSUFICIENTE            ;   ;emerson.al ;19:55
020743                            ;31/03/2026;    ;312536;003;    ;0019497;BAR E REST VOLANTE                                ;(75)99988-6810 ;020;201;TMM3F04;     398,28;    0,57;31/03/2026;87;TEMPO INSUFICIENTE            ;   ;emerson.al ;19:55
020743                            ;31/03/2026;    ;312537;003;    ;0019497;BAR E REST VOLANTE                                ;(75)99988-6810 ;020;201;TMM3F04;     111,34;    0,17;31/03/2026;87;TEMPO INSUFICIENTE            ;   ;emerson.al ;19:55
020743                            ;31/03/2026;    ;312550;003;    ;0030003;MERCEARIA LEITE                                   ;(75)99857-3244 ;020;207;TMM3F04;      25,00;    0,02;31/03/2026;50;CARGA ERRADA ARMAZEM          ;   ;emerson.al ;19:53
020743                            ;31/03/2026;    ;312567;003;    ;0040036;BAR MARAVILHA                                     ;(75)99923-2554 ;020;203;TMM3F04;    1690,74;    1,70;31/03/2026;73;FALTA DE ATIVOS DE GIRO       ;   ;emerson.al ;19:53
020743                            ;31/03/2026;    ;312568;003;    ;0040036;BAR MARAVILHA                                     ;(75)99923-2554 ;020;203;TMM3F04;     199,15;    0,20;31/03/2026;73;FALTA DE ATIVOS DE GIRO       ;   ;emerson.al ;19:53
020743                            ;31/03/2026;    ;312576;003;    ;0019238;ARENA DEPOSITO                                    ;(75)99963-8412 ;020;201;TMM3F04;    2721,58;    3,77;31/03/2026;87;TEMPO INSUFICIENTE            ;   ;emerson.al ;19:54
020743                            ;31/03/2026;    ;312577;003;    ;0019238;ARENA DEPOSITO                                    ;(75)99963-8412 ;020;201;TMM3F04;      80,50;    0,30;31/03/2026;87;TEMPO INSUFICIENTE            ;   ;emerson.al ;19:54
020743                            ;31/03/2026;    ;312578;003;    ;0040473;PARADA OBRIGATO                                   ;(75)99929-9505 ;020;201;TMM3F04;    2284,36;    1,79;31/03/2026;87;TEMPO INSUFICIENTE            ;   ;emerson.al ;19:55
020745                            ;31/03/2026;    ;312626;003;    ;0038382;JEANE MERCADINHO                                  ;(75)98312-4143 ;010;110;TMM9J07;      53,90;    0,06;31/03/2026;02;Sem Vasilhame Ambev           ;   ;emerson.al ;19:22
020748                            ;31/03/2026;    ;312710;003;    ;0053499;BARRACA ALTAS HORAS                               ;(75)98116-7498 ;010;105;SKB4I83;     144,40;    0,18;31/03/2026;34;Pedido Duplicado              ;   ;tailan.al  ;15:52
020748                            ;31/03/2026;    ;312719;003;    ;0019237;MERC O BOM PRECO                                  ;(75)99940-4646 ;030;306;SKB4I83;     275,51;    0,43;31/03/2026;47;Dificil Acesso                ;   ;tailan.al  ;15:52
020750                            ;31/03/2026;    ;312792;003;    ;0018781;ESTELA PADARIA                                    ;(75)99915-7671 ;010;111;SKB4I83;     156,01;    0,33;01/04/2026;72;PDV FECHADO (HORARIO COM.)    ;   ;emerson.al ;23:39
020750                            ;31/03/2026;    ;312795;003;    ;0089134;BAR FRANGO ASADO                                  ;(75) 9968-2367 ;010;105;SKB4I83;     262,36;    0,36;01/04/2026;72;PDV FECHADO (HORARIO COM.)    ;   ;emerson.al ;23:39
020752                            ;31/03/2026;    ;312218;003;    ;0023500;BAR DO ZE LUIZ                                    ;(75)99856-2565 ;010;104;SKS2H93;     523,76;    0,63;31/03/2026;72;PDV FECHADO (HORARIO COM.)    ;   ;emerson.al ;21:21
