Mapa                     ;Data;Unb Nota;Nota;Serie;Unb Cliente;Cod. Cliente;Nome Cliente;Telefone;Area;Setor;Placa;Valor;Volume;Data Devol.;Cod. Motivo;Desc. Motivo;Orig. Pedido;Usuario;Hora 
001056                            ;03/07/2024;    ;000046;003;    ;0056232;DEPOSITO DO TICaO SE                              ;(75)98280-3075 ;040;405;SJQ0E61;     305,08;    0,12;03/07/2024;39;Cliente Cancelou.             ;   ;darlan     ;18:05
001060                            ;04/07/2024;    ;000067;003;    ;0032803;MARIANE SANTOS CARVA                              ;(75)99251-1010 ;030;301;SJQ9G53;    3600,00;    4,03;05/07/2024;45;Tempo Insuficiente.           ;   ;celia      ;09:55
001060                            ;04/07/2024;    ;000076;003;    ;0035540;BAR DO GALEGO                                     ;(75)99999-3486 ;040;405;SJQ9G53;     266,10;    0,61;05/07/2024;45;Tempo Insuficiente.           ;   ;celia      ;09:55
001060                            ;04/07/2024;    ;000077;003;    ;0035540;BAR DO GALEGO                                     ;(75)99999-3486 ;040;405;SJQ9G53;     586,08;    0,72;05/07/2024;45;Tempo Insuficiente.           ;   ;celia      ;09:55
001060                            ;04/07/2024;    ;000084;003;    ;0085573;GIL BAR                                           ;               ;040;410;SJQ9G53;    1681,32;    1,59;05/07/2024;45;Tempo Insuficiente.           ;   ;celia      ;09:55
001061                            ;04/07/2024;    ;000094;003;    ;0020086;SUPERMERCADO FAZENDA                              ;(75)98107-2752 ;040;413;SJQ2B64;     224,82;    0,64;05/07/2024;45;Tempo Insuficiente.           ;   ;celia      ;09:53
001061                            ;04/07/2024;    ;000095;003;    ;0020233;DEPOSITO NANA BALA                                ;(75)98196-7184 ;040;412;SJQ2B64;    1932,10;    2,94;05/07/2024;45;Tempo Insuficiente.           ;   ;celia      ;09:53
001061                            ;04/07/2024;    ;000096;003;    ;0020134;JJ DEPOSITO DE BEBID                              ;(07)53261-2301 ;040;413;SJQ2B64;     711,42;    1,85;05/07/2024;45;Tempo Insuficiente.           ;   ;celia      ;09:53
001061                            ;04/07/2024;    ;000097;003;    ;0023207;DEPOSITO DE SUZARTH                               ;(75)98193-9388 ;040;413;SJQ2B64;    4647,72;    7,38;05/07/2024;45;Tempo Insuficiente.           ;   ;celia      ;09:53
001061                            ;04/07/2024;    ;000098;003;    ;0020419;MINE MERCEARIA LIMA                               ;(07)58197-1939 ;040;413;SJQ2B64;     380,84;    0,75;05/07/2024;45;Tempo Insuficiente.           ;   ;celia      ;09:53
001061                            ;04/07/2024;    ;000099;003;    ;0020200;ESPACO DA DRICA                                   ;(07)58251-1819 ;040;413;SJQ2B64;     351,00;    0,41;05/07/2024;45;Tempo Insuficiente.           ;   ;celia      ;09:53
001061                            ;04/07/2024;    ;000100;003;    ;0028735;MERCADO JAS                                       ;(75)98172-8122 ;040;412;SJQ2B64;     474,78;    1,13;05/07/2024;45;Tempo Insuficiente.           ;   ;celia      ;09:53
001061                            ;04/07/2024;    ;000101;003;    ;0020437;ACARAJE DA NILDES                                 ;(07)58130-5129 ;040;413;SJQ2B64;     179,59;    0,24;05/07/2024;45;Tempo Insuficiente.           ;   ;celia      ;09:53
001061                            ;04/07/2024;    ;000102;003;    ;0020705;MERCEARIA ITABAIANA                               ;(07)59845-7774 ;040;413;SJQ2B64;     170,55;    0,37;05/07/2024;45;Tempo Insuficiente.           ;   ;celia      ;09:53
001061                            ;04/07/2024;    ;000103;003;    ;0020724;MERCERIA DO BENCA                                 ;               ;040;413;SJQ2B64;     523,00;    1,20;05/07/2024;45;Tempo Insuficiente.           ;   ;celia      ;09:53
001061                            ;04/07/2024;    ;000104;003;    ;0020306;MERCEARIA DA ELIANA                               ;(07)18292-0096 ;040;413;SJQ2B64;     119,70;    0,15;05/07/2024;45;Tempo Insuficiente.           ;   ;celia      ;09:53
001061                            ;04/07/2024;    ;000105;003;    ;0086185;MERC SANTO ANTONIO                                ;               ;040;410;SJQ2B64;     168,75;    0,15;05/07/2024;45;Tempo Insuficiente.           ;   ;celia      ;09:52
001063                            ;04/07/2024;    ;000159;003;    ;0086037;CINE PAN BILIGANCHO                               ;(75)98269-5153 ;040;408;SJQ3A28;     943,97;    0,96;05/07/2024;45;Tempo Insuficiente.           ;   ;celia      ;10:11
001063                            ;04/07/2024;    ;000168;003;    ;0091113;MERCADINHO CARVALHO                               ;(75)98110-1467 ;030;302;SJQ3A28;    1302,84;    1,41;05/07/2024;45;Tempo Insuficiente.           ;   ;celia      ;10:11
001064                            ;04/07/2024;    ;000175;003;    ;0033492;MERC FERREIRA                                     ;(75)99288-3018 ;040;401;SJQ4B82;     391,76;    0,64;05/07/2024;45;Tempo Insuficiente.           ;   ;celia      ;09:44
001064                            ;04/07/2024;    ;000176;003;    ;0088863;BAR DO ARIVALDO                                   ;               ;040;401;SJQ4B82;     564,48;    0,69;05/07/2024;45;Tempo Insuficiente.           ;   ;celia      ;09:46
001064                            ;04/07/2024;    ;000179;003;    ;0086549;BAR DO CAMELî                                     ;               ;040;401;SJQ4B82;      49,45;    0,06;05/07/2024;45;Tempo Insuficiente.           ;   ;celia      ;09:48
001064                            ;04/07/2024;    ;000180;003;    ;0049602;JOVINO BAR                                        ;(43)90000-0000 ;040;404;SJQ4B82;    1418,60;    1,86;05/07/2024;45;Tempo Insuficiente.           ;   ;celia      ;09:48
001064                            ;04/07/2024;    ;000181;003;    ;0049602;JOVINO BAR                                        ;(43)90000-0000 ;040;404;SJQ4B82;    1240,90;    1,29;05/07/2024;45;Tempo Insuficiente.           ;   ;celia      ;09:48
001064                            ;04/07/2024;    ;000183;003;    ;0054434;BAR DO FIAPO                                      ;               ;040;404;SJQ4B82;     936,20;    1,16;05/07/2024;45;Tempo Insuficiente.           ;   ;celia      ;09:48
001064                            ;04/07/2024;    ;000184;003;    ;0054434;BAR DO FIAPO                                      ;               ;040;404;SJQ4B82;     143,16;    0,07;05/07/2024;45;Tempo Insuficiente.           ;   ;celia      ;09:48
001064                            ;04/07/2024;    ;000185;003;    ;0024063;DECA DO MACURA                                    ;(75) 9999-9998 ;040;404;SJQ4B82;    1526,06;    1,77;05/07/2024;45;Tempo Insuficiente.           ;   ;celia      ;09:46
001064                            ;04/07/2024;    ;000186;003;    ;0039432;PADARIA SILVA                                     ;(75)99236-1331 ;040;404;SJQ4B82;     574,50;    0,72;05/07/2024;45;Tempo Insuficiente.           ;   ;celia      ;09:48
001064                            ;04/07/2024;    ;000187;003;    ;0039464; ADEGA                                            ;               ;040;404;SJQ4B82;     638,04;    0,90;05/07/2024;45;Tempo Insuficiente.           ;   ;celia      ;09:46
001064                            ;04/07/2024;    ;000188;003;    ;0039464; ADEGA                                            ;               ;040;404;SJQ4B82;    1945,18;    2,88;05/07/2024;45;Tempo Insuficiente.           ;   ;celia      ;09:46
001064                            ;04/07/2024;    ;000189;003;    ;0092272;  BAR DO MEL                                      ;               ;040;404;SJQ4B82;      86,06;    0,08;05/07/2024;45;Tempo Insuficiente.           ;   ;celia      ;09:47
001064                            ;04/07/2024;    ;000190;003;    ;0091927;DEPOSITO                                          ;(75)98219-9615 ;040;404;SJQ4B82;     181,98;    0,15;05/07/2024;45;Tempo Insuficiente.           ;   ;celia      ;09:45
001064                            ;04/07/2024;    ;000191;003;    ;0027614;BAR DO MIRANDINHA                                 ;(75)99961-1374 ;040;404;SJQ4B82;      87,44;    0,08;05/07/2024;45;Tempo Insuficiente.           ;   ;celia      ;09:48
001064                            ;04/07/2024;    ;000193;003;    ;0032433;BAR PANELA CHEIA                                  ;(75) 9245-9346 ;040;401;SJQ4B82;     439,11;    0,55;05/07/2024;45;Tempo Insuficiente.           ;   ;celia      ;09:45
001064                            ;04/07/2024;    ;000194;003;    ;0032433;BAR PANELA CHEIA                                  ;(75) 9245-9346 ;040;401;SJQ4B82;     288,20;    0,28;05/07/2024;45;Tempo Insuficiente.           ;   ;celia      ;09:45
001064                            ;04/07/2024;    ;000195;003;    ;0032433;BAR PANELA CHEIA                                  ;(75) 9245-9346 ;040;401;SJQ4B82;     144,10;    0,14;05/07/2024;45;Tempo Insuficiente.           ;   ;celia      ;09:46
001064                            ;04/07/2024;    ;000196;003;    ;0032433;BAR PANELA CHEIA                                  ;(75) 9245-9346 ;040;401;SJQ4B82;     835,40;    0,86;05/07/2024;45;Tempo Insuficiente.           ;   ;celia      ;09:46
001064                            ;04/07/2024;    ;000205;003;    ;0086572;BAR DO JOAO                                       ;(75)99134-1016 ;040;401;SJQ4B82;     102,38;    0,26;05/07/2024;45;Tempo Insuficiente.           ;   ;celia      ;09:44
001065                            ;04/07/2024;    ;000212;003;    ;0056097;BAR DO CORUJA                                     ;(75)98127-4366 ;040;409;SJQ0E61;    1433,18;    1,40;05/07/2024;45;Tempo Insuficiente.           ;   ;celia      ;09:58
001065                            ;04/07/2024;    ;000222;003;    ;0037369;MERCADINHO ARROZ                                  ;(75)99245-2457 ;040;408;SJQ0E61;     281,60;    0,55;05/07/2024;45;Tempo Insuficiente.           ;   ;celia      ;09:56
001065                            ;04/07/2024;    ;000223;003;    ;0091198;MERCADINHO BARRETO                                ;(75)99254-6329 ;040;408;SJQ0E61;     307,90;    0,35;05/07/2024;45;Tempo Insuficiente.           ;   ;celia      ;09:57
001065                            ;04/07/2024;    ;000224;003;    ;0091198;MERCADINHO BARRETO                                ;(75)99254-6329 ;040;408;SJQ0E61;     128,16;    0,14;05/07/2024;45;Tempo Insuficiente.           ;   ;celia      ;09:57
001065                            ;04/07/2024;    ;000225;003;    ;0052705;BAR DA TINA                                       ;(75)99211-5321 ;040;409;SJQ0E61;      65,00;    0,06;05/07/2024;45;Tempo Insuficiente.           ;   ;celia      ;09:57
001065                            ;04/07/2024;    ;000226;003;    ;0052705;BAR DA TINA                                       ;(75)99211-5321 ;040;409;SJQ0E61;      88,08;    0,24;05/07/2024;45;Tempo Insuficiente.           ;   ;celia      ;09:57
001065                            ;04/07/2024;    ;000227;003;    ;0092623;BAR DA NINA                                       ;(75)99138-3306 ;040;408;SJQ0E61;     353,36;    0,58;05/07/2024;45;Tempo Insuficiente.           ;   ;celia      ;09:57
001065                            ;04/07/2024;    ;000228;003;    ;0092623;BAR DA NINA                                       ;(75)99138-3306 ;040;408;SJQ0E61;     160,72;    0,21;05/07/2024;45;Tempo Insuficiente.           ;   ;celia      ;09:57
001065                            ;04/07/2024;    ;000229;003;    ;0037979;LDP DEP SITO                                      ;(75)99203-9962 ;040;408;SJQ0E61;    1439,50;    1,94;05/07/2024;45;Tempo Insuficiente.           ;   ;celia      ;09:57
001065                            ;04/07/2024;    ;000230;003;    ;0041240;imp©rio bar Nena e                                ;               ;040;409;SJQ0E61;     245,64;    0,33;05/07/2024;45;Tempo Insuficiente.           ;   ;celia      ;09:58
001065                            ;04/07/2024;    ;000232;003;    ;0086669;JJ FRIGORIFICO                                    ;(75)99183-2474 ;040;408;SJQ0E61;     211,40;    0,24;05/07/2024;45;Tempo Insuficiente.           ;   ;celia      ;09:58
001065                            ;04/07/2024;    ;000233;003;    ;0032840;DUKKE DISTRIBUIDORA                               ;(75)99141-7991 ;040;408;SJQ0E61;     144,70;    0,18;05/07/2024;45;Tempo Insuficiente.           ;   ;celia      ;09:57
001065                            ;04/07/2024;    ;000234;003;    ;0087214;BAR SINHO                                         ;(75) 9160-4346 ;040;408;SJQ0E61;     388,48;    0,44;05/07/2024;45;Tempo Insuficiente.           ;   ;celia      ;09:58
001065                            ;04/07/2024;    ;000235;003;    ;0087214;BAR SINHO                                         ;(75) 9160-4346 ;040;408;SJQ0E61;     421,30;    0,43;05/07/2024;45;Tempo Insuficiente.           ;   ;celia      ;09:58
001065                            ;04/07/2024;    ;000236;003;    ;0037529;GRASIELA RODRIGUES C                              ;(75)99110-4813 ;040;408;SJQ0E61;     130,63;    0,24;05/07/2024;45;Tempo Insuficiente.           ;   ;celia      ;09:57
001065                            ;04/07/2024;    ;000237;003;    ;0044225;JMA MERCADINHO                                    ;(75)99113-0572 ;040;409;SJQ0E61;     397,93;    0,60;05/07/2024;45;Tempo Insuficiente.           ;   ;celia      ;09:58
001065                            ;04/07/2024;    ;000238;003;    ;0040032;TERREIRO DO REGGAE                                ;               ;040;409;SJQ0E61;     128,32;    0,36;05/07/2024;45;Tempo Insuficiente.           ;   ;celia      ;09:58
001065                            ;04/07/2024;    ;000248;003;    ;0046037;BEBIDAS E CIA                                     ;(43)90000-0000 ;040;409;SJQ0E61;     682,00;    0,84;05/07/2024;45;Tempo Insuficiente.           ;   ;celia      ;09:58
001066                            ;04/07/2024;    ;000255;003;    ;0023827;BR MANIA                                          ;(75)99190-1348 ;030;303;SJQ4E04;     166,50;    0,21;05/07/2024;45;Tempo Insuficiente.           ;   ;celia      ;10:07
001066                            ;04/07/2024;    ;000256;003;    ;0023827;BR MANIA                                          ;(75)99190-1348 ;030;303;SJQ4E04;     906,08;    0,97;05/07/2024;45;Tempo Insuficiente.           ;   ;celia      ;10:07
001066                            ;04/07/2024;    ;000258;003;    ;0090569;Wedson Mercado                                    ;(75)99843-2908 ;040;402;SJQ4E04;     110,66;    0,10;05/07/2024;45;Tempo Insuficiente.           ;   ;celia      ;10:07
001066                            ;04/07/2024;    ;000262;003;    ;0024987;MERC. JT                                          ;               ;030;303;SJQ4E04;     774,60;    0,55;05/07/2024;45;Tempo Insuficiente.           ;   ;celia      ;10:08
001066                            ;04/07/2024;    ;000263;003;    ;0024987;MERC. JT                                          ;               ;030;303;SJQ4E04;     157,80;    0,24;05/07/2024;45;Tempo Insuficiente.           ;   ;celia      ;10:08
001066                            ;04/07/2024;    ;000268;003;    ;0085937;CESAR BAR                                         ;(75)99283-7119 ;040;402;SJQ4E04;      82,50;    0,08;05/07/2024;45;Tempo Insuficiente.           ;   ;celia      ;10:08
001066                            ;04/07/2024;    ;000269;003;    ;0085937;CESAR BAR                                         ;(75)99283-7119 ;040;402;SJQ4E04;      86,40;    0,07;05/07/2024;45;Tempo Insuficiente.           ;   ;celia      ;10:08
001066                            ;04/07/2024;    ;000270;003;    ;0086445;BOX DA MIRA                                       ;(75) 9132-1884 ;040;402;SJQ4E04;      86,40;    0,07;05/07/2024;45;Tempo Insuficiente.           ;   ;celia      ;10:08
001066                            ;04/07/2024;    ;000272;003;    ;0085805;BAR GUARANY                                       ;               ;040;402;SJQ4E04;     199,02;    0,22;05/07/2024;45;Tempo Insuficiente.           ;   ;celia      ;10:08
001066                            ;04/07/2024;    ;000275;003;    ;0056226;ERREJOTA BAR E PETIS                              ;(75)99803-7041 ;040;402;SJQ4E04;     519,50;    0,55;05/07/2024;45;Tempo Insuficiente.           ;   ;celia      ;10:08
001066                            ;04/07/2024;    ;000276;003;    ;0004512;BAR KALUMBY.                                      ;(71) 0264-2479 ;040;402;SJQ4E04;     377,00;    0,41;05/07/2024;45;Tempo Insuficiente.           ;   ;celia      ;10:08
001066                            ;04/07/2024;    ;000277;003;    ;0032676;GENIEL DE ARAUJO SAN                              ;(75)98228-4345 ;040;402;SJQ4E04;     216,60;    0,27;05/07/2024;45;Tempo Insuficiente.           ;   ;celia      ;10:08
001066                            ;04/07/2024;    ;000278;003;    ;0023934;MERC ASA BRANCA                                   ;(75)99190-2647 ;040;402;SJQ4E04;     224,08;    0,26;05/07/2024;45;Tempo Insuficiente.           ;   ;celia      ;10:08
001075                            ;05/07/2024;    ;000311;003;    ;0023573;MERC POPULAR                                      ;(75)99212-8418 ;040;402;SJQ4E04;    1078,00;    1,38;05/07/2024;82;ENDERECO NAO ENCONTRADO       ;   ;david.al   ;  :17
001076                            ;05/07/2024;    ;000344;003;    ;0050524;PREMIUM DISTRIBUIDOR                              ;(75)99174-6059 ;090;997;SJQ2B64;     423,60;    0,36;05/07/2024;02;Sem Vasilhame Ambev           ;   ;tailan.al  ;18:09
001077                            ;05/07/2024;    ;000350;003;    ;0033755;pizzaria da Simone                                ;(75)99132-5336 ;040;410;SJQ4B82;     270,36;    0,72;05/07/2024;82;ENDERECO NAO ENCONTRADO       ;   ;david.al   ;  :26
001077                            ;05/07/2024;    ;000351;003;    ;0033755;pizzaria da Simone                                ;(75)99132-5336 ;040;410;SJQ4B82;     332,08;    0,73;09/07/2024;51;NF ERRADA                     ;   ;alyson     ;18:49
001077                            ;05/07/2024;    ;000356;003;    ;0085532;RENATO DRINKS                                     ;(75) 8848-8450 ;040;410;SJQ4B82;     336,54;    0,46;09/07/2024;51;NF ERRADA                     ;   ;alyson     ;18:50
001077                            ;05/07/2024;    ;000369;003;    ;0055403; BAR DA VILMA                                     ;               ;040;410;SJQ4B82;     632,36;    0,99;09/07/2024;51;NF ERRADA                     ;   ;alyson     ;18:50
001077                            ;05/07/2024;    ;000370;003;    ;0029504;BAR DE CECiLIA                                    ;(75)99130-4780 ;040;410;SJQ4B82;     367,20;    0,43;05/07/2024;82;ENDERECO NAO ENCONTRADO       ;   ;david.al   ;21:28
001079                            ;05/07/2024;    ;000460;003;    ;0053569;PANELA BAIANA                                     ;(75)99991-8943 ;040;405;SJQ9B48;      39,28;    0,12;05/07/2024;82;ENDERECO NAO ENCONTRADO       ;   ;david.al   ;20:38
001079                            ;05/07/2024;    ;000461;003;    ;0053586;DEPOSITO DO ADILSON                               ;(75)99931-3631 ;040;405;SJQ9B48;     169,50;    0,21;05/07/2024;38;Sem Dinheiro                  ;   ;david.al   ;20:21
001079                            ;05/07/2024;    ;000462;003;    ;0053586;DEPOSITO DO ADILSON                               ;(75)99931-3631 ;040;405;SJQ9B48;     369,60;    1,20;05/07/2024;38;Sem Dinheiro                  ;   ;david.al   ;20:21
001079                            ;05/07/2024;    ;000463;003;    ;0053586;DEPOSITO DO ADILSON                               ;(75)99931-3631 ;040;405;SJQ9B48;     368,58;    0,85;05/07/2024;38;Sem Dinheiro                  ;   ;david.al   ;20:21
001079                            ;05/07/2024;    ;000466;003;    ;0085643;ARMAZEM DO VAL                                    ;(75) 9823-5477 ;040;405;SJQ9B48;     377,30;    0,48;05/07/2024;38;Sem Dinheiro                  ;   ;david.al   ;20:20
001079                            ;05/07/2024;    ;000467;003;    ;0085401;MERC NETO                                         ;(75)99973-6407 ;030;301;SJQ9B48;    1206,11;    1,47;05/07/2024;38;Sem Dinheiro                  ;   ;david.al   ;20:20
001079                            ;05/07/2024;    ;000468;003;    ;0026275;HAVAIANAS DO IU                                   ;(75)99989-0419 ;040;405;SJQ9B48;     589,50;    0,69;05/07/2024;38;Sem Dinheiro                  ;   ;david.al   ;20:19
001079                            ;05/07/2024;    ;000471;003;    ;0050602;CASA DE CARNES JOÉO                               ;               ;030;301;SJQ9B48;     349,00;    0,40;05/07/2024;38;Sem Dinheiro                  ;   ;david.al   ;20:20
001080                            ;05/07/2024;    ;000488;003;    ;0038228;MESTRE DAS PIZZAS                                 ;               ;040;406;SJQ0E61;     477,05;    1,24;05/07/2024;82;ENDERECO NAO ENCONTRADO       ;   ;david.al   ;21:27
001080                            ;05/07/2024;    ;000492;003;    ;0049550;CASA DO SABOR E TALE                              ;(75)99106-8720 ;040;406;SJQ0E61;     174,61;    0,44;05/07/2024;45;Tempo Insuficiente.           ;   ;david.al   ;20:53
001080                            ;05/07/2024;    ;000493;003;    ;0085402;CA MERC E AB SERTANE                              ;(75)99115-2298 ;040;406;SJQ0E61;     248,38;    0,45;05/07/2024;82;ENDERECO NAO ENCONTRADO       ;   ;david.al   ;21:27
001080                            ;05/07/2024;    ;000497;003;    ;0085242;BAR DA HELENA                                     ;(75) 9157-6564 ;040;406;SJQ0E61;     643,50;    0,75;05/07/2024;82;ENDERECO NAO ENCONTRADO       ;   ;david.al   ;21:26
001080                            ;05/07/2024;    ;000498;003;    ;0085242;BAR DA HELENA                                     ;(75) 9157-6564 ;040;406;SJQ0E61;     292,50;    0,34;05/07/2024;45;Tempo Insuficiente.           ;   ;david.al   ;20:55
001080                            ;05/07/2024;    ;000502;003;    ;0088998;DEPOSITO DO MARLON                                ;(75)99163-1889 ;030;301;SJQ0E61;     437,86;    0,16;05/07/2024;45;Tempo Insuficiente.           ;   ;david.al   ;20:55
001080                            ;05/07/2024;    ;000505;003;    ;0039985;BAR E LANCHE NEIDE                                ;(75)99115-7153 ;040;403;SJQ0E61;     468,00;    0,55;05/07/2024;45;Tempo Insuficiente.           ;   ;david.al   ;20:54
001080                            ;05/07/2024;    ;000506;003;    ;0030417;DEPoSITO ARAuJO                                   ;(75)99188-5162 ;040;403;SJQ0E61;    1078,00;    1,38;05/07/2024;45;Tempo Insuficiente.           ;   ;david.al   ;20:54
001080                            ;05/07/2024;    ;000520;003;    ;0085039;SO GELO                                           ;(75) 9263-9355 ;040;406;SJQ0E61;     921,20;    1,17;05/07/2024;45;Tempo Insuficiente.           ;   ;david.al   ;20:55
001080                            ;05/07/2024;    ;000521;003;    ;0049643;PADANG LANCHES                                    ;(75)99133-5803 ;040;406;SJQ0E61;     358,44;    0,96;05/07/2024;45;Tempo Insuficiente.           ;   ;david.al   ;20:54
001081                            ;05/07/2024;    ;000539;003;    ;0026291;CACAU VILAS BAR                                   ;(11)94994-7186 ;040;401;SJQ8E15;     128,38;    0,15;05/07/2024;72;PDV FECHADO (HORARIO COM.)    ;   ;david.al   ;  :31
001081                            ;05/07/2024;    ;000566;003;    ;0027780;LANCHONETE SAMIDANE                               ;(75)99165-0725 ;040;401;SJQ8E15;      44,59;    0,06;05/07/2024;72;PDV FECHADO (HORARIO COM.)    ;   ;david.al   ;  :30
001082                            ;05/07/2024;    ;000601;003;    ;0023856;BAR DA PRETA                                      ;(75)99134-9201 ;040;407;SJQ7D41;     472,74;    0,82;05/07/2024;71;SEM DINHEIRO/CHEQUE           ;   ;david.al   ;  :33
001083                            ;05/07/2024;    ;000639;003;    ;0046808;BAIXADA                                           ;(43)90000-0000 ;040;402;SJQ3A28;     646,80;    0,82;05/07/2024;87;TEMPO INSUFICIENTE            ;   ;david.al   ;  :35
001083                            ;05/07/2024;    ;000640;003;    ;0046808;BAIXADA                                           ;(43)90000-0000 ;040;402;SJQ3A28;     543,16;    0,69;05/07/2024;87;TEMPO INSUFICIENTE            ;   ;david.al   ;  :36
001083                            ;05/07/2024;    ;000641;003;    ;0085787;SUPERMERCADO ALVES                                ;(75) 9231-6274 ;030;303;SJQ3A28;     720,96;    0,93;05/07/2024;87;TEMPO INSUFICIENTE            ;   ;david.al   ;  :35
001083                            ;05/07/2024;    ;000649;003;    ;0088666;VM BEBIDAS                                        ;(75) 9122-8813 ;040;402;SJQ3A28;     321,78;    0,41;05/07/2024;72;PDV FECHADO (HORARIO COM.)    ;   ;david.al   ;  :35
001084                            ;05/07/2024;    ;000659;003;    ;0037013;Mercadinho do PI                                  ;(75)99188-0480 ;040;411;SJQ0G38;      95,24;    0,07;05/07/2024;72;PDV FECHADO (HORARIO COM.)    ;   ;david.al   ;  :37
001084                            ;05/07/2024;    ;000660;003;    ;0037013;Mercadinho do PI                                  ;(75)99188-0480 ;040;411;SJQ0G38;    2156,00;    2,76;05/07/2024;72;PDV FECHADO (HORARIO COM.)    ;   ;david.al   ;  :38
001084                            ;05/07/2024;    ;000661;003;    ;0037013;Mercadinho do PI                                  ;(75)99188-0480 ;040;411;SJQ0G38;    2156,00;    2,76;05/07/2024;72;PDV FECHADO (HORARIO COM.)    ;   ;david.al   ;  :38
001084                            ;05/07/2024;    ;000669;003;    ;0029780;MERCADINHO TODA HORA                              ;(75)99126-4940 ;040;409;SJQ0G38;     323,40;    0,41;05/07/2024;72;PDV FECHADO (HORARIO COM.)    ;   ;david.al   ;  :38
001084                            ;05/07/2024;    ;000685;003;    ;0086317;BARBE DO PED O                                    ;(75)99117-4311 ;040;409;SJQ0G38;      42,84;    0,12;05/07/2024;72;PDV FECHADO (HORARIO COM.)    ;   ;david.al   ;  :37
001086                            ;05/07/2024;    ;000720;003;    ;0087106;DEPOSITO DO GRINGO                                ;(75) 9111-9242 ;040;408;SKB5H16;     295,80;    0,28;05/07/2024;71;SEM DINHEIRO/CHEQUE           ;   ;tailan.al  ;17:34
001087                            ;05/07/2024;    ;000739;003;    ;0009705;BAR E MER.COSME E DA                              ;(75)99128-8898 ;040;406;SKB5H16;    1266,20;    1,95;06/07/2024;71;SEM DINHEIRO/CHEQUE           ;   ;celia      ;18:35
001091                            ;06/07/2024;    ;000750;003;    ;0032897;Bar do cochila                                    ;(75)98260-3867 ;040;402;SJQ4E04;     808,50;    1,03;08/07/2024;71;SEM DINHEIRO/CHEQUE           ;   ;alyson10   ;01:02
001091                            ;06/07/2024;    ;000758;003;    ;0085791;BAR DO BIRA - POINT                               ;(75)99235-1417 ;040;402;SJQ4E04;    2695,00;    3,45;08/07/2024;71;SEM DINHEIRO/CHEQUE           ;   ;alyson10   ;01:02
001091                            ;06/07/2024;    ;000770;003;    ;0086763;BAR GIL MOTOBOY                                   ;(75)99256-4232 ;040;402;SJQ4E04;     374,15;    0,37;08/07/2024;71;SEM DINHEIRO/CHEQUE           ;   ;alyson10   ;01:02
001091                            ;06/07/2024;    ;000771;003;    ;0086763;BAR GIL MOTOBOY                                   ;(75)99256-4232 ;040;402;SJQ4E04;     523,86;    0,60;08/07/2024;71;SEM DINHEIRO/CHEQUE           ;   ;alyson10   ;01:02
001094                            ;06/07/2024;    ;000837;003;    ;0092629;MERCADINHO 3M                                     ;(75)99715-2637 ;030;302;SJQ2C64;    1792,55;    2,33;06/07/2024;71;SEM DINHEIRO/CHEQUE           ;   ;celia      ;16:28
001094                            ;06/07/2024;    ;000838;003;    ;0092629;MERCADINHO 3M                                     ;(75)99715-2637 ;030;302;SJQ2C64;     822,50;    1,05;06/07/2024;71;SEM DINHEIRO/CHEQUE           ;   ;celia      ;16:28
001096                            ;06/07/2024;    ;000922;003;    ;0091652;QUIOSQUE  SOL E LUA                               ;(75)99248-0175 ;040;401;SJQ3A28;     731,58;    0,84;06/07/2024;72;PDV FECHADO (HORARIO COM.)    ;   ;celia      ;19:13
001096                            ;06/07/2024;    ;000923;003;    ;0091652;QUIOSQUE  SOL E LUA                               ;(75)99248-0175 ;040;401;SJQ3A28;     768,78;    0,66;06/07/2024;72;PDV FECHADO (HORARIO COM.)    ;   ;celia      ;19:13
001097                            ;06/07/2024;    ;000938;003;    ;0032231;MAX BURGUER                                       ;(75)98187-0874 ;040;408;SJQ3C84;     563,93;    0,78;06/07/2024;87;TEMPO INSUFICIENTE            ;   ;mauricio.se;19:37
001097                            ;06/07/2024;    ;000944;003;    ;0045494;  VINY MERCADINHO                                 ;               ;040;408;SJQ3C84;     646,80;    0,82;06/07/2024;87;TEMPO INSUFICIENTE            ;   ;mauricio.se;19:33
001097                            ;06/07/2024;    ;000945;003;    ;0049788;PINTINHO MERCADINHO                               ;(75)98310-1617 ;040;408;SJQ3C84;     539,00;    0,69;06/07/2024;87;TEMPO INSUFICIENTE            ;   ;mauricio.se;19:36
001097                            ;06/07/2024;    ;000946;003;    ;0049788;PINTINHO MERCADINHO                               ;(75)98310-1617 ;040;408;SJQ3C84;    1078,00;    1,38;26/07/2024;51;NF ERRADA                     ;   ;alyson     ;10:08
001098                            ;06/07/2024;    ;000970;003;    ;0086847;LANCH. PAULISTA                                   ;(75)99257-7839 ;040;408;SJQ0E61;     441,25;    0,77;06/07/2024;72;PDV FECHADO (HORARIO COM.)    ;   ;celia      ;16:56
001098                            ;06/07/2024;    ;000981;003;    ;0050063;  MERCADINHO DA AMIZ                              ;               ;040;408;SJQ0E61;      58,50;    0,06;06/07/2024;72;PDV FECHADO (HORARIO COM.)    ;   ;celia      ;16:55
001098                            ;06/07/2024;    ;000986;003;    ;0085652;BAR DO ZE                                         ;(75)99132-9043 ;040;411;SJQ0E61;     132,99;    0,14;06/07/2024;72;PDV FECHADO (HORARIO COM.)    ;   ;celia      ;16:56
001099                            ;06/07/2024;    ;000989;003;    ;0087106;DEPOSITO DO GRINGO                                ;(75) 9111-9242 ;040;408;SJQ4A76;     457,50;    0,49;06/07/2024;71;SEM DINHEIRO/CHEQUE           ;   ;celia      ;16:11
001101                            ;06/07/2024;    ;001052;003;    ;0053988;PEDRO MERCEARIA                                   ;(75)98204-5921 ;040;405;SJQ4B82;      27,36;    0,12;06/07/2024;71;SEM DINHEIRO/CHEQUE           ;   ;celia      ;18:25
001101                            ;06/07/2024;    ;001053;003;    ;0053988;PEDRO MERCEARIA                                   ;(75)98204-5921 ;040;405;SJQ4B82;      53,90;    0,06;06/07/2024;71;SEM DINHEIRO/CHEQUE           ;   ;celia      ;18:26
001104                            ;06/07/2024;    ;001170;003;    ;0045276;QUIOSQUE PAI E FILHA                              ;               ;040;408;SJQ8E15;     215,60;    0,27;06/07/2024;87;TEMPO INSUFICIENTE            ;   ;mauricio.se;19:27
001104                            ;06/07/2024;    ;001174;003;    ;0091310;MER COMPRE                                        ;(75)98120-4774 ;040;408;SJQ8E15;     107,80;    0,13;06/07/2024;87;TEMPO INSUFICIENTE            ;   ;mauricio.se;19:27
001104                            ;06/07/2024;    ;001175;003;    ;0086811;MERC LUCILENI                                     ;(75)99108-2977 ;040;408;SJQ8E15;     323,40;    0,41;06/07/2024;87;TEMPO INSUFICIENTE            ;   ;mauricio.se;19:23
001104                            ;06/07/2024;    ;001176;003;    ;0086811;MERC LUCILENI                                     ;(75)99108-2977 ;040;408;SJQ8E15;      44,04;    0,12;06/07/2024;87;TEMPO INSUFICIENTE            ;   ;mauricio.se;19:54
001104                            ;06/07/2024;    ;001178;003;    ;0039340;kateane Murta                                     ;(75)99206-8193 ;040;408;SJQ8E15;     539,00;    0,69;06/07/2024;87;TEMPO INSUFICIENTE            ;   ;mauricio.se;19:20
001104                            ;06/07/2024;    ;001179;003;    ;0039340;kateane Murta                                     ;(75)99206-8193 ;040;408;SJQ8E15;     107,80;    0,13;06/07/2024;87;TEMPO INSUFICIENTE            ;   ;mauricio.se;19:55
001104                            ;06/07/2024;    ;001180;003;    ;0039340;kateane Murta                                     ;(75)99206-8193 ;040;408;SJQ8E15;     161,70;    0,20;06/07/2024;87;TEMPO INSUFICIENTE            ;   ;mauricio.se;19:54
001110                            ;08/07/2024;    ;001292;003;    ;0088507;BAR DO REGI                                       ;(75) 9945-1088 ;040;404;SJQ2C64;     128,19;    0,14;08/07/2024;87;TEMPO INSUFICIENTE            ;   ;mauricio.se;19:31
001110                            ;08/07/2024;    ;001293;003;    ;0037659;EVANDRO ADEGA                                     ;(75)99993-3781 ;040;404;SJQ2C64;    5196,00;    5,76;08/07/2024;87;TEMPO INSUFICIENTE            ;   ;mauricio.se;19:28
001110                            ;08/07/2024;    ;001294;003;    ;0037659;EVANDRO ADEGA                                     ;(75)99993-3781 ;040;404;SJQ2C64;      32,90;    0,04;08/07/2024;87;TEMPO INSUFICIENTE            ;   ;mauricio.se;19:27
001112                            ;08/07/2024;    ;001357;003;    ;0086208;MERCADINHO ISABELA                                ;(75)98824-7613 ;030;302;SJQ0J29;     455,00;    0,56;08/07/2024;71;SEM DINHEIRO/CHEQUE           ;   ;celia      ;17:44
001112                            ;08/07/2024;    ;001358;003;    ;0086208;MERCADINHO ISABELA                                ;(75)98824-7613 ;030;302;SJQ0J29;     496,32;    1,44;08/07/2024;71;SEM DINHEIRO/CHEQUE           ;   ;celia      ;17:44
001112                            ;08/07/2024;    ;001359;003;    ;0086208;MERCADINHO ISABELA                                ;(75)98824-7613 ;030;302;SJQ0J29;     265,80;    0,35;08/07/2024;71;SEM DINHEIRO/CHEQUE           ;   ;celia      ;17:44
001114                            ;08/07/2024;    ;001456;003;    ;0084947;MERCADINHO TUDO TEM                               ;(75) 9873-5468 ;040;409;SJQ3A28;     377,40;    0,43;08/07/2024;87;TEMPO INSUFICIENTE            ;   ;alyson10   ;19:35
001114                            ;08/07/2024;    ;001457;003;    ;0084947;MERCADINHO TUDO TEM                               ;(75) 9873-5468 ;040;409;SJQ3A28;     227,50;    0,29;08/07/2024;87;TEMPO INSUFICIENTE            ;   ;alyson10   ;19:35
001114                            ;08/07/2024;    ;001458;003;    ;0084947;MERCADINHO TUDO TEM                               ;(75) 9873-5468 ;040;409;SJQ3A28;     260,80;    0,47;08/07/2024;87;TEMPO INSUFICIENTE            ;   ;alyson10   ;19:35
001114                            ;08/07/2024;    ;001459;003;    ;0084947;MERCADINHO TUDO TEM                               ;(75) 9873-5468 ;040;409;SJQ3A28;     102,68;    0,36;08/07/2024;87;TEMPO INSUFICIENTE            ;   ;alyson10   ;19:36
001114                            ;08/07/2024;    ;001460;003;    ;0085230;MERC 1a OPCAO                                     ;(75) 8329-5172 ;040;409;SJQ3A28;     132,39;    0,09;08/07/2024;87;TEMPO INSUFICIENTE            ;   ;alyson10   ;19:34
001114                            ;08/07/2024;    ;001461;003;    ;0085230;MERC 1a OPCAO                                     ;(75) 8329-5172 ;040;409;SJQ3A28;     145,92;    0,40;08/07/2024;87;TEMPO INSUFICIENTE            ;   ;alyson10   ;19:34
001114                            ;08/07/2024;    ;001462;003;    ;0028613;MERCADINHO DA LIVIA                               ;(75)98174-5189 ;040;409;SJQ3A28;     808,50;    1,03;08/07/2024;87;TEMPO INSUFICIENTE            ;   ;alyson10   ;19:36
001114                            ;08/07/2024;    ;001463;003;    ;0090222; BAR DO TEU                                       ;(75)98148-8276 ;040;409;SJQ3A28;      45,90;    0,01;08/07/2024;87;TEMPO INSUFICIENTE            ;   ;alyson10   ;19:34
001114                            ;08/07/2024;    ;001464;003;    ;0090222; BAR DO TEU                                       ;(75)98148-8276 ;040;409;SJQ3A28;    1115,99;    2,34;08/07/2024;87;TEMPO INSUFICIENTE            ;   ;alyson10   ;19:34
001114                            ;08/07/2024;    ;001465;003;    ;0090222; BAR DO TEU                                       ;(75)98148-8276 ;040;409;SJQ3A28;      68,20;    0,08;08/07/2024;87;TEMPO INSUFICIENTE            ;   ;alyson10   ;19:35
001114                            ;08/07/2024;    ;001466;003;    ;0090222; BAR DO TEU                                       ;(75)98148-8276 ;040;409;SJQ3A28;      88,63;    0,18;08/07/2024;87;TEMPO INSUFICIENTE            ;   ;alyson10   ;19:35
001114                            ;08/07/2024;    ;001467;003;    ;0046878;Mercadinho Lopes                                  ;(75)98163-8175 ;040;409;SJQ3A28;     329,40;    0,41;08/07/2024;87;TEMPO INSUFICIENTE            ;   ;alyson10   ;19:36
001114                            ;08/07/2024;    ;001468;003;    ;0053193;BARACA DA LOTINHA                                 ;               ;040;409;SJQ3A28;     215,60;    0,27;08/07/2024;87;TEMPO INSUFICIENTE            ;   ;alyson10   ;19:36
001114                            ;08/07/2024;    ;001475;003;    ;0030143;BAR DO PEDRO ROBERTO                              ;(75)99119-0181 ;040;409;SJQ3A28;     821,40;    0,86;08/07/2024;71;SEM DINHEIRO/CHEQUE           ;   ;alyson10   ;19:33
001115                            ;08/07/2024;    ;001514;003;    ;0086825;RANCHO SOSSEGO                                    ;(75) 8178-9540 ;040;410;SJQ4A76;    1347,50;    1,72;08/07/2024;32;ENTREGA ATRASADA (BUFFER)     ;   ;celia      ;17:30
001115                            ;08/07/2024;    ;001515;003;    ;0086825;RANCHO SOSSEGO                                    ;(75) 8178-9540 ;040;410;SJQ4A76;     808,50;    1,03;08/07/2024;32;ENTREGA ATRASADA (BUFFER)     ;   ;celia      ;17:31
001118                            ;08/07/2024;    ;001647;003;    ;0085749;CHURRASCARIA DE BIA                               ;(75)99109-2231 ;040;407;SJQ7D41;    1369,00;    1,44;08/07/2024;71;SEM DINHEIRO/CHEQUE           ;   ;alyson10   ;19:48
001118                            ;08/07/2024;    ;001648;003;    ;0085749;CHURRASCARIA DE BIA                               ;(75)99109-2231 ;040;407;SJQ7D41;     128,32;    0,36;08/07/2024;71;SEM DINHEIRO/CHEQUE           ;   ;alyson10   ;19:48
001119                            ;08/07/2024;    ;001677;003;    ;0054699;RODRIGO CORDEIRO RAM                              ;(75)99263-8937 ;040;409;SJQ9G53;     194,64;    0,17;08/07/2024;46;Endereco Nao Encontrado       ;   ;mauricio.se;19:33
001120                            ;08/07/2024;    ;001743;003;    ;0052274;MERCADINHO DA FITA                                ;(75)99982-1923 ;040;405;SJQ9B48;    1745,00;    2,01;08/07/2024;32;ENTREGA ATRASADA (BUFFER)     ;   ;mauricio.se;19:28
001120                            ;08/07/2024;    ;001744;003;    ;0052274;MERCADINHO DA FITA                                ;(75)99982-1923 ;040;405;SJQ9B48;      19,42;    0,04;08/07/2024;32;ENTREGA ATRASADA (BUFFER)     ;   ;mauricio.se;19:29
001121                            ;08/07/2024;    ;001750;003;    ;0020151;BAR DO MENGAI                                     ;(07)59671-8415 ;040;414;SJQ2B64;     283,08;    0,39;08/07/2024;87;TEMPO INSUFICIENTE            ;   ;mauricio.se;18:57
001121                            ;08/07/2024;    ;001752;003;    ;0020708;BAR DA IRACEMA                                    ;(01)19597-2799 ;040;414;SJQ2B64;     274,04;    0,42;08/07/2024;87;TEMPO INSUFICIENTE            ;   ;mauricio.se;18:56
001121                            ;08/07/2024;    ;001754;003;    ;0020537;BAR DO DAI                                        ;(75)99202-0164 ;040;414;SJQ2B64;    1114,46;    1,52;08/07/2024;85;DIFICIL ACESSO                ;   ;mauricio.se;18:50
001121                            ;08/07/2024;    ;001755;003;    ;0020537;BAR DO DAI                                        ;(75)99202-0164 ;040;414;SJQ2B64;     216,00;    0,24;08/07/2024;85;DIFICIL ACESSO                ;   ;mauricio.se;18:51
001121                            ;08/07/2024;    ;001763;003;    ;0020368;RESTAURANTE BOM DE G                              ;(07)59264-2465 ;040;414;SJQ2B64;     897,27;    1,61;08/07/2024;87;TEMPO INSUFICIENTE            ;   ;mauricio.se;18:59
001121                            ;08/07/2024;    ;001771;003;    ;0026135;SUPER HIPER TROPICAL                              ;(07)53267-2171 ;040;414;SJQ2B64;    6185,00;    7,48;09/07/2024;51;NF ERRADA                     ;   ;alyson     ;12:08
001121                            ;08/07/2024;    ;001772;003;    ;0026135;SUPER HIPER TROPICAL                              ;(07)53267-2171 ;040;414;SJQ2B64;    9981,30;   12,14;08/07/2024;73;FALTA DE ATIVOS DE GIRO       ;   ;mauricio.se;18:52
001121                            ;08/07/2024;    ;001775;003;    ;0026135;SUPER HIPER TROPICAL                              ;(07)53267-2171 ;040;414;SJQ2B64;     330,00;    0,23;09/07/2024;51;NF ERRADA                     ;   ;alyson     ;12:06
001133                            ;09/07/2024;    ;001840;003;    ;0051500;BRUNO LANCHES                                     ;               ;040;401;SJQ0J29;     373,50;    0,67;09/07/2024;87;TEMPO INSUFICIENTE            ;   ;celia      ;19:29
001133                            ;09/07/2024;    ;001841;003;    ;0028904;CLERISVALDO DE MOURA                              ;(75)99143-0808 ;040;401;SJQ0J29;     445,37;    0,82;09/07/2024;87;TEMPO INSUFICIENTE            ;   ;celia      ;19:29
001133                            ;09/07/2024;    ;001853;003;    ;0033239;MERC DO PEDRINHO                                  ;(75) 9151-3509 ;030;302;SJQ0J29;     627,90;    1,05;09/07/2024;87;TEMPO INSUFICIENTE            ;   ;celia      ;19:30
001133                            ;09/07/2024;    ;001854;003;    ;0033239;MERC DO PEDRINHO                                  ;(75) 9151-3509 ;030;302;SJQ0J29;     495,24;    0,81;09/07/2024;71;SEM DINHEIRO/CHEQUE           ;   ;celia      ;19:30
001133                            ;09/07/2024;    ;001861;003;    ;0032210;MERCADINHO SANTIAGO                               ;(75) 9207-4599 ;030;302;SJQ0J29;     282,76;    0,84;09/07/2024;71;SEM DINHEIRO/CHEQUE           ;   ;celia      ;19:29
001134                            ;09/07/2024;    ;001893;003;    ;0087916;POIN T DO MOLENGA                                 ;(75)99166-7225 ;040;406;SJQ9G53;      97,16;    0,08;09/07/2024;48;PDV Fechado Apos              ;   ;celia      ;19:22
001135                            ;09/07/2024;    ;001935;003;    ;0028778;COMERCIAL DE ALIMENT                              ;(75) 3261-1819 ;030;301;SJQ4A76;    1375,72;    4,80;09/07/2024;50;CARGA ERRADA ARMAZEM          ;   ;celia      ;18:18
001137                            ;09/07/2024;    ;001994;003;    ;0040403;BAR DO PARAGUAI                                   ;(75)99133-4703 ;040;409;SJQ0G38;      15,24;    0,02;10/07/2024;87;TEMPO INSUFICIENTE            ;   ;alyson10   ;07:14
001137                            ;09/07/2024;    ;001996;003;    ;0086354;MINI MERC JUNIOR                                  ;(75)99999-9999 ;030;303;SJQ0G38;     840,22;    2,54;10/07/2024;87;TEMPO INSUFICIENTE            ;   ;alyson10   ;07:15
001137                            ;09/07/2024;    ;002001;003;    ;0024783;BAR DO GUINA                                      ;(75)99957-3988 ;040;409;SJQ0G38;     189,12;    0,19;10/07/2024;87;TEMPO INSUFICIENTE            ;   ;alyson10   ;07:15
001137                            ;09/07/2024;    ;002002;003;    ;0028744;ENCONTROS PIZZARIA                                ;(75)99202-1868 ;040;409;SJQ0G38;     226,32;    0,60;10/07/2024;87;TEMPO INSUFICIENTE            ;   ;alyson10   ;07:15
001137                            ;09/07/2024;    ;002004;003;    ;0040778; BAR DO GERALDO                                   ;               ;040;409;SJQ0G38;     279,60;    0,37;10/07/2024;50;CARGA ERRADA ARMAZEM          ;   ;alyson10   ;07:13
001137                            ;09/07/2024;    ;002040;003;    ;0055336;BAR Z DO RIO                                      ;               ;040;404;SJQ0G38;      88,08;    0,24;10/07/2024;72;PDV FECHADO (HORARIO COM.)    ;   ;alyson10   ;07:14
001138                            ;09/07/2024;    ;002044;003;    ;0091428;Turma da Gelada Deli                              ;(75)99222-9473 ;071;011;SJQ3A28;     108,91;    0,13;09/07/2024;87;TEMPO INSUFICIENTE            ;   ;celia      ;19:54
001138                            ;09/07/2024;    ;002046;003;    ;0032999;TOP BAHIA                                         ;(75)99959-5005 ;030;303;SJQ3A28;      32,90;    0,04;09/07/2024;87;TEMPO INSUFICIENTE            ;   ;celia      ;19:54
001138                            ;09/07/2024;    ;002047;003;    ;0032999;TOP BAHIA                                         ;(75)99959-5005 ;030;303;SJQ3A28;      36,90;    0,04;09/07/2024;87;TEMPO INSUFICIENTE            ;   ;celia      ;20:12
001138                            ;09/07/2024;    ;002049;003;    ;0027994;LANCHONETE TOP LANCH                              ;(75)99290-7335 ;040;408;SJQ3A28;     333,54;    0,66;09/07/2024;87;TEMPO INSUFICIENTE            ;   ;celia      ;19:54
001138                            ;09/07/2024;    ;002051;003;    ;0046854;KI - MASSA                                        ;               ;040;408;SJQ3A28;    1536,91;    2,14;09/07/2024;72;PDV FECHADO (HORARIO COM.)    ;   ;celia      ;19:55
001138                            ;09/07/2024;    ;002052;003;    ;0043863;BOMBAR                                            ;(75)99145-9950 ;040;408;SJQ3A28;     599,60;    0,57;09/07/2024;72;PDV FECHADO (HORARIO COM.)    ;   ;celia      ;19:55
001138                            ;09/07/2024;    ;002055;003;    ;0085448;BAR DO RAIMUNDO                                   ;(75)99148-9919 ;040;408;SJQ3A28;      88,00;    0,08;09/07/2024;71;SEM DINHEIRO/CHEQUE           ;   ;celia      ;19:56
001138                            ;09/07/2024;    ;002060;003;    ;0092814;JS ESPETINHOS                                     ;(75)99203-3182 ;040;408;SJQ3A28;     179,70;    0,20;09/07/2024;72;PDV FECHADO (HORARIO COM.)    ;   ;celia      ;19:55
001138                            ;09/07/2024;    ;002061;003;    ;0092814;JS ESPETINHOS                                     ;(75)99203-3182 ;040;408;SJQ3A28;     149,90;    0,14;09/07/2024;72;PDV FECHADO (HORARIO COM.)    ;   ;celia      ;19:55
001138                            ;09/07/2024;    ;002062;003;    ;0092814;JS ESPETINHOS                                     ;(75)99203-3182 ;040;408;SJQ3A28;     404,70;    0,43;09/07/2024;72;PDV FECHADO (HORARIO COM.)    ;   ;celia      ;19:55
001138                            ;09/07/2024;    ;002063;003;    ;0092814;JS ESPETINHOS                                     ;(75)99203-3182 ;040;408;SJQ3A28;     119,80;    0,13;09/07/2024;72;PDV FECHADO (HORARIO COM.)    ;   ;celia      ;19:55
001138                            ;09/07/2024;    ;002064;003;    ;0092814;JS ESPETINHOS                                     ;(75)99203-3182 ;040;408;SJQ3A28;      91,34;    0,11;09/07/2024;72;PDV FECHADO (HORARIO COM.)    ;   ;celia      ;19:55
001138                            ;09/07/2024;    ;002072;003;    ;0032207;ATACADAO CASA DO ARR                              ;(75)99184-0060 ;030;303;SJQ3A28;    1550,64;    1,30;09/07/2024;87;TEMPO INSUFICIENTE            ;   ;celia      ;19:54
001138                            ;09/07/2024;    ;002073;003;    ;0032207;ATACADAO CASA DO ARR                              ;(75)99184-0060 ;030;303;SJQ3A28;    1889,12;    3,14;09/07/2024;87;TEMPO INSUFICIENTE            ;   ;celia      ;19:54
001138                            ;09/07/2024;    ;002074;003;    ;0032207;ATACADAO CASA DO ARR                              ;(75)99184-0060 ;030;303;SJQ3A28;     184,50;    0,21;09/07/2024;87;TEMPO INSUFICIENTE            ;   ;celia      ;19:55
001138                            ;09/07/2024;    ;002075;003;    ;0032207;ATACADAO CASA DO ARR                              ;(75)99184-0060 ;030;303;SJQ3A28;    1186,24;    3,45;09/07/2024;87;TEMPO INSUFICIENTE            ;   ;celia      ;19:55
001138                            ;09/07/2024;    ;002077;003;    ;0028268;RES.MARAVILHADO SERT                              ;(75)98343-7002 ;040;408;SJQ3A28;      80,18;    0,16;09/07/2024;87;TEMPO INSUFICIENTE            ;   ;celia      ;19:54
001138                            ;09/07/2024;    ;002078;003;    ;0084850;MELHOR PRECO MEDICAM                              ;(75) 9127-6808 ;040;408;SJQ3A28;     113,90;    0,16;09/07/2024;87;TEMPO INSUFICIENTE            ;   ;celia      ;19:54
001139                            ;09/07/2024;    ;002090;003;    ;0088996;PAN. SABORES TRIGO                                ;(75)99238-3340 ;040;408;SJQ4B82;     357,24;    0,64;09/07/2024;87;TEMPO INSUFICIENTE            ;   ;celia      ;20:44
001139                            ;09/07/2024;    ;002095;003;    ;0090499;Distri. Pinto                                     ;(75)98150-1542 ;030;303;SJQ4B82;     987,00;    1,26;09/07/2024;87;TEMPO INSUFICIENTE            ;   ;celia      ;20:43
001139                            ;09/07/2024;    ;002096;003;    ;0090499;Distri. Pinto                                     ;(75)98150-1542 ;030;303;SJQ4B82;     444,00;    0,56;09/07/2024;87;TEMPO INSUFICIENTE            ;   ;celia      ;20:43
001139                            ;09/07/2024;    ;002097;003;    ;0046103;VINY DISTRIBUIDORA                                ;(75)99135-9546 ;030;303;SJQ4B82;     229,60;    0,16;09/07/2024;87;TEMPO INSUFICIENTE            ;   ;celia      ;20:43
001139                            ;09/07/2024;    ;002102;003;    ;0051586;Cana Brasil distribu                              ;(75)99109-7164 ;030;303;SJQ4B82;     666,96;    1,65;09/07/2024;87;TEMPO INSUFICIENTE            ;   ;celia      ;20:44
001139                            ;09/07/2024;    ;002103;003;    ;0051586;Cana Brasil distribu                              ;(75)99109-7164 ;030;303;SJQ4B82;     579,60;    0,57;09/07/2024;87;TEMPO INSUFICIENTE            ;   ;celia      ;20:44
001140                            ;09/07/2024;    ;002131;003;    ;0085007;MERCADINHO DO FIFIA                               ;(75) 8154-0701 ;040;409;SJQ7D41;     102,68;    0,36;09/07/2024;72;PDV FECHADO (HORARIO COM.)    ;   ;celia      ;19:24
001140                            ;09/07/2024;    ;002160;003;    ;0085718;MENDES PAES                                       ;(75)99167-5018 ;040;408;SJQ7D41;     242,02;    0,40;09/07/2024;87;TEMPO INSUFICIENTE            ;   ;celia      ;19:24
001140                            ;09/07/2024;    ;002163;003;    ;0085472;EDINHO SUPERMERCADO                               ;(75) 3262-1110 ;030;303;SJQ7D41;    1291,78;    2,37;09/07/2024;87;TEMPO INSUFICIENTE            ;   ;celia      ;19:24
001142                            ;09/07/2024;    ;002185;003;    ;0020543;POINT MENINO DA PECU                              ;(07)58370-2371 ;040;412;SJQ2C64;     407,78;    0,49;09/07/2024;87;TEMPO INSUFICIENTE            ;   ;celia      ;20:52
001142                            ;09/07/2024;    ;002199;003;    ;0020328;CELIA MD                                          ;(07)59119-5724 ;040;413;SJQ2C64;     440,52;    0,77;09/07/2024;87;TEMPO INSUFICIENTE            ;   ;celia      ;20:52
001142                            ;09/07/2024;    ;002200;003;    ;0026292;MERCADO  MELHOR PREC                              ;(07)59999-9999 ;040;412;SJQ2C64;     297,18;    0,90;09/07/2024;87;TEMPO INSUFICIENTE            ;   ;celia      ;20:51
001142                            ;09/07/2024;    ;002207;003;    ;0020101;MERCADINHO ESPERANCA                              ;(07)59107-0152 ;040;413;SJQ2C64;     517,12;    0,72;09/07/2024;87;TEMPO INSUFICIENTE            ;   ;celia      ;20:51
001142                            ;09/07/2024;    ;002210;003;    ;0020099;Mercadinho de nega d                              ;(07)59197-0379 ;040;412;SJQ2C64;     197,64;    0,42;09/07/2024;87;TEMPO INSUFICIENTE            ;   ;celia      ;20:51
001144                            ;09/07/2024;    ;002225;003;    ;0086799;SUPER MINE 2                                      ;(75)99272-2244 ;030;301;SJQ8E15;     820,78;    1,56;09/07/2024;87;TEMPO INSUFICIENTE            ;   ;celia      ;19:26
001145                            ;09/07/2024;    ;002279;003;    ;0046376;merc sitio pingo de                               ;(75)99973-9353 ;040;410;SKB5H16;      32,40;    0,04;09/07/2024;39;Cliente Cancelou.             ;   ;darlan.al  ;15:08
001145                            ;09/07/2024;    ;002280;003;    ;0046376;merc sitio pingo de                               ;(75)99973-9353 ;040;410;SKB5H16;     259,80;    0,28;09/07/2024;39;Cliente Cancelou.             ;   ;darlan.al  ;15:08
001146                            ;09/07/2024;    ;002319;003;    ;0086006;BAR MERCADO DE ARTE                               ;(75) 9189-6060 ;040;403;SKB5H16;     276,22;    0,70;09/07/2024;72;PDV FECHADO (HORARIO COM.)    ;   ;celia      ;18:33
001147                            ;09/07/2024;    ;002328;003;    ;0053778;MERCADINHO LIMA                                   ;               ;040;407;SJQ3C84;     158,96;    0,28;09/07/2024;87;TEMPO INSUFICIENTE            ;   ;celia      ;21:08
001147                            ;09/07/2024;    ;002329;003;    ;0053778;MERCADINHO LIMA                                   ;               ;040;407;SJQ3C84;      82,08;    0,36;09/07/2024;87;TEMPO INSUFICIENTE            ;   ;celia      ;21:08
001147                            ;09/07/2024;    ;002330;003;    ;0085224;DEP E MER DO VAL                                  ;(75) 9197-0851 ;040;407;SJQ3C84;     839,88;    1,18;09/07/2024;87;TEMPO INSUFICIENTE            ;   ;celia      ;21:07
001147                            ;09/07/2024;    ;002331;003;    ;0009699;MERCEARIA NIL LAR                                 ;(75) 9155-7246 ;040;407;SJQ3C84;      93,51;    0,20;09/07/2024;87;TEMPO INSUFICIENTE            ;   ;celia      ;21:08
001147                            ;09/07/2024;    ;002332;003;    ;0050874;ROMRIO RAMOS                                      ;(75)99123-4512 ;040;407;SJQ3C84;    1079,80;    1,21;09/07/2024;87;TEMPO INSUFICIENTE            ;   ;celia      ;21:07
001147                            ;09/07/2024;    ;002333;003;    ;0085028;BAR DO PERNA LONGA                                ;(75) 9999-9999 ;040;407;SJQ3C84;      90,12;    0,24;09/07/2024;87;TEMPO INSUFICIENTE            ;   ;celia      ;21:07
001147                            ;09/07/2024;    ;002342;003;    ;0052456;BAR DA ESQUINA                                    ;               ;040;410;SJQ3C84;     175,50;    0,20;09/07/2024;87;TEMPO INSUFICIENTE            ;   ;celia      ;21:07
001148                            ;09/07/2024;    ;002372;003;    ;0026575;MERCADINHO NOVA OPCA                              ;(75)98100-2245 ;040;405;SJQ9B48;      79,52;    0,24;09/07/2024;71;SEM DINHEIRO/CHEQUE           ;   ;celia      ;18:42
001166                            ;10/07/2024;    ;002456;003;    ;0037293;SUPERMERC 2 IRMAOS                                ;(75)98194-9135 ;040;405;SJQ7D41;    1645,00;    2,10;13/07/2024;38;Sem Dinheiro                  ;   ;tailan.al  ;17:  
001166                            ;10/07/2024;    ;002457;003;    ;0051890;MERCADINHO RAMOS                                  ;(75)98251-1414 ;040;405;SJQ7D41;     458,96;    0,78;13/07/2024;38;Sem Dinheiro                  ;   ;tailan.al  ;17:01
001166                            ;10/07/2024;    ;002492;003;    ;0034289;NAILTO DE OLIVEIRA V                              ;               ;040;405;SJQ7D41;     658,00;    0,84;13/07/2024;38;Sem Dinheiro                  ;   ;tailan.al  ;17:01
001166                            ;10/07/2024;    ;002493;003;    ;0034289;NAILTO DE OLIVEIRA V                              ;               ;040;405;SJQ7D41;     658,00;    0,84;13/07/2024;38;Sem Dinheiro                  ;   ;tailan.al  ;17:01
001166                            ;10/07/2024;    ;002494;003;    ;0034289;NAILTO DE OLIVEIRA V                              ;               ;040;405;SJQ7D41;     907,40;    1,04;13/07/2024;38;Sem Dinheiro                  ;   ;tailan.al  ;17:  
001166                            ;10/07/2024;    ;002497;003;    ;0038458;DEPOSITO OLIVEIRA                                 ;(75)98140-1949 ;040;405;SJQ7D41;    1728,00;    1,93;13/07/2024;38;Sem Dinheiro                  ;   ;tailan.al  ;17:01
001166                            ;10/07/2024;    ;002498;003;    ;0038458;DEPOSITO OLIVEIRA                                 ;(75)98140-1949 ;040;405;SJQ7D41;      46,08;    0,12;13/07/2024;38;Sem Dinheiro                  ;   ;tailan.al  ;17:01
001166                            ;10/07/2024;    ;002512;003;    ;0055504;DEPOSITO DO JORGINHO                              ;(75)98259-3985 ;040;405;SJQ7D41;     210,26;    0,29;13/07/2024;38;Sem Dinheiro                  ;   ;tailan.al  ;17:01
001169                            ;10/07/2024;    ;002560;003;    ;0035330;RESTAURANTE BRASAO02                              ;(75)99871-6593 ;040;406;SJQ0J29;     701,31;    0,39;10/07/2024;87;TEMPO INSUFICIENTE            ;   ;cunha.se   ;19:40
001169                            ;10/07/2024;    ;002583;003;    ;0086252;BAR DA CURVA                                      ;(75) 9975-9314 ;040;410;SJQ0J29;     247,49;    0,34;10/07/2024;87;TEMPO INSUFICIENTE            ;   ;cunha.se   ;19:41
001169                            ;10/07/2024;    ;002584;003;    ;0035437;MERCADINHO SOUZA                                  ;(75)99135-2853 ;040;410;SJQ0J29;     372,18;    0,93;10/07/2024;87;TEMPO INSUFICIENTE            ;   ;cunha.se   ;19:39
001170                            ;10/07/2024;    ;002601;003;    ;0086099;BAR STO ANTONIO                                   ;(75)99245-6016 ;040;407;SJQ3A28;     289,70;    0,35;10/07/2024;87;TEMPO INSUFICIENTE            ;   ;cunha.se   ;23:07
001170                            ;10/07/2024;    ;002602;003;    ;0086167;BAR DONA ROSA                                     ;(75)99168-0588 ;040;407;SJQ3A28;    1446,60;    1,74;10/07/2024;87;TEMPO INSUFICIENTE            ;   ;cunha.se   ;23:12
001170                            ;10/07/2024;    ;002603;003;    ;0035911;AMS DISTRIBUIDORA                                 ;               ;040;407;SJQ3A28;     107,80;    0,13;10/07/2024;87;TEMPO INSUFICIENTE            ;   ;cunha.se   ;23:11
001170                            ;10/07/2024;    ;002604;003;    ;0053358;MERCADINHO RJ                                     ;               ;040;407;SJQ3A28;     107,80;    0,13;10/07/2024;87;TEMPO INSUFICIENTE            ;   ;cunha.se   ;23:09
001170                            ;10/07/2024;    ;002605;003;    ;0053358;MERCADINHO RJ                                     ;               ;040;407;SJQ3A28;      53,90;    0,06;10/07/2024;87;TEMPO INSUFICIENTE            ;   ;cunha.se   ;23:10
001170                            ;10/07/2024;    ;002606;003;    ;0085780;BAR ZE ALMIR                                      ;(75)99256-0646 ;040;407;SJQ3A28;     269,50;    0,34;10/07/2024;87;TEMPO INSUFICIENTE            ;   ;cunha.se   ;23:05
001170                            ;10/07/2024;    ;002607;003;    ;0085780;BAR ZE ALMIR                                      ;(75)99256-0646 ;040;407;SJQ3A28;     440,91;    0,57;10/07/2024;87;TEMPO INSUFICIENTE            ;   ;cunha.se   ;23:06
001171                            ;10/07/2024;    ;002646;003;    ;0055551; BAR DO RAILTON                                   ;               ;040;409;SJQ0E61;      53,90;    0,06;10/07/2024;82;ENDERECO NAO ENCONTRADO       ;   ;mauricio.se;17:32
001172                            ;10/07/2024;    ;002750;003;    ;0031988;MERCEARIA DA NILZA                                ;(45)40401-9112 ;040;404;SJQ4A76;      81,26;    0,18;10/07/2024;43;Forma de Pagamento            ;   ;mauricio.se;18:51
001172                            ;10/07/2024;    ;002751;003;    ;0031988;MERCEARIA DA NILZA                                ;(45)40401-9112 ;040;404;SJQ4A76;     215,60;    0,27;10/07/2024;43;Forma de Pagamento            ;   ;mauricio.se;18:52
001173                            ;10/07/2024;    ;002756;003;    ;0020456;BAR TIRA RESSACA                                  ;(07)58157-3439 ;040;413;SJQ4B82;     187,14;    0,36;10/07/2024;72;PDV FECHADO (HORARIO COM.)    ;   ;cunha.se   ;19:21
001173                            ;10/07/2024;    ;002759;003;    ;0020349;MERCEARIA MJE                                     ;(07)59876-9839 ;040;413;SJQ4B82;     477,58;    0,63;10/07/2024;72;PDV FECHADO (HORARIO COM.)    ;   ;cunha.se   ;19:23
001173                            ;10/07/2024;    ;002762;003;    ;0020387;BAR CAJAEIRA                                      ;(07)58126-5555 ;040;412;SJQ4B82;      38,76;    0,12;10/07/2024;87;TEMPO INSUFICIENTE            ;   ;cunha.se   ;19:16
001173                            ;10/07/2024;    ;002767;003;    ;0026262;MERCADO SANTA LUZIA                               ;(75)99894-4778 ;040;413;SJQ4B82;     244,74;    0,68;10/07/2024;87;TEMPO INSUFICIENTE            ;   ;cunha.se   ;19:18
001173                            ;10/07/2024;    ;002771;003;    ;0020920;BAR DA ROSINHA                                    ;(07)59914-2505 ;040;413;SJQ4B82;     393,60;    0,49;10/07/2024;71;SEM DINHEIRO/CHEQUE           ;   ;cunha.se   ;19:15
001173                            ;10/07/2024;    ;002772;003;    ;0020718;BAR DAS COLEGUINHAS                               ;               ;040;413;SJQ4B82;     182,05;    0,36;10/07/2024;87;TEMPO INSUFICIENTE            ;   ;cunha.se   ;19:14
001173                            ;10/07/2024;    ;002778;003;    ;0020700;CANTINHO DO MEU SERT                              ;(07)59923-5467 ;040;413;SJQ4B82;     499,39;    0,67;10/07/2024;73;FALTA DE ATIVOS DE GIRO       ;   ;cunha.se   ;19:22
001173                            ;10/07/2024;    ;002791;003;    ;0020546;MINI DEPOSITO DO LUI                              ;(07)58346-1636 ;040;413;SJQ4B82;     237,96;    0,43;10/07/2024;87;TEMPO INSUFICIENTE            ;   ;cunha.se   ;19:17
001173                            ;10/07/2024;    ;002793;003;    ;0020628;MICAELA DEPOSITO                                  ;(07)58109-0710 ;040;412;SJQ4B82;     123,33;    0,36;10/07/2024;87;TEMPO INSUFICIENTE            ;   ;cunha.se   ;19:20
001173                            ;10/07/2024;    ;002794;003;    ;0020628;MICAELA DEPOSITO                                  ;(07)58109-0710 ;040;412;SJQ4B82;     218,94;    0,27;10/07/2024;87;TEMPO INSUFICIENTE            ;   ;cunha.se   ;19:20
001174                            ;10/07/2024;    ;002797;003;    ;0085491;TOINHO CABECAO                                    ;               ;030;302;SJQ9G53;    1987,61;    2,50;10/07/2024;71;SEM DINHEIRO/CHEQUE           ;   ;mauricio.se;18:47
001174                            ;10/07/2024;    ;002812;003;    ;0091039;JOSE SERGIO  GOMES                                ;(75)98111-0047 ;040;408;SJQ9G53;     215,60;    0,27;10/07/2024;36;Prazo Errado.                 ;   ;mauricio.se;18:48
001175                            ;10/07/2024;    ;002850;003;    ;0056281;BAR DE KEUZINHA                                   ;(71)99296-7421 ;040;403;SJQ8E15;      87,30;    0,10;10/07/2024;82;ENDERECO NAO ENCONTRADO       ;   ;mauricio.se;18:17
001176                            ;10/07/2024;    ;002893;003;    ;0086112;DEP DE ANTONIO DO GA                              ;(75)99911-6021 ;040;407;SJQ2B64;     959,90;    1,24;10/07/2024;87;TEMPO INSUFICIENTE            ;   ;celia      ;20:56
001176                            ;10/07/2024;    ;002894;003;    ;0086112;DEP DE ANTONIO DO GA                              ;(75)99911-6021 ;040;407;SJQ2B64;     531,60;    0,69;10/07/2024;87;TEMPO INSUFICIENTE            ;   ;celia      ;20:56
001176                            ;10/07/2024;    ;002895;003;    ;0038594;BAR PEU                                           ;(75)99832-6022 ;040;407;SJQ2B64;     474,04;    0,55;10/07/2024;87;TEMPO INSUFICIENTE            ;   ;cunha.se   ;20:12
001176                            ;10/07/2024;    ;002896;003;    ;0038594;BAR PEU                                           ;(75)99832-6022 ;040;407;SJQ2B64;     213,19;    0,26;10/07/2024;87;TEMPO INSUFICIENTE            ;   ;cunha.se   ;20:17
001176                            ;10/07/2024;    ;002897;003;    ;0055272;PADARIA DO GATO                                   ;(75)99832-6022 ;040;407;SJQ2B64;     318,08;    0,34;10/07/2024;87;TEMPO INSUFICIENTE            ;   ;celia      ;20:57
001176                            ;10/07/2024;    ;002898;003;    ;0030288;BAR DO DILO                                       ;(75)99198-7606 ;040;407;SJQ2B64;     134,90;    0,14;10/07/2024;87;TEMPO INSUFICIENTE            ;   ;celia      ;20:56
001176                            ;10/07/2024;    ;002899;003;    ;0049812;POINT DO ESPETINHO                                ;(75)99826-8052 ;040;407;SJQ2B64;     431,20;    0,55;10/07/2024;87;TEMPO INSUFICIENTE            ;   ;celia      ;20:57
001176                            ;10/07/2024;    ;002900;003;    ;0049812;POINT DO ESPETINHO                                ;(75)99826-8052 ;040;407;SJQ2B64;     215,60;    0,27;10/07/2024;87;TEMPO INSUFICIENTE            ;   ;celia      ;20:57
001176                            ;10/07/2024;    ;002905;003;    ;0055001; DISTRIBUIDORA LIMA                               ;               ;040;404;SJQ2B64;    1617,00;    2,07;10/07/2024;87;TEMPO INSUFICIENTE            ;   ;celia      ;20:56
001176                            ;10/07/2024;    ;002906;003;    ;0055001; DISTRIBUIDORA LIMA                               ;               ;040;404;SJQ2B64;     497,28;    0,60;10/07/2024;87;TEMPO INSUFICIENTE            ;   ;celia      ;20:56
001177                            ;10/07/2024;    ;002919;003;    ;0031937;BAR DO CUSCUZ                                     ;(75)99174-2972 ;040;404;SJQ2C64;     410,00;    0,52;10/07/2024;87;TEMPO INSUFICIENTE            ;   ;mauricio.se;18:59
001177                            ;10/07/2024;    ;002920;003;    ;0031937;BAR DO CUSCUZ                                     ;(75)99174-2972 ;040;404;SJQ2C64;     304,09;    0,34;10/07/2024;87;TEMPO INSUFICIENTE            ;   ;mauricio.se;18:59
001177                            ;10/07/2024;    ;002921;003;    ;0031937;BAR DO CUSCUZ                                     ;(75)99174-2972 ;040;404;SJQ2C64;     261,56;    0,24;10/07/2024;87;TEMPO INSUFICIENTE            ;   ;mauricio.se;19:  
001177                            ;10/07/2024;    ;002922;003;    ;0088338;BAR PONTO DOS AMIGOS                              ;(75)99113-5423 ;040;404;SJQ2C64;     122,10;    0,14;10/07/2024;87;TEMPO INSUFICIENTE            ;   ;mauricio.se;18:58
001177                            ;10/07/2024;    ;002923;003;    ;0052293;MER DA CARIOCA                                    ;(21)98135-5857 ;040;404;SJQ2C64;     754,60;    0,96;10/07/2024;87;TEMPO INSUFICIENTE            ;   ;mauricio.se;18:55
001177                            ;10/07/2024;    ;002924;003;    ;0052293;MER DA CARIOCA                                    ;(21)98135-5857 ;040;404;SJQ2C64;     107,80;    0,13;10/07/2024;87;TEMPO INSUFICIENTE            ;   ;mauricio.se;18:56
001177                            ;10/07/2024;    ;002925;003;    ;0052293;MER DA CARIOCA                                    ;(21)98135-5857 ;040;404;SJQ2C64;     229,80;    0,28;10/07/2024;87;TEMPO INSUFICIENTE            ;   ;mauricio.se;18:57
001177                            ;10/07/2024;    ;002926;003;    ;0052293;MER DA CARIOCA                                    ;(21)98135-5857 ;040;404;SJQ2C64;      62,28;    0,14;10/07/2024;87;TEMPO INSUFICIENTE            ;   ;mauricio.se;18:58
001177                            ;10/07/2024;    ;002946;003;    ;0038917;MERCADINHO ALTO ALEG                              ;(11)94363-1257 ;030;302;SJQ2C64;    1175,66;    1,62;10/07/2024;87;TEMPO INSUFICIENTE            ;   ;mauricio.se;19:02
001177                            ;10/07/2024;    ;002961;003;    ;0037928;sitio visitaß£o                                   ;               ;040;404;SJQ2C64;     138,89;    0,26;10/07/2024;87;TEMPO INSUFICIENTE            ;   ;mauricio.se;19:01
001179                            ;10/07/2024;    ;002989;003;    ;0030636;MER LIDIANY                                       ;(75) 3258-2011 ;030;302;SJQ9B48;     618,50;    0,74;10/07/2024;87;TEMPO INSUFICIENTE            ;   ;cunha.se   ;19:42
001179                            ;10/07/2024;    ;002990;003;    ;0030636;MER LIDIANY                                       ;(75) 3258-2011 ;030;302;SJQ9B48;     774,30;    1,43;10/07/2024;87;TEMPO INSUFICIENTE            ;   ;cunha.se   ;19:43
001179                            ;10/07/2024;    ;002991;003;    ;0030395;MERCADINHO SOUZA                                  ;(75)99213-1003 ;030;302;SJQ9B48;     465,42;    0,60;10/07/2024;87;TEMPO INSUFICIENTE            ;   ;cunha.se   ;19:44
001179                            ;10/07/2024;    ;002992;003;    ;0030395;MERCADINHO SOUZA                                  ;(75)99213-1003 ;030;302;SJQ9B48;     861,08;    1,78;10/07/2024;87;TEMPO INSUFICIENTE            ;   ;cunha.se   ;19:44
001179                            ;10/07/2024;    ;002993;003;    ;0039782;MERCADINHO LINO                                   ;(75)99131-1408 ;030;302;SJQ9B48;     731,24;    0,94;10/07/2024;87;TEMPO INSUFICIENTE            ;   ;cunha.se   ;19:45
001179                            ;10/07/2024;    ;002994;003;    ;0039782;MERCADINHO LINO                                   ;(75)99131-1408 ;030;302;SJQ9B48;     551,48;    1,62;10/07/2024;87;TEMPO INSUFICIENTE            ;   ;cunha.se   ;19:46
001179                            ;10/07/2024;    ;002997;003;    ;0050328;BAR DA SUELI                                      ;(75)99124-8955 ;040;404;SJQ9B48;     539,00;    0,69;10/07/2024;87;TEMPO INSUFICIENTE            ;   ;cunha.se   ;19:46
001179                            ;10/07/2024;    ;003001;003;    ;0050362;BAR DA LL                                         ;               ;040;404;SJQ9B48;      19,03;    0,04;10/07/2024;87;TEMPO INSUFICIENTE            ;   ;cunha.se   ;19:47
001179                            ;10/07/2024;    ;003010;003;    ;0034260;MERCADO DO TETECO                                 ;(75)99159-6322 ;040;404;SJQ9B48;     209,40;    0,24;10/07/2024;62;FORMA PAGAMENTO ERRADA        ;   ;cunha.se   ;19:48
001179                            ;10/07/2024;    ;003011;003;    ;0034260;MERCADO DO TETECO                                 ;(75)99159-6322 ;040;404;SJQ9B48;     209,33;    0,72;10/07/2024;62;FORMA PAGAMENTO ERRADA        ;   ;cunha.se   ;19:48
001179                            ;10/07/2024;    ;003012;003;    ;0020909;BAR DA GEANE                                      ;(07)59163-5525 ;040;414;SJQ9B48;     377,30;    0,48;10/07/2024;87;TEMPO INSUFICIENTE            ;   ;cunha.se   ;19:41
001180                            ;10/07/2024;    ;003033;003;    ;0084866;BAR DO ADALTO                                     ;(75)99112-9841 ;040;406;SJQ0G38;      44,04;    0,12;10/07/2024;43;Forma de Pagamento            ;   ;mauricio.se;18:50
001180                            ;10/07/2024;    ;003036;003;    ;0028883;Point Da ·gua de coc                              ;(75) 9185-4043 ;040;406;SJQ0G38;     616,60;    0,66;10/07/2024;87;TEMPO INSUFICIENTE            ;   ;mauricio.se;18:50
001180                            ;10/07/2024;    ;003037;003;    ;0085636;Ponto dos Amigos                                  ;(75)99269-1838 ;040;406;SJQ0G38;     544,29;    0,57;10/07/2024;87;TEMPO INSUFICIENTE            ;   ;mauricio.se;18:50
001180                            ;10/07/2024;    ;003038;003;    ;0026122;BIROSCA BAR                                       ;(75) 9127-3247 ;040;406;SJQ0G38;      44,04;    0,12;10/07/2024;87;TEMPO INSUFICIENTE            ;   ;mauricio.se;18:49
001180                            ;10/07/2024;    ;003046;003;    ;0032809;UZIEL CLEBER BARBOSA                              ;(75)99167-1669 ;071;011;SJQ0G38;      32,90;    0,04;10/07/2024;87;TEMPO INSUFICIENTE            ;   ;mauricio.se;18:49
001188                            ;10/07/2024;    ;003050;003;    ;0000001;CDR CAMACARI                                      ;(19) 3313-7039 ;090;990;RPR1F86;  113008,00;    0,00;11/07/2024;51;NF ERRADA                     ;   ;alyson10   ;10:29
001189                            ;11/07/2024;    ;003445;003;    ;0088820;PRIMUS DISTRIB.                                   ;(75)99191-2654 ;030;303;SJQ4E04;      48,04;    0,08;11/07/2024;51;NF ERRADA                     ;   ;jadson.se  ;20:44
001190                            ;11/07/2024;    ;003496;003;    ;0092215;DISTRI CANA BRASIL                                ;(75)99865-4648 ;030;303;SJQ0G38;     294,75;    0,47;12/07/2024;87;TEMPO INSUFICIENTE            ;   ;jadson.se  ;02:51
001190                            ;11/07/2024;    ;003497;003;    ;0028843;MERCADINHO CEDRAZ                                 ;               ;030;303;SJQ0G38;    2856,70;    3,65;12/07/2024;87;TEMPO INSUFICIENTE            ;   ;jadson.se  ;02:52
001190                            ;11/07/2024;    ;003498;003;    ;0028843;MERCADINHO CEDRAZ                                 ;               ;030;303;SJQ0G38;     383,40;    0,23;12/07/2024;87;TEMPO INSUFICIENTE            ;   ;jadson.se  ;02:52
001190                            ;11/07/2024;    ;003499;003;    ;0028843;MERCADINHO CEDRAZ                                 ;               ;030;303;SJQ0G38;    1625,25;    2,07;12/07/2024;87;TEMPO INSUFICIENTE            ;   ;jadson.se  ;02:53
001190                            ;11/07/2024;    ;003500;003;    ;0028843;MERCADINHO CEDRAZ                                 ;               ;030;303;SJQ0G38;     646,09;    0,85;12/07/2024;87;TEMPO INSUFICIENTE            ;   ;jadson.se  ;02:53
001191                            ;11/07/2024;    ;003525;003;    ;0055799;LANCHONETE DE ZOINHO                              ;               ;040;411;SKB5H16;      47,42;    0,10;12/07/2024;08;Mapa nao carregado / nao canc.;   ;mauricio.se;15:39
001191                            ;11/07/2024;    ;003538;003;    ;0086926;CHURRASC COREANO                                  ;(75) 9192-9545 ;040;411;SKB5H16;     271,32;    0,37;12/07/2024;08;Mapa nao carregado / nao canc.;   ;mauricio.se;15:40
001191                            ;11/07/2024;    ;003543;003;    ;0089264;BAR DE JOSE                                       ;(75) 9131-3534 ;040;408;SKB5H16;      16,20;    0,02;12/07/2024;08;Mapa nao carregado / nao canc.;   ;mauricio.se;15:40
001191                            ;11/07/2024;    ;003547;003;    ;0031058;BR BURGUER                                        ;(75)99200-1460 ;040;408;SKB5H16;     315,64;    0,28;12/07/2024;08;Mapa nao carregado / nao canc.;   ;mauricio.se;15:39
001191                            ;11/07/2024;    ;003558;003;    ;0085486;BAR DO ROQUE                                      ;(75) 9141-5323 ;040;411;SKB5H16;     157,80;    0,24;12/07/2024;08;Mapa nao carregado / nao canc.;   ;mauricio.se;15:40
001191                            ;11/07/2024;    ;003561;003;    ;0051417;RANCHO DA TAIZE                                   ;(75)99907-7202 ;040;409;SKB5H16;     114,90;    0,14;12/07/2024;08;Mapa nao carregado / nao canc.;   ;mauricio.se;15:38
001192                            ;11/07/2024;    ;003565;003;    ;0054612;BAR E LAN DA COLINA                               ;(75)99169-5646 ;040;406;SJQ0J29;     899,71;    1,31;11/07/2024;89;PDV FECHADO APOS HORARIO      ;   ;celia      ;18:56
001192                            ;11/07/2024;    ;003591;003;    ;0051399;  SUPER CITTY                                     ;               ;040;403;SJQ0J29;     214,32;    0,35;11/07/2024;46;Endereco Nao Encontrado       ;   ;celia      ;18:55
001192                            ;11/07/2024;    ;003597;003;    ;0029280;MERCADO MAX CONCEICA                              ;(75)99149-3868 ;040;403;SJQ0J29;     107,80;    0,13;11/07/2024;37;PDV Fechado                   ;   ;celia      ;18:54
001217                            ;11/07/2024;    ;003087;003;    ;0020669;MERCADINHO DA VILA                                ;(07)53256-3256 ;040;414;SJQ3A28;    1128,01;    1,83;23/07/2024;51;NF ERRADA                     ;   ;alyson     ;17:44
001217                            ;11/07/2024;    ;003088;003;    ;0029341;MERCADO FAZENDA TABO                              ;(75)99152-9845 ;040;414;SJQ3A28;     785,50;    1,41;13/07/2024;08;Mapa nao carregado / nao canc.;   ;celia      ;19:14
001217                            ;11/07/2024;    ;003089;003;    ;0020766;BAR DO DIJALMA                                    ;(07)19169-6229 ;040;414;SJQ3A28;     260,04;    0,36;13/07/2024;08;Mapa nao carregado / nao canc.;   ;david.al   ;19:20
001217                            ;11/07/2024;    ;003090;003;    ;0020722;MERCEARIA E BAR  ZE                               ;(07)59256-3692 ;040;414;SJQ3A28;    1648,81;    3,09;13/07/2024;08;Mapa nao carregado / nao canc.;   ;celia      ;19:41
001217                            ;11/07/2024;    ;003093;003;    ;0035540;BAR DO GALEGO                                     ;(75)99999-3486 ;040;405;SJQ3A28;     539,00;    0,69;13/07/2024;08;Mapa nao carregado / nao canc.;   ;david.al   ;19:18
001217                            ;11/07/2024;    ;003094;003;    ;0055648;QUIOSQUE DA VANUZA                                ;(75)99871-8983 ;040;405;SJQ3A28;     269,50;    0,34;13/07/2024;08;Mapa nao carregado / nao canc.;   ;david.al   ;19:19
001217                            ;11/07/2024;    ;003100;003;    ;0029633;LANCHONETE ESTRELA                                ;(75)99962-1253 ;040;405;SJQ3A28;     322,69;    0,40;13/07/2024;08;Mapa nao carregado / nao canc.;   ;david.al   ;19:19
001217                            ;11/07/2024;    ;003108;003;    ;0049243;FREITAS BAR                                       ;(75)99879-2167 ;040;405;SJQ3A28;     103,56;    0,17;13/07/2024;08;Mapa nao carregado / nao canc.;   ;celia      ;19:41
001217                            ;11/07/2024;    ;003109;003;    ;0049243;FREITAS BAR                                       ;(75)99879-2167 ;040;405;SJQ3A28;     161,70;    0,20;13/07/2024;08;Mapa nao carregado / nao canc.;   ;celia      ;19:42
001217                            ;11/07/2024;    ;003110;003;    ;0049243;FREITAS BAR                                       ;(75)99879-2167 ;040;405;SJQ3A28;     916,30;    1,17;13/07/2024;08;Mapa nao carregado / nao canc.;   ;david.al   ;19:18
001217                            ;11/07/2024;    ;003118;003;    ;0028355;BAR ACONCHEGO                                     ;(75)99137-9432 ;040;410;SJQ3A28;     415,18;    0,52;13/07/2024;08;Mapa nao carregado / nao canc.;   ;david.al   ;19:19
001218                            ;11/07/2024;    ;003134;003;    ;0039867;DEPOSITO CENTRAL                                  ;(75)99839-0079 ;040;405;SJQ3C84;      89,88;    0,24;11/07/2024;87;TEMPO INSUFICIENTE            ;   ;jadson.se  ;20:29
001218                            ;11/07/2024;    ;003136;003;    ;0032803;MARIANE SANTOS CARVA                              ;(75)99251-1010 ;030;301;SJQ3C84;     461,50;    0,49;11/07/2024;87;TEMPO INSUFICIENTE            ;   ;jadson.se  ;19:10
001218                            ;11/07/2024;    ;003137;003;    ;0032803;MARIANE SANTOS CARVA                              ;(75)99251-1010 ;030;301;SJQ3C84;     451,10;    0,37;11/07/2024;87;TEMPO INSUFICIENTE            ;   ;jadson.se  ;19:07
001218                            ;11/07/2024;    ;003138;003;    ;0086742;COMPRE MAIS SUP                                   ;(75)99910-1886 ;030;301;SJQ3C84;    1649,47;    2,81;11/07/2024;87;TEMPO INSUFICIENTE            ;   ;jadson.se  ;19:08
001218                            ;11/07/2024;    ;003143;003;    ;0085643;ARMAZEM DO VAL                                    ;(75) 9823-5477 ;040;405;SJQ3C84;     149,90;    0,14;11/07/2024;87;TEMPO INSUFICIENTE            ;   ;jadson.se  ;19:08
001218                            ;11/07/2024;    ;003154;003;    ;0048655;A BODEGA                                          ;               ;040;405;SJQ3C84;     374,50;    0,60;11/07/2024;87;TEMPO INSUFICIENTE            ;   ;jadson.se  ;19:06
001218                            ;11/07/2024;    ;003155;003;    ;0048655;A BODEGA                                          ;               ;040;405;SJQ3C84;     149,80;    0,24;11/07/2024;87;TEMPO INSUFICIENTE            ;   ;jadson.se  ;20:33
001218                            ;11/07/2024;    ;003156;003;    ;0048655;A BODEGA                                          ;               ;040;405;SJQ3C84;     269,50;    0,34;11/07/2024;87;TEMPO INSUFICIENTE            ;   ;jadson.se  ;20:32
001218                            ;11/07/2024;    ;003166;003;    ;0050602;CASA DE CARNES JOÉO                               ;               ;030;301;SJQ3C84;     678,00;    0,82;11/07/2024;87;TEMPO INSUFICIENTE            ;   ;jadson.se  ;20:32
001219                            ;11/07/2024;    ;003182;003;    ;0056440;ADILSON NASCIMENTO O                              ;(75)99218-8811 ;040;401;SJQ2B64;     460,30;    0,55;11/07/2024;72;PDV FECHADO (HORARIO COM.)    ;   ;jadson.se  ;19:47
001219                            ;11/07/2024;    ;003208;003;    ;0056139;KOSQUI                                            ;(75)98330-8824 ;040;404;SJQ2B64;     266,18;    0,44;11/07/2024;72;PDV FECHADO (HORARIO COM.)    ;   ;jadson.se  ;19:46
001219                            ;11/07/2024;    ;003220;003;    ;0085103;ROMIL DISTRI                                      ;(75)99285-1174 ;040;401;SJQ2B64;     183,88;    0,40;11/07/2024;42;Produto/Quantidade Errada     ;   ;jadson.se  ;19:46
001220                            ;11/07/2024;    ;003228;003;    ;0088952;BAR DO NEGO                                       ;(75)99183-9852 ;040;401;SJQ9B48;      15,02;    0,06;11/07/2024;08;Mapa nao carregado / nao canc.;   ;celia      ;19:37
001220                            ;11/07/2024;    ;003243;003;    ;0039920;DEPOSITO GIRLON                                   ;(75)99867-1873 ;040;401;SJQ9B48;     215,60;    0,27;11/07/2024;08;Mapa nao carregado / nao canc.;   ;celia      ;19:37
001222                            ;11/07/2024;    ;003321;003;    ;0020135;BAR E VARIEDADES                                  ;(07)59996-9933 ;040;415;SJQ4B82;    1078,00;    1,38;11/07/2024;87;TEMPO INSUFICIENTE            ;   ;jadson.se  ;19:20
001222                            ;11/07/2024;    ;003326;003;    ;0020094;SUPERMERCADO SOUZA C                              ;(07)50000-0000 ;040;415;SJQ4B82;      89,24;    0,27;11/07/2024;87;TEMPO INSUFICIENTE            ;   ;jadson.se  ;19:18
001222                            ;11/07/2024;    ;003328;003;    ;0020203;SUPERMERCADO SANTOS                               ;(07)59879-0456 ;040;415;SJQ4B82;     145,10;    0,34;11/07/2024;87;TEMPO INSUFICIENTE            ;   ;jadson.se  ;19:19
001222                            ;11/07/2024;    ;003330;003;    ;0020251;LANCHONETE DA MARIA                               ;(07)59879-7834 ;040;415;SJQ4B82;     179,85;    0,36;11/07/2024;87;TEMPO INSUFICIENTE            ;   ;jadson.se  ;19:19
001222                            ;11/07/2024;    ;003331;003;    ;0020217;QUIOSQUE DANJAO                                   ;(07)59861-9752 ;040;414;SJQ4B82;     865,46;    1,19;11/07/2024;87;TEMPO INSUFICIENTE            ;   ;jadson.se  ;19:18
001222                            ;11/07/2024;    ;003332;003;    ;0020433;LAURA VARIEDADES                                  ;(01)19704-0008 ;040;415;SJQ4B82;     169,11;    0,46;11/07/2024;87;TEMPO INSUFICIENTE            ;   ;jadson.se  ;19:20
001222                            ;11/07/2024;    ;003333;003;    ;0020346;BAR E LANCHONETE PON                              ;(07)58224-7479 ;040;415;SJQ4B82;     216,58;    0,33;11/07/2024;87;TEMPO INSUFICIENTE            ;   ;jadson.se  ;19:20
001222                            ;11/07/2024;    ;003335;003;    ;0020621;MERCADAO DE JESUS                                 ;(07)58283-8250 ;040;415;SJQ4B82;     130,14;    0,17;11/07/2024;87;TEMPO INSUFICIENTE            ;   ;jadson.se  ;19:19
001222                            ;11/07/2024;    ;003336;003;    ;0020118;KIOSQUE DA KAMILA                                 ;(75)99800-6702 ;040;415;SJQ4B82;     465,00;    0,49;11/07/2024;87;TEMPO INSUFICIENTE            ;   ;jadson.se  ;19:20
001222                            ;11/07/2024;    ;003337;003;    ;0020173;ZECAS PASTELARIA                                  ;(07)58314-5064 ;040;415;SJQ4B82;     472,79;    0,61;11/07/2024;87;TEMPO INSUFICIENTE            ;   ;jadson.se  ;19:21
001222                            ;11/07/2024;    ;003340;003;    ;0020783;LANCHONETE DE ROSE                                ;(07)58347-7164 ;040;412;SJQ4B82;     193,18;    0,34;11/07/2024;87;TEMPO INSUFICIENTE            ;   ;jadson.se  ;19:21
001222                            ;11/07/2024;    ;003341;003;    ;0020783;LANCHONETE DE ROSE                                ;(07)58347-7164 ;040;412;SJQ4B82;     107,80;    0,13;11/07/2024;87;TEMPO INSUFICIENTE            ;   ;jadson.se  ;19:22
001222                            ;11/07/2024;    ;003342;003;    ;0020783;LANCHONETE DE ROSE                                ;(07)58347-7164 ;040;412;SJQ4B82;     107,80;    0,13;11/07/2024;87;TEMPO INSUFICIENTE            ;   ;jadson.se  ;19:22
001222                            ;11/07/2024;    ;003343;003;    ;0020783;LANCHONETE DE ROSE                                ;(07)58347-7164 ;040;412;SJQ4B82;      53,90;    0,06;11/07/2024;87;TEMPO INSUFICIENTE            ;   ;jadson.se  ;19:22
001222                            ;11/07/2024;    ;003344;003;    ;0020783;LANCHONETE DE ROSE                                ;(07)58347-7164 ;040;412;SJQ4B82;      53,90;    0,06;11/07/2024;87;TEMPO INSUFICIENTE            ;   ;jadson.se  ;19:23
001222                            ;11/07/2024;    ;003345;003;    ;0020736;COMERCIAL ANDRADE  (                              ;               ;040;412;SJQ4B82;     539,00;    0,69;11/07/2024;87;TEMPO INSUFICIENTE            ;   ;jadson.se  ;19:17
001224                            ;11/07/2024;    ;003383;003;    ;0055866;MERCADINHO ZEITAO                                 ;(75)99848-1406 ;040;409;SJQ8E15;     161,70;    0,20;11/07/2024;38;Sem Dinheiro                  ;   ;celia      ;18:10
001224                            ;11/07/2024;    ;003384;003;    ;0055866;MERCADINHO ZEITAO                                 ;(75)99848-1406 ;040;409;SJQ8E15;      53,90;    0,06;11/07/2024;38;Sem Dinheiro                  ;   ;celia      ;18:10
001224                            ;11/07/2024;    ;003385;003;    ;0055551; BAR DO RAILTON                                   ;               ;040;409;SJQ8E15;     172,80;    0,14;11/07/2024;38;Sem Dinheiro                  ;   ;celia      ;18:11
001224                            ;11/07/2024;    ;003386;003;    ;0055551; BAR DO RAILTON                                   ;               ;040;409;SJQ8E15;      28,39;    0,04;11/07/2024;38;Sem Dinheiro                  ;   ;celia      ;18:11
001224                            ;11/07/2024;    ;003387;003;    ;0055551; BAR DO RAILTON                                   ;               ;040;409;SJQ8E15;     107,80;    0,13;11/07/2024;38;Sem Dinheiro                  ;   ;celia      ;18:11
001224                            ;11/07/2024;    ;003393;003;    ;0050222;POINT DO LEO                                      ;(75)99160-0060 ;040;409;SJQ8E15;     133,89;    0,24;11/07/2024;38;Sem Dinheiro                  ;   ;celia      ;18:10
001227                            ;11/07/2024;    ;003064;003;    ;0051269; BAR DE MANCHINHA                                 ;               ;040;407;SJQ9G53;     119,80;    0,13;11/07/2024;87;TEMPO INSUFICIENTE            ;   ;celia      ;19:28
001227                            ;11/07/2024;    ;003065;003;    ;0049133;CASINO BAR                                        ;(75)99824-3598 ;040;407;SJQ9G53;     281,50;    0,34;11/07/2024;87;TEMPO INSUFICIENTE            ;   ;celia      ;19:28
001227                            ;11/07/2024;    ;003066;003;    ;0039636;VITORIA MERCADINHO                                ;(75)99247-1974 ;040;407;SJQ9G53;     336,30;    0,42;11/07/2024;87;TEMPO INSUFICIENTE            ;   ;celia      ;19:28
001227                            ;11/07/2024;    ;003067;003;    ;0026234;MERCADINHO QUEIROZ                                ;(75)99133-6043 ;040;407;SJQ9G53;      45,60;    0,01;11/07/2024;87;TEMPO INSUFICIENTE            ;   ;celia      ;19:27
001227                            ;11/07/2024;    ;003068;003;    ;0050914; LANCHONETE DELIVERY                              ;               ;040;407;SJQ9G53;     155,66;    0,33;11/07/2024;87;TEMPO INSUFICIENTE            ;   ;celia      ;19:28
001227                            ;11/07/2024;    ;003073;003;    ;0037794;MERCADO MR                                        ;               ;040;407;SJQ9G53;     215,60;    0,27;11/07/2024;87;TEMPO INSUFICIENTE            ;   ;celia      ;19:28
001227                            ;11/07/2024;    ;003074;003;    ;0037794;MERCADO MR                                        ;               ;040;407;SJQ9G53;      62,84;    0,24;11/07/2024;87;TEMPO INSUFICIENTE            ;   ;celia      ;19:28
001227                            ;11/07/2024;    ;003075;003;    ;0046394;BAR CAMINHO DE CASA                               ;(75)99185-6114 ;040;407;SJQ9G53;     665,90;    1,17;11/07/2024;87;TEMPO INSUFICIENTE            ;   ;celia      ;19:28
001233                            ;12/07/2024;    ;003768;003;    ;0048802;MERCADINHO JATOBA                                 ;(75)99232-9463 ;040;402;SJQ4E04;     535,88;    1,95;13/07/2024;50;CARGA ERRADA ARMAZEM          ;   ;cunha.se   ;02:46
001233                            ;12/07/2024;    ;003769;003;    ;0048802;MERCADINHO JATOBA                                 ;(75)99232-9463 ;040;402;SJQ4E04;      40,84;    0,06;13/07/2024;50;CARGA ERRADA ARMAZEM          ;   ;cunha.se   ;02:51
001234                            ;12/07/2024;    ;003792;003;    ;0021847;SUPER GALLO                                       ;(75)98143-1469 ;030;303;SJQ0G38;     138,24;    0,36;12/07/2024;38;Sem Dinheiro                  ;   ;cunha.se   ;20:35
001234                            ;12/07/2024;    ;003793;003;    ;0021847;SUPER GALLO                                       ;(75)98143-1469 ;030;303;SJQ0G38;    1617,00;    2,07;12/07/2024;38;Sem Dinheiro                  ;   ;cunha.se   ;20:44
001234                            ;12/07/2024;    ;003794;003;    ;0021847;SUPER GALLO                                       ;(75)98143-1469 ;030;303;SJQ0G38;    1617,00;    2,07;12/07/2024;38;Sem Dinheiro                  ;   ;cunha.se   ;20:46
001234                            ;12/07/2024;    ;003795;003;    ;0021847;SUPER GALLO                                       ;(75)98143-1469 ;030;303;SJQ0G38;    1617,00;    2,07;12/07/2024;38;Sem Dinheiro                  ;   ;cunha.se   ;20:47
001234                            ;12/07/2024;    ;003796;003;    ;0021847;SUPER GALLO                                       ;(75)98143-1469 ;030;303;SJQ0G38;    1617,00;    2,07;12/07/2024;38;Sem Dinheiro                  ;   ;cunha.se   ;20:47
001234                            ;12/07/2024;    ;003797;003;    ;0021847;SUPER GALLO                                       ;(75)98143-1469 ;030;303;SJQ0G38;     410,14;    0,96;12/07/2024;38;Sem Dinheiro                  ;   ;cunha.se   ;20:48
001234                            ;12/07/2024;    ;003798;003;    ;0021847;SUPER GALLO                                       ;(75)98143-1469 ;030;303;SJQ0G38;     808,50;    1,03;12/07/2024;38;Sem Dinheiro                  ;   ;cunha.se   ;20:38
001234                            ;12/07/2024;    ;003817;003;    ;0022756;DEUS E GRANDE TANQUI                              ;(75)81704-0260 ;030;303;SJQ0G38;    2990,10;    4,17;12/07/2024;38;Sem Dinheiro                  ;   ;cunha.se   ;20:33
001236                            ;12/07/2024;    ;003885;003;    ;0092349;THAY LANCHES                                      ;(75)98216-9391 ;040;409;SJQ0J29;     118,51;    0,28;12/07/2024;23;(C)Pedidos duplicados         ;   ;mauricio.se;17:59
001236                            ;12/07/2024;    ;003886;003;    ;0092349;THAY LANCHES                                      ;(75)98216-9391 ;040;409;SJQ0J29;      28,44;    0,04;12/07/2024;23;(C)Pedidos duplicados         ;   ;mauricio.se;18:  
001241                            ;12/07/2024;    ;004121;003;    ;0045418;DISTRIBUIDORA PARA T                              ;(75)99197-7281 ;040;403;SJQ0E61;     231,54;    0,72;12/07/2024;72;PDV FECHADO (HORARIO COM.)    ;   ;mauricio.se;17:14
001243                            ;12/07/2024;    ;004171;003;    ;0020018;PANIFICADORA LIMA                                 ;(07)50000-0000 ;040;412;SJQ9G53;     226,96;    0,56;12/07/2024;43;Forma de Pagamento            ;   ;cunha.se   ;19:21
001243                            ;12/07/2024;    ;004174;003;    ;0020837;LM MERCEARIA                                      ;(07)58170-0209 ;040;412;SJQ9G53;     406,89;    1,13;12/07/2024;87;TEMPO INSUFICIENTE            ;   ;cunha.se   ;19:20
001243                            ;12/07/2024;    ;004177;003;    ;0020723;QUIOSQUE DO RENATO                                ;               ;040;413;SJQ9G53;     390,19;    0,47;12/07/2024;87;TEMPO INSUFICIENTE            ;   ;cunha.se   ;19:14
001243                            ;12/07/2024;    ;004178;003;    ;0020738;QUISQUE DA VAL                                    ;(07)58125-3256 ;040;413;SJQ9G53;      46,08;    0,12;12/07/2024;87;TEMPO INSUFICIENTE            ;   ;cunha.se   ;19:19
001243                            ;12/07/2024;    ;004181;003;    ;0020553;BAR DOCE LAR (SANTIN                              ;(07)58114-0584 ;040;413;SJQ9G53;      95,46;    0,18;12/07/2024;87;TEMPO INSUFICIENTE            ;   ;cunha.se   ;19:17
001243                            ;12/07/2024;    ;004183;003;    ;0020639;BAR PONTO RESISTENCI                              ;(07)58172-3154 ;040;412;SJQ9G53;      60,08;    0,24;12/07/2024;87;TEMPO INSUFICIENTE            ;   ;cunha.se   ;19:19
001243                            ;12/07/2024;    ;004184;003;    ;0020519;DEPOSITO DE BEBIDAS                               ;(07)58159-0646 ;040;413;SJQ9G53;     135,60;    0,16;12/07/2024;87;TEMPO INSUFICIENTE            ;   ;cunha.se   ;19:18
001243                            ;12/07/2024;    ;004192;003;    ;0020246;DISTRIBUIDORA DE BEB                              ;(07)59822-6528 ;040;412;SJQ9G53;     158,47;    0,20;12/07/2024;72;PDV FECHADO (HORARIO COM.)    ;   ;cunha.se   ;19:21
001243                            ;12/07/2024;    ;004193;003;    ;0020246;DISTRIBUIDORA DE BEB                              ;(07)59822-6528 ;040;412;SJQ9G53;     266,36;    0,33;12/07/2024;72;PDV FECHADO (HORARIO COM.)    ;   ;cunha.se   ;19:22
001244                            ;12/07/2024;    ;004240;003;    ;0050751;DN MERCADINHO E VARI                              ;(43)90000-0000 ;040;404;SJQ3C84;     624,22;    1,70;12/07/2024;87;TEMPO INSUFICIENTE            ;   ;cunha.se   ;19:32
001244                            ;12/07/2024;    ;004241;003;    ;0050751;DN MERCADINHO E VARI                              ;(43)90000-0000 ;040;404;SJQ3C84;     279,20;    0,32;12/07/2024;87;TEMPO INSUFICIENTE            ;   ;cunha.se   ;19:31
001244                            ;12/07/2024;    ;004242;003;    ;0050751;DN MERCADINHO E VARI                              ;(43)90000-0000 ;040;404;SJQ3C84;      53,90;    0,06;12/07/2024;87;TEMPO INSUFICIENTE            ;   ;cunha.se   ;19:31
001245                            ;12/07/2024;    ;004263;003;    ;0040292;SUPERMERCADO REAL                                 ;               ;040;410;SJQ9B48;    1057,48;    2,11;12/07/2024;42;Produto/Quantidade Errada     ;   ;mauricio.se;16:19
001263                            ;13/07/2024;    ;004532;003;    ;0039963;BAR DO LEONOR                                     ;(75)99912-5583 ;040;409;SJQ4E04;     134,90;    0,14;13/07/2024;08;Mapa nao carregado / nao canc.;   ;david.al   ;19:22
001263                            ;13/07/2024;    ;004542;003;    ;0048360;Pai E Filhos Distrib                              ;(75)99113-5545 ;040;409;SJQ4E04;      53,90;    0,06;13/07/2024;08;Mapa nao carregado / nao canc.;   ;david.al   ;19:22
001263                            ;13/07/2024;    ;004543;003;    ;0048360;Pai E Filhos Distrib                              ;(75)99113-5545 ;040;409;SJQ4E04;      15,44;    0,02;13/07/2024;08;Mapa nao carregado / nao canc.;   ;david.al   ;19:23
001263                            ;13/07/2024;    ;004565;003;    ;0045529;MOMENTU S MOTEL                                   ;               ;040;409;SJQ4E04;     209,84;    0,17;13/07/2024;08;Mapa nao carregado / nao canc.;   ;david.al   ;19:22
001264                            ;13/07/2024;    ;004576;003;    ;0020152;MS CEREAIS E VARIEDA                              ;(07)59191-6068 ;040;415;SJQ9G53;      35,56;    0,06;13/07/2024;72;PDV FECHADO (HORARIO COM.)    ;   ;jadson.se  ;19:22
001264                            ;13/07/2024;    ;004577;003;    ;0020152;MS CEREAIS E VARIEDA                              ;(07)59191-6068 ;040;415;SJQ9G53;     124,70;    0,40;13/07/2024;72;PDV FECHADO (HORARIO COM.)    ;   ;jadson.se  ;19:22
001264                            ;13/07/2024;    ;004578;003;    ;0020636;MERCEARIA PAI E FILH                              ;(07)59922-8562 ;040;415;SJQ9G53;     196,10;    0,45;13/07/2024;82;ENDERECO NAO ENCONTRADO       ;   ;jadson.se  ;19:22
001264                            ;13/07/2024;    ;004582;003;    ;0020117;BOTECOS BAR E RESTAU                              ;(75)99122-7033 ;040;415;SJQ9G53;     148,58;    0,30;13/07/2024;72;PDV FECHADO (HORARIO COM.)    ;   ;jadson.se  ;19:23
001264                            ;13/07/2024;    ;004594;003;    ;0020352;PINHO MERCADINHO                                  ;(07)59132-9669 ;040;414;SJQ9G53;      92,38;    0,36;13/07/2024;42;Produto/Quantidade Errada     ;   ;jadson.se  ;19:21
001264                            ;13/07/2024;    ;004600;003;    ;0020393;BAR DA DAY                                        ;(07)59158-7987 ;040;414;SJQ9G53;     425,71;    0,49;13/07/2024;87;TEMPO INSUFICIENTE            ;   ;jadson.se  ;19:20
001264                            ;13/07/2024;    ;004601;003;    ;0020785;MERCADINHO JD                                     ;(07)58187-2295 ;040;415;SJQ9G53;     179,66;    0,06;13/07/2024;87;TEMPO INSUFICIENTE            ;   ;jadson.se  ;19:23
001264                            ;13/07/2024;    ;004602;003;    ;0020785;MERCADINHO JD                                     ;(07)58187-2295 ;040;415;SJQ9G53;     649,39;    1,12;13/07/2024;87;TEMPO INSUFICIENTE            ;   ;jadson.se  ;19:23
001264                            ;13/07/2024;    ;004603;003;    ;0020112;COMERCIO DE BEBIDAS                               ;(07)58328-8633 ;040;414;SJQ9G53;     146,23;    0,25;13/07/2024;72;PDV FECHADO (HORARIO COM.)    ;   ;jadson.se  ;19:20
001265                            ;13/07/2024;    ;004631;003;    ;0087098;BAR  DA NANA                                      ;(75)99182-6145 ;040;407;SJQ0G38;     344,70;    0,43;15/07/2024;08;Mapa nao carregado / nao canc.;   ;celia      ;16:46
001265                            ;13/07/2024;    ;004632;003;    ;0087098;BAR  DA NANA                                      ;(75)99182-6145 ;040;407;SJQ0G38;     269,50;    0,34;15/07/2024;08;Mapa nao carregado / nao canc.;   ;celia      ;16:46
001265                            ;13/07/2024;    ;004638;003;    ;0055794;SABOR DO LAR                                      ;(75)98357-5016 ;040;407;SJQ0G38;     559,40;    0,47;15/07/2024;08;Mapa nao carregado / nao canc.;   ;celia      ;16:46
001265                            ;13/07/2024;    ;004639;003;    ;0055794;SABOR DO LAR                                      ;(75)98357-5016 ;040;407;SJQ0G38;     180,24;    0,48;15/07/2024;08;Mapa nao carregado / nao canc.;   ;celia      ;16:46
001265                            ;13/07/2024;    ;004647;003;    ;0086121;SKINA BAR                                         ;               ;040;407;SJQ0G38;     292,20;    0,45;15/07/2024;08;Mapa nao carregado / nao canc.;   ;celia      ;16:46
001265                            ;13/07/2024;    ;004652;003;    ;0037576;BAR DA PEDRA                                      ;(75)99222-0866 ;040;407;SJQ0G38;     722,00;    0,91;15/07/2024;08;Mapa nao carregado / nao canc.;   ;celia      ;16:47
001265                            ;13/07/2024;    ;004653;003;    ;0088288;MERC DA VIRGINIA                                  ;               ;030;302;SJQ0G38;     660,19;    0,82;15/07/2024;08;Mapa nao carregado / nao canc.;   ;celia      ;16:47
001265                            ;13/07/2024;    ;004654;003;    ;0032384;MANUS LANCHE                                      ;(75)99133-9352 ;040;407;SJQ0G38;     161,70;    0,20;15/07/2024;08;Mapa nao carregado / nao canc.;   ;celia      ;16:47
001265                            ;13/07/2024;    ;004655;003;    ;0032384;MANUS LANCHE                                      ;(75)99133-9352 ;040;407;SJQ0G38;     671,44;    0,90;15/07/2024;08;Mapa nao carregado / nao canc.;   ;celia      ;16:47
001265                            ;13/07/2024;    ;004656;003;    ;0032384;MANUS LANCHE                                      ;(75)99133-9352 ;040;407;SJQ0G38;     485,10;    0,62;15/07/2024;08;Mapa nao carregado / nao canc.;   ;celia      ;16:47
001265                            ;13/07/2024;    ;004657;003;    ;0032384;MANUS LANCHE                                      ;(75)99133-9352 ;040;407;SJQ0G38;     161,70;    0,20;15/07/2024;08;Mapa nao carregado / nao canc.;   ;celia      ;16:47
001266                            ;13/07/2024;    ;004659;003;    ;0055426;BAR DA NEGA                                       ;(75)99894-0314 ;040;404;SJQ8E15;     107,80;    0,13;13/07/2024;72;PDV FECHADO (HORARIO COM.)    ;   ;tailan.al  ;17:11
001266                            ;13/07/2024;    ;004687;003;    ;0085439;PRETA CERVEJARIA                                  ;(75)99134-9201 ;040;407;SJQ8E15;     187,71;    0,20;13/07/2024;72;PDV FECHADO (HORARIO COM.)    ;   ;tailan.al  ;17:11
001267                            ;13/07/2024;    ;004720;003;    ;0085552;BAR SIRMANS                                       ;(11)99287-9158 ;040;401;SJQ9B48;     146,34;    0,19;17/07/2024;71;SEM DINHEIRO/CHEQUE           ;   ;alyson     ;17:02
001267                            ;13/07/2024;    ;004721;003;    ;0024544;BAR ARAuJO                                        ;(75) 9222-2416 ;040;401;SJQ9B48;     303,70;    0,41;17/07/2024;72;PDV FECHADO (HORARIO COM.)    ;   ;alyson     ;17:01
001267                            ;13/07/2024;    ;004722;003;    ;0086867;BAR NISSINHO                                      ;(71) 9236-1519 ;040;401;SJQ9B48;     383,40;    0,21;17/07/2024;72;PDV FECHADO (HORARIO COM.)    ;   ;alyson     ;17:01
001267                            ;13/07/2024;    ;004727;003;    ;0049023;MERCADINHO LAURA                                  ;               ;040;401;SJQ9B48;     107,78;    0,28;17/07/2024;72;PDV FECHADO (HORARIO COM.)    ;   ;alyson     ;17:01
001267                            ;13/07/2024;    ;004730;003;    ;0086266;BAR DO DUCA                                       ;(75) 8115-8650 ;040;401;SJQ9B48;     404,69;    0,72;17/07/2024;71;SEM DINHEIRO/CHEQUE           ;   ;alyson     ;17:02
001267                            ;13/07/2024;    ;004736;003;    ;0027780;LANCHONETE SAMIDANE                               ;(75)99165-0725 ;040;401;SJQ9B48;     131,90;    0,19;17/07/2024;72;PDV FECHADO (HORARIO COM.)    ;   ;alyson     ;17:01
001267                            ;13/07/2024;    ;004739;003;    ;0039476;POINT DA NACAO                                    ;(75)98842-3261 ;040;401;SJQ9B48;     248,50;    0,25;17/07/2024;72;PDV FECHADO (HORARIO COM.)    ;   ;alyson     ;17:01
001268                            ;13/07/2024;    ;004760;003;    ;0092434;E G M BEBIDAS                                     ;(75)99989-1017 ;040;404;SJQ7D41;     161,70;    0,20;13/07/2024;72;PDV FECHADO (HORARIO COM.)    ;   ;tailan.al  ;17:33
001268                            ;13/07/2024;    ;004761;003;    ;0092434;E G M BEBIDAS                                     ;(75)99989-1017 ;040;404;SJQ7D41;     161,70;    0,20;13/07/2024;72;PDV FECHADO (HORARIO COM.)    ;   ;tailan.al  ;17:33
001268                            ;13/07/2024;    ;004762;003;    ;0092434;E G M BEBIDAS                                     ;(75)99989-1017 ;040;404;SJQ7D41;     970,40;    1,75;13/07/2024;72;PDV FECHADO (HORARIO COM.)    ;   ;tailan.al  ;17:34
001272                            ;13/07/2024;    ;004903;003;    ;0027597;Distrib G e J                                     ;(75)99272-5374 ;030;301;SJQ4B82;    2695,00;    3,45;13/07/2024;48;PDV Fechado Apos              ;   ;tailan.al  ;15:29
001272                            ;13/07/2024;    ;004916;003;    ;0085635;DEPSITO DO NELITO                                 ;               ;040;403;SJQ4B82;     916,30;    1,17;13/07/2024;48;PDV Fechado Apos              ;   ;tailan.al  ;15:30
001272                            ;13/07/2024;    ;004917;003;    ;0085635;DEPSITO DO NELITO                                 ;               ;040;403;SJQ4B82;    1234,24;    1,93;13/07/2024;48;PDV Fechado Apos              ;   ;tailan.al  ;15:30
001272                            ;13/07/2024;    ;004918;003;    ;0085635;DEPSITO DO NELITO                                 ;               ;040;403;SJQ4B82;     268,38;    0,37;13/07/2024;48;PDV Fechado Apos              ;   ;tailan.al  ;15:27
001279                            ;13/07/2024;    ;004926;003;    ;0085888;MER CESTA DO POVO                                 ;(75)98105-5027 ;030;303;SJQ7D41;     539,00;    0,69;13/07/2024;48;PDV Fechado Apos              ;   ;tailan.al  ;15:28
001288                            ;15/07/2024;    ;005055;003;    ;0085489;BARRACA DA MARIZETE                               ;(75)99186-8266 ;040;408;SJQ9G53;     149,90;    0,14;15/07/2024;87;TEMPO INSUFICIENTE            ;   ;jadson.se  ;19:03
001288                            ;15/07/2024;    ;005056;003;    ;0085489;BARRACA DA MARIZETE                               ;(75)99186-8266 ;040;408;SJQ9G53;    1416,12;    1,56;15/07/2024;87;TEMPO INSUFICIENTE            ;   ;jadson.se  ;19:03
001288                            ;15/07/2024;    ;005057;003;    ;0086847;LANCH. PAULISTA                                   ;(75)99257-7839 ;040;408;SJQ9G53;     854,06;    1,23;15/07/2024;71;SEM DINHEIRO/CHEQUE           ;   ;jadson.se  ;19:05
001288                            ;15/07/2024;    ;005059;003;    ;0032999;TOP BAHIA                                         ;(75)99959-5005 ;030;303;SJQ9G53;      53,90;    0,06;15/07/2024;72;PDV FECHADO (HORARIO COM.)    ;   ;jadson.se  ;19:06
001288                            ;15/07/2024;    ;005060;003;    ;0032999;TOP BAHIA                                         ;(75)99959-5005 ;030;303;SJQ9G53;      53,90;    0,06;15/07/2024;72;PDV FECHADO (HORARIO COM.)    ;   ;jadson.se  ;19:06
001288                            ;15/07/2024;    ;005061;003;    ;0032999;TOP BAHIA                                         ;(75)99959-5005 ;030;303;SJQ9G53;     149,90;    0,14;15/07/2024;72;PDV FECHADO (HORARIO COM.)    ;   ;jadson.se  ;19:06
001288                            ;15/07/2024;    ;005062;003;    ;0032999;TOP BAHIA                                         ;(75)99959-5005 ;030;303;SJQ9G53;      53,90;    0,06;15/07/2024;72;PDV FECHADO (HORARIO COM.)    ;   ;jadson.se  ;19:06
001288                            ;15/07/2024;    ;005070;003;    ;0039340;kateane Murta                                     ;(75)99206-8193 ;040;408;SJQ9G53;      26,76;    0,12;15/07/2024;42;Produto/Quantidade Errada     ;   ;jadson.se  ;19:04
001288                            ;15/07/2024;    ;005083;003;    ;0045895;DISTR GARAGEM                                     ;(75)99205-4301 ;040;408;SJQ9G53;      46,68;    0,07;15/07/2024;42;Produto/Quantidade Errada     ;   ;jadson.se  ;19:03
001288                            ;15/07/2024;    ;005112;003;    ;0024385;STILUS SABOR DA PRAc                              ;(75) 9178-0280 ;040;408;SJQ9G53;     913,79;    0,90;15/07/2024;71;SEM DINHEIRO/CHEQUE           ;   ;jadson.se  ;19:04
001288                            ;15/07/2024;    ;005113;003;    ;0009432;SUPERMER SUPER PINTO                              ;(75) 3262-1052 ;030;303;SJQ9G53;    1395,86;    2,20;15/07/2024;72;PDV FECHADO (HORARIO COM.)    ;   ;jadson.se  ;19:05
001288                            ;15/07/2024;    ;005114;003;    ;0009432;SUPERMER SUPER PINTO                              ;(75) 3262-1052 ;030;303;SJQ9G53;    1642,32;    4,58;15/07/2024;72;PDV FECHADO (HORARIO COM.)    ;   ;jadson.se  ;19:05
001288                            ;15/07/2024;    ;005118;003;    ;0085472;EDINHO SUPERMERCADO                               ;(75) 3262-1110 ;030;303;SJQ9G53;    3569,58;    8,02;15/07/2024;72;PDV FECHADO (HORARIO COM.)    ;   ;jadson.se  ;19:04
001288                            ;15/07/2024;    ;005120;003;    ;0036006;SEKAI                                             ;               ;040;408;SJQ9G53;     302,84;    0,42;15/07/2024;72;PDV FECHADO (HORARIO COM.)    ;   ;jadson.se  ;19:05
001290                            ;15/07/2024;    ;005188;003;    ;0050073;BAR DA CANDIDA                                    ;               ;040;411;SJQ0J29;     102,30;    0,12;17/07/2024;51;NF ERRADA                     ;   ;alyson     ;17:  
001291                            ;15/07/2024;    ;005216;003;    ;0054976;ELIENE POMPOSADE LIM                              ;               ;040;404;SJQ7D41;     215,60;    0,27;15/07/2024;72;PDV FECHADO (HORARIO COM.)    ;   ;tailan.al  ;18:58
001291                            ;15/07/2024;    ;005233;003;    ;0054699;RODRIGO CORDEIRO RAM                              ;(75)99263-8937 ;040;409;SJQ7D41;     149,90;    0,14;15/07/2024;82;ENDERECO NAO ENCONTRADO       ;   ;tailan.al  ;18:58
001291                            ;15/07/2024;    ;005234;003;    ;0054699;RODRIGO CORDEIRO RAM                              ;(75)99263-8937 ;040;409;SJQ7D41;      28,74;    0,02;15/07/2024;82;ENDERECO NAO ENCONTRADO       ;   ;tailan.al  ;18:58
001291                            ;15/07/2024;    ;005258;003;    ;0051540;BAR FAMILIAR                                      ;               ;040;407;SJQ7D41;     318,26;    0,40;15/07/2024;72;PDV FECHADO (HORARIO COM.)    ;   ;tailan.al  ;18:59
001292                            ;15/07/2024;    ;005268;003;    ;0028411;BAR DO BOI                                        ;               ;040;411;SJQ4A76;     108,11;    0,15;15/07/2024;87;TEMPO INSUFICIENTE            ;   ;jadson.se  ;20:06
001292                            ;15/07/2024;    ;005269;003;    ;0028410;BAR DE GILBERTO                                   ;(75)99254-5454 ;040;411;SJQ4A76;     213,18;    0,56;15/07/2024;87;TEMPO INSUFICIENTE            ;   ;jadson.se  ;20:07
001292                            ;15/07/2024;    ;005271;003;    ;0049907;YURE MERCADOS                                     ;               ;040;411;SJQ4A76;     772,64;    1,45;15/07/2024;87;TEMPO INSUFICIENTE            ;   ;jadson.se  ;20:04
001292                            ;15/07/2024;    ;005302;003;    ;0027647;CAJU POINT BAR                                    ;(75) 8153-6459 ;040;404;SJQ4A76;     215,60;    0,27;15/07/2024;87;TEMPO INSUFICIENTE            ;   ;jadson.se  ;20:04
001292                            ;15/07/2024;    ;005306;003;    ;0027625;BAR DO LUCAS                                      ;(75) 8246-1074 ;040;404;SJQ4A76;     140,87;    0,32;15/07/2024;87;TEMPO INSUFICIENTE            ;   ;jadson.se  ;20:04
001292                            ;15/07/2024;    ;005307;003;    ;0045377; DUTECO DO BIU                                    ;               ;040;404;SJQ4A76;     245,02;    0,37;15/07/2024;87;TEMPO INSUFICIENTE            ;   ;jadson.se  ;20:07
001292                            ;15/07/2024;    ;005308;003;    ;0045377; DUTECO DO BIU                                    ;               ;040;404;SJQ4A76;     539,00;    0,69;15/07/2024;87;TEMPO INSUFICIENTE            ;   ;jadson.se  ;20:02
001292                            ;15/07/2024;    ;005309;003;    ;0045377; DUTECO DO BIU                                    ;               ;040;404;SJQ4A76;     161,70;    0,20;15/07/2024;87;TEMPO INSUFICIENTE            ;   ;jadson.se  ;20:03
001292                            ;15/07/2024;    ;005315;003;    ;0041189;POSTO DA MINACAO                                  ;(48)97200-0000 ;040;411;SJQ4A76;     158,20;    0,34;15/07/2024;87;TEMPO INSUFICIENTE            ;   ;jadson.se  ;20:03
001292                            ;15/07/2024;    ;005316;003;    ;0041189;POSTO DA MINACAO                                  ;(48)97200-0000 ;040;411;SJQ4A76;      90,72;    0,18;15/07/2024;87;TEMPO INSUFICIENTE            ;   ;jadson.se  ;20:11
001294                            ;15/07/2024;    ;005366;003;    ;0037601;BAR DE SALVADOR                                   ;(75)99952-7807 ;040;405;SJQ9B48;     539,00;    0,69;15/07/2024;71;SEM DINHEIRO/CHEQUE           ;   ;jadson.se  ;20:45
001294                            ;15/07/2024;    ;005368;003;    ;0004617;MILESIMA BUDEGA                                   ;               ;040;405;SJQ9B48;     808,50;    1,03;15/07/2024;87;TEMPO INSUFICIENTE            ;   ;jadson.se  ;20:46
001294                            ;15/07/2024;    ;005369;003;    ;0004617;MILESIMA BUDEGA                                   ;               ;040;405;SJQ9B48;     269,50;    0,34;15/07/2024;87;TEMPO INSUFICIENTE            ;   ;jadson.se  ;20:46
001294                            ;15/07/2024;    ;005370;003;    ;0004617;MILESIMA BUDEGA                                   ;               ;040;405;SJQ9B48;     208,08;    0,60;15/07/2024;87;TEMPO INSUFICIENTE            ;   ;jadson.se  ;20:46
001294                            ;15/07/2024;    ;005371;003;    ;0052308;MERCADINHO SENA                                   ;(75)99952-4581 ;040;405;SJQ9B48;     120,96;    0,42;15/07/2024;87;TEMPO INSUFICIENTE            ;   ;jadson.se  ;20:47
001294                            ;15/07/2024;    ;005372;003;    ;0029335;MERCEARIA NELSINHO                                ;(75)99951-7453 ;040;405;SJQ9B48;     101,61;    0,34;15/07/2024;87;TEMPO INSUFICIENTE            ;   ;jadson.se  ;21:15
001294                            ;15/07/2024;    ;005373;003;    ;0029335;MERCEARIA NELSINHO                                ;(75)99951-7453 ;040;405;SJQ9B48;     620,58;    0,59;15/07/2024;87;TEMPO INSUFICIENTE            ;   ;jadson.se  ;20:51
001294                            ;15/07/2024;    ;005374;003;    ;0029335;MERCEARIA NELSINHO                                ;(75)99951-7453 ;040;405;SJQ9B48;     808,50;    1,03;15/07/2024;87;TEMPO INSUFICIENTE            ;   ;jadson.se  ;20:47
001294                            ;15/07/2024;    ;005375;003;    ;0029335;MERCEARIA NELSINHO                                ;(75)99951-7453 ;040;405;SJQ9B48;     432,80;    0,49;15/07/2024;87;TEMPO INSUFICIENTE            ;   ;jadson.se  ;20:47
001294                            ;15/07/2024;    ;005376;003;    ;0029335;MERCEARIA NELSINHO                                ;(75)99951-7453 ;040;405;SJQ9B48;     329,00;    0,42;15/07/2024;87;TEMPO INSUFICIENTE            ;   ;jadson.se  ;20:47
001294                            ;15/07/2024;    ;005378;003;    ;0056034;DUNGA                                             ;(75)98296-8805 ;040;405;SJQ9B48;     754,60;    0,96;15/07/2024;71;SEM DINHEIRO/CHEQUE           ;   ;jadson.se  ;20:45
001294                            ;15/07/2024;    ;005379;003;    ;0051694; MERCADINHO LEAL                                  ;               ;040;405;SJQ9B48;     159,04;    0,48;15/07/2024;71;SEM DINHEIRO/CHEQUE           ;   ;jadson.se  ;20:45
001294                            ;15/07/2024;    ;005380;003;    ;0045446;DEPOSITO DO NETO                                  ;(75)99701-0606 ;040;405;SJQ9B48;    1931,84;    2,57;15/07/2024;87;TEMPO INSUFICIENTE            ;   ;jadson.se  ;20:48
001294                            ;15/07/2024;    ;005381;003;    ;0045446;DEPOSITO DO NETO                                  ;(75)99701-0606 ;040;405;SJQ9B48;     161,70;    0,20;15/07/2024;87;TEMPO INSUFICIENTE            ;   ;jadson.se  ;20:48
001294                            ;15/07/2024;    ;005382;003;    ;0045446;DEPOSITO DO NETO                                  ;(75)99701-0606 ;040;405;SJQ9B48;     632,70;    0,87;15/07/2024;87;TEMPO INSUFICIENTE            ;   ;jadson.se  ;20:48
001294                            ;15/07/2024;    ;005383;003;    ;0045446;DEPOSITO DO NETO                                  ;(75)99701-0606 ;040;405;SJQ9B48;    1078,00;    1,38;15/07/2024;87;TEMPO INSUFICIENTE            ;   ;jadson.se  ;20:48
001294                            ;15/07/2024;    ;005384;003;    ;0045446;DEPOSITO DO NETO                                  ;(75)99701-0606 ;040;405;SJQ9B48;      53,90;    0,06;15/07/2024;87;TEMPO INSUFICIENTE            ;   ;jadson.se  ;20:49
001295                            ;15/07/2024;    ;005441;003;    ;0027774;MERCADINHO DA ROSE                                ;(75)99125-1406 ;040;401;SJQ8E15;     123,70;    0,14;15/07/2024;72;PDV FECHADO (HORARIO COM.)    ;   ;tailan.al  ;18:47
001295                            ;15/07/2024;    ;005458;003;    ;0086208;MERCADINHO ISABELA                                ;(75)98824-7613 ;030;302;SJQ8E15;      98,70;    0,12;15/07/2024;38;Sem Dinheiro                  ;   ;tailan.al  ;18:48
001295                            ;15/07/2024;    ;005459;003;    ;0086208;MERCADINHO ISABELA                                ;(75)98824-7613 ;030;302;SJQ8E15;      98,70;    0,12;15/07/2024;72;PDV FECHADO (HORARIO COM.)    ;   ;tailan.al  ;18:46
001295                            ;15/07/2024;    ;005461;003;    ;0085059;COMERCIAL NASCIMENTO                              ;(75)99167-9183 ;030;302;SJQ8E15;     408,24;    0,68;15/07/2024;87;TEMPO INSUFICIENTE            ;   ;tailan.al  ;18:48
001295                            ;15/07/2024;    ;005462;003;    ;0085059;COMERCIAL NASCIMENTO                              ;(75)99167-9183 ;030;302;SJQ8E15;     549,08;    1,26;15/07/2024;87;TEMPO INSUFICIENTE            ;   ;tailan.al  ;18:48
001295                            ;15/07/2024;    ;005476;003;    ;0007685;RASOS BAR                                         ;(75) 9106-3511 ;040;401;SJQ8E15;     740,79;    0,62;15/07/2024;32;ENTREGA ATRASADA (BUFFER)     ;   ;tailan.al  ;18:45
001296                            ;15/07/2024;    ;005481;003;    ;0028105;DEPOSITO FILHOS AMER                              ;(71)98275-7565 ;040;412;SJQ2C64;    1531,60;    1,87;15/07/2024;82;ENDERECO NAO ENCONTRADO       ;   ;jadson.se  ;20:19
001296                            ;15/07/2024;    ;005494;003;    ;0087099;MERC NOVO PONTO                                   ;(75)99152-8814 ;030;302;SJQ2C64;     433,12;    0,74;15/07/2024;71;SEM DINHEIRO/CHEQUE           ;   ;jadson.se  ;20:19
001296                            ;15/07/2024;    ;005495;003;    ;0087099;MERC NOVO PONTO                                   ;(75)99152-8814 ;030;302;SJQ2C64;     229,80;    0,28;15/07/2024;71;SEM DINHEIRO/CHEQUE           ;   ;jadson.se  ;21:19
001296                            ;15/07/2024;    ;005496;003;    ;0087099;MERC NOVO PONTO                                   ;(75)99152-8814 ;030;302;SJQ2C64;     103,80;    0,07;15/07/2024;71;SEM DINHEIRO/CHEQUE           ;   ;jadson.se  ;20:19
001296                            ;15/07/2024;    ;005497;003;    ;0087099;MERC NOVO PONTO                                   ;(75)99152-8814 ;030;302;SJQ2C64;      40,22;    0,06;15/07/2024;71;SEM DINHEIRO/CHEQUE           ;   ;jadson.se  ;20:19
001296                            ;15/07/2024;    ;005498;003;    ;0087099;MERC NOVO PONTO                                   ;(75)99152-8814 ;030;302;SJQ2C64;     181,08;    0,25;15/07/2024;71;SEM DINHEIRO/CHEQUE           ;   ;jadson.se  ;20:20
001296                            ;15/07/2024;    ;005499;003;    ;0087099;MERC NOVO PONTO                                   ;(75)99152-8814 ;030;302;SJQ2C64;      53,90;    0,06;15/07/2024;71;SEM DINHEIRO/CHEQUE           ;   ;jadson.se  ;20:20
001296                            ;15/07/2024;    ;005500;003;    ;0087099;MERC NOVO PONTO                                   ;(75)99152-8814 ;030;302;SJQ2C64;      53,90;    0,06;15/07/2024;71;SEM DINHEIRO/CHEQUE           ;   ;jadson.se  ;20:20
001296                            ;15/07/2024;    ;005501;003;    ;0087099;MERC NOVO PONTO                                   ;(75)99152-8814 ;030;302;SJQ2C64;      53,90;    0,06;15/07/2024;71;SEM DINHEIRO/CHEQUE           ;   ;jadson.se  ;20:20
001296                            ;15/07/2024;    ;005502;003;    ;0087099;MERC NOVO PONTO                                   ;(75)99152-8814 ;030;302;SJQ2C64;      80,44;    0,12;15/07/2024;71;SEM DINHEIRO/CHEQUE           ;   ;jadson.se  ;20:21
001297                            ;15/07/2024;    ;005528;003;    ;0020414;MERCADINHO DO EPA                                 ;(07)59169-9111 ;040;414;SJQ3C84;    2463,46;    3,53;15/07/2024;87;TEMPO INSUFICIENTE            ;   ;jadson.se  ;19:38
001297                            ;15/07/2024;    ;005531;003;    ;0020484;BAR DO JO (SETE FERR                              ;(07)59863-1099 ;040;414;SJQ3C84;     545,01;    0,64;15/07/2024;87;TEMPO INSUFICIENTE            ;   ;jadson.se  ;19:40
001297                            ;15/07/2024;    ;005532;003;    ;0020484;BAR DO JO (SETE FERR                              ;(07)59863-1099 ;040;414;SJQ3C84;     219,50;    0,27;15/07/2024;87;TEMPO INSUFICIENTE            ;   ;jadson.se  ;19:40
001297                            ;15/07/2024;    ;005533;003;    ;0020484;BAR DO JO (SETE FERR                              ;(07)59863-1099 ;040;414;SJQ3C84;      17,00;    0,02;15/07/2024;87;TEMPO INSUFICIENTE            ;   ;jadson.se  ;19:40
001297                            ;15/07/2024;    ;005534;003;    ;0020714;FRIGORIFICO GR                                    ;(07)58122-9740 ;040;414;SJQ3C84;     170,50;    0,21;15/07/2024;87;TEMPO INSUFICIENTE            ;   ;jadson.se  ;19:39
001297                            ;15/07/2024;    ;005535;003;    ;0020713;LAZER PICINA                                      ;               ;040;414;SJQ3C84;     519,02;    0,66;15/07/2024;87;TEMPO INSUFICIENTE            ;   ;jadson.se  ;19:39
001298                            ;15/07/2024;    ;005538;003;    ;0020358;TRAILER VI VOCE                                   ;(07)59167-6733 ;040;414;SJQ4E04;     109,19;    0,13;15/07/2024;87;TEMPO INSUFICIENTE            ;   ;jadson.se  ;19:29
001298                            ;15/07/2024;    ;005541;003;    ;0020224;BAR E DISTRIBUIDORA                               ;(07)59208-3918 ;040;414;SJQ4E04;    1081,51;    1,41;15/07/2024;87;TEMPO INSUFICIENTE            ;   ;jadson.se  ;19:25
001298                            ;15/07/2024;    ;005542;003;    ;0020613;MERCADINHO DA PRACA                               ;(07)59163-7429 ;040;414;SJQ4E04;     239,78;    0,69;15/07/2024;87;TEMPO INSUFICIENTE            ;   ;jadson.se  ;19:26
001298                            ;15/07/2024;    ;005543;003;    ;0020359;MERCADINHO SILVA                                  ;(07)58128-6964 ;040;413;SJQ4E04;     658,01;    1,23;15/07/2024;71;SEM DINHEIRO/CHEQUE           ;   ;jadson.se  ;19:29
001298                            ;15/07/2024;    ;005549;003;    ;0020408;PONTO DOS SALGADOS                                ;(75)19958-5005 ;040;413;SJQ4E04;     296,80;    0,54;15/07/2024;71;SEM DINHEIRO/CHEQUE           ;   ;jadson.se  ;19:30
001298                            ;15/07/2024;    ;005550;003;    ;0020408;PONTO DOS SALGADOS                                ;(75)19958-5005 ;040;413;SJQ4E04;      34,00;    0,04;15/07/2024;71;SEM DINHEIRO/CHEQUE           ;   ;jadson.se  ;19:27
001298                            ;15/07/2024;    ;005557;003;    ;0020099;Mercadinho de nega d                              ;(07)59197-0379 ;040;412;SJQ4E04;     307,36;    0,54;15/07/2024;71;SEM DINHEIRO/CHEQUE           ;   ;jadson.se  ;19:27
001298                            ;15/07/2024;    ;005559;003;    ;0020545;BAR DA SIMONE                                     ;(07)59114-1044 ;040;412;SJQ4E04;      76,08;    0,16;15/07/2024;87;TEMPO INSUFICIENTE            ;   ;jadson.se  ;19:29
001298                            ;15/07/2024;    ;005560;003;    ;0020941;Bar do Moral                                      ;(07)59922-6375 ;040;412;SJQ4E04;     328,90;    0,40;15/07/2024;87;TEMPO INSUFICIENTE            ;   ;jadson.se  ;19:25
001298                            ;15/07/2024;    ;005561;003;    ;0020356;BAR DA MOCA                                       ;(07)59871-7399 ;040;412;SJQ4E04;     161,70;    0,20;15/07/2024;87;TEMPO INSUFICIENTE            ;   ;jadson.se  ;19:24
001298                            ;15/07/2024;    ;005563;003;    ;0020163;DEPOSITO CENTRAL                                  ;(07)59145-1175 ;040;412;SJQ4E04;    1481,06;    1,80;15/07/2024;87;TEMPO INSUFICIENTE            ;   ;jadson.se  ;19:25
001298                            ;15/07/2024;    ;005564;003;    ;0020316;PADARIA NANTES                                    ;(07)58186-8967 ;040;415;SJQ4E04;      97,56;    0,28;15/07/2024;87;TEMPO INSUFICIENTE            ;   ;jadson.se  ;19:25
001298                            ;15/07/2024;    ;005568;003;    ;0020609;BAR DA SIDINHA                                    ;(07)59269-2174 ;040;414;SJQ4E04;     366,39;    0,46;15/07/2024;87;TEMPO INSUFICIENTE            ;   ;jadson.se  ;19:29
001298                            ;15/07/2024;    ;005572;003;    ;0020724;MERCERIA DO BENCA                                 ;               ;040;413;SJQ4E04;     288,92;    0,97;15/07/2024;71;SEM DINHEIRO/CHEQUE           ;   ;jadson.se  ;19:28
001298                            ;15/07/2024;    ;005575;003;    ;0020262;MERCADINHO SOUZA SAN                              ;(75)59701-2237 ;040;415;SJQ4E04;     128,60;    0,24;15/07/2024;87;TEMPO INSUFICIENTE            ;   ;jadson.se  ;19:26
001298                            ;15/07/2024;    ;005576;003;    ;0020419;MINE MERCEARIA LIMA                               ;(07)58197-1939 ;040;413;SJQ4E04;     106,20;    0,12;15/07/2024;71;SEM DINHEIRO/CHEQUE           ;   ;jadson.se  ;19:28
001298                            ;15/07/2024;    ;005577;003;    ;0020419;MINE MERCEARIA LIMA                               ;(07)58197-1939 ;040;413;SJQ4E04;     357,77;    0,58;15/07/2024;71;SEM DINHEIRO/CHEQUE           ;   ;jadson.se  ;19:28
001311                            ;16/07/2024;    ;005620;003;    ;0091247;MD DISTRIBUIDORA                                  ;(75)99228-2672 ;030;303;SJQ2B64;     975,00;    1,03;16/07/2024;50;CARGA ERRADA ARMAZEM          ;   ;cunha.se   ;21:04
001311                            ;16/07/2024;    ;005625;003;    ;0055978;BAR CAMPINAS                                      ;(75)99107-3496 ;040;402;SJQ2B64;     646,80;    0,82;16/07/2024;50;CARGA ERRADA ARMAZEM          ;   ;cunha.se   ;21:05
001311                            ;16/07/2024;    ;005626;003;    ;0055978;BAR CAMPINAS                                      ;(75)99107-3496 ;040;402;SJQ2B64;     377,30;    0,48;16/07/2024;50;CARGA ERRADA ARMAZEM          ;   ;cunha.se   ;21:05
001311                            ;16/07/2024;    ;005627;003;    ;0055978;BAR CAMPINAS                                      ;(75)99107-3496 ;040;402;SJQ2B64;      53,90;    0,06;16/07/2024;50;CARGA ERRADA ARMAZEM          ;   ;cunha.se   ;21:06
001311                            ;16/07/2024;    ;005631;003;    ;0031495;MERCEARIA JMA                                     ;(75)98853-8772 ;040;402;SJQ2B64;     161,70;    0,20;16/07/2024;50;CARGA ERRADA ARMAZEM          ;   ;cunha.se   ;21:03
001311                            ;16/07/2024;    ;005646;003;    ;0031619;PANIFICADORA BELA VI                              ;(75)99226-8552 ;040;402;SJQ2B64;     442,76;    0,73;16/07/2024;71;SEM DINHEIRO/CHEQUE           ;   ;cunha.se   ;21:14
001311                            ;16/07/2024;    ;005652;003;    ;0045874;MERCEARIA                                         ;(75)99272-8948 ;040;402;SJQ2B64;     539,00;    0,69;16/07/2024;50;CARGA ERRADA ARMAZEM          ;   ;cunha.se   ;21:21
001311                            ;16/07/2024;    ;005653;003;    ;0045874;MERCEARIA                                         ;(75)99272-8948 ;040;402;SJQ2B64;    1078,00;    1,38;16/07/2024;50;CARGA ERRADA ARMAZEM          ;   ;cunha.se   ;21:23
001311                            ;16/07/2024;    ;005654;003;    ;0045874;MERCEARIA                                         ;(75)99272-8948 ;040;402;SJQ2B64;      53,90;    0,06;16/07/2024;50;CARGA ERRADA ARMAZEM          ;   ;cunha.se   ;21:21
001311                            ;16/07/2024;    ;005655;003;    ;0045874;MERCEARIA                                         ;(75)99272-8948 ;040;402;SJQ2B64;      53,90;    0,06;16/07/2024;50;CARGA ERRADA ARMAZEM          ;   ;cunha.se   ;21:21
001311                            ;16/07/2024;    ;005656;003;    ;0056157;BAR DOS AMIGOS                                    ;               ;040;402;SJQ2B64;     323,40;    0,41;16/07/2024;50;CARGA ERRADA ARMAZEM          ;   ;cunha.se   ;21:19
001311                            ;16/07/2024;    ;005657;003;    ;0045383;POINT FILHO DE DEUS                               ;(75)99870-0271 ;040;402;SJQ2B64;     539,00;    0,69;16/07/2024;50;CARGA ERRADA ARMAZEM          ;   ;cunha.se   ;21:11
001311                            ;16/07/2024;    ;005658;003;    ;0045383;POINT FILHO DE DEUS                               ;(75)99870-0271 ;040;402;SJQ2B64;     316,18;    0,40;16/07/2024;50;CARGA ERRADA ARMAZEM          ;   ;cunha.se   ;21:08
001311                            ;16/07/2024;    ;005659;003;    ;0045383;POINT FILHO DE DEUS                               ;(75)99870-0271 ;040;402;SJQ2B64;     269,50;    0,34;16/07/2024;50;CARGA ERRADA ARMAZEM          ;   ;cunha.se   ;21:07
001311                            ;16/07/2024;    ;005662;003;    ;0050491;BAR DA LUCIANA                                    ;               ;040;402;SJQ2B64;     107,80;    0,13;16/07/2024;50;CARGA ERRADA ARMAZEM          ;   ;cunha.se   ;21:18
001311                            ;16/07/2024;    ;005663;003;    ;0050491;BAR DA LUCIANA                                    ;               ;040;402;SJQ2B64;     161,70;    0,20;16/07/2024;50;CARGA ERRADA ARMAZEM          ;   ;cunha.se   ;21:18
001311                            ;16/07/2024;    ;005664;003;    ;0091114;RECANTO DO SABOR                                  ;(75)99716-0617 ;040;402;SJQ2B64;     161,70;    0,20;16/07/2024;50;CARGA ERRADA ARMAZEM          ;   ;cunha.se   ;21:03
001311                            ;16/07/2024;    ;005673;003;    ;0023638;POINT CENTRAL                                     ;(75)98166-4926 ;040;402;SJQ2B64;     646,80;    0,82;16/07/2024;50;CARGA ERRADA ARMAZEM          ;   ;cunha.se   ;21:20
001313                            ;16/07/2024;    ;005704;003;    ;0020130;POINT DOS AMIGOS                                  ;(75)99888-8786 ;040;415;SJQ0G38;     499,76;    0,45;16/07/2024;87;TEMPO INSUFICIENTE            ;   ;cunha.se   ;19:23
001313                            ;16/07/2024;    ;005705;003;    ;0020130;POINT DOS AMIGOS                                  ;(75)99888-8786 ;040;415;SJQ0G38;     163,79;    0,20;16/07/2024;87;TEMPO INSUFICIENTE            ;   ;cunha.se   ;19:24
001313                            ;16/07/2024;    ;005706;003;    ;0020256;BALNEARIO NOVO HORIZ                              ;(07)59868-6119 ;040;415;SJQ0G38;     601,74;    0,69;16/07/2024;87;TEMPO INSUFICIENTE            ;   ;cunha.se   ;19:21
001313                            ;16/07/2024;    ;005713;003;    ;0020321;MERCADINHO DA NEIDE                               ;(01)19693-9185 ;040;415;SJQ0G38;    1444,73;    1,99;16/07/2024;87;TEMPO INSUFICIENTE            ;   ;cunha.se   ;19:22
001313                            ;16/07/2024;    ;005714;003;    ;0020607;MERCADO PAO DOCE                                  ;(07)59110-8752 ;040;415;SJQ0G38;     369,77;    0,56;16/07/2024;87;TEMPO INSUFICIENTE            ;   ;cunha.se   ;19:19
001313                            ;16/07/2024;    ;005715;003;    ;0020608;MERCADINHO M M                                    ;(07)59129-2649 ;040;415;SJQ0G38;     108,92;    0,36;16/07/2024;87;TEMPO INSUFICIENTE            ;   ;cunha.se   ;19:21
001313                            ;16/07/2024;    ;005716;003;    ;0026832;BISTRO E RESTAURANTE                              ;(07)59198-2858 ;040;415;SJQ0G38;     239,35;    0,22;16/07/2024;87;TEMPO INSUFICIENTE            ;   ;cunha.se   ;19:19
001313                            ;16/07/2024;    ;005717;003;    ;0020383;ARY DELIVERY                                      ;(07)59104-2143 ;040;415;SJQ0G38;     219,50;    0,27;16/07/2024;87;TEMPO INSUFICIENTE            ;   ;cunha.se   ;19:20
001313                            ;16/07/2024;    ;005718;003;    ;0020512;ESPETINHO CASAL RAIZ                              ;(07)58205-3523 ;040;415;SJQ0G38;     768,04;    0,77;16/07/2024;87;TEMPO INSUFICIENTE            ;   ;cunha.se   ;19:20
001313                            ;16/07/2024;    ;005720;003;    ;0020355;BAR DE MUNDO                                      ;(07)59125-8104 ;040;415;SJQ0G38;     119,80;    0,13;16/07/2024;87;TEMPO INSUFICIENTE            ;   ;cunha.se   ;19:22
001315                            ;16/07/2024;    ;005791;003;    ;0023589;BAR ESTRELA DO ORIEN                              ;(75)98106-7004 ;040;405;SJQ4A76;     269,50;    0,34;16/07/2024;72;PDV FECHADO (HORARIO COM.)    ;   ;mauricio.se;18:12
001315                            ;16/07/2024;    ;005792;003;    ;0023589;BAR ESTRELA DO ORIEN                              ;(75)98106-7004 ;040;405;SJQ4A76;     269,50;    0,34;16/07/2024;72;PDV FECHADO (HORARIO COM.)    ;   ;mauricio.se;18:12
001315                            ;16/07/2024;    ;005793;003;    ;0023589;BAR ESTRELA DO ORIEN                              ;(75)98106-7004 ;040;405;SJQ4A76;      53,90;    0,06;16/07/2024;72;PDV FECHADO (HORARIO COM.)    ;   ;mauricio.se;18:12
001315                            ;16/07/2024;    ;005794;003;    ;0023589;BAR ESTRELA DO ORIEN                              ;(75)98106-7004 ;040;405;SJQ4A76;     188,80;    0,21;16/07/2024;72;PDV FECHADO (HORARIO COM.)    ;   ;mauricio.se;18:13
001318                            ;16/07/2024;    ;005891;003;    ;0085666;RESTAURANTE DAIONICE                              ;               ;040;403;SJQ0E61;     760,53;    1,04;16/07/2024;87;TEMPO INSUFICIENTE            ;   ;cunha.se   ;19:14
001318                            ;16/07/2024;    ;005892;003;    ;0028778;COMERCIAL DE ALIMENT                              ;(75) 3261-1819 ;030;301;SJQ0E61;    1001,11;    2,16;16/07/2024;87;TEMPO INSUFICIENTE            ;   ;cunha.se   ;19:17
001318                            ;16/07/2024;    ;005893;003;    ;0028778;COMERCIAL DE ALIMENT                              ;(75) 3261-1819 ;030;301;SJQ0E61;     712,09;    1,81;16/07/2024;87;TEMPO INSUFICIENTE            ;   ;cunha.se   ;19:18
001318                            ;16/07/2024;    ;005935;003;    ;0086738;DEPOSITO RAMOS                                    ;               ;030;301;SJQ0E61;     431,20;    0,55;16/07/2024;87;TEMPO INSUFICIENTE            ;   ;cunha.se   ;19:16
001318                            ;16/07/2024;    ;005936;003;    ;0086738;DEPOSITO RAMOS                                    ;               ;030;301;SJQ0E61;     431,20;    0,55;16/07/2024;87;TEMPO INSUFICIENTE            ;   ;cunha.se   ;19:16
001318                            ;16/07/2024;    ;005937;003;    ;0007280;BAR DO CLAUDIO                                    ;(75)99146-3773 ;040;403;SJQ0E61;     377,30;    0,48;16/07/2024;87;TEMPO INSUFICIENTE            ;   ;cunha.se   ;19:15
001319                            ;16/07/2024;    ;005962;003;    ;0032980;BAR DO ZE MIUDO                                   ;(75) 8188-3305 ;040;406;SJQ4B82;     269,50;    0,34;16/07/2024;45;Tempo Insuficiente.           ;   ;mauricio.se;18:27
001319                            ;16/07/2024;    ;005969;003;    ;0048583;CHACARA DO ZE                                     ;(75)99712-2674 ;040;410;SJQ4B82;     161,70;    0,20;16/07/2024;45;Tempo Insuficiente.           ;   ;mauricio.se;18:32
001319                            ;16/07/2024;    ;005970;003;    ;0048583;CHACARA DO ZE                                     ;(75)99712-2674 ;040;410;SJQ4B82;      65,80;    0,08;16/07/2024;45;Tempo Insuficiente.           ;   ;mauricio.se;18:32
001319                            ;16/07/2024;    ;005971;003;    ;0026552;merc do walter                                    ;(75)98117-6049 ;040;410;SJQ4B82;     107,80;    0,13;16/07/2024;45;Tempo Insuficiente.           ;   ;mauricio.se;18:27
001319                            ;16/07/2024;    ;005972;003;    ;0039692; MERCNOVA CONQUISTA                               ;(71)98604-1062 ;040;410;SJQ4B82;     161,70;    0,20;16/07/2024;45;Tempo Insuficiente.           ;   ;mauricio.se;18:26
001320                            ;16/07/2024;    ;006004;003;    ;0090506;JURANDIR DA CRUZ  OL                              ;(75)98824-1543 ;040;411;SJQ9G53;     323,40;    0,41;16/07/2024;71;SEM DINHEIRO/CHEQUE           ;   ;mauricio.se;18:51
001320                            ;16/07/2024;    ;006039;003;    ;0086124;MERCANTIL SILVA                                   ;(75) 9967-4281 ;040;408;SJQ9G53;     119,80;    0,13;16/07/2024;71;SEM DINHEIRO/CHEQUE           ;   ;mauricio.se;18:52
001321                            ;16/07/2024;    ;006059;003;    ;0085472;EDINHO SUPERMERCADO                               ;(75) 3262-1110 ;030;303;SJQ3C84;    1777,54;    3,12;16/07/2024;87;TEMPO INSUFICIENTE            ;   ;cunha.se   ;19:11
001321                            ;16/07/2024;    ;006077;003;    ;0009432;SUPERMER SUPER PINTO                              ;(75) 3262-1052 ;030;303;SJQ3C84;     120,66;    0,18;16/07/2024;87;TEMPO INSUFICIENTE            ;   ;cunha.se   ;19:09
001321                            ;16/07/2024;    ;006078;003;    ;0009432;SUPERMER SUPER PINTO                              ;(75) 3262-1052 ;030;303;SJQ3C84;     179,08;    0,10;16/07/2024;87;TEMPO INSUFICIENTE            ;   ;cunha.se   ;19:10
001321                            ;16/07/2024;    ;006079;003;    ;0009432;SUPERMER SUPER PINTO                              ;(75) 3262-1052 ;030;303;SJQ3C84;     987,00;    1,26;16/07/2024;87;TEMPO INSUFICIENTE            ;   ;cunha.se   ;19:10
001321                            ;16/07/2024;    ;006080;003;    ;0009432;SUPERMER SUPER PINTO                              ;(75) 3262-1052 ;030;303;SJQ3C84;    1687,96;    3,60;16/07/2024;87;TEMPO INSUFICIENTE            ;   ;cunha.se   ;19:10
001323                            ;16/07/2024;    ;006157;003;    ;0041615;ADEGA COQUEIRO                                    ;(75)99171-0247 ;040;401;SJQ7D41;    2742,44;    2,66;16/07/2024;42;Produto/Quantidade Errada     ;   ;cunha.se   ;19:26
001323                            ;16/07/2024;    ;006161;003;    ;0032433;BAR PANELA CHEIA                                  ;(75) 9245-9346 ;040;401;SJQ7D41;    1041,16;    1,38;16/07/2024;87;TEMPO INSUFICIENTE            ;   ;cunha.se   ;19:25
001323                            ;16/07/2024;    ;006162;003;    ;0032433;BAR PANELA CHEIA                                  ;(75) 9245-9346 ;040;401;SJQ7D41;     433,57;    0,50;16/07/2024;87;TEMPO INSUFICIENTE            ;   ;cunha.se   ;19:25
001323                            ;16/07/2024;    ;006164;003;    ;0024072;BAR CARLOS                                        ;(75)99113-5141 ;040;401;SJQ7D41;     654,82;    1,04;16/07/2024;87;TEMPO INSUFICIENTE            ;   ;cunha.se   ;19:24
001352                            ;17/07/2024;    ;006318;003;    ;0029316;LANCHONETE DA TONHA                               ;(75)98103-7637 ;040;405;SJQ4E04;      63,73;    0,18;18/07/2024;50;CARGA ERRADA ARMAZEM          ;   ;jadson.se  ;04:30
001352                            ;17/07/2024;    ;006319;003;    ;0035806;NOVA LOJA                                         ;(75)98164-9900 ;040;405;SJQ4E04;     847,50;    1,05;18/07/2024;71;SEM DINHEIRO/CHEQUE           ;   ;jadson.se  ;04:33
001352                            ;17/07/2024;    ;006320;003;    ;0035806;NOVA LOJA                                         ;(75)98164-9900 ;040;405;SJQ4E04;     822,50;    1,05;18/07/2024;71;SEM DINHEIRO/CHEQUE           ;   ;jadson.se  ;04:34
001352                            ;17/07/2024;    ;006321;003;    ;0035806;NOVA LOJA                                         ;(75)98164-9900 ;040;405;SJQ4E04;     106,00;    0,39;18/07/2024;71;SEM DINHEIRO/CHEQUE           ;   ;jadson.se  ;04:34
001352                            ;17/07/2024;    ;006322;003;    ;0035806;NOVA LOJA                                         ;(75)98164-9900 ;040;405;SJQ4E04;     329,00;    0,42;18/07/2024;71;SEM DINHEIRO/CHEQUE           ;   ;jadson.se  ;04:34
001352                            ;17/07/2024;    ;006363;003;    ;0030825;RESTAURANTE TIA FIA                               ;(75)98349-0297 ;040;405;SJQ4E04;      67,60;    0,30;18/07/2024;71;SEM DINHEIRO/CHEQUE           ;   ;jadson.se  ;04:31
001352                            ;17/07/2024;    ;006364;003;    ;0030825;RESTAURANTE TIA FIA                               ;(75)98349-0297 ;040;405;SJQ4E04;      62,19;    0,16;18/07/2024;71;SEM DINHEIRO/CHEQUE           ;   ;jadson.se  ;04:32
001352                            ;17/07/2024;    ;006365;003;    ;0030825;RESTAURANTE TIA FIA                               ;(75)98349-0297 ;040;405;SJQ4E04;     101,42;    0,15;18/07/2024;71;SEM DINHEIRO/CHEQUE           ;   ;jadson.se  ;04:32
001352                            ;17/07/2024;    ;006369;003;    ;0002408;MERCEARIA RS                                      ;(75)98235-4807 ;040;405;SJQ4E04;     916,90;    1,14;18/07/2024;50;CARGA ERRADA ARMAZEM          ;   ;jadson.se  ;04:32
001353                            ;17/07/2024;    ;006380;003;    ;0030744;MERCADO AGUIA                                     ;(75)99266-0299 ;040;402;SJQ2B64;     115,42;    0,16;17/07/2024;58;Carga Errada                  ;   ;jadson.se  ;20:32
001354                            ;17/07/2024;    ;006436;003;    ;0026572;DR MERCADINHO                                     ;(07)59294-7967 ;040;414;SJQ0E61;     175,60;    0,22;17/07/2024;82;ENDERECO NAO ENCONTRADO       ;   ;rafael     ;17:15
001354                            ;17/07/2024;    ;006458;003;    ;0020641;BAR RR                                            ;(07)59701-0900 ;040;413;SJQ0E61;     281,50;    0,34;17/07/2024;71;SEM DINHEIRO/CHEQUE           ;   ;rafael     ;17:17
001355                            ;17/07/2024;    ;006463;003;    ;0086995;SUPERMERCADO UNIAO                                ;(75)99155-8789 ;030;301;GGC2226;    4167,45;    6,11;17/07/2024;87;TEMPO INSUFICIENTE            ;   ;jadson.se  ;20:13
001357                            ;17/07/2024;    ;006553;003;    ;0040346;ARENA WA                                          ;(75)98241-8922 ;040;408;SJQ0G38;     702,00;    0,82;17/07/2024;72;PDV FECHADO (HORARIO COM.)    ;   ;jadson.se  ;19:03
001357                            ;17/07/2024;    ;006583;003;    ;0044739;POINT DA CAJA                                     ;(75)99144-3167 ;040;408;SJQ0G38;     149,90;    0,14;17/07/2024;87;TEMPO INSUFICIENTE            ;   ;jadson.se  ;19:04
001357                            ;17/07/2024;    ;006584;003;    ;0044739;POINT DA CAJA                                     ;(75)99144-3167 ;040;408;SJQ0G38;      53,90;    0,06;17/07/2024;87;TEMPO INSUFICIENTE            ;   ;jadson.se  ;19:04
001359                            ;17/07/2024;    ;006673;003;    ;0039413;GILDO BEBIDAS                                     ;               ;040;404;SJQ0J29;      53,90;    0,06;17/07/2024;71;SEM DINHEIRO/CHEQUE           ;   ;jadson.se  ;19:14
001360                            ;17/07/2024;    ;006704;003;    ;0091328;Cedraz Supermercado                               ;(75)99189-8876 ;040;411;SJQ4A76;     169,50;    0,21;17/07/2024;71;SEM DINHEIRO/CHEQUE           ;   ;rafael     ;18:03
001360                            ;17/07/2024;    ;006705;003;    ;0091328;Cedraz Supermercado                               ;(75)99189-8876 ;040;411;SJQ4A76;     779,40;    1,20;17/07/2024;71;SEM DINHEIRO/CHEQUE           ;   ;rafael     ;18:04
001361                            ;17/07/2024;    ;006749;003;    ;0020429;SUPERMECARDO S.M SIL                              ;(07)59869-3521 ;040;415;SJQ9G53;     255,54;    0,61;17/07/2024;87;TEMPO INSUFICIENTE            ;   ;rafael     ;18:41
001361                            ;17/07/2024;    ;006750;003;    ;0020007;SUPERMERCADO E.J.O                                ;(07)50000-0000 ;040;415;SJQ9G53;     134,56;    0,21;17/07/2024;87;TEMPO INSUFICIENTE            ;   ;rafael     ;18:42
001361                            ;17/07/2024;    ;006751;003;    ;0020426;ATACAREJO NUNES                                   ;(07)59904-7977 ;040;415;SJQ9G53;     776,33;    1,92;17/07/2024;87;TEMPO INSUFICIENTE            ;   ;rafael     ;18:43
001361                            ;17/07/2024;    ;006752;003;    ;0020426;ATACAREJO NUNES                                   ;(07)59904-7977 ;040;415;SJQ9G53;    2969,01;    3,66;17/07/2024;87;TEMPO INSUFICIENTE            ;   ;rafael     ;18:44
001361                            ;17/07/2024;    ;006767;003;    ;0020529;MERCEARIA DO FERNAND                              ;(07)59285-7306 ;040;415;SJQ9G53;     328,84;    0,89;17/07/2024;87;TEMPO INSUFICIENTE            ;   ;rafael     ;18:43
001363                            ;17/07/2024;    ;006809;003;    ;0091419;RICARDOPESCADO                                    ;(75)99829-2180 ;040;401;SJQ7D41;      53,90;    0,06;17/07/2024;72;PDV FECHADO (HORARIO COM.)    ;   ;jadson.se  ;19:39
001363                            ;17/07/2024;    ;006823;003;    ;0086729;Bar do Tonho                                      ;               ;040;401;SJQ7D41;      26,76;    0,12;17/07/2024;71;SEM DINHEIRO/CHEQUE           ;   ;rafael     ;18:55
001363                            ;17/07/2024;    ;006834;003;    ;0055887;BAR DA MARILENE                                   ;               ;040;401;SJQ7D41;      68,20;    0,08;17/07/2024;72;PDV FECHADO (HORARIO COM.)    ;   ;rafael     ;18:59
001363                            ;17/07/2024;    ;006835;003;    ;0055887;BAR DA MARILENE                                   ;               ;040;401;SJQ7D41;      85,90;    0,12;17/07/2024;72;PDV FECHADO (HORARIO COM.)    ;   ;rafael     ;18:59
001363                            ;17/07/2024;    ;006849;003;    ;0031046;AUTO POSTO RODAGEM                                ;(79)98159-9782 ;040;401;SJQ7D41;     884,36;    0,89;17/07/2024;71;SEM DINHEIRO/CHEQUE           ;   ;rafael     ;18:55
001363                            ;17/07/2024;    ;006850;003;    ;0052052;MERCADINHO                                        ;               ;040;401;SJQ7D41;     123,52;    0,18;17/07/2024;87;TEMPO INSUFICIENTE            ;   ;rafael     ;18:57
001363                            ;17/07/2024;    ;006851;003;    ;0052052;MERCADINHO                                        ;               ;040;401;SJQ7D41;    1185,80;    1,51;17/07/2024;87;TEMPO INSUFICIENTE            ;   ;rafael     ;18:57
001363                            ;17/07/2024;    ;006852;003;    ;0050594;MARIENE JESUS MOURA                               ;(11)98810-9552 ;040;401;SJQ7D41;     377,30;    0,48;17/07/2024;87;TEMPO INSUFICIENTE            ;   ;rafael     ;18:56
001363                            ;17/07/2024;    ;006853;003;    ;0050594;MARIENE JESUS MOURA                               ;(11)98810-9552 ;040;401;SJQ7D41;     490,22;    0,57;17/07/2024;87;TEMPO INSUFICIENTE            ;   ;rafael     ;18:56
001363                            ;17/07/2024;    ;006854;003;    ;0050594;MARIENE JESUS MOURA                               ;(11)98810-9552 ;040;401;SJQ7D41;    1284,26;    1,71;17/07/2024;87;TEMPO INSUFICIENTE            ;   ;rafael     ;18:56
001363                            ;17/07/2024;    ;006855;003;    ;0046588; BARRIL DRINKS                                    ;               ;040;401;SJQ7D41;     976,20;    1,06;17/07/2024;87;TEMPO INSUFICIENTE            ;   ;rafael     ;18:54
001363                            ;17/07/2024;    ;006856;003;    ;0088862;BAR DE DARY                                       ;               ;040;401;SJQ7D41;      53,90;    0,06;17/07/2024;87;TEMPO INSUFICIENTE            ;   ;rafael     ;18:58
001363                            ;17/07/2024;    ;006857;003;    ;0088862;BAR DE DARY                                       ;               ;040;401;SJQ7D41;     493,50;    0,63;17/07/2024;87;TEMPO INSUFICIENTE            ;   ;rafael     ;18:58
001363                            ;17/07/2024;    ;006858;003;    ;0088862;BAR DE DARY                                       ;               ;040;401;SJQ7D41;     658,00;    0,84;17/07/2024;87;TEMPO INSUFICIENTE            ;   ;rafael     ;18:58
001363                            ;17/07/2024;    ;006859;003;    ;0088862;BAR DE DARY                                       ;               ;040;401;SJQ7D41;     493,50;    0,63;17/07/2024;87;TEMPO INSUFICIENTE            ;   ;rafael     ;18:59
001363                            ;17/07/2024;    ;006860;003;    ;0088862;BAR DE DARY                                       ;               ;040;401;SJQ7D41;      92,16;    0,24;17/07/2024;87;TEMPO INSUFICIENTE            ;   ;rafael     ;18:59
001364                            ;17/07/2024;    ;006884;003;    ;0088805;BAR DA DEIJANE                                    ;(75) 9257-8971 ;040;407;SJQ8E15;     338,64;    0,43;17/07/2024;72;PDV FECHADO (HORARIO COM.)    ;   ;rafael     ;18:14
001364                            ;17/07/2024;    ;006885;003;    ;0088805;BAR DA DEIJANE                                    ;(75) 9257-8971 ;040;407;SJQ8E15;     323,40;    0,41;17/07/2024;72;PDV FECHADO (HORARIO COM.)    ;   ;rafael     ;18:15
001426                            ;18/07/2024;    ;007156;003;    ;0056311;MERCEARIA GEREMIAS                                ;(75)99191-2072 ;040;402;SJQ2C64;      62,84;    0,24;19/07/2024;38;Sem Dinheiro                  ;   ;cunha.se   ;02:46
001429                            ;18/07/2024;    ;007242;003;    ;0020763;MANOS BAR                                         ;(75)99161-7667 ;040;414;SJQ3A28;     987,76;    1,24;18/07/2024;87;TEMPO INSUFICIENTE            ;   ;mauricio.se;18:42
001429                            ;18/07/2024;    ;007249;003;    ;0020685;QUIOSQUE CANDEIA                                  ;               ;040;414;SJQ3A28;    1257,01;    1,76;18/07/2024;32;ENTREGA ATRASADA (BUFFER)     ;   ;mauricio.se;18:36
001429                            ;18/07/2024;    ;007267;003;    ;0020274;BAR VANUZIA                                       ;(07)58363-4118 ;040;414;SJQ3A28;     215,60;    0,27;18/07/2024;87;TEMPO INSUFICIENTE            ;   ;mauricio.se;18:42
001429                            ;18/07/2024;    ;007268;003;    ;0020274;BAR VANUZIA                                       ;(07)58363-4118 ;040;414;SJQ3A28;     408,17;    0,65;18/07/2024;87;TEMPO INSUFICIENTE            ;   ;mauricio.se;18:43
001429                            ;18/07/2024;    ;007269;003;    ;0020600;MERCEARIA  SILVA                                  ;(07)59880-5656 ;040;414;SJQ3A28;     117,08;    0,42;18/07/2024;87;TEMPO INSUFICIENTE            ;   ;mauricio.se;18:36
001429                            ;18/07/2024;    ;007270;003;    ;0028051;BAR DE BEROL                                      ;(75)99116-0234 ;040;414;SJQ3A28;     109,19;    0,13;18/07/2024;87;TEMPO INSUFICIENTE            ;   ;mauricio.se;18:37
001429                            ;18/07/2024;    ;007273;003;    ;0020798;BAR SAO JUDAS TADEU                               ;(07)59124-8365 ;040;414;SJQ3A28;     811,45;    1,18;18/07/2024;87;TEMPO INSUFICIENTE            ;   ;mauricio.se;18:43
001429                            ;18/07/2024;    ;007274;003;    ;0020345;MERCADINHO  QUIRINO                               ;(07)59129-4564 ;040;414;SJQ3A28;     309,26;    0,36;18/07/2024;87;TEMPO INSUFICIENTE            ;   ;mauricio.se;18:37
001429                            ;18/07/2024;    ;007275;003;    ;0020345;MERCADINHO  QUIRINO                               ;(07)59129-4564 ;040;414;SJQ3A28;      39,16;    0,12;18/07/2024;87;TEMPO INSUFICIENTE            ;   ;mauricio.se;18:39
001429                            ;18/07/2024;    ;007276;003;    ;0020345;MERCADINHO  QUIRINO                               ;(07)59129-4564 ;040;414;SJQ3A28;      35,00;    0,04;18/07/2024;87;TEMPO INSUFICIENTE            ;   ;mauricio.se;18:38
001429                            ;18/07/2024;    ;007277;003;    ;0020474;BAR DO COCO                                       ;(07)59116-4193 ;040;414;SJQ3A28;      53,90;    0,06;18/07/2024;87;TEMPO INSUFICIENTE            ;   ;mauricio.se;18:39
001429                            ;18/07/2024;    ;007278;003;    ;0020633;MERCADINHO SETE FERR                              ;(07)59921-0894 ;040;414;SJQ3A28;     218,38;    0,27;18/07/2024;87;TEMPO INSUFICIENTE            ;   ;mauricio.se;18:40
001429                            ;18/07/2024;    ;007279;003;    ;0020484;BAR DO JO (SETE FERR                              ;(07)59863-1099 ;040;414;SJQ3A28;     646,80;    0,82;18/07/2024;87;TEMPO INSUFICIENTE            ;   ;mauricio.se;18:40
001429                            ;18/07/2024;    ;007280;003;    ;0020484;BAR DO JO (SETE FERR                              ;(07)59863-1099 ;040;414;SJQ3A28;     550,26;    0,85;18/07/2024;87;TEMPO INSUFICIENTE            ;   ;mauricio.se;18:41
001429                            ;18/07/2024;    ;007281;003;    ;0020467;MERCEARIA ES                                      ;(07)19308-2487 ;040;414;SJQ3A28;     199,95;    0,25;18/07/2024;87;TEMPO INSUFICIENTE            ;   ;mauricio.se;18:41
001430                            ;18/07/2024;    ;007304;003;    ;0037794;MERCADO MR                                        ;               ;040;407;SJQ4A76;     602,66;    1,10;18/07/2024;71;SEM DINHEIRO/CHEQUE           ;   ;mauricio.se;18:49
001430                            ;18/07/2024;    ;007336;003;    ;0055217;BAR FAMILIAR                                      ;(48)99834-7850 ;040;407;SJQ4A76;     231,29;    0,32;18/07/2024;87;TEMPO INSUFICIENTE            ;   ;mauricio.se;18:51
001430                            ;18/07/2024;    ;007337;003;    ;0055217;BAR FAMILIAR                                      ;(48)99834-7850 ;040;407;SJQ4A76;     107,80;    0,13;18/07/2024;87;TEMPO INSUFICIENTE            ;   ;mauricio.se;18:51
001431                            ;18/07/2024;    ;007379;003;    ;0085765;SORVETERIA SO GELADO                              ;(75) 8165-5027 ;040;408;SJQ4B82;     139,56;    0,12;18/07/2024;42;Produto/Quantidade Errada     ;   ;mauricio.se;17:23
001433                            ;18/07/2024;    ;007475;003;    ;0051591;  LARICA DELIVERY                                 ;               ;040;409;SJQ0E61;     257,70;    0,28;18/07/2024;87;TEMPO INSUFICIENTE            ;   ;mauricio.se;18:57
001433                            ;18/07/2024;    ;007476;003;    ;0051417;RANCHO DA TAIZE                                   ;(75)99907-7202 ;040;409;SJQ0E61;     107,80;    0,13;18/07/2024;87;TEMPO INSUFICIENTE            ;   ;mauricio.se;18:57
001433                            ;18/07/2024;    ;007479;003;    ;0030399;JOSETE DRINKS                                     ;(75)98233-9368 ;040;409;SJQ0E61;     537,51;    0,63;18/07/2024;87;TEMPO INSUFICIENTE            ;   ;mauricio.se;18:59
001433                            ;18/07/2024;    ;007494;003;    ;0028428;JOAO SANTANA DE JESU                              ;(75)99118-6226 ;030;303;SJQ0E61;    1510,86;    2,43;18/07/2024;87;TEMPO INSUFICIENTE            ;   ;mauricio.se;18:56
001433                            ;18/07/2024;    ;007498;003;    ;0055799;LANCHONETE DE ZOINHO                              ;               ;040;411;SJQ0E61;     185,00;    0,24;18/07/2024;87;TEMPO INSUFICIENTE            ;   ;mauricio.se;18:56
001433                            ;18/07/2024;    ;007520;003;    ;0031537;BOTECO LANCHES PINDA                              ;(75)99133-7018 ;040;409;SJQ0E61;     382,17;    0,48;18/07/2024;87;TEMPO INSUFICIENTE            ;   ;mauricio.se;18:58
001433                            ;18/07/2024;    ;007521;003;    ;0031537;BOTECO LANCHES PINDA                              ;(75)99133-7018 ;040;409;SJQ0E61;     142,45;    0,24;18/07/2024;87;TEMPO INSUFICIENTE            ;   ;mauricio.se;18:58
001433                            ;18/07/2024;    ;007522;003;    ;0031537;BOTECO LANCHES PINDA                              ;(75)99133-7018 ;040;409;SJQ0E61;     272,98;    0,34;18/07/2024;87;TEMPO INSUFICIENTE            ;   ;mauricio.se;18:58
001433                            ;18/07/2024;    ;007523;003;    ;0091154;LANCHONETE DE ALISSO                              ;(75)98289-9994 ;040;409;SJQ0E61;     269,50;    0,34;18/07/2024;87;TEMPO INSUFICIENTE            ;   ;mauricio.se;18:55
001433                            ;18/07/2024;    ;007524;003;    ;0053629;MERCADINHO DE HELIO                               ;(43)90000-0000 ;040;409;SJQ0E61;     100,80;    0,36;18/07/2024;87;TEMPO INSUFICIENTE            ;   ;mauricio.se;18:58
001435                            ;18/07/2024;    ;007607;003;    ;0092342;MERCERA                                           ;               ;040;404;SJQ9B48;      55,41;    0,06;18/07/2024;71;SEM DINHEIRO/CHEQUE           ;   ;mauricio.se;18:03
001435                            ;18/07/2024;    ;007627;003;    ;0090634;EDMAR BARBOSA ALMEID                              ;(71)99658-8106 ;040;404;SJQ9B48;     808,50;    1,03;18/07/2024;72;PDV FECHADO (HORARIO COM.)    ;   ;mauricio.se;18:04
001435                            ;18/07/2024;    ;007628;003;    ;0090634;EDMAR BARBOSA ALMEID                              ;(71)99658-8106 ;040;404;SJQ9B48;    1078,00;    1,38;18/07/2024;72;PDV FECHADO (HORARIO COM.)    ;   ;mauricio.se;18:04
001435                            ;18/07/2024;    ;007629;003;    ;0090634;EDMAR BARBOSA ALMEID                              ;(71)99658-8106 ;040;404;SJQ9B48;    1886,50;    2,41;18/07/2024;72;PDV FECHADO (HORARIO COM.)    ;   ;mauricio.se;18:04
001436                            ;18/07/2024;    ;007633;003;    ;0033492;MERC FERREIRA                                     ;(75)99288-3018 ;040;401;GGC2226;     661,36;    0,84;18/07/2024;87;TEMPO INSUFICIENTE            ;   ;cunha.se   ;19:25
001436                            ;18/07/2024;    ;007634;003;    ;0033492;MERC FERREIRA                                     ;(75)99288-3018 ;040;401;GGC2226;      46,43;    0,12;18/07/2024;87;TEMPO INSUFICIENTE            ;   ;cunha.se   ;19:25
001436                            ;18/07/2024;    ;007635;003;    ;0046538;BAR DO VERaO                                      ;(75)99295-1999 ;040;401;GGC2226;      89,18;    0,13;18/07/2024;87;TEMPO INSUFICIENTE            ;   ;cunha.se   ;19:50
001436                            ;18/07/2024;    ;007636;003;    ;0046538;BAR DO VERaO                                      ;(75)99295-1999 ;040;401;GGC2226;     469,05;    0,89;18/07/2024;87;TEMPO INSUFICIENTE            ;   ;cunha.se   ;19:51
001436                            ;18/07/2024;    ;007637;003;    ;0041583;Bar e restaurante o                               ;(75)99177-7188 ;040;401;GGC2226;     411,30;    0,43;18/07/2024;87;TEMPO INSUFICIENTE            ;   ;cunha.se   ;19:24
001436                            ;18/07/2024;    ;007641;003;    ;0086080;bar da quadra Edvald                              ;(75)99223-7063 ;040;401;GGC2226;     198,94;    0,21;18/07/2024;87;TEMPO INSUFICIENTE            ;   ;cunha.se   ;19:52
001436                            ;18/07/2024;    ;007643;003;    ;0055717;PIZZARIA STYLLUS                                  ;(75)99995-9993 ;040;401;GGC2226;     116,88;    0,36;18/07/2024;87;TEMPO INSUFICIENTE            ;   ;cunha.se   ;19:52
001436                            ;18/07/2024;    ;007651;003;    ;0086318;BAR BACAFU                                        ;(75) 9121-5337 ;040;401;GGC2226;     389,70;    0,43;18/07/2024;87;TEMPO INSUFICIENTE            ;   ;cunha.se   ;19:28
001436                            ;18/07/2024;    ;007652;003;    ;0086318;BAR BACAFU                                        ;(75) 9121-5337 ;040;401;GGC2226;     909,30;    1,00;18/07/2024;87;TEMPO INSUFICIENTE            ;   ;cunha.se   ;19:29
001436                            ;18/07/2024;    ;007653;003;    ;0086318;BAR BACAFU                                        ;(75) 9121-5337 ;040;401;GGC2226;     519,60;    0,57;18/07/2024;87;TEMPO INSUFICIENTE            ;   ;cunha.se   ;19:29
001436                            ;18/07/2024;    ;007654;003;    ;0086318;BAR BACAFU                                        ;(75) 9121-5337 ;040;401;GGC2226;     649,50;    0,72;18/07/2024;87;TEMPO INSUFICIENTE            ;   ;cunha.se   ;19:30
001436                            ;18/07/2024;    ;007655;003;    ;0086318;BAR BACAFU                                        ;(75) 9121-5337 ;040;401;GGC2226;      44,04;    0,12;18/07/2024;87;TEMPO INSUFICIENTE            ;   ;cunha.se   ;19:30
001436                            ;18/07/2024;    ;007656;003;    ;0086318;BAR BACAFU                                        ;(75) 9121-5337 ;040;401;GGC2226;     825,48;    0,98;18/07/2024;87;TEMPO INSUFICIENTE            ;   ;cunha.se   ;19:31
001436                            ;18/07/2024;    ;007657;003;    ;0086318;BAR BACAFU                                        ;(75) 9121-5337 ;040;401;GGC2226;     779,40;    0,86;18/07/2024;87;TEMPO INSUFICIENTE            ;   ;cunha.se   ;19:32
001436                            ;18/07/2024;    ;007658;003;    ;0086318;BAR BACAFU                                        ;(75) 9121-5337 ;040;401;GGC2226;     779,40;    0,86;18/07/2024;87;TEMPO INSUFICIENTE            ;   ;cunha.se   ;20:23
001436                            ;18/07/2024;    ;007663;003;    ;0085281;PRONTO PAST SAO JOSE                              ;               ;040;401;GGC2226;     359,32;    0,73;18/07/2024;87;TEMPO INSUFICIENTE            ;   ;cunha.se   ;19:27
001436                            ;18/07/2024;    ;007665;003;    ;0048636;HAVELANGE                                         ;(75)99216-0893 ;040;401;GGC2226;     169,64;    0,48;18/07/2024;87;TEMPO INSUFICIENTE            ;   ;cunha.se   ;19:54
001436                            ;18/07/2024;    ;007666;003;    ;0048636;HAVELANGE                                         ;(75)99216-0893 ;040;401;GGC2226;     150,44;    0,46;18/07/2024;87;TEMPO INSUFICIENTE            ;   ;cunha.se   ;19:53
001436                            ;18/07/2024;    ;007667;003;    ;0085943;ESPORTE BAR                                       ;(75)99176-0670 ;040;401;GGC2226;     779,40;    0,86;18/07/2024;87;TEMPO INSUFICIENTE            ;   ;cunha.se   ;19:57
001436                            ;18/07/2024;    ;007668;003;    ;0085943;ESPORTE BAR                                       ;(75)99176-0670 ;040;401;GGC2226;    1294,41;    1,42;18/07/2024;87;TEMPO INSUFICIENTE            ;   ;cunha.se   ;19:55
001436                            ;18/07/2024;    ;007669;003;    ;0085943;ESPORTE BAR                                       ;(75)99176-0670 ;040;401;GGC2226;      90,00;    0,07;18/07/2024;87;TEMPO INSUFICIENTE            ;   ;cunha.se   ;19:55
001436                            ;18/07/2024;    ;007670;003;    ;0007691;PALOMA BAR                                        ;(75)99151-1171 ;040;401;GGC2226;     918,67;    1,00;18/07/2024;87;TEMPO INSUFICIENTE            ;   ;cunha.se   ;19:53
001436                            ;18/07/2024;    ;007679;003;    ;0049174;MER DO GEFSON                                     ;               ;040;401;GGC2226;     165,78;    0,20;18/07/2024;87;TEMPO INSUFICIENTE            ;   ;cunha.se   ;19:27
001436                            ;18/07/2024;    ;007680;003;    ;0037424;AEOLANDIO SOUSA                                   ;(11)94845-1759 ;040;401;GGC2226;    1791,00;    3,24;18/07/2024;87;TEMPO INSUFICIENTE            ;   ;cunha.se   ;19:26
001438                            ;18/07/2024;    ;007736;003;    ;0091135;CHURRASCARIA DO GITA                              ;(75)99180-2229 ;040;410;SJQ9G53;      53,90;    0,06;18/07/2024;71;SEM DINHEIRO/CHEQUE           ;   ;mauricio.se;16:11
001438                            ;18/07/2024;    ;007737;003;    ;0091135;CHURRASCARIA DO GITA                              ;(75)99180-2229 ;040;410;SJQ9G53;      53,90;    0,06;18/07/2024;71;SEM DINHEIRO/CHEQUE           ;   ;mauricio.se;16:10
001438                            ;18/07/2024;    ;007738;003;    ;0091135;CHURRASCARIA DO GITA                              ;(75)99180-2229 ;040;410;SJQ9G53;     107,80;    0,13;18/07/2024;71;SEM DINHEIRO/CHEQUE           ;   ;mauricio.se;16:09
001440                            ;18/07/2024;    ;007803;003;    ;0055588;DELICIAS DA TIA LU                                ;(71)99944-2444 ;040;405;SKB5H16;     539,00;    0,69;18/07/2024;82;ENDERECO NAO ENCONTRADO       ;   ;mauricio.se;14:25
001440                            ;18/07/2024;    ;007804;003;    ;0026445;MERCADINHO ECONOMICO                              ;(07)58120-6538 ;040;412;SKB5H16;     233,90;    0,62;18/07/2024;82;ENDERECO NAO ENCONTRADO       ;   ;mauricio.se;14:26
001441                            ;18/07/2024;    ;007828;003;    ;0056117;MARMITARIA SABOR E S                              ;               ;040;403;SKB5H16;      53,90;    0,06;18/07/2024;72;PDV FECHADO (HORARIO COM.)    ;   ;cunha.se   ;19:44
001441                            ;18/07/2024;    ;007829;003;    ;0056117;MARMITARIA SABOR E S                              ;               ;040;403;SKB5H16;      53,90;    0,06;18/07/2024;72;PDV FECHADO (HORARIO COM.)    ;   ;cunha.se   ;19:45
001441                            ;18/07/2024;    ;007838;003;    ;0085242;BAR DA HELENA                                     ;(75) 9157-6564 ;040;406;SKB5H16;     107,80;    0,13;18/07/2024;87;TEMPO INSUFICIENTE            ;   ;cunha.se   ;19:42
001441                            ;18/07/2024;    ;007839;003;    ;0085242;BAR DA HELENA                                     ;(75) 9157-6564 ;040;406;SKB5H16;     129,90;    0,14;18/07/2024;87;TEMPO INSUFICIENTE            ;   ;cunha.se   ;19:42
001441                            ;18/07/2024;    ;007840;003;    ;0085242;BAR DA HELENA                                     ;(75) 9157-6564 ;040;406;SKB5H16;     107,80;    0,13;18/07/2024;87;TEMPO INSUFICIENTE            ;   ;cunha.se   ;19:43
001441                            ;18/07/2024;    ;007841;003;    ;0049390;ESPETINHO DO KAKA                                 ;(75)99873-4632 ;040;406;SKB5H16;     269,50;    0,34;18/07/2024;87;TEMPO INSUFICIENTE            ;   ;cunha.se   ;19:43
001454                            ;19/07/2024;    ;007893;003;    ;0056226;ERREJOTA BAR E PETIS                              ;(75)99803-7041 ;040;402;SJQ2B64;     269,80;    0,28;19/07/2024;58;Carga Errada                  ;   ;jadson.se  ;20:32
001454                            ;19/07/2024;    ;007919;003;    ;0091737;MERCADO ESKINA                                    ;(75)99110-8972 ;040;408;SJQ2B64;      50,64;    0,36;19/07/2024;58;Carga Errada                  ;   ;jadson.se  ;20:32
001457                            ;19/07/2024;    ;008044;003;    ;0037013;Mercadinho do PI                                  ;(75)99188-0480 ;040;411;SJQ0J29;    1349,00;    1,44;19/07/2024;42;Produto/Quantidade Errada     ;   ;rafael     ;17:11
001457                            ;19/07/2024;    ;008050;003;    ;0034916;WESLEY RAMON LIMA CO                              ;(75)98168-5728 ;040;411;SJQ0J29;    3773,00;    4,83;19/07/2024;71;SEM DINHEIRO/CHEQUE           ;   ;rafael     ;17:12
001458                            ;19/07/2024;    ;008073;003;    ;0086690;DEPOSITO DO COLOMBO                               ;(75) 9163-9046 ;040;408;SJQ3A28;     110,62;    0,14;19/07/2024;52;FALTA PRODUTO ESTOQUE         ;   ;rafael     ;18:37
001458                            ;19/07/2024;    ;008084;003;    ;0087214;BAR SINHO                                         ;(75) 9160-4346 ;040;408;SJQ3A28;     392,70;    0,43;19/07/2024;52;FALTA PRODUTO ESTOQUE         ;   ;rafael     ;18:37
001458                            ;19/07/2024;    ;008088;003;    ;0087214;BAR SINHO                                         ;(75) 9160-4346 ;040;408;SJQ3A28;     134,90;    0,14;19/07/2024;52;FALTA PRODUTO ESTOQUE         ;   ;rafael     ;18:36
001459                            ;19/07/2024;    ;008161;003;    ;0085973;PANIFICADORA IDEAL                                ;(75)99246-4580 ;040;410;SJQ4A76;     859,02;    1,02;19/07/2024;87;TEMPO INSUFICIENTE            ;   ;jadson.se  ;19:13
001460                            ;19/07/2024;    ;008203;003;    ;0086257;DEP DO CHIQUITO                                   ;(75)99113-9943 ;040;403;GGC2226;     588,80;    1,41;19/07/2024;41;Sem Vasilhame.                ;   ;rafael     ;17:13
001460                            ;19/07/2024;    ;008204;003;    ;0086257;DEP DO CHIQUITO                                   ;(75)99113-9943 ;040;403;GGC2226;    1131,90;    1,44;19/07/2024;41;Sem Vasilhame.                ;   ;rafael     ;17:14
001460                            ;19/07/2024;    ;008205;003;    ;0086257;DEP DO CHIQUITO                                   ;(75)99113-9943 ;040;403;GGC2226;    2377,00;    2,82;19/07/2024;41;Sem Vasilhame.                ;   ;rafael     ;17:14
001460                            ;19/07/2024;    ;008214;003;    ;0054710;BAR DO NEGO                                       ;(75)99249-3557 ;040;403;GGC2226;     852,60;    0,94;19/07/2024;37;PDV Fechado                   ;   ;rafael     ;17:14
001460                            ;19/07/2024;    ;008216;003;    ;0049750;BAR DO Z DO SANTO                                 ;               ;040;403;GGC2226;     161,70;    0,20;19/07/2024;37;PDV Fechado                   ;   ;rafael     ;17:15
001460                            ;19/07/2024;    ;008230;003;    ;0024730;BAR DO BINHO                                      ;(75)99252-9515 ;040;403;GGC2226;     107,80;    0,13;19/07/2024;37;PDV Fechado                   ;   ;rafael     ;17:14
001462                            ;19/07/2024;    ;008294;003;    ;0021847;SUPER GALLO                                       ;(75)98143-1469 ;030;303;SJQ9B48;     323,40;    0,41;19/07/2024;43;Forma de Pagamento            ;   ;rafael     ;16:47
001462                            ;19/07/2024;    ;008295;003;    ;0021847;SUPER GALLO                                       ;(75)98143-1469 ;030;303;SJQ9B48;     323,40;    0,41;19/07/2024;43;Forma de Pagamento            ;   ;rafael     ;16:48
001462                            ;19/07/2024;    ;008296;003;    ;0021847;SUPER GALLO                                       ;(75)98143-1469 ;030;303;SJQ9B48;    1670,90;    2,13;19/07/2024;43;Forma de Pagamento            ;   ;rafael     ;16:48
001462                            ;19/07/2024;    ;008297;003;    ;0021847;SUPER GALLO                                       ;(75)98143-1469 ;030;303;SJQ9B48;    1617,00;    2,07;19/07/2024;43;Forma de Pagamento            ;   ;rafael     ;16:48
001462                            ;19/07/2024;    ;008298;003;    ;0021847;SUPER GALLO                                       ;(75)98143-1469 ;030;303;SJQ9B48;    1617,00;    2,07;19/07/2024;43;Forma de Pagamento            ;   ;rafael     ;17:01
001462                            ;19/07/2024;    ;008299;003;    ;0021847;SUPER GALLO                                       ;(75)98143-1469 ;030;303;SJQ9B48;    1617,00;    2,07;19/07/2024;43;Forma de Pagamento            ;   ;rafael     ;17:01
001463                            ;19/07/2024;    ;008322;003;    ;0039504;BAR MIRO GATO                                     ;               ;040;404;SJQ9G53;     914,54;    1,09;19/07/2024;87;TEMPO INSUFICIENTE            ;   ;jadson.se  ;19:35
001463                            ;19/07/2024;    ;008328;003;    ;0055426;BAR DA NEGA                                       ;(75)99894-0314 ;040;404;SJQ9G53;     107,80;    0,13;19/07/2024;87;TEMPO INSUFICIENTE            ;   ;jadson.se  ;19:37
001463                            ;19/07/2024;    ;008329;003;    ;0055426;BAR DA NEGA                                       ;(75)99894-0314 ;040;404;SJQ9G53;      68,20;    0,08;19/07/2024;87;TEMPO INSUFICIENTE            ;   ;jadson.se  ;19:37
001463                            ;19/07/2024;    ;008341;003;    ;0034848;BAR DE TACHINHA                                   ;(75)99256-3402 ;040;407;SJQ9G53;     282,34;    0,30;19/07/2024;50;CARGA ERRADA ARMAZEM          ;   ;jadson.se  ;19:36
001463                            ;19/07/2024;    ;008343;003;    ;0029701;VM LANCHE                                         ;(75)99112-8857 ;040;407;SJQ9G53;     215,60;    0,27;19/07/2024;72;PDV FECHADO (HORARIO COM.)    ;   ;jadson.se  ;19:36
001463                            ;19/07/2024;    ;008346;003;    ;0087098;BAR  DA NANA                                      ;(75)99182-6145 ;040;407;SJQ9G53;     539,00;    0,69;19/07/2024;71;SEM DINHEIRO/CHEQUE           ;   ;jadson.se  ;19:37
001466                            ;19/07/2024;    ;008460;003;    ;0039432;PADARIA SILVA                                     ;(75)99236-1331 ;040;404;SJQ3C84;      38,60;    0,14;19/07/2024;71;SEM DINHEIRO/CHEQUE           ;   ;jadson.se  ;20:17
001466                            ;19/07/2024;    ;008461;003;    ;0039432;PADARIA SILVA                                     ;(75)99236-1331 ;040;404;SJQ3C84;      32,90;    0,04;19/07/2024;71;SEM DINHEIRO/CHEQUE           ;   ;jadson.se  ;20:17
001466                            ;19/07/2024;    ;008462;003;    ;0039432;PADARIA SILVA                                     ;(75)99236-1331 ;040;404;SJQ3C84;     808,50;    1,03;19/07/2024;71;SEM DINHEIRO/CHEQUE           ;   ;jadson.se  ;20:17
001466                            ;19/07/2024;    ;008463;003;    ;0039432;PADARIA SILVA                                     ;(75)99236-1331 ;040;404;SJQ3C84;     259,80;    0,28;19/07/2024;71;SEM DINHEIRO/CHEQUE           ;   ;jadson.se  ;20:18
001466                            ;19/07/2024;    ;008483;003;    ;0092434;E G M BEBIDAS                                     ;(75)99989-1017 ;040;404;SJQ3C84;    2695,00;    3,45;19/07/2024;73;FALTA DE ATIVOS DE GIRO       ;   ;jadson.se  ;20:16
001466                            ;19/07/2024;    ;008495;003;    ;0086460;DEP DO CARLINHOS                                  ;(75) 9838-1691 ;040;404;SJQ3C84;     709,50;    1,62;19/07/2024;71;SEM DINHEIRO/CHEQUE           ;   ;jadson.se  ;20:16
001466                            ;19/07/2024;    ;008498;003;    ;0086460;DEP DO CARLINHOS                                  ;(75) 9838-1691 ;040;404;SJQ3C84;    1078,00;    1,38;19/07/2024;71;SEM DINHEIRO/CHEQUE           ;   ;jadson.se  ;20:16
001466                            ;19/07/2024;    ;008511;003;    ;0092023;MARCOS MOTA                                       ;(75)99979-6626 ;040;404;SJQ3C84;     113,56;    0,09;19/07/2024;87;TEMPO INSUFICIENTE            ;   ;jadson.se  ;20:19
001466                            ;19/07/2024;    ;008512;003;    ;0092023;MARCOS MOTA                                       ;(75)99979-6626 ;040;404;SJQ3C84;     115,49;    0,14;19/07/2024;87;TEMPO INSUFICIENTE            ;   ;jadson.se  ;20:19
001466                            ;19/07/2024;    ;008513;003;    ;0092023;MARCOS MOTA                                       ;(75)99979-6626 ;040;404;SJQ3C84;      81,52;    0,24;19/07/2024;87;TEMPO INSUFICIENTE            ;   ;jadson.se  ;20:19
001466                            ;19/07/2024;    ;008514;003;    ;0092023;MARCOS MOTA                                       ;(75)99979-6626 ;040;404;SJQ3C84;    1086,30;    1,38;19/07/2024;87;TEMPO INSUFICIENTE            ;   ;jadson.se  ;20:18
001467                            ;19/07/2024;    ;008528;003;    ;0026621;DEPOSITO DE BEBIDA D                              ;(75)99206-8023 ;040;415;SJQ0E61;    6942,16;    8,93;19/07/2024;32;ENTREGA ATRASADA (BUFFER)     ;   ;rafael     ;18:31
001467                            ;19/07/2024;    ;008533;003;    ;0020212;KIOSQUE DO CARECA                                 ;(07)59829-5225 ;040;415;SJQ0E61;     258,77;    0,28;19/07/2024;71;SEM DINHEIRO/CHEQUE           ;   ;rafael     ;18:32
001467                            ;19/07/2024;    ;008538;003;    ;0020698;MERCEARIA DO FEFO                                 ;(07)58889-6258 ;040;415;SJQ0E61;     354,13;    0,25;19/07/2024;87;TEMPO INSUFICIENTE            ;   ;rafael     ;18:32
001468                            ;19/07/2024;    ;008580;003;    ;0056372;BAR DE JOANA                                      ;(75)99865-9830 ;040;409;SJQ4B82;     161,46;    0,36;19/07/2024;82;ENDERECO NAO ENCONTRADO       ;   ;rafael     ;17:16
001468                            ;19/07/2024;    ;008581;003;    ;0053879;BAR E MERCADINHO DO                               ;(75)99112-2344 ;040;409;SJQ4B82;     269,50;    0,34;19/07/2024;82;ENDERECO NAO ENCONTRADO       ;   ;rafael     ;17:16
001468                            ;19/07/2024;    ;008582;003;    ;0053879;BAR E MERCADINHO DO                               ;(75)99112-2344 ;040;409;SJQ4B82;     161,70;    0,20;19/07/2024;82;ENDERECO NAO ENCONTRADO       ;   ;rafael     ;17:16
001469                            ;19/07/2024;    ;008592;003;    ;0029764;BAR DA MORENA                                     ;(75)98102-4454 ;040;412;PVN2J05;     323,40;    0,41;19/07/2024;37;PDV Fechado                   ;   ;rafael     ;13:09
001469                            ;19/07/2024;    ;008596;003;    ;0020913;BAR DA SI                                         ;(07)58336-7582 ;040;412;PVN2J05;      53,90;    0,06;19/07/2024;38;Sem Dinheiro                  ;   ;rafael     ;13:08
001470                            ;19/07/2024;    ;008600;003;    ;0051828; GILGS MERCADO                                    ;               ;071;011;PVN2J05;      65,00;    0,06;19/07/2024;48;PDV Fechado Apos              ;   ;rafael     ;18:45
001470                            ;19/07/2024;    ;008605;003;    ;0023228;Val Lanches                                       ;(75) 8177-3847 ;040;406;PVN2J05;      53,90;    0,06;19/07/2024;48;PDV Fechado Apos              ;   ;rafael     ;18:46
001470                            ;19/07/2024;    ;008610;003;    ;0086250;LEOS BAR                                          ;(75)99265-4378 ;040;406;PVN2J05;     318,73;    0,52;19/07/2024;48;PDV Fechado Apos              ;   ;rafael     ;18:46
001470                            ;19/07/2024;    ;008611;003;    ;0085402;CA MERC E AB SERTANE                              ;(75)99115-2298 ;040;406;PVN2J05;     132,07;    0,50;19/07/2024;48;PDV Fechado Apos              ;   ;rafael     ;18:47
001470                            ;19/07/2024;    ;008614;003;    ;0052730;VAL LANCHES                                       ;(75)98168-2716 ;040;406;PVN2J05;     107,80;    0,13;19/07/2024;48;PDV Fechado Apos              ;   ;rafael     ;18:46
001485                            ;20/07/2024;    ;008669;003;    ;0035595;SOARES                                            ;(75)99145-3650 ;071;011;SJQ2C64;     460,70;    0,78;22/07/2024;72;PDV FECHADO (HORARIO COM.)    ;   ;jadson.se  ;02:13
001486                            ;20/07/2024;    ;008749;003;    ;0024894;Mercadinho do Deni                                ;(75)99202-8461 ;030;303;SJQ2B64;     941,82;    1,18;22/07/2024;87;TEMPO INSUFICIENTE            ;   ;jadson.se  ;20:21
001486                            ;20/07/2024;    ;008750;003;    ;0024894;Mercadinho do Deni                                ;(75)99202-8461 ;030;303;SJQ2B64;      32,68;    0,04;22/07/2024;87;TEMPO INSUFICIENTE            ;DER;jadson.se  ;20:18
001486                            ;20/07/2024;    ;008785;003;    ;0089455;MERCADO DO ADALBERTO                              ;(75) 9210-7488 ;030;303;SJQ2B64;    1022,12;    1,84;22/07/2024;72;PDV FECHADO (HORARIO COM.)    ;   ;jadson.se  ;20:15
001486                            ;20/07/2024;    ;008786;003;    ;0090822;Kal Supermercado                                  ;(75)99198-7937 ;030;303;SJQ2B64;     313,24;    0,64;22/07/2024;72;PDV FECHADO (HORARIO COM.)    ;   ;jadson.se  ;20:16
001486                            ;20/07/2024;    ;008787;003;    ;0090822;Kal Supermercado                                  ;(75)99198-7937 ;030;303;SJQ2B64;     400,00;    0,33;22/07/2024;72;PDV FECHADO (HORARIO COM.)    ;DER;jadson.se  ;20:15
001486                            ;20/07/2024;    ;008788;003;    ;0023694;COMERCIAL SILVA                                   ;(75)99171-2502 ;030;303;SJQ2B64;     520,00;    0,55;22/07/2024;87;TEMPO INSUFICIENTE            ;   ;jadson.se  ;20:18
001486                            ;20/07/2024;    ;008789;003;    ;0023694;COMERCIAL SILVA                                   ;(75)99171-2502 ;030;303;SJQ2B64;      63,30;    0,45;22/07/2024;87;TEMPO INSUFICIENTE            ;   ;jadson.se  ;20:18
001486                            ;20/07/2024;    ;008790;003;    ;0023694;COMERCIAL SILVA                                   ;(75)99171-2502 ;030;303;SJQ2B64;      53,90;    0,06;22/07/2024;87;TEMPO INSUFICIENTE            ;   ;jadson.se  ;20:19
001486                            ;20/07/2024;    ;008791;003;    ;0023694;COMERCIAL SILVA                                   ;(75)99171-2502 ;030;303;SJQ2B64;      53,90;    0,06;22/07/2024;87;TEMPO INSUFICIENTE            ;   ;jadson.se  ;20:19
001486                            ;20/07/2024;    ;008792;003;    ;0023694;COMERCIAL SILVA                                   ;(75)99171-2502 ;030;303;SJQ2B64;     377,30;    0,48;22/07/2024;87;TEMPO INSUFICIENTE            ;   ;jadson.se  ;20:19
001486                            ;20/07/2024;    ;008793;003;    ;0023694;COMERCIAL SILVA                                   ;(75)99171-2502 ;030;303;SJQ2B64;     101,61;    0,10;22/07/2024;87;TEMPO INSUFICIENTE            ;   ;jadson.se  ;20:20
001486                            ;20/07/2024;    ;008794;003;    ;0023694;COMERCIAL SILVA                                   ;(75)99171-2502 ;030;303;SJQ2B64;      85,24;    0,13;22/07/2024;87;TEMPO INSUFICIENTE            ;   ;jadson.se  ;20:20
001486                            ;20/07/2024;    ;008795;003;    ;0023702;REST NOVO SABOR                                   ;(75)98340-6893 ;040;402;SJQ2B64;     464,13;    0,57;22/07/2024;87;TEMPO INSUFICIENTE            ;   ;jadson.se  ;20:17
001486                            ;20/07/2024;    ;008803;003;    ;0091050;PRIMME BEER                                       ;(75)99143-2254 ;040;402;SJQ2B64;     177,96;    0,48;22/07/2024;87;TEMPO INSUFICIENTE            ;   ;jadson.se  ;20:16
001487                            ;20/07/2024;    ;008832;003;    ;0040843;LANCHONETE SONHO E D                              ;               ;040;409;SJQ4A76;     212,78;    0,22;20/07/2024;82;ENDERECO NAO ENCONTRADO       ;   ;mauricio.se;17:57
001488                            ;20/07/2024;    ;008889;003;    ;0020681;POINT DO PASTEL                                   ;(07)59922-5335 ;040;415;SJQ0J29;     102,30;    0,12;20/07/2024;71;SEM DINHEIRO/CHEQUE           ;   ;mauricio.se;18:34
001488                            ;20/07/2024;    ;008893;003;    ;0020161;FERREIRA PANIFICACAO                              ;(03)59713-5968 ;040;415;SJQ0J29;     221,98;    0,61;20/07/2024;87;TEMPO INSUFICIENTE            ;   ;mauricio.se;18:34
001489                            ;20/07/2024;    ;008919;003;    ;0020408;PONTO DOS SALGADOS                                ;(75)19958-5005 ;040;413;SJQ3A28;     135,98;    0,32;20/07/2024;82;ENDERECO NAO ENCONTRADO       ;   ;mauricio.se;18:11
001490                            ;20/07/2024;    ;008934;003;    ;0090999;MERCADINHO SAO JORGE                              ;(75)98106-1420 ;040;405;SJQ4B82;     468,60;    0,58;20/07/2024;80;CAMINHAO QUEBRADO / ACIDENTE  ;   ;mauricio.se;17:24
001490                            ;20/07/2024;    ;008938;003;    ;0050869;DISTRIBUIDORA CAUA                                ;(75)99959-4614 ;040;405;SJQ4B82;    4312,00;    5,52;20/07/2024;73;FALTA DE ATIVOS DE GIRO       ;   ;mauricio.se;17:26
001490                            ;20/07/2024;    ;008966;003;    ;0085659;BOX DA EDILENE                                    ;(75)99989-5596 ;040;405;SJQ4B82;     136,10;    0,24;20/07/2024;42;Produto/Quantidade Errada     ;   ;mauricio.se;17:25
001491                            ;20/07/2024;    ;008967;003;    ;0056549;MERC PERNA MOLE                                   ;(75)99119-4011 ;040;404;SJQ4E04;    1240,98;    1,87;20/07/2024;82;ENDERECO NAO ENCONTRADO       ;   ;mauricio.se;17:41
001491                            ;20/07/2024;    ;008975;003;    ;0087008;MERCADINHO DO GIL                                 ;               ;030;302;SJQ4E04;     206,23;    0,60;20/07/2024;72;PDV FECHADO (HORARIO COM.)    ;   ;mauricio.se;17:39
001491                            ;20/07/2024;    ;008976;003;    ;0087008;MERCADINHO DO GIL                                 ;               ;030;302;SJQ4E04;     246,76;    0,50;20/07/2024;72;PDV FECHADO (HORARIO COM.)    ;   ;mauricio.se;17:40
001491                            ;20/07/2024;    ;008977;003;    ;0087008;MERCADINHO DO GIL                                 ;               ;030;302;SJQ4E04;      86,42;    0,08;20/07/2024;72;PDV FECHADO (HORARIO COM.)    ;   ;mauricio.se;17:40
001491                            ;20/07/2024;    ;008984;003;    ;0040415;MERCADINHO COMPRE MA                              ;(75)99168-1263 ;030;302;SJQ4E04;    2341,92;    3,49;20/07/2024;71;SEM DINHEIRO/CHEQUE           ;   ;mauricio.se;17:38
001494                            ;20/07/2024;    ;009146;003;    ;0086472;BAR DO NILDO                                      ;(75)98187-2329 ;040;410;SJQ8E15;      47,03;    0,12;20/07/2024;42;Produto/Quantidade Errada     ;   ;mauricio.se;16:57
001494                            ;20/07/2024;    ;009170;003;    ;0026256;BAR DA DALVA                                      ;(75) 8308-7800 ;040;410;SJQ8E15;      37,47;    0,12;20/07/2024;42;Produto/Quantidade Errada     ;   ;mauricio.se;16:58
001495                            ;20/07/2024;    ;009206;003;    ;0085779;MER FIGUEREDO                                     ;(75)99160-3902 ;040;401;SJQ3C84;      63,08;    0,08;20/07/2024;71;SEM DINHEIRO/CHEQUE           ;   ;mauricio.se;18:24
001495                            ;20/07/2024;    ;009236;003;    ;0086506;BAR DA PAULA                                      ;(75)99125-6358 ;040;401;SJQ3C84;      53,90;    0,06;20/07/2024;72;PDV FECHADO (HORARIO COM.)    ;   ;mauricio.se;18:24
001499                            ;20/07/2024;    ;009419;003;    ;0048886;BAR DO FABIO                                      ;(75)98145-6675 ;040;405;SJQ9G53;     592,90;    0,75;20/07/2024;82;ENDERECO NAO ENCONTRADO       ;   ;mauricio.se;16:29
001499                            ;20/07/2024;    ;009420;003;    ;0048886;BAR DO FABIO                                      ;(75)98145-6675 ;040;405;SJQ9G53;     592,90;    0,75;20/07/2024;82;ENDERECO NAO ENCONTRADO       ;   ;mauricio.se;16:30
001499                            ;20/07/2024;    ;009425;003;    ;0037950;OXENTE MERCADO                                    ;(71)99143-1115 ;040;404;SJQ9G53;       2,92;    0,00;20/07/2024;50;CARGA ERRADA ARMAZEM          ;   ;mauricio.se;16:31
001499                            ;20/07/2024;    ;009426;003;    ;0037950;OXENTE MERCADO                                    ;(71)99143-1115 ;040;404;SJQ9G53;      10,83;    0,00;20/07/2024;50;CARGA ERRADA ARMAZEM          ;   ;mauricio.se;16:31
001512                            ;22/07/2024;    ;009550;003;    ;0036006;SEKAI                                             ;               ;040;408;SJQ2C64;     246,82;    0,26;23/07/2024;23;(C)Pedidos duplicados         ;   ;cunha.se   ;02:58
001513                            ;22/07/2024;    ;009565;003;    ;0054499;BAR DA SAMARA                                     ;               ;040;405;SJQ0E61;     269,50;    0,34;22/07/2024;73;FALTA DE ATIVOS DE GIRO       ;   ;mauricio.se;16:48
001513                            ;22/07/2024;    ;009586;003;    ;0034198;ESPETUS PRIME                                     ;(75)99162-3564 ;040;406;SJQ0E61;     539,00;    0,69;22/07/2024;73;FALTA DE ATIVOS DE GIRO       ;   ;mauricio.se;16:48
001516                            ;22/07/2024;    ;009699;003;    ;0041321;BAR DO PARLAMENTO                                 ;(75)99163-3394 ;040;411;SJQ9B48;     388,01;    0,62;22/07/2024;72;PDV FECHADO (HORARIO COM.)    ;   ;mauricio.se;16:06
001516                            ;22/07/2024;    ;009707;003;    ;0055212;QUIOSK DO RONE                                    ;(75)99272-6226 ;040;404;SJQ9B48;      53,90;    0,06;22/07/2024;72;PDV FECHADO (HORARIO COM.)    ;   ;mauricio.se;16:06
001516                            ;22/07/2024;    ;009708;003;    ;0055212;QUIOSK DO RONE                                    ;(75)99272-6226 ;040;404;SJQ9B48;     107,80;    0,13;22/07/2024;72;PDV FECHADO (HORARIO COM.)    ;   ;mauricio.se;16:07
001516                            ;22/07/2024;    ;009709;003;    ;0055212;QUIOSK DO RONE                                    ;(75)99272-6226 ;040;404;SJQ9B48;     107,80;    0,13;22/07/2024;72;PDV FECHADO (HORARIO COM.)    ;   ;mauricio.se;16:07
001518                            ;22/07/2024;    ;009810;003;    ;0086061;merc do Cuia                                      ;(75)99275-8262 ;040;410;SJQ4B82;     922,20;    0,91;22/07/2024;71;SEM DINHEIRO/CHEQUE           ;   ;mauricio.se;16:37
001518                            ;22/07/2024;    ;009816;003;    ;0088799;BAR DO JADSON                                     ;               ;040;406;SJQ4B82;      24,13;    0,04;22/07/2024;72;PDV FECHADO (HORARIO COM.)    ;   ;mauricio.se;16:37
001518                            ;22/07/2024;    ;009817;003;    ;0088799;BAR DO JADSON                                     ;               ;040;406;SJQ4B82;     107,80;    0,13;22/07/2024;72;PDV FECHADO (HORARIO COM.)    ;   ;mauricio.se;16:38
001518                            ;22/07/2024;    ;009820;003;    ;0087068;PAULISTANO BAR LANC                               ;               ;040;406;SJQ4B82;     320,70;    0,35;22/07/2024;73;FALTA DE ATIVOS DE GIRO       ;   ;mauricio.se;16:38
001519                            ;22/07/2024;    ;009857;003;    ;0049335;GIDEONE BAR                                       ;(75)98343-0827 ;040;409;SJQ3C84;     257,74;    0,39;22/07/2024;71;SEM DINHEIRO/CHEQUE           ;   ;mauricio.se;15:33
001519                            ;22/07/2024;    ;009858;003;    ;0049335;GIDEONE BAR                                       ;(75)98343-0827 ;040;409;SJQ3C84;      31,44;    0,04;22/07/2024;71;SEM DINHEIRO/CHEQUE           ;   ;mauricio.se;15:33
001521                            ;22/07/2024;    ;009895;003;    ;0020334;MERCEARIA GAMELEIRA                               ;(07)58118-8948 ;040;413;SJQ9G53;     375,94;    0,70;22/07/2024;82;ENDERECO NAO ENCONTRADO       ;   ;mauricio.se;16:42
001521                            ;22/07/2024;    ;009900;003;    ;0086919;COMERCIAL OLIVEIRA                                ;(75)99187-6785 ;040;404;SJQ9G53;     519,60;    0,57;22/07/2024;32;ENTREGA ATRASADA (BUFFER)     ;   ;mauricio.se;16:43
001521                            ;22/07/2024;    ;009901;003;    ;0086919;COMERCIAL OLIVEIRA                                ;(75)99187-6785 ;040;404;SJQ9G53;     779,40;    0,86;22/07/2024;32;ENTREGA ATRASADA (BUFFER)     ;   ;mauricio.se;16:44
001521                            ;22/07/2024;    ;009902;003;    ;0086919;COMERCIAL OLIVEIRA                                ;(75)99187-6785 ;040;404;SJQ9G53;     779,40;    0,86;22/07/2024;32;ENTREGA ATRASADA (BUFFER)     ;   ;mauricio.se;16:44
001521                            ;22/07/2024;    ;009904;003;    ;0091627;DISTRIBUIDORA                                     ;(11)95965-5260 ;040;404;SJQ9G53;     672,21;    0,71;22/07/2024;32;ENTREGA ATRASADA (BUFFER)     ;   ;mauricio.se;16:45
001521                            ;22/07/2024;    ;009905;003;    ;0091627;DISTRIBUIDORA                                     ;(11)95965-5260 ;040;404;SJQ9G53;     224,28;    0,60;22/07/2024;32;ENTREGA ATRASADA (BUFFER)     ;   ;mauricio.se;16:46
001521                            ;22/07/2024;    ;009906;003;    ;0091627;DISTRIBUIDORA                                     ;(11)95965-5260 ;040;404;SJQ9G53;     207,60;    0,15;22/07/2024;32;ENTREGA ATRASADA (BUFFER)     ;   ;mauricio.se;16:46
001521                            ;22/07/2024;    ;009908;003;    ;0087488;MER GILMAR                                        ;               ;040;404;SJQ9G53;     345,23;    0,37;22/07/2024;32;ENTREGA ATRASADA (BUFFER)     ;   ;mauricio.se;16:44
001521                            ;22/07/2024;    ;009909;003;    ;0087488;MER GILMAR                                        ;               ;040;404;SJQ9G53;     567,87;    0,31;22/07/2024;32;ENTREGA ATRASADA (BUFFER)     ;   ;mauricio.se;16:45
001521                            ;22/07/2024;    ;009910;003;    ;0087488;MER GILMAR                                        ;               ;040;404;SJQ9G53;    2528,17;    3,26;22/07/2024;32;ENTREGA ATRASADA (BUFFER)     ;   ;mauricio.se;16:45
001521                            ;22/07/2024;    ;009912;003;    ;0085732;DEPOSITO DE DANDE                                 ;(75) 9123-6584 ;040;404;SJQ9G53;    1717,13;    2,04;22/07/2024;32;ENTREGA ATRASADA (BUFFER)     ;   ;mauricio.se;16:43
001536                            ;23/07/2024;    ;009963;003;    ;0031619;PANIFICADORA BELA VI                              ;(75)99226-8552 ;040;402;SJQ4E04;     752,70;    0,88;24/07/2024;71;SEM DINHEIRO/CHEQUE           ;   ;jadson.se  ;04:43
001536                            ;23/07/2024;    ;009964;003;    ;0031619;PANIFICADORA BELA VI                              ;(75)99226-8552 ;040;402;SJQ4E04;     911,60;    1,03;24/07/2024;71;SEM DINHEIRO/CHEQUE           ;   ;jadson.se  ;04:43
001536                            ;23/07/2024;    ;009965;003;    ;0031619;PANIFICADORA BELA VI                              ;(75)99226-8552 ;040;402;SJQ4E04;    1543,40;    2,23;24/07/2024;71;SEM DINHEIRO/CHEQUE           ;   ;jadson.se  ;04:44
001541                            ;23/07/2024;    ;010085;003;    ;0086161;LANC. DAI LANCHES                                 ;(75) 9175-7323 ;040;403;PVN2J05;     231,08;    0,31;23/07/2024;72;PDV FECHADO (HORARIO COM.)    ;   ;jadson.se  ;19:01
001541                            ;23/07/2024;    ;010089;003;    ;0007323;FREESOM                                           ;(75) 9229-1868 ;040;403;PVN2J05;      57,54;    0,09;23/07/2024;72;PDV FECHADO (HORARIO COM.)    ;   ;jadson.se  ;19:01
001541                            ;23/07/2024;    ;010090;003;    ;0045967;RESTAURANTE PAULO                                 ;               ;040;403;PVN2J05;     153,88;    0,25;23/07/2024;72;PDV FECHADO (HORARIO COM.)    ;   ;jadson.se  ;19:01
001542                            ;23/07/2024;    ;010100;003;    ;0086980;POINT DO BEBEZAO                                  ;(75)99172-9484 ;040;406;PVN2J05;     269,50;    0,34;23/07/2024;48;PDV Fechado Apos              ;   ;rafael     ;13:09
001542                            ;23/07/2024;    ;010101;003;    ;0086980;POINT DO BEBEZAO                                  ;(75)99172-9484 ;040;406;PVN2J05;     129,90;    0,14;23/07/2024;48;PDV Fechado Apos              ;   ;rafael     ;13:09
001543                            ;23/07/2024;    ;010113;003;    ;0045510;   PIT STOP IMPERADO                              ;               ;040;406;SJQ0J29;     112,67;    0,28;23/07/2024;42;Produto/Quantidade Errada     ;   ;rafael     ;18:51
001543                            ;23/07/2024;    ;010162;003;    ;0085666;RESTAURANTE DAIONICE                              ;               ;040;403;SJQ0J29;     697,94;    0,89;23/07/2024;87;TEMPO INSUFICIENTE            ;   ;rafael     ;18:51
001543                            ;23/07/2024;    ;010167;003;    ;0034667;MERCADINHO GOMES                                  ;(75) 9817-7103 ;030;301;SJQ0J29;     445,79;    0,66;23/07/2024;87;TEMPO INSUFICIENTE            ;   ;rafael     ;18:52
001543                            ;23/07/2024;    ;010168;003;    ;0087197;Bar por do sol                                    ;(75)99123-4258 ;040;410;SJQ0J29;     511,79;    0,67;23/07/2024;87;TEMPO INSUFICIENTE            ;   ;rafael     ;18:52
001543                            ;23/07/2024;    ;010169;003;    ;0028365;merc do Gil                                       ;(75) 9167-5898 ;040;406;SJQ0J29;     214,76;    0,30;23/07/2024;87;TEMPO INSUFICIENTE            ;   ;rafael     ;18:52
001547                            ;23/07/2024;    ;010264;003;    ;0049571;  MECEARIA G DA TERR                              ;               ;040;407;SJQ4A76;     109,20;    0,46;23/07/2024;50;CARGA ERRADA ARMAZEM          ;   ;rafael     ;17:13
001551                            ;23/07/2024;    ;010481;003;    ;0045411;Espaßo Familly Oliv                               ;               ;040;404;SJQ4B82;    1509,20;    1,93;23/07/2024;71;SEM DINHEIRO/CHEQUE           ;   ;rafael     ;18:35
001553                            ;23/07/2024;    ;010564;003;    ;0034936;SUPER TIRCO                                       ;(75) 3262-1030 ;030;303;SJQ8E15;    2210,69;    2,07;23/07/2024;86;HORARIO DE ENTREGA            ;   ;rafael     ;18:50
001553                            ;23/07/2024;    ;010565;003;    ;0009435;SUPERMER HIPER PINTO                              ;(75) 9127-9556 ;030;303;SJQ8E15;    2763,38;    5,66;23/07/2024;86;HORARIO DE ENTREGA            ;   ;rafael     ;18:48
001553                            ;23/07/2024;    ;010573;003;    ;0009432;SUPERMER SUPER PINTO                              ;(75) 3262-1052 ;030;303;SJQ8E15;    3752,52;    7,09;23/07/2024;85;DIFICIL ACESSO                ;   ;rafael     ;18:48
001553                            ;23/07/2024;    ;010574;003;    ;0085442;SUPERMERCADO JORGE T                              ;(75) 3262-1030 ;030;303;SJQ8E15;    1474,20;    1,92;23/07/2024;85;DIFICIL ACESSO                ;   ;rafael     ;18:45
001553                            ;23/07/2024;    ;010575;003;    ;0085442;SUPERMERCADO JORGE T                              ;(75) 3262-1030 ;030;303;SJQ8E15;    1153,06;    2,78;23/07/2024;85;DIFICIL ACESSO                ;   ;rafael     ;18:46
001553                            ;23/07/2024;    ;010584;003;    ;0085485;JORGE TIRCO LJ 02                                 ;(75) 9125-7339 ;030;303;SJQ8E15;    1942,03;    3,24;23/07/2024;87;TEMPO INSUFICIENTE            ;   ;rafael     ;18:44
001553                            ;23/07/2024;    ;010585;003;    ;0085485;JORGE TIRCO LJ 02                                 ;(75) 9125-7339 ;030;303;SJQ8E15;     982,30;    1,68;23/07/2024;87;TEMPO INSUFICIENTE            ;   ;rafael     ;18:44
001553                            ;23/07/2024;    ;010586;003;    ;0023139;ESTANISLAU RAMOS                                  ;(75) 9146-3872 ;040;411;SJQ8E15;     485,10;    0,62;23/07/2024;87;TEMPO INSUFICIENTE            ;   ;rafael     ;18:47
001570                            ;24/07/2024;    ;010610;003;    ;0028103;BAR DE NOLI                                       ;(75)98308-2932 ;040;413;SKB5H16;     289,97;    0,44;24/07/2024;71;SEM DINHEIRO/CHEQUE           ;   ;mauricio.se;16:13
001571                            ;24/07/2024;    ;010652;003;    ;0028105;DEPOSITO FILHOS AMER                              ;(71)98275-7565 ;040;412;SJQ0E61;    1857,26;    2,42;24/07/2024;55;QUALIDADE DO PRODUTO          ;   ;mauricio.se;17:37
001573                            ;24/07/2024;    ;010765;003;    ;0032821;ALEX SANDRO SOUZA                                 ;(75)98286-6639 ;040;402;SJQ2C64;      44,94;    0,12;25/07/2024;50;CARGA ERRADA ARMAZEM          ;   ;cunha.se   ;01:59
001577                            ;24/07/2024;    ;010952;003;    ;0039795;BOTECO ACONCHEGO                                  ;(71)99928-9809 ;040;408;SJQ9G53;     966,82;    0,87;24/07/2024;71;SEM DINHEIRO/CHEQUE           ;   ;mauricio.se;16:23
001580                            ;24/07/2024;    ;011039;003;    ;0037113;BADBOYDISTRIBUIDORA                               ;               ;040;403;SJQ4B82;      64,17;    0,04;24/07/2024;50;CARGA ERRADA ARMAZEM          ;   ;mauricio.se;17:20
001580                            ;24/07/2024;    ;011054;003;    ;0088636;GERSON DAS FITAS                                  ;(75) 9152-1204 ;040;403;SJQ4B82;      34,10;    0,04;24/07/2024;71;SEM DINHEIRO/CHEQUE           ;   ;mauricio.se;17:21
001580                            ;24/07/2024;    ;011069;003;    ;0009673;BAR CERVEJA E CIA                                 ;(75)99231-6272 ;040;406;SJQ4B82;     141,43;    0,14;24/07/2024;73;FALTA DE ATIVOS DE GIRO       ;   ;mauricio.se;17:20
001581                            ;24/07/2024;    ;011091;003;    ;0020265;MERCADINHO E LANCHON                              ;(07)19159-1032 ;040;414;SJQ4E04;     107,40;    0,54;24/07/2024;50;CARGA ERRADA ARMAZEM          ;   ;mauricio.se;16:58
001581                            ;24/07/2024;    ;011092;003;    ;0020265;MERCADINHO E LANCHON                              ;(07)19159-1032 ;040;414;SJQ4E04;      17,00;    0,02;24/07/2024;50;CARGA ERRADA ARMAZEM          ;   ;mauricio.se;16:45
001581                            ;24/07/2024;    ;011101;003;    ;0020210;MERCEARIA QUILOMBOLA                              ;(07)19387-5807 ;040;414;SJQ4E04;     147,38;    0,42;24/07/2024;72;PDV FECHADO (HORARIO COM.)    ;   ;mauricio.se;16:46
001584                            ;24/07/2024;    ;011156;003;    ;0045348;RECANTO DO JUTA                                   ;               ;040;410;PVN2J05;      14,86;    0,00;24/07/2024;65;NAO FEZ PEDIDO                ;   ;mauricio.se;16:12
001584                            ;24/07/2024;    ;011159;003;    ;0023220;PANIFICADORA BIG PaO                              ;               ;040;410;PVN2J05;     117,04;    0,28;24/07/2024;71;SEM DINHEIRO/CHEQUE           ;   ;mauricio.se;16:11
001584                            ;24/07/2024;    ;011161;003;    ;0055896;ACARAJE 907                                       ;               ;040;410;PVN2J05;     132,12;    0,36;24/07/2024;71;SEM DINHEIRO/CHEQUE           ;   ;mauricio.se;16:11
001585                            ;24/07/2024;    ;011211;003;    ;0045569;TABULEIRO DA JAGUAR                               ;               ;040;411;SJQ8E15;      19,74;    0,06;24/07/2024;71;SEM DINHEIRO/CHEQUE           ;   ;mauricio.se;17:28
001595                            ;25/07/2024;    ;011239;003;    ;0028843;MERCADINHO CEDRAZ                                 ;               ;030;303;SJQ2B64;    1293,60;    1,65;26/07/2024;50;CARGA ERRADA ARMAZEM          ;   ;jadson.se  ;02:06
001595                            ;25/07/2024;    ;011242;003;    ;0028843;MERCADINHO CEDRAZ                                 ;               ;030;303;SJQ2B64;    2695,00;    3,45;26/07/2024;50;CARGA ERRADA ARMAZEM          ;   ;jadson.se  ;02:06
001595                            ;25/07/2024;    ;011256;003;    ;0035580;BAR DO VAL                                        ;(71)99106-5335 ;040;402;SJQ2B64;     431,20;    0,55;26/07/2024;71;SEM DINHEIRO/CHEQUE           ;   ;jadson.se  ;02:04
001595                            ;25/07/2024;    ;011257;003;    ;0035580;BAR DO VAL                                        ;(71)99106-5335 ;040;402;SJQ2B64;     399,70;    0,43;26/07/2024;71;SEM DINHEIRO/CHEQUE           ;   ;jadson.se  ;02:05
001595                            ;25/07/2024;    ;011258;003;    ;0035580;BAR DO VAL                                        ;(71)99106-5335 ;040;402;SJQ2B64;     127,79;    0,14;26/07/2024;71;SEM DINHEIRO/CHEQUE           ;   ;jadson.se  ;02:05
001597                            ;25/07/2024;    ;011369;003;    ;0034289;NAILTO DE OLIVEIRA V                              ;               ;040;405;SJQ3C84;      87,19;    0,07;25/07/2024;71;SEM DINHEIRO/CHEQUE           ;   ;rafael     ;16:38
001597                            ;25/07/2024;    ;011370;003;    ;0034289;NAILTO DE OLIVEIRA V                              ;               ;040;405;SJQ3C84;    2048,20;    2,62;25/07/2024;71;SEM DINHEIRO/CHEQUE           ;   ;rafael     ;16:38
001597                            ;25/07/2024;    ;011371;003;    ;0034289;NAILTO DE OLIVEIRA V                              ;               ;040;405;SJQ3C84;    1003,60;    1,15;25/07/2024;71;SEM DINHEIRO/CHEQUE           ;   ;rafael     ;16:38
001599                            ;25/07/2024;    ;011451;003;    ;0039008;HOTEL POUSADA DO SIS                              ;               ;040;411;GGC2226;     198,83;    0,29;25/07/2024;87;TEMPO INSUFICIENTE            ;   ;jadson.se  ;20:16
001599                            ;25/07/2024;    ;011458;003;    ;0040644;RESTAURANTE E LANCHO                              ;               ;040;408;GGC2226;     269,50;    0,34;25/07/2024;87;TEMPO INSUFICIENTE            ;   ;jadson.se  ;20:16
001599                            ;25/07/2024;    ;011459;003;    ;0051653;MERCADINHO BOM PRE                                ;               ;040;408;GGC2226;     539,00;    0,69;25/07/2024;87;TEMPO INSUFICIENTE            ;   ;jadson.se  ;20:17
001599                            ;25/07/2024;    ;011460;003;    ;0051653;MERCADINHO BOM PRE                                ;               ;040;408;GGC2226;     165,90;    0,14;25/07/2024;87;TEMPO INSUFICIENTE            ;   ;jadson.se  ;20:17
001599                            ;25/07/2024;    ;011461;003;    ;0051653;MERCADINHO BOM PRE                                ;               ;040;408;GGC2226;      53,90;    0,06;25/07/2024;87;TEMPO INSUFICIENTE            ;   ;jadson.se  ;20:17
001599                            ;25/07/2024;    ;011462;003;    ;0051653;MERCADINHO BOM PRE                                ;               ;040;408;GGC2226;     161,70;    0,20;25/07/2024;87;TEMPO INSUFICIENTE            ;   ;jadson.se  ;20:16
001600                            ;25/07/2024;    ;011470;003;    ;0044749; MERCADINHO VIEIRA                                ;               ;040;411;SJQ0E61;      23,90;    0,04;25/07/2024;72;PDV FECHADO (HORARIO COM.)    ;   ;rafael     ;16:45
001600                            ;25/07/2024;    ;011471;003;    ;0044749; MERCADINHO VIEIRA                                ;               ;040;411;SJQ0E61;      53,90;    0,06;25/07/2024;72;PDV FECHADO (HORARIO COM.)    ;   ;rafael     ;17:06
001601                            ;25/07/2024;    ;011510;003;    ;0020301;KIOSK PARADA DOS AMI                              ;(07)58200-6205 ;040;415;SJQ9G53;     341,93;    0,50;25/07/2024;73;FALTA DE ATIVOS DE GIRO       ;   ;rafael     ;18:09
001602                            ;25/07/2024;    ;011538;003;    ;0051046;J.S.N.                                            ;               ;040;401;SJQ3A28;     180,30;    0,93;25/07/2024;50;CARGA ERRADA ARMAZEM          ;   ;rafael     ;16:55
001604                            ;25/07/2024;    ;011615;003;    ;0029087;BAR SIMONE                                        ;(75)99201-1517 ;040;401;SJQ8E15;     253,08;    0,37;25/07/2024;71;SEM DINHEIRO/CHEQUE           ;   ;jadson.se  ;19:12
001604                            ;25/07/2024;    ;011627;003;    ;0041583;Bar e restaurante o                               ;(75)99177-7188 ;040;401;SJQ8E15;     825,48;    0,98;25/07/2024;82;ENDERECO NAO ENCONTRADO       ;   ;jadson.se  ;19:12
001607                            ;25/07/2024;    ;011778;003;    ;0054612;BAR E LAN DA COLINA                               ;(75)99169-5646 ;040;406;SJQ4B82;     494,33;    0,71;25/07/2024;71;SEM DINHEIRO/CHEQUE           ;   ;rafael     ;15:55
001607                            ;25/07/2024;    ;011782;003;    ;0050796;BAR DA ESQUINA                                    ;               ;040;406;SJQ4B82;      85,24;    0,18;25/07/2024;71;SEM DINHEIRO/CHEQUE           ;   ;rafael     ;15:56
001607                            ;25/07/2024;    ;011783;003;    ;0050796;BAR DA ESQUINA                                    ;               ;040;406;SJQ4B82;     508,20;    0,63;25/07/2024;71;SEM DINHEIRO/CHEQUE           ;   ;rafael     ;15:56
001608                            ;25/07/2024;    ;011820;003;    ;0084942;PANIF VIPAO                                       ;(75)99224-8300 ;040;406;SJQ0J29;     343,58;    0,41;25/07/2024;50;CARGA ERRADA ARMAZEM          ;   ;rafael     ;16:36
001608                            ;25/07/2024;    ;011822;003;    ;0056443;POINT DA LENINHA                                  ;               ;040;403;SJQ0J29;     260,30;    0,26;25/07/2024;73;FALTA DE ATIVOS DE GIRO       ;   ;rafael     ;16:36
001608                            ;25/07/2024;    ;011841;003;    ;0048766;DISTRIBUIDORA RM                                  ;(75)99200-1400 ;040;403;SJQ0J29;      25,98;    0,02;25/07/2024;71;SEM DINHEIRO/CHEQUE           ;   ;rafael     ;16:36
001608                            ;25/07/2024;    ;011843;003;    ;0085165;Mercado Preco Bom                                 ;(75) 9151-1642 ;040;406;SJQ0J29;     166,16;    0,50;25/07/2024;71;SEM DINHEIRO/CHEQUE           ;   ;rafael     ;16:36
001615                            ;26/07/2024;    ;011928;003;    ;0056311;MERCEARIA GEREMIAS                                ;(75)99191-2072 ;040;402;SJQ2C64;     119,84;    0,20;27/07/2024;42;Produto/Quantidade Errada     ;   ;cunha.se   ;02:40
001615                            ;26/07/2024;    ;011968;003;    ;0054342;NOVO PONTO                                        ;(75)99897-2816 ;040;402;SJQ2C64;     217,76;    0,22;27/07/2024;42;Produto/Quantidade Errada     ;   ;cunha.se   ;02:41
001617                            ;26/07/2024;    ;012091;003;    ;0086647;BOX DO GUIDO                                      ;(75)99115-3362 ;040;411;SJQ0E61;     377,30;    0,48;26/07/2024;87;TEMPO INSUFICIENTE            ;   ;cunha.se   ;19:44
001617                            ;26/07/2024;    ;012092;003;    ;0086647;BOX DO GUIDO                                      ;(75)99115-3362 ;040;411;SJQ0E61;     377,30;    0,48;26/07/2024;87;TEMPO INSUFICIENTE            ;   ;cunha.se   ;19:45
001617                            ;26/07/2024;    ;012093;003;    ;0086647;BOX DO GUIDO                                      ;(75)99115-3362 ;040;411;SJQ0E61;     107,61;    0,22;26/07/2024;87;TEMPO INSUFICIENTE            ;   ;cunha.se   ;19:45
001617                            ;26/07/2024;    ;012094;003;    ;0086647;BOX DO GUIDO                                      ;(75)99115-3362 ;040;411;SJQ0E61;     539,00;    0,69;26/07/2024;87;TEMPO INSUFICIENTE            ;   ;cunha.se   ;19:46
001617                            ;26/07/2024;    ;012095;003;    ;0086647;BOX DO GUIDO                                      ;(75)99115-3362 ;040;411;SJQ0E61;     169,80;    0,26;26/07/2024;87;TEMPO INSUFICIENTE            ;   ;cunha.se   ;19:46
001617                            ;26/07/2024;    ;012096;003;    ;0086647;BOX DO GUIDO                                      ;(75)99115-3362 ;040;411;SJQ0E61;     127,42;    0,14;26/07/2024;87;TEMPO INSUFICIENTE            ;   ;cunha.se   ;19:47
001617                            ;26/07/2024;    ;012097;003;    ;0039382;ADRIANA                                           ;               ;040;411;SJQ0E61;     200,27;    0,20;26/07/2024;87;TEMPO INSUFICIENTE            ;   ;cunha.se   ;19:47
001617                            ;26/07/2024;    ;012098;003;    ;0039382;ADRIANA                                           ;               ;040;411;SJQ0E61;     161,70;    0,20;26/07/2024;87;TEMPO INSUFICIENTE            ;   ;cunha.se   ;19:48
001617                            ;26/07/2024;    ;012099;003;    ;0039382;ADRIANA                                           ;               ;040;411;SJQ0E61;     127,54;    0,19;26/07/2024;87;TEMPO INSUFICIENTE            ;   ;cunha.se   ;19:48
001617                            ;26/07/2024;    ;012100;003;    ;0039382;ADRIANA                                           ;               ;040;411;SJQ0E61;     206,72;    0,22;26/07/2024;87;TEMPO INSUFICIENTE            ;   ;cunha.se   ;19:49
001617                            ;26/07/2024;    ;012101;003;    ;0029578;Mercadinho da Gonha                               ;(75)98123-4120 ;040;411;SJQ0E61;     808,50;    1,03;26/07/2024;87;TEMPO INSUFICIENTE            ;   ;cunha.se   ;19:43
001617                            ;26/07/2024;    ;012102;003;    ;0029578;Mercadinho da Gonha                               ;(75)98123-4120 ;040;411;SJQ0E61;     396,80;    0,50;26/07/2024;87;TEMPO INSUFICIENTE            ;   ;cunha.se   ;19:44
001619                            ;26/07/2024;    ;012197;003;    ;0049788;PINTINHO MERCADINHO                               ;(75)98310-1617 ;040;408;SJQ0J29;     123,25;    0,24;26/07/2024;42;Produto/Quantidade Errada     ;   ;mauricio.se;17:04
001619                            ;26/07/2024;    ;012198;003;    ;0049788;PINTINHO MERCADINHO                               ;(75)98310-1617 ;040;408;SJQ0J29;      71,76;    0,05;26/07/2024;42;Produto/Quantidade Errada     ;   ;mauricio.se;17:04
001619                            ;26/07/2024;    ;012199;003;    ;0049788;PINTINHO MERCADINHO                               ;(75)98310-1617 ;040;408;SJQ0J29;      85,10;    0,08;26/07/2024;42;Produto/Quantidade Errada     ;   ;mauricio.se;17:04
001619                            ;26/07/2024;    ;012200;003;    ;0049788;PINTINHO MERCADINHO                               ;(75)98310-1617 ;040;408;SJQ0J29;      32,53;    0,04;26/07/2024;42;Produto/Quantidade Errada     ;   ;mauricio.se;17:04
001619                            ;26/07/2024;    ;012201;003;    ;0049788;PINTINHO MERCADINHO                               ;(75)98310-1617 ;040;408;SJQ0J29;      42,29;    0,08;26/07/2024;42;Produto/Quantidade Errada     ;   ;mauricio.se;17:04
001619                            ;26/07/2024;    ;012202;003;    ;0049788;PINTINHO MERCADINHO                               ;(75)98310-1617 ;040;408;SJQ0J29;     316,24;    0,10;26/07/2024;42;Produto/Quantidade Errada     ;   ;mauricio.se;17:05
001619                            ;26/07/2024;    ;012203;003;    ;0049788;PINTINHO MERCADINHO                               ;(75)98310-1617 ;040;408;SJQ0J29;      42,64;    0,01;26/07/2024;42;Produto/Quantidade Errada     ;   ;mauricio.se;17:05
001620                            ;26/07/2024;    ;012279;003;    ;0048886;BAR DO FABIO                                      ;(75)98145-6675 ;040;405;SJQ3A28;     909,72;    1,25;26/07/2024;42;Produto/Quantidade Errada     ;   ;mauricio.se;17:26
001621                            ;26/07/2024;    ;012282;003;    ;0024067;JEL DISTRIBUIDORA                                 ;(75)99978-6875 ;030;301;SJQ4A76;     244,87;    0,54;26/07/2024;42;Produto/Quantidade Errada     ;   ;mauricio.se;16:28
001621                            ;26/07/2024;    ;012283;003;    ;0024067;JEL DISTRIBUIDORA                                 ;(75)99978-6875 ;030;301;SJQ4A76;     273,05;    0,60;26/07/2024;42;Produto/Quantidade Errada     ;   ;mauricio.se;16:29
001621                            ;26/07/2024;    ;012284;003;    ;0024067;JEL DISTRIBUIDORA                                 ;(75)99978-6875 ;030;301;SJQ4A76;     150,00;    0,12;26/07/2024;42;Produto/Quantidade Errada     ;DER;mauricio.se;16:29
001623                            ;26/07/2024;    ;012401;003;    ;0086515;BAR E MERC DA LUCIA                               ;(75)98848-8983 ;040;407;SJQ4E04;     384,69;    0,65;26/07/2024;87;TEMPO INSUFICIENTE            ;   ;cunha.se   ;19:35
001623                            ;26/07/2024;    ;012402;003;    ;0085529;BAR TOINHO DO CEDRO                               ;(75)99274-6088 ;040;407;SJQ4E04;     151,53;    0,20;26/07/2024;87;TEMPO INSUFICIENTE            ;   ;cunha.se   ;19:34
001623                            ;26/07/2024;    ;012403;003;    ;0026234;MERCADINHO QUEIROZ                                ;(75)99133-6043 ;040;407;SJQ4E04;     430,76;    0,87;26/07/2024;87;TEMPO INSUFICIENTE            ;   ;cunha.se   ;19:34
001623                            ;26/07/2024;    ;012404;003;    ;0050914; LANCHONETE DELIVERY                              ;               ;040;407;SJQ4E04;     170,95;    0,28;26/07/2024;87;TEMPO INSUFICIENTE            ;   ;cunha.se   ;19:33
001623                            ;26/07/2024;    ;012405;003;    ;0051864;BAR DO FIINHO                                     ;(75)99270-8692 ;040;407;SJQ4E04;      50,40;    0,06;26/07/2024;87;TEMPO INSUFICIENTE            ;   ;cunha.se   ;19:36
001623                            ;26/07/2024;    ;012406;003;    ;0051864;BAR DO FIINHO                                     ;(75)99270-8692 ;040;407;SJQ4E04;      39,64;    0,12;26/07/2024;87;TEMPO INSUFICIENTE            ;   ;cunha.se   ;19:40
001623                            ;26/07/2024;    ;012407;003;    ;0051864;BAR DO FIINHO                                     ;(75)99270-8692 ;040;407;SJQ4E04;      17,00;    0,02;26/07/2024;87;TEMPO INSUFICIENTE            ;   ;cunha.se   ;19:37
001623                            ;26/07/2024;    ;012408;003;    ;0046394;BAR CAMINHO DE CASA                               ;(75)99185-6114 ;040;407;SJQ4E04;     260,02;    0,84;26/07/2024;87;TEMPO INSUFICIENTE            ;   ;cunha.se   ;19:15
001624                            ;26/07/2024;    ;012465;003;    ;0020125;KIOSQUE RM                                        ;(75)99864-0895 ;040;415;SJQ0J29;     507,66;    0,52;27/07/2024;87;TEMPO INSUFICIENTE            ;   ;rafael     ;18:31
001624                            ;26/07/2024;    ;012466;003;    ;0020003;MERCADO JUREMA                                    ;(75)99126-8044 ;040;415;SJQ0J29;     511,20;    1,02;27/07/2024;87;TEMPO INSUFICIENTE            ;   ;rafael     ;18:30
001624                            ;26/07/2024;    ;012468;003;    ;0020203;SUPERMERCADO SANTOS                               ;(07)59879-0456 ;040;415;SJQ0J29;     466,27;    0,60;27/07/2024;87;TEMPO INSUFICIENTE            ;   ;rafael     ;18:30
001624                            ;26/07/2024;    ;012469;003;    ;0020203;SUPERMERCADO SANTOS                               ;(07)59879-0456 ;040;415;SJQ0J29;     468,24;    0,60;27/07/2024;87;TEMPO INSUFICIENTE            ;   ;rafael     ;18:30
001624                            ;26/07/2024;    ;012470;003;    ;0020250;SUPERMERCADO DO VAND                              ;(07)59910-9991 ;040;415;SJQ0J29;     167,75;    0,52;27/07/2024;87;TEMPO INSUFICIENTE            ;   ;rafael     ;18:31
001624                            ;26/07/2024;    ;012471;003;    ;0020410;MERCADINHO M.S                                    ;(09)99999-9999 ;040;415;SJQ0J29;     155,52;    0,19;27/07/2024;87;TEMPO INSUFICIENTE            ;   ;rafael     ;18:31
001624                            ;26/07/2024;    ;012473;003;    ;0020565;CASA BAR DISTRIBUIDO                              ;(07)59903-9731 ;040;415;SJQ0J29;     215,60;    0,27;27/07/2024;71;SEM DINHEIRO/CHEQUE           ;   ;rafael     ;18:32
001624                            ;26/07/2024;    ;012475;003;    ;0020504;DIEGO BEBIDAS                                     ;(07)59981-2809 ;040;415;SJQ0J29;    1091,10;    1,24;27/07/2024;72;PDV FECHADO (HORARIO COM.)    ;   ;rafael     ;18:32
001624                            ;26/07/2024;    ;012478;003;    ;0020698;MERCEARIA DO FEFO                                 ;(07)58889-6258 ;040;415;SJQ0J29;      27,23;    0,03;27/07/2024;50;CARGA ERRADA ARMAZEM          ;   ;rafael     ;18:29
001624                            ;26/07/2024;    ;012487;003;    ;0020152;MS CEREAIS E VARIEDA                              ;(07)59191-6068 ;040;415;SJQ0J29;     126,30;    0,32;27/07/2024;72;PDV FECHADO (HORARIO COM.)    ;   ;rafael     ;18:29
001624                            ;26/07/2024;    ;012489;003;    ;0020211;LALAU LANCHES                                     ;(07)59140-1674 ;040;415;SJQ0J29;     676,47;    1,10;27/07/2024;65;NAO FEZ PEDIDO                ;   ;rafael     ;18:30
001627                            ;26/07/2024;    ;012612;003;    ;0047861;CHURRASCARIA AVANTE                               ;(75)99153-2142 ;040;407;SJQ9B48;     570,07;    0,81;26/07/2024;87;TEMPO INSUFICIENTE            ;   ;mauricio.se;18:48
001627                            ;26/07/2024;    ;012613;003;    ;0087098;BAR  DA NANA                                      ;(75)99182-6145 ;040;407;SJQ9B48;     323,40;    0,41;26/07/2024;87;TEMPO INSUFICIENTE            ;   ;cunha.se   ;19:52
001627                            ;26/07/2024;    ;012614;003;    ;0087098;BAR  DA NANA                                      ;(75)99182-6145 ;040;407;SJQ9B48;     344,70;    0,43;26/07/2024;87;TEMPO INSUFICIENTE            ;   ;cunha.se   ;19:54
001627                            ;26/07/2024;    ;012615;003;    ;0087098;BAR  DA NANA                                      ;(75)99182-6145 ;040;407;SJQ9B48;     240,00;    0,27;26/07/2024;87;TEMPO INSUFICIENTE            ;   ;cunha.se   ;19:53
001627                            ;26/07/2024;    ;012616;003;    ;0040840;MERCADINHOAREAL                                   ;(75)99231-8773 ;040;407;SJQ9B48;     170,56;    0,22;26/07/2024;87;TEMPO INSUFICIENTE            ;   ;mauricio.se;18:47
001627                            ;26/07/2024;    ;012617;003;    ;0034848;BAR DE TACHINHA                                   ;(75)99256-3402 ;040;407;SJQ9B48;     225,89;    0,22;26/07/2024;72;PDV FECHADO (HORARIO COM.)    ;   ;mauricio.se;18:44
001627                            ;26/07/2024;    ;012618;003;    ;0034848;BAR DE TACHINHA                                   ;(75)99256-3402 ;040;407;SJQ9B48;     121,46;    0,14;26/07/2024;72;PDV FECHADO (HORARIO COM.)    ;   ;mauricio.se;18:46
001627                            ;26/07/2024;    ;012619;003;    ;0034848;BAR DE TACHINHA                                   ;(75)99256-3402 ;040;407;SJQ9B48;     257,50;    0,28;26/07/2024;72;PDV FECHADO (HORARIO COM.)    ;   ;mauricio.se;18:46
001627                            ;26/07/2024;    ;012620;003;    ;0034848;BAR DE TACHINHA                                   ;(75)99256-3402 ;040;407;SJQ9B48;     239,31;    0,28;26/07/2024;72;PDV FECHADO (HORARIO COM.)    ;   ;mauricio.se;18:45
001627                            ;26/07/2024;    ;012621;003;    ;0034848;BAR DE TACHINHA                                   ;(75)99256-3402 ;040;407;SJQ9B48;     215,60;    0,27;26/07/2024;72;PDV FECHADO (HORARIO COM.)    ;   ;mauricio.se;18:45
001627                            ;26/07/2024;    ;012622;003;    ;0034848;BAR DE TACHINHA                                   ;(75)99256-3402 ;040;407;SJQ9B48;     107,80;    0,13;26/07/2024;72;PDV FECHADO (HORARIO COM.)    ;   ;mauricio.se;18:45
001627                            ;26/07/2024;    ;012671;003;    ;0086404;MERC ROSA                                         ;(75)99710-7873 ;040;407;SJQ9B48;     337,60;    0,42;26/07/2024;87;TEMPO INSUFICIENTE            ;   ;mauricio.se;18:48
001628                            ;26/07/2024;    ;012693;003;    ;0052478;CHACARA DO FOGUINHO                               ;(75)99998-6657 ;040;409;GGC2226;      44,04;    0,12;26/07/2024;71;SEM DINHEIRO/CHEQUE           ;   ;mauricio.se;13:32
001628                            ;26/07/2024;    ;012695;003;    ;0092264;BOM PRECO MERCADINHO                              ;(75)99247-9730 ;040;409;GGC2226;     987,00;    1,26;26/07/2024;71;SEM DINHEIRO/CHEQUE           ;   ;mauricio.se;13:32
001641                            ;27/07/2024;    ;012720;003;    ;0086685;BAR PINGO D'AGUA                                  ;(75)99162-9637 ;040;402;SJQ2C64;     240,60;    0,32;29/07/2024;72;PDV FECHADO (HORARIO COM.)    ;   ;cunha.se   ;04:46
001641                            ;27/07/2024;    ;012721;003;    ;0086685;BAR PINGO D'AGUA                                  ;(75)99162-9637 ;040;402;SJQ2C64;      53,90;    0,06;29/07/2024;72;PDV FECHADO (HORARIO COM.)    ;   ;cunha.se   ;04:46
001643                            ;27/07/2024;    ;012846;003;    ;0009776;JAY LANCHES                                       ;(75)99157-7331 ;040;406;GGC2226;    2370,20;    5,64;27/07/2024;50;CARGA ERRADA ARMAZEM          ;   ;rafael     ;18:28
001643                            ;27/07/2024;    ;012847;003;    ;0009776;JAY LANCHES                                       ;(75)99157-7331 ;040;406;GGC2226;     150,00;    0,17;27/07/2024;50;CARGA ERRADA ARMAZEM          ;DER;rafael     ;18:28
001646                            ;27/07/2024;    ;012989;003;    ;0049750;BAR DO Z DO SANTO                                 ;               ;040;403;SJQ4A76;     107,80;    0,13;27/07/2024;72;PDV FECHADO (HORARIO COM.)    ;   ;rafael     ;15:36
001646                            ;27/07/2024;    ;012990;003;    ;0049750;BAR DO Z DO SANTO                                 ;               ;040;403;SJQ4A76;      49,62;    0,12;27/07/2024;72;PDV FECHADO (HORARIO COM.)    ;   ;rafael     ;15:48
001648                            ;27/07/2024;    ;013081;003;    ;0033950;SUPER 40 GRAUS                                    ;(75)99245-5871 ;030;302;SJQ3A28;     175,85;    0,52;27/07/2024;71;SEM DINHEIRO/CHEQUE           ;   ;rafael     ;17:  
001650                            ;27/07/2024;    ;013139;003;    ;0020021;BAR DO RIVA E VANUSA                              ;(07)50000-0000 ;040;414;SJQ4E04;       4,58;    0,00;27/07/2024;50;CARGA ERRADA ARMAZEM          ;   ;rafael     ;16:03
001650                            ;27/07/2024;    ;013145;003;    ;0020208;LAN BURGUER                                       ;(07)59216-3655 ;040;414;SJQ4E04;     323,56;    0,30;27/07/2024;71;SEM DINHEIRO/CHEQUE           ;   ;rafael     ;16:03
001650                            ;27/07/2024;    ;013163;003;    ;0025307;BAR BODE ROCO                                     ;(75)99133-5989 ;040;414;SJQ4E04;     539,00;    0,69;27/07/2024;72;PDV FECHADO (HORARIO COM.)    ;   ;rafael     ;16:02
001651                            ;27/07/2024;    ;013172;003;    ;0004617;MILESIMA BUDEGA                                   ;               ;040;405;SJQ8E15;     377,30;    0,48;27/07/2024;73;FALTA DE ATIVOS DE GIRO       ;   ;rafael     ;16:22
001651                            ;27/07/2024;    ;013173;003;    ;0004617;MILESIMA BUDEGA                                   ;               ;040;405;SJQ8E15;     269,50;    0,34;27/07/2024;73;FALTA DE ATIVOS DE GIRO       ;   ;rafael     ;16:22
001651                            ;27/07/2024;    ;013174;003;    ;0021847;SUPER GALLO                                       ;(75)98143-1469 ;030;303;SJQ8E15;    1617,00;    2,07;27/07/2024;71;SEM DINHEIRO/CHEQUE           ;   ;rafael     ;16:21
001651                            ;27/07/2024;    ;013187;003;    ;0002408;MERCEARIA RS                                      ;(75)98235-4807 ;040;405;SJQ8E15;     485,10;    0,62;27/07/2024;73;FALTA DE ATIVOS DE GIRO       ;   ;rafael     ;16:21
001651                            ;27/07/2024;    ;013200;003;    ;0000150;BAR DE NEGA SERROTE                               ;(75)99862-5931 ;040;407;SJQ8E15;     300,00;    0,34;27/07/2024;82;ENDERECO NAO ENCONTRADO       ;   ;rafael     ;16:21
001662                            ;29/07/2024;    ;013302;003;    ;0053608;CELLO BAR                                         ;               ;040;402;SJQ2C64;     107,80;    0,13;29/07/2024;71;SEM DINHEIRO/CHEQUE           ;   ;jadson.se  ;21:21
001663                            ;29/07/2024;    ;013338;003;    ;0091814;PONTO DA CERVEJA                                  ;(75)99296-2083 ;040;408;SJQ2B64;      74,71;    0,12;30/07/2024;64;SEM VASILHAME                 ;   ;jadson.se  ;02:59
001663                            ;29/07/2024;    ;013372;003;    ;0054907;RUBEM JEDSON OLIVEIR                              ;               ;040;409;SJQ2B64;    1026,35;    1,32;30/07/2024;32;ENTREGA ATRASADA (BUFFER)     ;   ;jadson.se  ;03:  
001663                            ;29/07/2024;    ;013373;003;    ;0054907;RUBEM JEDSON OLIVEIR                              ;               ;040;409;SJQ2B64;      17,00;    0,02;30/07/2024;32;ENTREGA ATRASADA (BUFFER)     ;   ;jadson.se  ;03:  
001664                            ;29/07/2024;    ;013398;003;    ;0053879;BAR E MERCADINHO DO                               ;(75)99112-2344 ;040;409;GGC2226;     269,50;    0,34;29/07/2024;50;CARGA ERRADA ARMAZEM          ;   ;rafael     ;18:  
001667                            ;29/07/2024;    ;013511;003;    ;0020612;BAR VAL DA MEIOTA                                 ;(07)59191-1988 ;040;414;SJQ3A28;     539,00;    0,69;29/07/2024;37;PDV Fechado                   ;   ;rafael     ;17:08
001670                            ;29/07/2024;    ;013600;003;    ;0026326;DO DRINKS                                         ;(75) 8315-0577 ;040;410;SJQ0G38;     152,61;    0,14;29/07/2024;50;CARGA ERRADA ARMAZEM          ;   ;rafael     ;17:05
001670                            ;29/07/2024;    ;013601;003;    ;0026326;DO DRINKS                                         ;(75) 8315-0577 ;040;410;SJQ0G38;     124,32;    0,24;29/07/2024;50;CARGA ERRADA ARMAZEM          ;   ;rafael     ;17:05
001673                            ;29/07/2024;    ;013687;003;    ;0090400;mercadinho eliene                                 ;(75)99251-4750 ;040;406;NTE9309;      97,82;    0,15;29/07/2024;37;PDV Fechado                   ;   ;rafael     ;14:35
001673                            ;29/07/2024;    ;013688;003;    ;0090400;mercadinho eliene                                 ;(75)99251-4750 ;040;406;NTE9309;      85,85;    0,07;29/07/2024;37;PDV Fechado                   ;   ;rafael     ;14:35
001673                            ;29/07/2024;    ;013689;003;    ;0090400;mercadinho eliene                                 ;(75)99251-4750 ;040;406;NTE9309;      51,13;    0,14;29/07/2024;37;PDV Fechado                   ;   ;rafael     ;14:36
001674                            ;29/07/2024;    ;013718;003;    ;0043844;NILTON DA SILVA SANT                              ;(75)99205-9320 ;040;403;NTE9309;     329,00;    0,42;30/07/2024;50;CARGA ERRADA ARMAZEM          ;   ;mauricio.se;15:47
001675                            ;29/07/2024;    ;013735;003;    ;0032002;RESTAURANTE DI ANA                                ;               ;040;401;SJQ3C84;     340,34;    0,35;29/07/2024;72;PDV FECHADO (HORARIO COM.)    ;   ;rafael     ;17:  
001675                            ;29/07/2024;    ;013751;003;    ;0089551;BAR DE CARMEM                                     ;(75)99200-9406 ;040;401;SJQ3C84;    1142,70;    1,54;29/07/2024;32;ENTREGA ATRASADA (BUFFER)     ;   ;rafael     ;17:01
001675                            ;29/07/2024;    ;013752;003;    ;0089551;BAR DE CARMEM                                     ;(75)99200-9406 ;040;401;SJQ3C84;      78,14;    0,16;29/07/2024;32;ENTREGA ATRASADA (BUFFER)     ;   ;rafael     ;17:01
001675                            ;29/07/2024;    ;013757;003;    ;0034736;TREILER DA ANA PAULA                              ;(75)99168-0887 ;040;401;SJQ3C84;    1705,00;    2,10;29/07/2024;32;ENTREGA ATRASADA (BUFFER)     ;   ;rafael     ;17:  
001677                            ;29/07/2024;    ;013837;003;    ;0023791;MERCADINHO ARAUJO                                 ;(75)99215-0476 ;040;409;SJQ9G53;     589,59;    0,75;29/07/2024;50;CARGA ERRADA ARMAZEM          ;   ;rafael     ;17:34
001677                            ;29/07/2024;    ;013838;003;    ;0023791;MERCADINHO ARAUJO                                 ;(75)99215-0476 ;040;409;SJQ9G53;     261,12;    0,28;29/07/2024;50;CARGA ERRADA ARMAZEM          ;   ;rafael     ;17:34
001677                            ;29/07/2024;    ;013847;003;    ;0046733;BAR LUCIANA                                       ;(75)99844-6640 ;040;409;SJQ9G53;      52,65;    0,06;29/07/2024;50;CARGA ERRADA ARMAZEM          ;   ;rafael     ;17:34
001677                            ;29/07/2024;    ;013848;003;    ;0053885;POINT DA MARIA                                    ;(71)99688-1796 ;040;409;SJQ9G53;      53,90;    0,06;29/07/2024;50;CARGA ERRADA ARMAZEM          ;   ;rafael     ;18:08
001677                            ;29/07/2024;    ;013849;003;    ;0053885;POINT DA MARIA                                    ;(71)99688-1796 ;040;409;SJQ9G53;      53,90;    0,06;29/07/2024;50;CARGA ERRADA ARMAZEM          ;   ;rafael     ;18:08
001677                            ;29/07/2024;    ;013850;003;    ;0053885;POINT DA MARIA                                    ;(71)99688-1796 ;040;409;SJQ9G53;     161,70;    0,20;29/07/2024;50;CARGA ERRADA ARMAZEM          ;   ;rafael     ;18:08
001677                            ;29/07/2024;    ;013851;003;    ;0053885;POINT DA MARIA                                    ;(71)99688-1796 ;040;409;SJQ9G53;      31,00;    0,04;29/07/2024;50;CARGA ERRADA ARMAZEM          ;   ;rafael     ;18:08
001677                            ;29/07/2024;    ;013856;003;    ;0027561;DEGUST POP                                        ;(75) 9106-3171 ;040;409;SJQ9G53;      28,39;    0,04;29/07/2024;71;SEM DINHEIRO/CHEQUE           ;   ;rafael     ;17:36
001677                            ;29/07/2024;    ;013858;003;    ;0038889; POSTO POPULAR                                    ;               ;040;409;SJQ9G53;     215,60;    0,27;29/07/2024;50;CARGA ERRADA ARMAZEM          ;   ;rafael     ;17:37
001677                            ;29/07/2024;    ;013862;003;    ;0091111;CHACARA SOL E LAZER                               ;(75)99244-3463 ;040;409;SJQ9G53;    1078,00;    1,38;29/07/2024;50;CARGA ERRADA ARMAZEM          ;   ;rafael     ;17:33
001677                            ;29/07/2024;    ;013863;003;    ;0091111;CHACARA SOL E LAZER                               ;(75)99244-3463 ;040;409;SJQ9G53;     808,50;    1,03;29/07/2024;50;CARGA ERRADA ARMAZEM          ;   ;rafael     ;17:33
001677                            ;29/07/2024;    ;013864;003;    ;0086811;MERC LUCILENI                                     ;(75)99108-2977 ;040;408;SJQ9G53;     263,20;    0,33;29/07/2024;71;SEM DINHEIRO/CHEQUE           ;   ;rafael     ;17:37
001678                            ;29/07/2024;    ;013899;003;    ;0045557; LANCHES NETE                                     ;               ;040;406;SKB5H16;     187,05;    0,36;29/07/2024;71;SEM DINHEIRO/CHEQUE           ;   ;rafael     ;18:02
001696                            ;30/07/2024;    ;013921;003;    ;0035145;BAR DO MOREIRA                                    ;(75)99238-3747 ;040;402;SJQ2B64;     389,30;    0,48;30/07/2024;71;SEM DINHEIRO/CHEQUE           ;   ;cunha.se   ;20:39
001696                            ;30/07/2024;    ;013922;003;    ;0035145;BAR DO MOREIRA                                    ;(75)99238-3747 ;040;402;SJQ2B64;      46,10;    0,04;30/07/2024;71;SEM DINHEIRO/CHEQUE           ;   ;cunha.se   ;20:40
001696                            ;30/07/2024;    ;013927;003;    ;0056157;BAR DOS AMIGOS                                    ;               ;040;402;SJQ2B64;     690,84;    0,94;30/07/2024;71;SEM DINHEIRO/CHEQUE           ;   ;cunha.se   ;20:40
001698                            ;30/07/2024;    ;014030;003;    ;0029602;Paula Sousa                                       ;(75)99185-2962 ;040;401;SJQ3C84;     256,14;    0,47;30/07/2024;64;SEM VASILHAME                 ;   ;mauricio.se;17:40
001699                            ;30/07/2024;    ;014072;003;    ;0045530;BAR DO BI                                         ;(75)99296-8917 ;040;401;SJQ9B48;     877,50;    1,03;30/07/2024;72;PDV FECHADO (HORARIO COM.)    ;   ;mauricio.se;17:47
001700                            ;30/07/2024;    ;014153;003;    ;0038766;DM MERCADINHO                                     ;(71)98771-4902 ;040;404;SJQ0G38;     106,88;    0,16;30/07/2024;73;FALTA DE ATIVOS DE GIRO       ;   ;mauricio.se;17:19
001701                            ;30/07/2024;    ;014191;003;    ;0046962;BAR DO JAI                                        ;(75)99994-3582 ;040;411;SJQ0J29;     558,74;    0,75;30/07/2024;72;PDV FECHADO (HORARIO COM.)    ;   ;cunha.se   ;19:07
001701                            ;30/07/2024;    ;014192;003;    ;0046962;BAR DO JAI                                        ;(75)99994-3582 ;040;411;SJQ0J29;     232,93;    0,24;30/07/2024;72;PDV FECHADO (HORARIO COM.)    ;   ;cunha.se   ;19:07
001701                            ;30/07/2024;    ;014193;003;    ;0046962;BAR DO JAI                                        ;(75)99994-3582 ;040;411;SJQ0J29;     262,30;    0,24;30/07/2024;72;PDV FECHADO (HORARIO COM.)    ;   ;cunha.se   ;19:08
001701                            ;30/07/2024;    ;014223;003;    ;0047457;Mercadinho o barato                               ;(75)99964-3758 ;040;404;SJQ0J29;     611,63;    0,91;30/07/2024;71;SEM DINHEIRO/CHEQUE           ;   ;cunha.se   ;19:10
001701                            ;30/07/2024;    ;014230;003;    ;0027647;CAJU POINT BAR                                    ;(75) 8153-6459 ;040;404;SJQ0J29;     161,70;    0,20;30/07/2024;87;TEMPO INSUFICIENTE            ;   ;cunha.se   ;19:03
001701                            ;30/07/2024;    ;014231;003;    ;0033377;DEPoSITO DO CAL                                   ;(75)99890-2635 ;040;404;SJQ0J29;     167,70;    0,15;30/07/2024;87;TEMPO INSUFICIENTE            ;   ;cunha.se   ;19:04
001701                            ;30/07/2024;    ;014232;003;    ;0033377;DEPoSITO DO CAL                                   ;(75)99890-2635 ;040;404;SJQ0J29;     234,49;    0,29;30/07/2024;87;TEMPO INSUFICIENTE            ;   ;cunha.se   ;19:04
001701                            ;30/07/2024;    ;014233;003;    ;0033377;DEPoSITO DO CAL                                   ;(75)99890-2635 ;040;404;SJQ0J29;     325,89;    0,41;30/07/2024;87;TEMPO INSUFICIENTE            ;   ;cunha.se   ;19:05
001701                            ;30/07/2024;    ;014242;003;    ;0033622;JAMERSON DE OLIVEIRA                              ;(71)99279-2876 ;040;411;SJQ0J29;     323,40;    0,41;30/07/2024;71;SEM DINHEIRO/CHEQUE           ;   ;cunha.se   ;19:11
001701                            ;30/07/2024;    ;014243;003;    ;0033622;JAMERSON DE OLIVEIRA                              ;(71)99279-2876 ;040;411;SJQ0J29;      73,74;    0,09;30/07/2024;71;SEM DINHEIRO/CHEQUE           ;   ;cunha.se   ;19:10
001702                            ;30/07/2024;    ;014251;003;    ;0034176;MANGALO LANCHONETE E                              ;(75)99947-3115 ;040;405;SJQ3A28;      85,53;    0,18;30/07/2024;65;NAO FEZ PEDIDO                ;   ;mauricio.se;18:02
001702                            ;30/07/2024;    ;014256;003;    ;0009199;BAR CHEGUE MAIS                                   ;(75)99993-9518 ;040;405;SJQ3A28;     900,00;    1,09;30/07/2024;72;PDV FECHADO (HORARIO COM.)    ;   ;mauricio.se;18:02
001703                            ;30/07/2024;    ;014298;003;    ;0049335;GIDEONE BAR                                       ;(75)98343-0827 ;040;409;SJQ4A76;     148,46;    0,38;30/07/2024;71;SEM DINHEIRO/CHEQUE           ;   ;mauricio.se;17:06
001703                            ;30/07/2024;    ;014325;003;    ;0090601;ITALO OLIVEIRA                                    ;(75)98242-9813 ;040;408;SJQ4A76;    3018,40;    3,86;30/07/2024;71;SEM DINHEIRO/CHEQUE           ;   ;mauricio.se;17:02
001703                            ;30/07/2024;    ;014326;003;    ;0090601;ITALO OLIVEIRA                                    ;(75)98242-9813 ;040;408;SJQ4A76;    1347,50;    1,72;30/07/2024;71;SEM DINHEIRO/CHEQUE           ;   ;mauricio.se;17:03
001703                            ;30/07/2024;    ;014327;003;    ;0090601;ITALO OLIVEIRA                                    ;(75)98242-9813 ;040;408;SJQ4A76;    1078,00;    1,38;30/07/2024;71;SEM DINHEIRO/CHEQUE           ;   ;mauricio.se;17:03
001703                            ;30/07/2024;    ;014328;003;    ;0090601;ITALO OLIVEIRA                                    ;(75)98242-9813 ;040;408;SJQ4A76;    1078,00;    1,38;30/07/2024;71;SEM DINHEIRO/CHEQUE           ;   ;mauricio.se;17:04
001703                            ;30/07/2024;    ;014329;003;    ;0090601;ITALO OLIVEIRA                                    ;(75)98242-9813 ;040;408;SJQ4A76;    1078,00;    1,38;30/07/2024;71;SEM DINHEIRO/CHEQUE           ;   ;mauricio.se;17:04
001703                            ;30/07/2024;    ;014330;003;    ;0090601;ITALO OLIVEIRA                                    ;(75)98242-9813 ;040;408;SJQ4A76;    1078,00;    1,38;30/07/2024;71;SEM DINHEIRO/CHEQUE           ;   ;mauricio.se;17:05
001703                            ;30/07/2024;    ;014331;003;    ;0090601;ITALO OLIVEIRA                                    ;(75)98242-9813 ;040;408;SJQ4A76;      60,00;    0,06;30/07/2024;71;SEM DINHEIRO/CHEQUE           ;   ;mauricio.se;17:05
001704                            ;30/07/2024;    ;014332;003;    ;0040132;DISTRIBUIDORA                                     ;               ;040;408;GGC2226;    2695,00;    3,45;30/07/2024;71;SEM DINHEIRO/CHEQUE           ;   ;mauricio.se;13:27
001704                            ;30/07/2024;    ;014333;003;    ;0040132;DISTRIBUIDORA                                     ;               ;040;408;GGC2226;    2695,00;    3,45;30/07/2024;71;SEM DINHEIRO/CHEQUE           ;   ;mauricio.se;13:27
001704                            ;30/07/2024;    ;014342;003;    ;0090413;Dist do meu amigo To                              ;(75)99104-2428 ;030;303;GGC2226;    3717,78;    5,10;30/07/2024;71;SEM DINHEIRO/CHEQUE           ;   ;mauricio.se;13:26
001706                            ;30/07/2024;    ;014418;003;    ;0052277;ADEGA DO PARAIBA                                  ;(71)99299-4429 ;040;406;NTE9309;     145,92;    0,32;31/07/2024;65;NAO FEZ PEDIDO                ;   ;rafael     ;17:49
001706                            ;30/07/2024;    ;014420;003;    ;0085743;BAR DA LUCIENE                                    ;(75) 9112-6484 ;040;406;NTE9309;     107,80;    0,13;31/07/2024;72;PDV FECHADO (HORARIO COM.)    ;   ;rafael     ;17:48
001706                            ;30/07/2024;    ;014421;003;    ;0085743;BAR DA LUCIENE                                    ;(75) 9112-6484 ;040;406;NTE9309;      53,90;    0,06;31/07/2024;72;PDV FECHADO (HORARIO COM.)    ;   ;rafael     ;17:48
001709                            ;30/07/2024;    ;014486;003;    ;0034936;SUPER TIRCO                                       ;(75) 3262-1030 ;030;303;SJQ0E61;     752,08;    1,20;30/07/2024;87;TEMPO INSUFICIENTE            ;   ;mauricio.se;18:50
001709                            ;30/07/2024;    ;014487;003;    ;0034936;SUPER TIRCO                                       ;(75) 3262-1030 ;030;303;SJQ0E61;    2039,62;    1,90;30/07/2024;87;TEMPO INSUFICIENTE            ;   ;mauricio.se;18:51
001709                            ;30/07/2024;    ;014488;003;    ;0034936;SUPER TIRCO                                       ;(75) 3262-1030 ;030;303;SJQ0E61;      30,48;    0,04;30/07/2024;87;TEMPO INSUFICIENTE            ;   ;mauricio.se;18:50
001709                            ;30/07/2024;    ;014491;003;    ;0085442;SUPERMERCADO JORGE T                              ;(75) 3262-1030 ;030;303;SJQ0E61;    1886,50;    2,41;30/07/2024;87;TEMPO INSUFICIENTE            ;   ;mauricio.se;18:49
001709                            ;30/07/2024;    ;014522;003;    ;0085474;BAR PONTO 09                                      ;(75)99190-2030 ;040;408;SJQ0E61;    1108,30;    1,32;30/07/2024;87;TEMPO INSUFICIENTE            ;   ;mauricio.se;18:48
001709                            ;30/07/2024;    ;014523;003;    ;0085474;BAR PONTO 09                                      ;(75)99190-2030 ;040;408;SJQ0E61;     406,20;    0,45;30/07/2024;87;TEMPO INSUFICIENTE            ;   ;mauricio.se;18:48
001709                            ;30/07/2024;    ;014524;003;    ;0085474;BAR PONTO 09                                      ;(75)99190-2030 ;040;408;SJQ0E61;      68,73;    0,08;30/07/2024;87;TEMPO INSUFICIENTE            ;   ;mauricio.se;18:49
001709                            ;30/07/2024;    ;014525;003;    ;0085485;JORGE TIRCO LJ 02                                 ;(75) 9125-7339 ;030;303;SJQ0E61;     576,82;    0,73;30/07/2024;87;TEMPO INSUFICIENTE            ;   ;mauricio.se;18:47
001710                            ;30/07/2024;    ;014541;003;    ;0086137;POINT DA NICE                                     ;               ;040;408;SJQ8E15;     534,57;    0,51;30/07/2024;87;TEMPO INSUFICIENTE            ;   ;cunha.se   ;19:20
001710                            ;30/07/2024;    ;014542;003;    ;0086137;POINT DA NICE                                     ;               ;040;408;SJQ8E15;     132,66;    0,14;30/07/2024;87;TEMPO INSUFICIENTE            ;   ;cunha.se   ;19:21
001710                            ;30/07/2024;    ;014543;003;    ;0086137;POINT DA NICE                                     ;               ;040;408;SJQ8E15;     867,15;    0,73;30/07/2024;87;TEMPO INSUFICIENTE            ;   ;cunha.se   ;19:21
001710                            ;30/07/2024;    ;014544;003;    ;0086137;POINT DA NICE                                     ;               ;040;408;SJQ8E15;     410,97;    0,43;30/07/2024;87;TEMPO INSUFICIENTE            ;   ;cunha.se   ;19:23
001710                            ;30/07/2024;    ;014545;003;    ;0086137;POINT DA NICE                                     ;               ;040;408;SJQ8E15;     524,60;    0,57;30/07/2024;87;TEMPO INSUFICIENTE            ;   ;cunha.se   ;19:22
001710                            ;30/07/2024;    ;014554;003;    ;0087702;PITHEZ PIZZARIA DELI                              ;(75)99142-4038 ;040;408;SJQ8E15;    1923,20;    2,35;30/07/2024;87;TEMPO INSUFICIENTE            ;   ;cunha.se   ;19:20
001711                            ;30/07/2024;    ;014585;003;    ;0023212;AVENIDA PIT STOP SKO                              ;(71)99328-4167 ;030;301;SJQ9G53;    1607,54;    1,92;30/07/2024;72;PDV FECHADO (HORARIO COM.)    ;   ;cunha.se   ;19:36
001711                            ;30/07/2024;    ;014595;003;    ;0023136;Mercadinho Firmo                                  ;(75)99123-7579 ;030;301;SJQ9G53;    1023,92;    1,56;30/07/2024;80;CAMINHAO QUEBRADO / ACIDENTE  ;   ;cunha.se   ;19:40
001711                            ;30/07/2024;    ;014596;003;    ;0023136;Mercadinho Firmo                                  ;(75)99123-7579 ;030;301;SJQ9G53;     657,86;    1,61;30/07/2024;80;CAMINHAO QUEBRADO / ACIDENTE  ;   ;cunha.se   ;19:41
001711                            ;30/07/2024;    ;014597;003;    ;0023136;Mercadinho Firmo                                  ;(75)99123-7579 ;030;301;SJQ9G53;       3,33;    0,00;30/07/2024;80;CAMINHAO QUEBRADO / ACIDENTE  ;   ;cunha.se   ;19:41
001711                            ;30/07/2024;    ;014610;003;    ;0085267;MERC LEMOS                                        ;(75)99210-6915 ;030;301;SJQ9G53;     592,90;    0,80;30/07/2024;80;CAMINHAO QUEBRADO / ACIDENTE  ;   ;cunha.se   ;19:39
001711                            ;30/07/2024;    ;014611;003;    ;0085267;MERC LEMOS                                        ;(75)99210-6915 ;030;301;SJQ9G53;     158,00;    0,40;30/07/2024;80;CAMINHAO QUEBRADO / ACIDENTE  ;   ;cunha.se   ;19:39
001711                            ;30/07/2024;    ;014612;003;    ;0000069;FARMACIA BOTTANS LTD                              ;(71) 9164-0430 ;040;406;SJQ9G53;     270,76;    0,42;30/07/2024;80;CAMINHAO QUEBRADO / ACIDENTE  ;   ;cunha.se   ;19:38
001711                            ;30/07/2024;    ;014614;003;    ;0051462;MARMITARIA BOM PALAD                              ;               ;040;406;SJQ9G53;     782,18;    1,16;30/07/2024;80;CAMINHAO QUEBRADO / ACIDENTE  ;   ;cunha.se   ;19:38
001711                            ;30/07/2024;    ;014615;003;    ;0003709;BAR DO TIAO                                       ;(75) 9962-1722 ;040;406;SJQ9G53;     709,21;    0,84;30/07/2024;80;CAMINHAO QUEBRADO / ACIDENTE  ;   ;cunha.se   ;19:37
001711                            ;30/07/2024;    ;014616;003;    ;0024518;POINT DO ACARAJE                                  ;(71)99185-9191 ;040;406;SJQ9G53;     539,00;    0,69;30/07/2024;80;CAMINHAO QUEBRADO / ACIDENTE  ;   ;cunha.se   ;19:37
001711                            ;30/07/2024;    ;014617;003;    ;0045510;   PIT STOP IMPERADO                              ;               ;040;406;SJQ9G53;     862,52;    1,32;30/07/2024;72;PDV FECHADO (HORARIO COM.)    ;   ;cunha.se   ;19:36
001711                            ;30/07/2024;    ;014618;003;    ;0086995;SUPERMERCADO UNIAO                                ;(75)99155-8789 ;030;301;SJQ9G53;     791,94;    1,22;30/07/2024;80;CAMINHAO QUEBRADO / ACIDENTE  ;   ;cunha.se   ;19:42
001711                            ;30/07/2024;    ;014619;003;    ;0086995;SUPERMERCADO UNIAO                                ;(75)99155-8789 ;030;301;SJQ9G53;      98,70;    0,12;30/07/2024;80;CAMINHAO QUEBRADO / ACIDENTE  ;   ;cunha.se   ;19:42
001712                            ;30/07/2024;    ;014643;003;    ;0049073;DISTRIBUIDORA BAUNIL                              ;(75)99208-9862 ;040;407;SJQ4B82;      73,10;    0,12;30/07/2024;72;PDV FECHADO (HORARIO COM.)    ;   ;mauricio.se;17:52
001736                            ;31/07/2024;    ;014678;003;    ;0092553;  DEINHA                                          ;               ;040;402;SJQ3C84;      97,94;    0,18;01/08/2024;50;CARGA ERRADA ARMAZEM          ;   ;jadson.se  ;03:28
001738                            ;31/07/2024;    ;014777;003;    ;0040778; BAR DO GERALDO                                   ;               ;040;409;GGC2226;     161,10;    0,20;31/07/2024;02;Sem Vasilhame Ambev           ;   ;rafael     ;17:  
001739                            ;31/07/2024;    ;014857;003;    ;0024278;QUIOSK DO BEL                                     ;(75) 9828-1278 ;040;404;SJQ0G38;     161,70;    0,20;31/07/2024;72;PDV FECHADO (HORARIO COM.)    ;   ;rafael     ;16:59
001741                            ;31/07/2024;    ;014929;003;    ;0020387;BAR CAJAEIRA                                      ;(07)58126-5555 ;040;412;SKB5H16;     151,84;    0,25;31/07/2024;71;SEM DINHEIRO/CHEQUE           ;   ;rafael     ;16:25
001742                            ;31/07/2024;    ;014968;003;    ;0020641;BAR RR                                            ;(07)59701-0900 ;040;413;DEN3A12;     215,60;    0,27;31/07/2024;71;SEM DINHEIRO/CHEQUE           ;   ;jadson.se  ;20:20
001743                            ;31/07/2024;    ;014989;003;    ;0020457;BAR DO CORINTHIAS                                 ;(07)58217-7246 ;040;413;SJQ0J29;     506,88;    0,57;31/07/2024;87;TEMPO INSUFICIENTE            ;   ;rafael     ;18:40
001743                            ;31/07/2024;    ;015010;003;    ;0086055;MERCEARIA DA GIL                                  ;(75) 9902-7295 ;040;410;SJQ0J29;      87,74;    0,13;31/07/2024;42;Produto/Quantidade Errada     ;   ;rafael     ;18:41
001745                            ;31/07/2024;    ;015079;003;    ;0047887;QUIOSQUE DE VANIA                                 ;(71)98188-9427 ;040;405;SJQ4A76;    1078,00;    1,38;31/07/2024;73;FALTA DE ATIVOS DE GIRO       ;   ;rafael     ;17:47
001745                            ;31/07/2024;    ;015080;003;    ;0047887;QUIOSQUE DE VANIA                                 ;(71)98188-9427 ;040;405;SJQ4A76;     643,50;    0,75;31/07/2024;73;FALTA DE ATIVOS DE GIRO       ;   ;rafael     ;17:47
001746                            ;31/07/2024;    ;015116;003;    ;0002408;MERCEARIA RS                                      ;(75)98235-4807 ;040;405;SJQ8E15;    1383,72;    1,72;31/07/2024;73;FALTA DE ATIVOS DE GIRO       ;   ;rafael     ;16:06
001746                            ;31/07/2024;    ;015141;003;    ;0032622;VANIA PRODUTOS                                    ;(75)98139-9678 ;040;405;SJQ8E15;    2750,79;    3,45;31/07/2024;73;FALTA DE ATIVOS DE GIRO       ;   ;rafael     ;16:07
001746                            ;31/07/2024;    ;015142;003;    ;0032622;VANIA PRODUTOS                                    ;(75)98139-9678 ;040;405;SJQ8E15;    1100,31;    1,38;31/07/2024;73;FALTA DE ATIVOS DE GIRO       ;   ;rafael     ;16:08
001748                            ;31/07/2024;    ;015190;003;    ;0020747;BAR DA ADAIANE                                    ;(07)59216-7671 ;040;414;SJQ4B82;     275,84;    0,42;31/07/2024;72;PDV FECHADO (HORARIO COM.)    ;   ;rafael     ;17:10
001749                            ;31/07/2024;    ;015203;003;    ;0020355;BAR DE MUNDO                                      ;(07)59125-8104 ;040;415;SJQ9G53;     119,80;    0,13;31/07/2024;71;SEM DINHEIRO/CHEQUE           ;   ;rafael     ;17:34
001749                            ;31/07/2024;    ;015208;003;    ;0020442;BAR DO ROBSON                                     ;(07)58132-7781 ;040;415;SJQ9G53;     102,30;    0,12;31/07/2024;71;SEM DINHEIRO/CHEQUE           ;   ;rafael     ;17:34
001749                            ;31/07/2024;    ;015209;003;    ;0020442;BAR DO ROBSON                                     ;(07)58132-7781 ;040;415;SJQ9G53;      28,39;    0,04;31/07/2024;71;SEM DINHEIRO/CHEQUE           ;   ;rafael     ;17:34
001750                            ;31/07/2024;    ;015231;003;    ;0035966;GN MERCADINHO                                     ;(75)98241-3109 ;040;411;SJQ4E04;     331,80;    0,28;31/07/2024;50;CARGA ERRADA ARMAZEM          ;   ;rafael     ;16:17
001750                            ;31/07/2024;    ;015247;003;    ;0038643;AM BEBIDAS                                        ;(71)98266-1481 ;040;409;SJQ4E04;     380,10;    0,48;31/07/2024;71;SEM DINHEIRO/CHEQUE           ;   ;rafael     ;16:17
001750                            ;31/07/2024;    ;015248;003;    ;0038643;AM BEBIDAS                                        ;(71)98266-1481 ;040;409;SJQ4E04;      60,24;    0,14;31/07/2024;71;SEM DINHEIRO/CHEQUE           ;   ;rafael     ;16:18
001751                            ;31/07/2024;    ;015257;003;    ;0000201;BINHA                                             ;(75)99875-9010 ;040;405;SJQ9B48;     234,00;    0,27;31/07/2024;82;ENDERECO NAO ENCONTRADO       ;   ;rafael     ;18:24
001751                            ;31/07/2024;    ;015309;003;    ;0032393;ESPETINHO DA NILDA                                ;(75)99715-5134 ;040;407;SJQ9B48;     345,60;    0,41;31/07/2024;72;PDV FECHADO (HORARIO COM.)    ;   ;rafael     ;18:25
001751                            ;31/07/2024;    ;015310;003;    ;0032393;ESPETINHO DA NILDA                                ;(75)99715-5134 ;040;407;SJQ9B48;      15,24;    0,02;31/07/2024;72;PDV FECHADO (HORARIO COM.)    ;   ;rafael     ;18:25
001752                            ;31/07/2024;    ;015334;003;    ;0000181;PIZZARIA BELLA MASSA                              ;(75)99292-5075 ;040;406;NTE9309;      44,04;    0,12;01/08/2024;72;PDV FECHADO (HORARIO COM.)    ;   ;mauricio.se;11:57
001752                            ;31/07/2024;    ;015335;003;    ;0039108;RECANTO DO GUERREIRO                              ;               ;040;406;NTE9309;     349,62;    0,43;01/08/2024;72;PDV FECHADO (HORARIO COM.)    ;   ;mauricio.se;11:56
