Mapa                     ;Data;Unb Nota;Nota;Serie;Unb Cliente;Cod. Cliente;Nome Cliente;Telefone;Area;Setor;Placa;Valor;Volume;Data Devol.;Cod. Motivo;Desc. Motivo;Orig. Pedido;Usuario;Hora 
004332                            ;01/11/2024;    ;072178;003;    ;0086485;BAR DOES IRMAOS                                   ;(75) 9121-3896 ;040;402;SJQ3C84;     441,40;    0,52;05/11/2024;32;ENTREGA ATRASADA (BUFFER)     ;   ;jadson.se  ;03:17
004339                            ;01/11/2024;    ;072443;003;    ;0024364;BAR DA KARINE                                     ;(75)99179-6094 ;040;410;SJQ3C18;      75,00;    0,12;01/11/2024;63;PRODUTO / QTDE. ERRADA        ;   ;cunha.se   ;19:01
004339                            ;01/11/2024;    ;072487;003;    ;0053472;CARVALHO E REIS CONS                              ;(75)99127-2882 ;040;410;SJQ3C18;      40,00;    0,12;01/11/2024;63;PRODUTO / QTDE. ERRADA        ;   ;cunha.se   ;19:01
004340                            ;01/11/2024;    ;072493;003;    ;0032134;BARRACA DA FaTIMA                                 ;(71) 9241-9033 ;040;410;GGC2226;     465,01;    0,65;01/11/2024;72;PDV FECHADO (HORARIO COM.)    ;   ;cunha.se   ;19:41
004340                            ;01/11/2024;    ;072499;003;    ;0026477;MINIMERCADO OLIVEIRA                              ;(75)99202-4736 ;040;405;GGC2226;     440,52;    0,99;01/11/2024;55;QUALIDADE DO PRODUTO          ;   ;cunha.se   ;19:43
004342                            ;01/11/2024;    ;072556;003;    ;0000699;SAMBAR PETISCARIA                                 ;(73)99931-9968 ;040;414;HMM9I85;     234,00;    0,27;01/11/2024;71;SEM DINHEIRO/CHEQUE           ;   ;mauricio.se;18:10
004343                            ;01/11/2024;    ;072588;003;    ;0000217;DISTRIBUIDORA MeM                                 ;(75)99168-2763 ;040;413;IIW0E79;      37,38;    0,04;01/11/2024;82;ENDERECO NAO ENCONTRADO       ;   ;mauricio.se;17:25
004348                            ;01/11/2024;    ;072666;003;    ;0034176;MANGALO LANCHONETE E                              ;(75)99947-3115 ;040;411;SJQ0G38;     406,66;    0,80;01/11/2024;71;SEM DINHEIRO/CHEQUE           ;   ;mauricio.se;15:19
004350                            ;01/11/2024;    ;072758;003;    ;0085489;BARRACA DA MARIZETE                               ;(75)99186-8266 ;040;404;SJQ7D41;    1617,00;    2,07;01/11/2024;73;FALTA DE ATIVOS DE GIRO       ;   ;mauricio.se;15:45
004353                            ;01/11/2024;    ;072904;003;    ;0023134;SUP IRMaOS NASCIMENT                              ;(75)98808-4594 ;030;302;SJQ0E61;     271,57;    0,43;01/11/2024;50;CARGA ERRADA ARMAZEM          ;   ;mauricio.se;17:24
004353                            ;01/11/2024;    ;072905;003;    ;0023134;SUP IRMaOS NASCIMENT                              ;(75)98808-4594 ;030;302;SJQ0E61;     308,13;    0,47;01/11/2024;50;CARGA ERRADA ARMAZEM          ;   ;mauricio.se;17:24
004353                            ;01/11/2024;    ;072906;003;    ;0023134;SUP IRMaOS NASCIMENT                              ;(75)98808-4594 ;030;302;SJQ0E61;     106,80;    0,36;01/11/2024;50;CARGA ERRADA ARMAZEM          ;   ;mauricio.se;17:23
004355                            ;01/11/2024;    ;072957;003;    ;0000612;DISTRIBUIDORA KAWBOY                              ;(75)99189-2990 ;071;014;SJQ9H52;     259,64;    0,39;01/11/2024;73;FALTA DE ATIVOS DE GIRO       ;   ;mauricio.se;18:17
004355                            ;01/11/2024;    ;072958;003;    ;0000612;DISTRIBUIDORA KAWBOY                              ;(75)99189-2990 ;071;014;SJQ9H52;     618,50;    0,76;01/11/2024;73;FALTA DE ATIVOS DE GIRO       ;   ;mauricio.se;18:17
004393                            ;04/11/2024;    ;073131;003;    ;0054499;BAR DA SAMARA                                     ;               ;040;411;SJQ0G38;     215,60;    0,27;04/11/2024;72;PDV FECHADO (HORARIO COM.)    ;   ;rafael     ;17:39
004394                            ;04/11/2024;    ;073167;003;    ;0039278;BAR                                               ;(75)99803-3479 ;040;410;SJQ4B82;     539,00;    0,69;04/11/2024;87;TEMPO INSUFICIENTE            ;   ;rafael     ;18:30
004394                            ;04/11/2024;    ;073168;003;    ;0054010;SKINA BAR                                         ;(75)99273-8957 ;040;410;SJQ4B82;     116,54;    0,14;04/11/2024;87;TEMPO INSUFICIENTE            ;   ;rafael     ;18:29
004394                            ;04/11/2024;    ;073174;003;    ;0038445;BAR BATISTA                                       ;(75)99132-5682 ;040;410;SJQ4B82;     107,80;    0,13;04/11/2024;87;TEMPO INSUFICIENTE            ;   ;rafael     ;18:30
004396                            ;04/11/2024;    ;073232;003;    ;0087486;BAR TOM                                           ;(75)99888-1948 ;040;405;SJQ3C18;     215,60;    0,27;04/11/2024;72;PDV FECHADO (HORARIO COM.)    ;   ;rafael     ;17:48
004398                            ;04/11/2024;    ;073312;003;    ;0038643;AM BEBIDAS                                        ;(71)98266-1481 ;040;414;SJQ4E04;     643,48;    0,89;04/11/2024;71;SEM DINHEIRO/CHEQUE           ;   ;rafael     ;16:21
004400                            ;04/11/2024;    ;073377;003;    ;0030926;Figorifico e laticin                              ;(75) 9223-2007 ;040;401;SJQ0E61;     785,28;    1,11;04/11/2024;23;(C)Pedidos duplicados         ;   ;rafael     ;16:45
004406                            ;04/11/2024;    ;073511;003;    ;0028288;COITe LANCHES                                     ;(75)99208-7693 ;040;414;DEN3A12;     317,42;    0,37;04/11/2024;87;TEMPO INSUFICIENTE            ;   ;jadson.se  ;21:47
004406                            ;04/11/2024;    ;073514;003;    ;0092123;Mercadinho Lima                                   ;(75)99151-4639 ;040;414;DEN3A12;      24,64;    0,00;04/11/2024;87;TEMPO INSUFICIENTE            ;   ;jadson.se  ;21:47
004406                            ;04/11/2024;    ;073527;003;    ;0085237;MERC SOUZA                                        ;(75)99214-7483 ;040;404;DEN3A12;     469,06;    0,51;04/11/2024;87;TEMPO INSUFICIENTE            ;   ;jadson.se  ;21:47
004406                            ;04/11/2024;    ;073531;003;    ;0053397;IMPERIO DAS BEBIDAS                               ;(75)99121-1212 ;030;301;DEN3A12;      59,06;    0,03;04/11/2024;87;TEMPO INSUFICIENTE            ;   ;jadson.se  ;21:45
004406                            ;04/11/2024;    ;073534;003;    ;0027494;MERCEARIA REIS                                    ;(75)99182-7648 ;040;404;DEN3A12;     161,69;    0,32;04/11/2024;87;TEMPO INSUFICIENTE            ;   ;jadson.se  ;21:46
004406                            ;04/11/2024;    ;073535;003;    ;0027494;MERCEARIA REIS                                    ;(75)99182-7648 ;040;404;DEN3A12;     104,92;    0,13;04/11/2024;87;TEMPO INSUFICIENTE            ;   ;jadson.se  ;21:46
004406                            ;04/11/2024;    ;073537;003;    ;0050073;BAR DA CANDIDA                                    ;               ;040;404;DEN3A12;     136,19;    0,18;04/11/2024;87;TEMPO INSUFICIENTE            ;   ;jadson.se  ;21:47
004421                            ;05/11/2024;    ;073851;003;    ;0020298;MERCADINHO LG                                     ;(07)59220-1685 ;040;406;SJQ3A28;     107,80;    0,13;05/11/2024;42;Produto/Quantidade Errada     ;   ;mauricio.se;16:06
004426                            ;05/11/2024;    ;074017;003;    ;0091131;CLUBE DO MALTE                                    ;(75)99212-1179 ;030;303;SJQ3C18;     460,50;    0,36;05/11/2024;64;SEM VASILHAME                 ;   ;mauricio.se;17:22
004427                            ;05/11/2024;    ;074029;003;    ;0033147;MERC BEBE E FRIOS                                 ;(75)99120-4871 ;030;303;SJQ4B82;    1131,10;    2,74;05/11/2024;52;FALTA PRODUTO ESTOQUE         ;   ;mauricio.se;17:20
004427                            ;05/11/2024;    ;074030;003;    ;0033147;MERC BEBE E FRIOS                                 ;(75)99120-4871 ;030;303;SJQ4B82;       8,83;    0,01;05/11/2024;52;FALTA PRODUTO ESTOQUE         ;   ;mauricio.se;17:20
004427                            ;05/11/2024;    ;074039;003;    ;0039492;DEP NILTON II                                     ;(75)99181-9865 ;030;303;SJQ4B82;     738,76;    1,49;05/11/2024;72;PDV FECHADO (HORARIO COM.)    ;   ;mauricio.se;17:21
004428                            ;05/11/2024;    ;074063;003;    ;0031223;POP TOP BAR                                       ;(75)99233-4144 ;040;415;SJQ0E61;     978,81;    1,30;05/11/2024;71;SEM DINHEIRO/CHEQUE           ;   ;mauricio.se;16:52
004428                            ;05/11/2024;    ;074077;003;    ;0085408;BAR IGUATEMI                                      ;(75)98806-4152 ;040;403;SJQ0E61;     900,26;    1,21;05/11/2024;42;Produto/Quantidade Errada     ;   ;mauricio.se;16:53
004429                            ;05/11/2024;    ;074116;003;    ;0021847;SUPER GALLO                                       ;(75)98143-1469 ;030;302;SJQ0G38;     946,02;    1,33;05/11/2024;71;SEM DINHEIRO/CHEQUE           ;   ;mauricio.se;18:30
004436                            ;05/11/2024;    ;074319;003;    ;0038445;BAR BATISTA                                       ;(75)99132-5682 ;040;410;DEN3A12;     107,80;    0,13;05/11/2024;72;PDV FECHADO (HORARIO COM.)    ;   ;cunha.se   ;20:04
004436                            ;05/11/2024;    ;074321;003;    ;0033815;BAR DITA                                          ;(75)99127-8464 ;040;409;DEN3A12;     266,26;    0,34;05/11/2024;72;PDV FECHADO (HORARIO COM.)    ;   ;cunha.se   ;20:04
004439                            ;05/11/2024;    ;074380;003;    ;0024237;CHURRAS CARRO DE BOI                              ;(75)99186-0085 ;040;403;SYE5D21;     190,63;    0,44;05/11/2024;72;PDV FECHADO (HORARIO COM.)    ;   ;mauricio.se;17:50
004451                            ;06/11/2024;    ;074594;003;    ;0020926;BAR DE RAMALIA                                    ;(07)59204-6567 ;040;413;SIY2E51;     260,76;    0,34;07/11/2024;72;PDV FECHADO (HORARIO COM.)    ;   ;mauricio.se;13:56
004452                            ;06/11/2024;    ;074613;003;    ;0020022;SATIRO OFERTA COMERC                              ;(75)53446-2239 ;040;406;SJQ3A28;    5469,32;    7,00;06/11/2024;71;SEM DINHEIRO/CHEQUE           ;   ;rafael     ;18:04
004452                            ;06/11/2024;    ;074614;003;    ;0020027;ATACADO RODRIGUES                                 ;(75)99819-9623 ;040;406;SJQ3A28;     140,04;    0,40;06/11/2024;71;SEM DINHEIRO/CHEQUE           ;   ;rafael     ;18:04
004454                            ;06/11/2024;    ;074682;003;    ;0050085;IMPERIO DAS BEBIDAS                               ;(75)99154-7490 ;030;303;SJQ9B03;     540,72;    0,61;06/11/2024;71;SEM DINHEIRO/CHEQUE           ;   ;rafael     ;18:29
004454                            ;06/11/2024;    ;074709;003;    ;0034627;ARENA CHELSEA                                     ;(75)99142-3142 ;040;401;SJQ9B03;     174,59;    0,30;06/11/2024;72;PDV FECHADO (HORARIO COM.)    ;   ;rafael     ;18:29
004457                            ;06/11/2024;    ;074836;003;    ;0046103;VINY DISTRIBUIDORA                                ;(75)99135-9546 ;030;301;SJQ4E04;     323,40;    0,41;06/11/2024;55;QUALIDADE DO PRODUTO          ;   ;rafael     ;16:46
004457                            ;06/11/2024;    ;074841;003;    ;0046103;VINY DISTRIBUIDORA                                ;(75)99135-9546 ;030;301;SJQ4E04;     354,00;    0,42;06/11/2024;55;QUALIDADE DO PRODUTO          ;   ;rafael     ;16:46
004461                            ;06/11/2024;    ;074997;003;    ;0087486;BAR TOM                                           ;(75)99888-1948 ;040;405;SJQ3C18;     107,80;    0,13;06/11/2024;72;PDV FECHADO (HORARIO COM.)    ;   ;rafael     ;17:12
004463                            ;06/11/2024;    ;075072;003;    ;0085941;BAR DE ZE DE FRANCES                              ;(75)98239-3718 ;040;404;SJQ7D41;      40,00;    0,15;06/11/2024;71;SEM DINHEIRO/CHEQUE           ;   ;rafael     ;16:23
004466                            ;06/11/2024;    ;075213;003;    ;0092023;MARCOS MOTA                                       ;(75)99979-6626 ;040;405;JNW2B79;     102,75;    0,07;06/11/2024;02;Sem Vasilhame Ambev           ;DER;jadson.se  ;19:39
004469                            ;06/11/2024;    ;075337;003;    ;0031540;QUIOSQUE DA TERRA                                 ;(75)99810-8828 ;040;411;DEN3A12;     120,25;    0,12;06/11/2024;72;PDV FECHADO (HORARIO COM.)    ;   ;rafael     ;18:13
004469                            ;06/11/2024;    ;075338;003;    ;0085659;BOX DA EDILENE                                    ;(75)99989-5596 ;040;411;DEN3A12;      48,67;    0,06;06/11/2024;72;PDV FECHADO (HORARIO COM.)    ;   ;rafael     ;18:13
004470                            ;06/11/2024;    ;075355;003;    ;0091641;JM DISTRIBUIDORA                                  ;(75)99800-0284 ;040;414;HMM9I85;     269,50;    0,34;07/11/2024;72;PDV FECHADO (HORARIO COM.)    ;   ;mauricio.se;17:32
004473                            ;06/11/2024;    ;075413;003;    ;0020747;BAR DA ADAIANE                                    ;(07)59216-7671 ;040;406;SIY2E51;     116,06;    0,20;06/11/2024;72;PDV FECHADO (HORARIO COM.)    ;   ;rafael     ;17:23
004473                            ;06/11/2024;    ;075414;003;    ;0020747;BAR DA ADAIANE                                    ;(07)59216-7671 ;040;406;SIY2E51;       8,66;    0,00;06/11/2024;72;PDV FECHADO (HORARIO COM.)    ;   ;rafael     ;17:23
004473                            ;06/11/2024;    ;075419;003;    ;0020408;PONTO DOS SALGADOS                                ;(75)99958-5005 ;040;413;SIY2E51;     375,38;    0,52;06/11/2024;71;SEM DINHEIRO/CHEQUE           ;   ;rafael     ;17:22
004475                            ;06/11/2024;    ;075447;003;    ;0026612;Merc e Distr do Cabo                              ;(75)99176-9303 ;040;403;NZO1G22;       2,92;    0,00;06/11/2024;73;FALTA DE ATIVOS DE GIRO       ;   ;rafael     ;14:08
004475                            ;06/11/2024;    ;075448;003;    ;0024518;POINT DO ACARAJE                                  ;(71)99185-9191 ;040;403;NZO1G22;     149,90;    0,14;06/11/2024;72;PDV FECHADO (HORARIO COM.)    ;   ;rafael     ;14:10
004475                            ;06/11/2024;    ;075456;003;    ;0050332;BAR DO DAI                                        ;(75)99129-5516 ;040;408;NZO1G22;       6,25;    0,00;06/11/2024;73;FALTA DE ATIVOS DE GIRO       ;   ;rafael     ;14:11
004475                            ;06/11/2024;    ;075457;003;    ;0023311;PONTO DO PAULO                                    ;(75) 9136-1764 ;040;403;NZO1G22;      98,05;    0,18;06/11/2024;72;PDV FECHADO (HORARIO COM.)    ;   ;rafael     ;14:10
004489                            ;07/11/2024;    ;075588;003;    ;0055145;DISTR DE BEBIDAS                                  ;               ;030;301;SJQ2B64;     105,80;    0,07;07/11/2024;42;Produto/Quantidade Errada     ;   ;cunha.se   ;22:11
004494                            ;07/11/2024;    ;075782;003;    ;0086651;BAR DA CELIA                                      ;(75) 9185-3867 ;040;410;SJQ2C64;    1051,04;    1,14;08/11/2024;42;Produto/Quantidade Errada     ;   ;rafael     ;13:35
004497                            ;07/11/2024;    ;075917;003;    ;0029251;MERCADO TEM DE TUDO                               ;(75)98294-5443 ;040;414;SJQ7D41;     128,86;    0,19;07/11/2024;71;SEM DINHEIRO/CHEQUE           ;   ;mauricio.se;15:53
004498                            ;07/11/2024;    ;075969;003;    ;0055995;BAR E RESTAURANTE                                 ;(75)99246-5316 ;040;414;SJQ4A76;     535,06;    0,69;07/11/2024;42;Produto/Quantidade Errada     ;   ;mauricio.se;18:03
004500                            ;07/11/2024;    ;076039;003;    ;0086077;BAR DE SALVADOR                                   ;(75)98147-2223 ;040;407;SJQ9B03;     407,43;    0,50;07/11/2024;72;PDV FECHADO (HORARIO COM.)    ;   ;cunha.se   ;19:04
004500                            ;07/11/2024;    ;076048;003;    ;0038466;LUCAS BAR                                         ;(75)98274-3184 ;040;407;SJQ9B03;     545,16;    0,63;07/11/2024;87;TEMPO INSUFICIENTE            ;   ;cunha.se   ;19:06
004500                            ;07/11/2024;    ;076049;003;    ;0038466;LUCAS BAR                                         ;(75)98274-3184 ;040;407;SJQ9B03;      38,58;    0,04;07/11/2024;87;TEMPO INSUFICIENTE            ;   ;cunha.se   ;19:06
004502                            ;07/11/2024;    ;076111;003;    ;0000356;REFUGIO RESTAURANTE                               ;(75)98113-9340 ;040;408;NTE9309;      66,68;    0,16;07/11/2024;72;PDV FECHADO (HORARIO COM.)    ;   ;mauricio.se;16:11
004502                            ;07/11/2024;    ;076112;003;    ;0000356;REFUGIO RESTAURANTE                               ;(75)98113-9340 ;040;408;NTE9309;     180,50;    0,21;07/11/2024;72;PDV FECHADO (HORARIO COM.)    ;   ;mauricio.se;16:11
004506                            ;07/11/2024;    ;076249;003;    ;0056181;CASA E BAR                                        ;(75)99210-9257 ;040;410;DEN3A12;     129,90;    0,14;07/11/2024;82;ENDERECO NAO ENCONTRADO       ;   ;cunha.se   ;20:17
004506                            ;07/11/2024;    ;076250;003;    ;0056181;CASA E BAR                                        ;(75)99210-9257 ;040;410;DEN3A12;     367,50;    0,42;07/11/2024;82;ENDERECO NAO ENCONTRADO       ;   ;cunha.se   ;20:18
004509                            ;07/11/2024;    ;076331;003;    ;0028440;ADILSON MERCADINHO                                ;(75) 9908-5715 ;040;407;JOG4B37;       5,83;    0,00;07/11/2024;50;CARGA ERRADA ARMAZEM          ;   ;cunha.se   ;20:13
004510                            ;07/11/2024;    ;076339;003;    ;0020569;ACOUGUE DE CHITA                                  ;(07)58297-9378 ;040;411;SYE5D21;      53,90;    0,06;07/11/2024;71;SEM DINHEIRO/CHEQUE           ;   ;mauricio.se;16:23
004522                            ;08/11/2024;    ;076510;003;    ;0028843;MERCADINHO CEDRAZ                                 ;               ;030;301;SJQ3C84;      53,90;    0,06;08/11/2024;87;TEMPO INSUFICIENTE            ;   ;jadson.se  ;19:18
004522                            ;08/11/2024;    ;076511;003;    ;0028843;MERCADINHO CEDRAZ                                 ;               ;030;301;SJQ3C84;      77,80;    0,08;08/11/2024;87;TEMPO INSUFICIENTE            ;   ;jadson.se  ;19:17
004522                            ;08/11/2024;    ;076512;003;    ;0028843;MERCADINHO CEDRAZ                                 ;               ;030;301;SJQ3C84;     323,40;    0,41;08/11/2024;87;TEMPO INSUFICIENTE            ;   ;jadson.se  ;19:17
004522                            ;08/11/2024;    ;076513;003;    ;0028843;MERCADINHO CEDRAZ                                 ;               ;030;301;SJQ3C84;     297,60;    0,51;08/11/2024;87;TEMPO INSUFICIENTE            ;   ;jadson.se  ;19:16
004522                            ;08/11/2024;    ;076514;003;    ;0028843;MERCADINHO CEDRAZ                                 ;               ;030;301;SJQ3C84;     323,40;    0,41;08/11/2024;87;TEMPO INSUFICIENTE            ;   ;jadson.se  ;19:16
004522                            ;08/11/2024;    ;076515;003;    ;0028843;MERCADINHO CEDRAZ                                 ;               ;030;301;SJQ3C84;     337,18;    0,58;08/11/2024;87;TEMPO INSUFICIENTE            ;   ;jadson.se  ;19:16
004522                            ;08/11/2024;    ;076516;003;    ;0028843;MERCADINHO CEDRAZ                                 ;               ;030;301;SJQ3C84;    1347,50;    1,72;08/11/2024;87;TEMPO INSUFICIENTE            ;   ;jadson.se  ;19:17
004522                            ;08/11/2024;    ;076517;003;    ;0028843;MERCADINHO CEDRAZ                                 ;               ;030;301;SJQ3C84;      60,00;    0,06;08/11/2024;87;TEMPO INSUFICIENTE            ;   ;jadson.se  ;19:18
004524                            ;08/11/2024;    ;076587;003;    ;0055089;DEPOSITO GUA E FIL                                ;               ;040;408;SJQ0E61;       2,72;    0,00;08/11/2024;42;Produto/Quantidade Errada     ;   ;rafael     ;17:40
004527                            ;08/11/2024;    ;076690;003;    ;0020928;kIOSQUE DO RODEVAN                                ;(01)19597-2799 ;040;415;SJQ0G38;     970,20;    1,24;09/11/2024;73;FALTA DE ATIVOS DE GIRO       ;   ;mauricio.se;15:42
004529                            ;08/11/2024;    ;076774;003;    ;0085690;SUPERMINE CAROL                                   ;(75)99158-4512 ;040;414;SJQ4A76;    2974,45;    3,31;08/11/2024;42;Produto/Quantidade Errada     ;   ;rafael     ;17:13
004531                            ;08/11/2024;    ;076862;003;    ;0051849;BR CHURRASCARIA                                   ;               ;040;410;SJQ4B82;     784,77;    0,85;08/11/2024;50;CARGA ERRADA ARMAZEM          ;   ;jadson.se  ;19:15
004532                            ;08/11/2024;    ;076918;003;    ;0007685;RASOS BAR                                         ;(75) 9106-3511 ;040;410;SJQ0J29;     927,08;    0,95;08/11/2024;87;TEMPO INSUFICIENTE            ;   ;rafael     ;18:57
004532                            ;08/11/2024;    ;076944;003;    ;0032039;SO GELA                                           ;(75) 9964-7225 ;040;405;SJQ0J29;     539,00;    0,69;08/11/2024;87;TEMPO INSUFICIENTE            ;   ;rafael     ;18:56
004533                            ;08/11/2024;    ;077014;003;    ;0000429;MERCADINHO DE Z…LIA                               ;(75)99251-1128 ;040;412;SJQ4E04;     367,44;    0,53;08/11/2024;82;ENDERECO NAO ENCONTRADO       ;   ;rafael     ;18:18
004534                            ;08/11/2024;    ;077029;003;    ;0032803;MARIANE SANTOS CARVA                              ;(75)99251-1010 ;030;302;SJQ8E15;     318,52;    0,76;09/11/2024;58;Carga Errada                  ;   ;mauricio.se;17:46
004538                            ;08/11/2024;    ;077160;003;    ;0086645;CABANA DO GALEGO                                  ;(75)99146-2195 ;040;404;DEN3A12;      98,66;    0,13;08/11/2024;87;TEMPO INSUFICIENTE            ;   ;jadson.se  ;21:09
004538                            ;08/11/2024;    ;077161;003;    ;0086379;CANTINA KUKA                                      ;(75)99119-0410 ;040;404;DEN3A12;     453,90;    0,62;08/11/2024;87;TEMPO INSUFICIENTE            ;   ;jadson.se  ;21:09
004538                            ;08/11/2024;    ;077163;003;    ;0056212;DELçCIA DA NEIDE                                  ;               ;040;404;DEN3A12;      86,89;    0,18;08/11/2024;87;TEMPO INSUFICIENTE            ;   ;jadson.se  ;21:09
004538                            ;08/11/2024;    ;077183;003;    ;0029782;FRIGORiFICO AGUIA                                 ;(75)99156-1056 ;040;414;DEN3A12;      67,83;    0,16;08/11/2024;37;PDV Fechado                   ;   ;jadson.se  ;21:08
004538                            ;08/11/2024;    ;077191;003;    ;0040439;LEIDE VARIEDADES                                  ;(75)99112-7284 ;090;997;DEN3A12;      32,83;    0,12;08/11/2024;87;TEMPO INSUFICIENTE            ;   ;jadson.se  ;21:09
004538                            ;08/11/2024;    ;077192;003;    ;0040439;LEIDE VARIEDADES                                  ;(75)99112-7284 ;090;997;DEN3A12;      72,00;    0,24;08/11/2024;87;TEMPO INSUFICIENTE            ;   ;jadson.se  ;21:10
004539                            ;08/11/2024;    ;077201;003;    ;0028103;BAR DE NOLI                                       ;(75)98308-2932 ;040;415;HMM9I85;     213,13;    0,34;08/11/2024;71;SEM DINHEIRO/CHEQUE           ;   ;jadson.se  ;21:13
004539                            ;08/11/2024;    ;077205;003;    ;0020306;MERCEARIA DA ELIANA                               ;(07)18292-0096 ;040;415;HMM9I85;      44,04;    0,12;08/11/2024;72;PDV FECHADO (HORARIO COM.)    ;   ;jadson.se  ;21:13
004540                            ;08/11/2024;    ;077264;003;    ;0000698;BARRACA AJEITE AI                                 ;(75)99709-2106 ;040;406;SKB5H16;     246,26;    0,22;08/11/2024;72;PDV FECHADO (HORARIO COM.)    ;   ;rafael     ;18:54
004540                            ;08/11/2024;    ;077265;003;    ;0000698;BARRACA AJEITE AI                                 ;(75)99709-2106 ;040;406;SKB5H16;      81,60;    0,01;08/11/2024;72;PDV FECHADO (HORARIO COM.)    ;   ;rafael     ;18:55
004540                            ;08/11/2024;    ;077266;003;    ;0000698;BARRACA AJEITE AI                                 ;(75)99709-2106 ;040;406;SKB5H16;      17,32;    0,00;08/11/2024;72;PDV FECHADO (HORARIO COM.)    ;   ;rafael     ;18:55
004540                            ;08/11/2024;    ;077267;003;    ;0000698;BARRACA AJEITE AI                                 ;(75)99709-2106 ;040;406;SKB5H16;       2,58;    0,00;08/11/2024;72;PDV FECHADO (HORARIO COM.)    ;   ;rafael     ;18:56
004541                            ;08/11/2024;    ;077281;003;    ;0020923;KIOSQUE DO DURVAL                                 ;(75)99880-9904 ;040;413;SYE5D21;     362,14;    0,43;08/11/2024;82;ENDERECO NAO ENCONTRADO       ;   ;rafael     ;18:54
004544                            ;08/11/2024;    ;077335;003;    ;0052293;MER DA CARIOCA                                    ;(21)98135-5857 ;040;409;EIR4662;      73,04;    0,08;08/11/2024;56;Caminhao Quebrado             ;DER;jadson.se  ;19:07
004544                            ;08/11/2024;    ;077339;003;    ;0051756;MERCEARIA SILVA                                   ;(74)99963-0516 ;040;409;EIR4662;       5,22;    0,00;08/11/2024;50;CARGA ERRADA ARMAZEM          ;DER;jadson.se  ;19:06
004547                            ;08/11/2024;    ;077393;003;    ;0000708;BAR DA NEM                                        ;(75)99121-6200 ;040;410;JOG4B37;      58,50;    0,06;08/11/2024;82;ENDERECO NAO ENCONTRADO       ;   ;rafael     ;14:11
004549                            ;08/11/2024;    ;077426;003;    ;0085901;MERC CORDEIRO                                     ;(75)99173-5454 ;040;403;JOG4B37;     149,90;    0,14;08/11/2024;50;CARGA ERRADA ARMAZEM          ;   ;jadson.se  ;19:32
004549                            ;08/11/2024;    ;077439;003;    ;0086250;LEOS BAR                                          ;(75)99265-4378 ;040;403;JOG4B37;     194,96;    0,30;08/11/2024;72;PDV FECHADO (HORARIO COM.)    ;   ;jadson.se  ;19:34
004549                            ;08/11/2024;    ;077440;003;    ;0086250;LEOS BAR                                          ;(75)99265-4378 ;040;403;JOG4B37;      32,50;    0,01;08/11/2024;72;PDV FECHADO (HORARIO COM.)    ;   ;jadson.se  ;19:35
004549                            ;08/11/2024;    ;077443;003;    ;0088812;MERC. DA ESQUINA                                  ;               ;040;403;JOG4B37;     163,70;    0,15;08/11/2024;71;SEM DINHEIRO/CHEQUE           ;   ;jadson.se  ;19:34
004549                            ;08/11/2024;    ;077444;003;    ;0088812;MERC. DA ESQUINA                                  ;               ;040;403;JOG4B37;     107,80;    0,13;08/11/2024;71;SEM DINHEIRO/CHEQUE           ;   ;jadson.se  ;19:33
004549                            ;08/11/2024;    ;077445;003;    ;0088812;MERC. DA ESQUINA                                  ;               ;040;403;JOG4B37;      48,40;    0,06;08/11/2024;71;SEM DINHEIRO/CHEQUE           ;   ;jadson.se  ;19:33
004558                            ;09/11/2024;    ;077554;003;    ;0049066;BAR DA NETE                                       ;(75) 8145-8526 ;040;407;SJQ3C84;     160,66;    0,20;09/11/2024;32;ENTREGA ATRASADA (BUFFER)     ;   ;mauricio.se;16:58
004558                            ;09/11/2024;    ;077578;003;    ;0047755;BOTECO ReS                                        ;(75)98231-5311 ;040;407;SJQ3C84;      79,59;    0,02;09/11/2024;32;ENTREGA ATRASADA (BUFFER)     ;   ;mauricio.se;16:59
004558                            ;09/11/2024;    ;077579;003;    ;0047755;BOTECO ReS                                        ;(75)98231-5311 ;040;407;SJQ3C84;      34,83;    0,12;09/11/2024;32;ENTREGA ATRASADA (BUFFER)     ;   ;mauricio.se;16:59
004558                            ;09/11/2024;    ;077580;003;    ;0047755;BOTECO ReS                                        ;(75)98231-5311 ;040;407;SJQ3C84;     625,51;    0,75;09/11/2024;32;ENTREGA ATRASADA (BUFFER)     ;   ;mauricio.se;16:58
004558                            ;09/11/2024;    ;077596;003;    ;0048926;MERCEARIA DA GLEIDE                               ;(75)98284-7732 ;040;407;SJQ3C84;     539,00;    0,69;09/11/2024;82;ENDERECO NAO ENCONTRADO       ;   ;mauricio.se;17:01
004558                            ;09/11/2024;    ;077597;003;    ;0048926;MERCEARIA DA GLEIDE                               ;(75)98284-7732 ;040;407;SJQ3C84;      91,08;    0,24;09/11/2024;82;ENDERECO NAO ENCONTRADO       ;   ;mauricio.se;17:  
004563                            ;09/11/2024;    ;077807;003;    ;0000159;COMERCIO DO JOAO                                  ;(75)99198-0405 ;040;410;SJQ4B82;     422,46;    0,55;09/11/2024;87;TEMPO INSUFICIENTE            ;   ;mauricio.se;18:14
004564                            ;09/11/2024;    ;077833;003;    ;0086653;SUPER CENTER MINE                                 ;(75)99148-9720 ;030;303;SJQ3C18;    1670,55;    3,28;09/11/2024;72;PDV FECHADO (HORARIO COM.)    ;   ;cunha.se   ;19:17
004564                            ;09/11/2024;    ;077845;003;    ;0000381;QUIOSQUE DA MUNDA                                 ;(75)99904-2322 ;040;405;SJQ3C18;     157,77;    0,16;09/11/2024;72;PDV FECHADO (HORARIO COM.)    ;   ;cunha.se   ;19:18
004564                            ;09/11/2024;    ;077846;003;    ;0000381;QUIOSQUE DA MUNDA                                 ;(75)99904-2322 ;040;405;SJQ3C18;     810,50;    1,00;09/11/2024;72;PDV FECHADO (HORARIO COM.)    ;   ;cunha.se   ;19:18
004568                            ;09/11/2024;    ;078033;003;    ;0085754;DEPOSITO DE CESAR                                 ;(75)98299-1102 ;030;302;SJQ4E04;    2695,00;    3,45;09/11/2024;72;PDV FECHADO (HORARIO COM.)    ;   ;mauricio.se;16:18
004568                            ;09/11/2024;    ;078034;003;    ;0085754;DEPOSITO DE CESAR                                 ;(75)98299-1102 ;030;302;SJQ4E04;     323,40;    0,41;09/11/2024;72;PDV FECHADO (HORARIO COM.)    ;   ;mauricio.se;16:18
004568                            ;09/11/2024;    ;078035;003;    ;0085754;DEPOSITO DE CESAR                                 ;(75)98299-1102 ;030;302;SJQ4E04;     269,50;    0,34;09/11/2024;72;PDV FECHADO (HORARIO COM.)    ;   ;mauricio.se;16:19
004568                            ;09/11/2024;    ;078036;003;    ;0085754;DEPOSITO DE CESAR                                 ;(75)98299-1102 ;030;302;SJQ4E04;    1216,70;    1,58;09/11/2024;72;PDV FECHADO (HORARIO COM.)    ;   ;mauricio.se;16:19
004568                            ;09/11/2024;    ;078037;003;    ;0085754;DEPOSITO DE CESAR                                 ;(75)98299-1102 ;030;302;SJQ4E04;     415,92;    0,86;09/11/2024;72;PDV FECHADO (HORARIO COM.)    ;   ;mauricio.se;16:20
004570                            ;09/11/2024;    ;078075;003;    ;0023134;SUP IRMaOS NASCIMENT                              ;(75)98808-4594 ;030;302;GGC2226;     206,88;    0,84;09/11/2024;87;TEMPO INSUFICIENTE            ;   ;cunha.se   ;19:46
004570                            ;09/11/2024;    ;078076;003;    ;0023134;SUP IRMaOS NASCIMENT                              ;(75)98808-4594 ;030;302;GGC2226;    1487,60;    4,68;09/11/2024;87;TEMPO INSUFICIENTE            ;   ;cunha.se   ;19:44
004570                            ;09/11/2024;    ;078077;003;    ;0023134;SUP IRMaOS NASCIMENT                              ;(75)98808-4594 ;030;302;GGC2226;      37,28;    0,12;09/11/2024;87;TEMPO INSUFICIENTE            ;   ;cunha.se   ;19:45
004573                            ;09/11/2024;    ;078149;003;    ;0020246;DISTRIBUIDORA DE BEB                              ;(75)98226-5287 ;040;413;DEN3A12;     122,70;    0,15;09/11/2024;72;PDV FECHADO (HORARIO COM.)    ;   ;mauricio.se;18:13
004573                            ;09/11/2024;    ;078166;003;    ;0020314;BAR DO PINGO                                      ;(07)58187-3614 ;040;413;DEN3A12;      48,40;    0,06;09/11/2024;42;Produto/Quantidade Errada     ;   ;mauricio.se;18:12
004573                            ;09/11/2024;    ;078169;003;    ;0028105;DEPOSITO FILHOS AMER                              ;(71)98275-7565 ;040;415;DEN3A12;     448,38;    0,60;09/11/2024;42;Produto/Quantidade Errada     ;   ;mauricio.se;18:12
004574                            ;09/11/2024;    ;078175;003;    ;0055594;MERCADINHO ALMEIDA                                ;(75)99851-9586 ;040;407;HMM9I85;     396,83;    0,55;09/11/2024;72;PDV FECHADO (HORARIO COM.)    ;   ;mauricio.se;17:52
004574                            ;09/11/2024;    ;078195;003;    ;0052478;CHACARA DO FOGUINHO                               ;(75)99998-6657 ;040;412;HMM9I85;     286,53;    0,34;09/11/2024;72;PDV FECHADO (HORARIO COM.)    ;   ;mauricio.se;17:51
004574                            ;09/11/2024;    ;078196;003;    ;0052478;CHACARA DO FOGUINHO                               ;(75)99998-6657 ;040;412;HMM9I85;      44,04;    0,12;09/11/2024;72;PDV FECHADO (HORARIO COM.)    ;   ;mauricio.se;17:51
004574                            ;09/11/2024;    ;078197;003;    ;0052478;CHACARA DO FOGUINHO                               ;(75)99998-6657 ;040;412;HMM9I85;      52,86;    0,06;09/11/2024;72;PDV FECHADO (HORARIO COM.)    ;   ;mauricio.se;17:51
004576                            ;09/11/2024;    ;078247;003;    ;0027739;PADARIA BISPAO                                    ;(00) 0000-0075 ;040;406;JOG4B37;      96,48;    0,26;09/11/2024;72;PDV FECHADO (HORARIO COM.)    ;   ;mauricio.se;13:33
004579                            ;09/11/2024;    ;078298;003;    ;0007280;BAR DO CLAUDIO                                    ;(75)99146-3773 ;040;408;NTE9309;     323,40;    0,41;09/11/2024;41;Sem Vasilhame.                ;   ;mauricio.se;14:50
004580                            ;09/11/2024;    ;078316;003;    ;0092443;BAR DE KIKO                                       ;(75)99216-5915 ;040;408;NZO1G22;     105,80;    0,13;09/11/2024;73;FALTA DE ATIVOS DE GIRO       ;   ;mauricio.se;11:  
004580                            ;09/11/2024;    ;078321;003;    ;0000397;MUNDO DO BEIJU E LAN                              ;(75)99168-6581 ;040;403;NZO1G22;      47,04;    0,12;09/11/2024;72;PDV FECHADO (HORARIO COM.)    ;   ;mauricio.se;10:59
004580                            ;09/11/2024;    ;078322;003;    ;0000397;MUNDO DO BEIJU E LAN                              ;(75)99168-6581 ;040;403;NZO1G22;      44,04;    0,12;09/11/2024;72;PDV FECHADO (HORARIO COM.)    ;   ;mauricio.se;11:  
004581                            ;09/11/2024;    ;078325;003;    ;0046502;EMPORIO GUSMAO                                    ;(71)99268-1001 ;040;408;NTE9309;     591,06;    0,84;09/11/2024;72;PDV FECHADO (HORARIO COM.)    ;   ;mauricio.se;16:56
004592                            ;11/11/2024;    ;078403;003;    ;0000309;BAR DA LEDA                                       ;(75)99853-9335 ;040;402;SJQ8E15;     103,44;    0,08;11/11/2024;82;ENDERECO NAO ENCONTRADO       ;   ;mauricio.se;15:37
004597                            ;11/11/2024;    ;078561;003;    ;0027494;MERCEARIA REIS                                    ;(75)99182-7648 ;040;404;SJQ4A76;     183,20;    0,20;11/11/2024;72;PDV FECHADO (HORARIO COM.)    ;   ;mauricio.se;16:44
004597                            ;11/11/2024;    ;078564;003;    ;0050073;BAR DA CANDIDA                                    ;               ;040;404;SJQ4A76;      87,33;    0,07;11/11/2024;72;PDV FECHADO (HORARIO COM.)    ;   ;mauricio.se;16:45
004597                            ;11/11/2024;    ;078565;003;    ;0050073;BAR DA CANDIDA                                    ;               ;040;404;SJQ4A76;     136,19;    0,18;11/11/2024;72;PDV FECHADO (HORARIO COM.)    ;   ;mauricio.se;16:45
004597                            ;11/11/2024;    ;078574;003;    ;0048164;GERSON DISTRIBUIDORA                              ;(75)98362-1353 ;040;404;SJQ4A76;     215,60;    0,27;11/11/2024;71;SEM DINHEIRO/CHEQUE           ;   ;mauricio.se;16:46
004597                            ;11/11/2024;    ;078575;003;    ;0054699;RODRIGO CORDEIRO RAM                              ;(75)99263-8937 ;040;404;SJQ4A76;     379,34;    0,41;11/11/2024;71;SEM DINHEIRO/CHEQUE           ;   ;mauricio.se;16:46
004597                            ;11/11/2024;    ;078582;003;    ;0028405;BOTECO DO JHONY                                   ;(75)99715-2727 ;040;414;SJQ4A76;     323,40;    0,41;11/11/2024;72;PDV FECHADO (HORARIO COM.)    ;   ;mauricio.se;16:44
004604                            ;11/11/2024;    ;078729;003;    ;0000238;RESTAURANTE BOM GOST                              ;(75)99260-3287 ;040;403;SIY2E51;      39,55;    0,12;11/11/2024;65;NAO FEZ PEDIDO                ;   ;mauricio.se;16:43
004604                            ;11/11/2024;    ;078748;003;    ;0000708;BAR DA NEM                                        ;(75)99121-6200 ;040;410;SIY2E51;      58,50;    0,06;11/11/2024;82;ENDERECO NAO ENCONTRADO       ;   ;mauricio.se;16:42
004605                            ;11/11/2024;    ;078750;003;    ;0037312;BAR BRASIL                                        ;(75)98158-9990 ;040;411;SYE5D21;      29,13;    0,03;11/11/2024;42;Produto/Quantidade Errada     ;DER;mauricio.se;14:09
004605                            ;11/11/2024;    ;078751;003;    ;0050125;MARROM BOMBOM                                     ;(75)98351-8323 ;040;411;SYE5D21;      40,81;    0,04;11/11/2024;42;Produto/Quantidade Errada     ;DER;mauricio.se;14:10
004605                            ;11/11/2024;    ;078752;003;    ;0000497;KIOSQUE DA JANA                                   ;(75)99708-5359 ;040;411;SYE5D21;      13,26;    0,01;11/11/2024;42;Produto/Quantidade Errada     ;DER;mauricio.se;14:11
004605                            ;11/11/2024;    ;078755;003;    ;0029088;DEPOSITO DO GALEGO                                ;(75)98236-5225 ;040;411;SYE5D21;      42,17;    0,05;11/11/2024;42;Produto/Quantidade Errada     ;DER;mauricio.se;14:09
004622                            ;12/11/2024;    ;079190;003;    ;0048772;VOLTE SEMPRE                                      ;(75)99927-8493 ;040;401;SJQ4E04;     179,34;    0,35;12/11/2024;71;SEM DINHEIRO/CHEQUE           ;   ;rafael     ;16:54
004623                            ;12/11/2024;    ;079255;003;    ;0053879;BAR E MERCADINHO DO                               ;(75)99112-2344 ;040;412;SJQ3C18;     105,80;    0,13;12/11/2024;71;SEM DINHEIRO/CHEQUE           ;   ;jadson.se  ;19:31
004623                            ;12/11/2024;    ;079257;003;    ;0053879;BAR E MERCADINHO DO                               ;(75)99112-2344 ;040;412;SJQ3C18;     269,50;    0,34;12/11/2024;71;SEM DINHEIRO/CHEQUE           ;   ;jadson.se  ;19:31
004624                            ;12/11/2024;    ;079280;003;    ;0000395;ICE BEEAR                                         ;(75)99260-5135 ;040;403;SJQ0G38;     539,00;    0,69;12/11/2024;32;ENTREGA ATRASADA (BUFFER)     ;   ;jadson.se  ;19:17
004627                            ;12/11/2024;    ;079364;003;    ;0090993;FERNANDA ALMEIDA DE                               ;(75)99895-6534 ;040;407;HMM9I85;      72,06;    0,07;12/11/2024;71;SEM DINHEIRO/CHEQUE           ;   ;rafael     ;17:04
004627                            ;12/11/2024;    ;079366;003;    ;0091793;FRIGORIFICO CARNEIRO                              ;(75)99289-9817 ;040;412;HMM9I85;     128,44;    0,18;12/11/2024;71;SEM DINHEIRO/CHEQUE           ;   ;rafael     ;17:04
004628                            ;12/11/2024;    ;079382;003;    ;0000226;BAR DO MARTINS                                    ;(75)99301-9656 ;040;410;DEN3A12;     107,80;    0,13;12/11/2024;73;FALTA DE ATIVOS DE GIRO       ;   ;jadson.se  ;19:44
004628                            ;12/11/2024;    ;079383;003;    ;0038296;DISTRIBUIDORA HOUSE                               ;(75)99111-5103 ;040;410;DEN3A12;     260,70;    0,36;12/11/2024;82;ENDERECO NAO ENCONTRADO       ;   ;jadson.se  ;19:44
004628                            ;12/11/2024;    ;079384;003;    ;0038296;DISTRIBUIDORA HOUSE                               ;(75)99111-5103 ;040;410;DEN3A12;     158,70;    0,20;12/11/2024;82;ENDERECO NAO ENCONTRADO       ;   ;jadson.se  ;19:43
004631                            ;12/11/2024;    ;079453;003;    ;0086975;MERC. ST                                          ;(75)99197-6600 ;040;415;SYE5D21;      90,00;    0,12;12/11/2024;42;Produto/Quantidade Errada     ;   ;rafael     ;11:47
004632                            ;12/11/2024;    ;079462;003;    ;0049550;CASA DO SABOR E TALE                              ;(75)99106-8720 ;040;403;SIY2E51;     378,00;    0,76;12/11/2024;72;PDV FECHADO (HORARIO COM.)    ;   ;rafael     ;18:14
004653                            ;13/11/2024;    ;079477;003;    ;0004512;BAR KALUMBY.                                      ;(71) 0264-2479 ;040;407;SJQ2B64;     117,00;    0,13;13/11/2024;72;PDV FECHADO (HORARIO COM.)    ;   ;cunha.se   ;22:15
004653                            ;13/11/2024;    ;079510;003;    ;0086886;dep≥sito ponto cert                               ;               ;040;402;SJQ2B64;     285,16;    0,19;13/11/2024;72;PDV FECHADO (HORARIO COM.)    ;   ;cunha.se   ;22:16
004653                            ;13/11/2024;    ;079516;003;    ;0085795;BIG FEIRA MERCADINHO                              ;(75)99189-4814 ;030;301;SJQ2B64;    2156,00;    2,76;13/11/2024;73;FALTA DE ATIVOS DE GIRO       ;   ;cunha.se   ;22:15
004659                            ;13/11/2024;    ;079770;003;    ;0000187;MERCADINHO BOM PRECO                              ;(75)99135-4362 ;040;406;SJQ9B03;     386,58;    1,09;13/11/2024;82;ENDERECO NAO ENCONTRADO       ;   ;mauricio.se;16:29
004659                            ;13/11/2024;    ;079771;003;    ;0000187;MERCADINHO BOM PRECO                              ;(75)99135-4362 ;040;406;SJQ9B03;     172,44;    0,21;13/11/2024;82;ENDERECO NAO ENCONTRADO       ;   ;mauricio.se;16:29
004659                            ;13/11/2024;    ;079772;003;    ;0000187;MERCADINHO BOM PRECO                              ;(75)99135-4362 ;040;406;SJQ9B03;     181,48;    0,52;13/11/2024;82;ENDERECO NAO ENCONTRADO       ;   ;mauricio.se;16:30
004660                            ;13/11/2024;    ;079792;003;    ;0020703;MERCADINHO CAJA                                   ;(75)99107-5366 ;040;406;SJQ3A28;    1613,10;    2,08;13/11/2024;71;SEM DINHEIRO/CHEQUE           ;   ;mauricio.se;15:20
004660                            ;13/11/2024;    ;079797;003;    ;0020022;SATIRO OFERTA COMERC                              ;(75)53446-2239 ;040;406;SJQ3A28;     263,77;    0,72;13/11/2024;42;Produto/Quantidade Errada     ;   ;mauricio.se;15:20
004668                            ;13/11/2024;    ;080087;003;    ;0028357;BAR DOIS IRMaOS                                   ;(75)98276-7495 ;040;415;GGC2226;     151,84;    0,25;13/11/2024;87;TEMPO INSUFICIENTE            ;   ;cunha.se   ;19:32
004668                            ;13/11/2024;    ;080088;003;    ;0028357;BAR DOIS IRMaOS                                   ;(75)98276-7495 ;040;415;GGC2226;      14,88;    0,04;13/11/2024;87;TEMPO INSUFICIENTE            ;   ;cunha.se   ;19:33
004668                            ;13/11/2024;    ;080091;003;    ;0040102;MERC JL                                           ;(75)99966-2431 ;030;302;GGC2226;      35,00;    0,04;13/11/2024;50;CARGA ERRADA ARMAZEM          ;   ;cunha.se   ;19:35
004669                            ;13/11/2024;    ;080109;003;    ;0085469;Jorge Drinks                                      ;               ;040;404;JNW2B79;     433,68;    0,21;13/11/2024;71;SEM DINHEIRO/CHEQUE           ;   ;cunha.se   ;19:05
004673                            ;13/11/2024;    ;080217;003;    ;0020730;BAR DE SERGIO                                     ;               ;040;413;SIY2E51;     106,80;    0,13;13/11/2024;72;PDV FECHADO (HORARIO COM.)    ;   ;mauricio.se;11:48
004678                            ;13/11/2024;    ;080309;003;    ;0050899;MERCADO SANTOD                                    ;               ;040;415;NTE9309;     337,44;    0,63;13/11/2024;71;SEM DINHEIRO/CHEQUE           ;   ;mauricio.se;11:14
004679                            ;13/11/2024;    ;080313;003;    ;0024751;ARRACA DO JAL                                     ;(75)99154-5068 ;040;403;NZO1G22;       7,83;    0,00;13/11/2024;42;Produto/Quantidade Errada     ;DER;mauricio.se;11:46
004679                            ;13/11/2024;    ;080314;003;    ;0000085;ESPACO KBECA ILUMINA                              ;(75)99175-1418 ;040;403;NZO1G22;     123,00;    0,13;13/11/2024;73;FALTA DE ATIVOS DE GIRO       ;   ;mauricio.se;11:47
004690                            ;14/11/2024;    ;080451;003;    ;0048917;DIST. DE BEB. SOUZA                               ;               ;040;402;SJQ2B64;     171,74;    0,38;14/11/2024;87;TEMPO INSUFICIENTE            ;   ;jadson.se  ;22:36
004690                            ;14/11/2024;    ;080452;003;    ;0048917;DIST. DE BEB. SOUZA                               ;               ;040;402;SJQ2B64;     109,80;    0,08;14/11/2024;87;TEMPO INSUFICIENTE            ;   ;jadson.se  ;22:36
004690                            ;14/11/2024;    ;080453;003;    ;0048917;DIST. DE BEB. SOUZA                               ;               ;040;402;SJQ2B64;    1078,00;    1,38;14/11/2024;87;TEMPO INSUFICIENTE            ;   ;jadson.se  ;22:36
004690                            ;14/11/2024;    ;080454;003;    ;0048917;DIST. DE BEB. SOUZA                               ;               ;040;402;SJQ2B64;      54,78;    0,06;14/11/2024;87;TEMPO INSUFICIENTE            ;DER;jadson.se  ;22:37
004690                            ;14/11/2024;    ;080455;003;    ;0048917;DIST. DE BEB. SOUZA                               ;               ;040;402;SJQ2B64;      46,96;    0,05;14/11/2024;87;TEMPO INSUFICIENTE            ;   ;jadson.se  ;22:37
004692                            ;14/11/2024;    ;080566;003;    ;0052274;MERCADINHO DA FITA                                ;(75)99982-1923 ;040;411;SJQ0G38;     431,20;    0,55;14/11/2024;73;FALTA DE ATIVOS DE GIRO       ;   ;rafael     ;18:25
004692                            ;14/11/2024;    ;080567;003;    ;0052274;MERCADINHO DA FITA                                ;(75)99982-1923 ;040;411;SJQ0G38;      86,44;    0,07;14/11/2024;73;FALTA DE ATIVOS DE GIRO       ;   ;rafael     ;18:26
004692                            ;14/11/2024;    ;080568;003;    ;0052274;MERCADINHO DA FITA                                ;(75)99982-1923 ;040;411;SJQ0G38;     272,28;    0,34;14/11/2024;73;FALTA DE ATIVOS DE GIRO       ;   ;rafael     ;18:30
004694                            ;14/11/2024;    ;080652;003;    ;0049335;GIDEONE BAR                                       ;(75)98343-0827 ;040;414;SJQ4A76;     211,60;    0,27;14/11/2024;42;Produto/Quantidade Errada     ;   ;rafael     ;18:24
004694                            ;14/11/2024;    ;080653;003;    ;0049335;GIDEONE BAR                                       ;(75)98343-0827 ;040;414;SJQ4A76;      34,96;    0,08;14/11/2024;42;Produto/Quantidade Errada     ;   ;rafael     ;18:23
004695                            ;14/11/2024;    ;080713;003;    ;0036610;BAR TINGUI                                        ;               ;040;405;SJQ8E15;      96,57;    0,18;14/11/2024;72;PDV FECHADO (HORARIO COM.)    ;   ;rafael     ;18:46
004695                            ;14/11/2024;    ;080714;003;    ;0036610;BAR TINGUI                                        ;               ;040;405;SJQ8E15;     262,50;    0,39;14/11/2024;72;PDV FECHADO (HORARIO COM.)    ;   ;rafael     ;18:47
004695                            ;14/11/2024;    ;080717;003;    ;0038296;DISTRIBUIDORA HOUSE                               ;(75)99111-5103 ;040;410;SJQ8E15;     638,82;    0,92;14/11/2024;87;TEMPO INSUFICIENTE            ;   ;rafael     ;18:46
004697                            ;14/11/2024;    ;080751;003;    ;0033984;distribuidora 2irmao                              ;(75)99253-5211 ;030;301;SJQ2C64;     331,80;    0,28;14/11/2024;50;CARGA ERRADA ARMAZEM          ;   ;rafael     ;18:32
004697                            ;14/11/2024;    ;080778;003;    ;0036280;esquina bar                                       ;(71)99683-8167 ;040;412;SJQ2C64;     303,68;    0,51;14/11/2024;72;PDV FECHADO (HORARIO COM.)    ;   ;rafael     ;18:32
004697                            ;14/11/2024;    ;080779;003;    ;0036280;esquina bar                                       ;(71)99683-8167 ;040;412;SJQ2C64;     215,60;    0,27;14/11/2024;72;PDV FECHADO (HORARIO COM.)    ;   ;rafael     ;18:32
004700                            ;14/11/2024;    ;080877;003;    ;0086472;BAR DO NILDO                                      ;(75)98187-2329 ;040;407;JNW2B79;     474,03;    0,78;14/11/2024;65;NAO FEZ PEDIDO                ;   ;jadson.se  ;18:56
004701                            ;14/11/2024;    ;080961;003;    ;0028965;MERCADINHO MASCARENH                              ;(75) 9195-6188 ;030;303;SJQ3C18;      28,56;    0,03;14/11/2024;50;CARGA ERRADA ARMAZEM          ;   ;rafael     ;18:24
004704                            ;14/11/2024;    ;081041;003;    ;0024974;BAR DO BEL                                        ;(75)98110-4086 ;040;413;GGC2226;      19,00;    0,01;14/11/2024;88;REFUGO DE VASILHAME           ;   ;jadson.se  ;19:28
004706                            ;14/11/2024;    ;081083;003;    ;0040770;FRIGOMENDES                                       ;               ;040;414;DEN3A12;     211,60;    0,27;14/11/2024;72;PDV FECHADO (HORARIO COM.)    ;   ;jadson.se  ;19:17
004706                            ;14/11/2024;    ;081100;003;    ;0051591;  LARICA DELIVERY                                 ;               ;040;414;DEN3A12;     105,80;    0,13;14/11/2024;87;TEMPO INSUFICIENTE            ;   ;jadson.se  ;19:18
004706                            ;14/11/2024;    ;081101;003;    ;0051591;  LARICA DELIVERY                                 ;               ;040;414;DEN3A12;     149,90;    0,14;14/11/2024;87;TEMPO INSUFICIENTE            ;   ;jadson.se  ;19:18
004706                            ;14/11/2024;    ;081102;003;    ;0085896;PONTO DA PEU                                      ;(75)99176-8743 ;040;414;DEN3A12;     165,70;    0,20;14/11/2024;87;TEMPO INSUFICIENTE            ;   ;jadson.se  ;19:19
004706                            ;14/11/2024;    ;081103;003;    ;0049566;MERCADINHO DA LU                                  ;               ;040;404;DEN3A12;     161,70;    0,20;14/11/2024;87;TEMPO INSUFICIENTE            ;   ;jadson.se  ;19:25
004706                            ;14/11/2024;    ;081104;003;    ;0049566;MERCADINHO DA LU                                  ;               ;040;404;DEN3A12;     161,70;    0,20;14/11/2024;87;TEMPO INSUFICIENTE            ;   ;jadson.se  ;19:25
004706                            ;14/11/2024;    ;081105;003;    ;0029937;LANCHONETE DA LU                                  ;(75)99890-7500 ;040;404;DEN3A12;     100,68;    0,13;14/11/2024;87;TEMPO INSUFICIENTE            ;   ;jadson.se  ;19:23
004706                            ;14/11/2024;    ;081106;003;    ;0086637;MERC DO GILVADO                                   ;               ;040;404;DEN3A12;     186,90;    0,20;14/11/2024;87;TEMPO INSUFICIENTE            ;   ;jadson.se  ;19:24
004706                            ;14/11/2024;    ;081107;003;    ;0086637;MERC DO GILVADO                                   ;               ;040;404;DEN3A12;      72,00;    0,24;14/11/2024;87;TEMPO INSUFICIENTE            ;   ;jadson.se  ;19:24
004706                            ;14/11/2024;    ;081108;003;    ;0041366;QDELICIA PASTEL                                   ;               ;040;404;DEN3A12;     153,98;    0,25;14/11/2024;87;TEMPO INSUFICIENTE            ;   ;jadson.se  ;19:20
004706                            ;14/11/2024;    ;081109;003;    ;0000335;DIVERSOS SABORES                                  ;(75)99191-8614 ;040;404;DEN3A12;     109,16;    0,07;14/11/2024;87;TEMPO INSUFICIENTE            ;   ;jadson.se  ;19:25
004706                            ;14/11/2024;    ;081110;003;    ;0086926;CHURRASC COREANO                                  ;(75) 9192-9545 ;040;404;DEN3A12;     188,34;    0,30;14/11/2024;87;TEMPO INSUFICIENTE            ;   ;jadson.se  ;19:22
004706                            ;14/11/2024;    ;081111;003;    ;0027494;MERCEARIA REIS                                    ;(75)99182-7648 ;040;404;DEN3A12;     150,52;    0,24;14/11/2024;87;TEMPO INSUFICIENTE            ;   ;jadson.se  ;19:22
004707                            ;14/11/2024;    ;081113;003;    ;0000358;BAR DO HAMILTON                                   ;(75)98168-3966 ;040;407;HMM9I85;     161,70;    0,20;14/11/2024;87;TEMPO INSUFICIENTE            ;   ;rafael     ;18:28
004707                            ;14/11/2024;    ;081147;003;    ;0037830;MERCADINHO DO COCO                                ;(75)99220-6382 ;040;408;HMM9I85;     107,50;    0,19;14/11/2024;50;CARGA ERRADA ARMAZEM          ;   ;rafael     ;18:29
004710                            ;14/11/2024;    ;081196;003;    ;0029700;BARRACA DA ENIA                                   ;(75)99100-6029 ;040;410;JOG4B37;     266,58;    0,36;14/11/2024;72;PDV FECHADO (HORARIO COM.)    ;   ;rafael     ;17:08
004710                            ;14/11/2024;    ;081197;003;    ;0029700;BARRACA DA ENIA                                   ;(75)99100-6029 ;040;410;JOG4B37;      36,10;    0,04;14/11/2024;72;PDV FECHADO (HORARIO COM.)    ;   ;rafael     ;17:08
004713                            ;14/11/2024;    ;081241;003;    ;0085915;MARIA NILZA                                       ;(75)99162-3392 ;040;403;NZO1G22;     186,41;    0,30;14/11/2024;73;FALTA DE ATIVOS DE GIRO       ;   ;rafael     ;10:52
004728                            ;15/11/2024;    ;081324;003;    ;0092623;BAR DA NINA                                       ;(75)99138-3306 ;040;412;SJQ2B64;      52,86;    0,06;15/11/2024;42;Produto/Quantidade Errada     ;   ;cunha.se   ;22:16
004729                            ;15/11/2024;    ;081353;003;    ;0030530;PANIFICADORA KI PAO                               ;(75)99210-5288 ;040;402;SJQ2C64;     150,63;    0,07;16/11/2024;42;Produto/Quantidade Errada     ;   ;cunha.se   ;03:51
004731                            ;15/11/2024;    ;081474;003;    ;0026832;BISTRO E RESTAURANTE                              ;(75)99198-2858 ;040;406;SJQ0E61;    1218,59;    1,94;15/11/2024;72;PDV FECHADO (HORARIO COM.)    ;   ;mauricio.se;18:53
004736                            ;15/11/2024;    ;081684;003;    ;0086562;HIPER J MARINHO                                   ;(75) 8173-8806 ;030;301;SJQ4E04;    1724,91;    2,94;15/11/2024;32;ENTREGA ATRASADA (BUFFER)     ;   ;mauricio.se;15:23
004736                            ;15/11/2024;    ;081685;003;    ;0086562;HIPER J MARINHO                                   ;(75) 8173-8806 ;030;301;SJQ4E04;      60,00;    0,08;15/11/2024;32;ENTREGA ATRASADA (BUFFER)     ;   ;mauricio.se;15:22
004737                            ;15/11/2024;    ;081716;003;    ;0049066;BAR DA NETE                                       ;(75) 8145-8526 ;040;407;NTE9309;     264,50;    0,34;15/11/2024;72;PDV FECHADO (HORARIO COM.)    ;   ;mauricio.se;13:35
004738                            ;15/11/2024;    ;081740;003;    ;0085520;BAR DO ENEAS                                      ;(75)98213-3807 ;040;407;SJQ9B48;     969,65;    1,12;15/11/2024;72;PDV FECHADO (HORARIO COM.)    ;   ;mauricio.se;17:50
004740                            ;15/11/2024;    ;081826;003;    ;0000132;PANIFICADORA MARIA D                              ;(75)99124-0103 ;040;408;SJQ3C18;     310,74;    0,40;15/11/2024;71;SEM DINHEIRO/CHEQUE           ;   ;mauricio.se;16:20
004740                            ;15/11/2024;    ;081827;003;    ;0000132;PANIFICADORA MARIA D                              ;(75)99124-0103 ;040;408;SJQ3C18;     499,80;    1,38;15/11/2024;71;SEM DINHEIRO/CHEQUE           ;   ;mauricio.se;16:19
004743                            ;15/11/2024;    ;081917;003;    ;0088183;EMPORIO NORDESTINO                                ;(75)99231-1182 ;030;303;SJQ9H52;     440,67;    1,34;15/11/2024;72;PDV FECHADO (HORARIO COM.)    ;   ;mauricio.se;18:55
004743                            ;15/11/2024;    ;081918;003;    ;0088183;EMPORIO NORDESTINO                                ;(75)99231-1182 ;030;303;SJQ9H52;     867,20;    0,47;15/11/2024;72;PDV FECHADO (HORARIO COM.)    ;   ;mauricio.se;18:56
004743                            ;15/11/2024;    ;081919;003;    ;0088183;EMPORIO NORDESTINO                                ;(75)99231-1182 ;030;303;SJQ9H52;      69,80;    0,08;15/11/2024;72;PDV FECHADO (HORARIO COM.)    ;   ;mauricio.se;18:55
004743                            ;15/11/2024;    ;081939;003;    ;0029602;Paula Sousa                                       ;(75)99185-2962 ;040;405;SJQ9H52;     496,80;    1,22;15/11/2024;72;PDV FECHADO (HORARIO COM.)    ;   ;mauricio.se;18:56
004744                            ;15/11/2024;    ;081972;003;    ;0031021;MERCADO FLOR DO SERT                              ;(75)99220-1595 ;030;301;GGC2226;     215,60;    0,27;15/11/2024;72;PDV FECHADO (HORARIO COM.)    ;   ;mauricio.se;18:03
004744                            ;15/11/2024;    ;082009;003;    ;0030764;MF DISTRIBUIDORA                                  ;(75)99243-8983 ;030;301;GGC2226;      21,79;    0,02;15/11/2024;50;CARGA ERRADA ARMAZEM          ;   ;mauricio.se;18:04
004747                            ;15/11/2024;    ;082080;003;    ;0000517;BAR                                               ;(75)99902-3481 ;040;411;HMM9I85;      29,72;    0,02;15/11/2024;55;QUALIDADE DO PRODUTO          ;   ;mauricio.se;15:09
004748                            ;15/11/2024;    ;082106;003;    ;0041085;SABORES DA DADA                                   ;(75)99263-3265 ;040;403;DEN3A12;      28,39;    0,04;15/11/2024;72;PDV FECHADO (HORARIO COM.)    ;   ;mauricio.se;18:44
004748                            ;15/11/2024;    ;082111;003;    ;0028394;RESTAURANTE DA TANIA                              ;(75) 9276-6891 ;040;403;DEN3A12;     102,54;    0,18;15/11/2024;72;PDV FECHADO (HORARIO COM.)    ;   ;mauricio.se;18:40
004748                            ;15/11/2024;    ;082114;003;    ;0088812;MERC. DA ESQUINA                                  ;               ;040;403;DEN3A12;     195,88;    0,37;15/11/2024;72;PDV FECHADO (HORARIO COM.)    ;   ;mauricio.se;18:40
004748                            ;15/11/2024;    ;082115;003;    ;0088812;MERC. DA ESQUINA                                  ;               ;040;403;DEN3A12;     107,80;    0,13;15/11/2024;72;PDV FECHADO (HORARIO COM.)    ;   ;mauricio.se;18:40
004748                            ;15/11/2024;    ;082117;003;    ;0085372;BAR 788                                           ;(75)99268-1185 ;040;403;DEN3A12;     125,08;    0,09;15/11/2024;72;PDV FECHADO (HORARIO COM.)    ;   ;mauricio.se;18:42
004748                            ;15/11/2024;    ;082118;003;    ;0007310;BAR CORDEIRO                                      ;(75)99124-2328 ;040;403;DEN3A12;      65,10;    0,06;15/11/2024;72;PDV FECHADO (HORARIO COM.)    ;   ;mauricio.se;18:45
004748                            ;15/11/2024;    ;082119;003;    ;0007310;BAR CORDEIRO                                      ;(75)99124-2328 ;040;403;DEN3A12;     121,62;    0,03;15/11/2024;72;PDV FECHADO (HORARIO COM.)    ;   ;mauricio.se;18:45
004748                            ;15/11/2024;    ;082120;003;    ;0085901;MERC CORDEIRO                                     ;(75)99173-5454 ;040;403;DEN3A12;     332,29;    0,29;15/11/2024;72;PDV FECHADO (HORARIO COM.)    ;   ;mauricio.se;18:42
004748                            ;15/11/2024;    ;082121;003;    ;0085901;MERC CORDEIRO                                     ;(75)99173-5454 ;040;403;DEN3A12;      58,28;    0,05;15/11/2024;72;PDV FECHADO (HORARIO COM.)    ;   ;mauricio.se;18:44
004748                            ;15/11/2024;    ;082122;003;    ;0085901;MERC CORDEIRO                                     ;(75)99173-5454 ;040;403;DEN3A12;      23,90;    0,04;15/11/2024;72;PDV FECHADO (HORARIO COM.)    ;   ;mauricio.se;18:43
004748                            ;15/11/2024;    ;082123;003;    ;0085901;MERC CORDEIRO                                     ;(75)99173-5454 ;040;403;DEN3A12;      72,60;    0,15;15/11/2024;72;PDV FECHADO (HORARIO COM.)    ;   ;mauricio.se;18:43
004748                            ;15/11/2024;    ;082133;003;    ;0055089;DEPOSITO GUA E FIL                                ;               ;040;408;DEN3A12;       2,72;    0,00;15/11/2024;50;CARGA ERRADA ARMAZEM          ;   ;mauricio.se;18:46
004748                            ;15/11/2024;    ;082135;003;    ;0055089;DEPOSITO GUA E FIL                                ;               ;040;408;DEN3A12;      30,00;    0,04;15/11/2024;50;CARGA ERRADA ARMAZEM          ;   ;mauricio.se;18:47
004748                            ;15/11/2024;    ;082143;003;    ;0045532;MERC JOÉO DO BODE                                 ;               ;040;408;DEN3A12;     150,62;    0,32;15/11/2024;72;PDV FECHADO (HORARIO COM.)    ;   ;mauricio.se;18:39
004748                            ;15/11/2024;    ;082146;003;    ;0085039;SO GELO                                           ;(75) 9263-9355 ;040;408;DEN3A12;     211,60;    0,27;15/11/2024;71;SEM DINHEIRO/CHEQUE           ;   ;mauricio.se;18:46
004762                            ;16/11/2024;    ;082286;003;    ;0092663;CLUBE 23 DE JUNHO                                 ;               ;040;412;SJQ2C64;      29,72;    0,02;16/11/2024;42;Produto/Quantidade Errada     ;   ;jadson.se  ;22:45
004762                            ;16/11/2024;    ;082287;003;    ;0091814;PONTO DA CERVEJA                                  ;(75)99296-2083 ;040;412;SJQ2C64;     724,60;    0,91;16/11/2024;72;PDV FECHADO (HORARIO COM.)    ;   ;jadson.se  ;22:45
004762                            ;16/11/2024;    ;082288;003;    ;0091814;PONTO DA CERVEJA                                  ;(75)99296-2083 ;040;412;SJQ2C64;     293,40;    0,36;16/11/2024;72;PDV FECHADO (HORARIO COM.)    ;   ;jadson.se  ;22:46
004762                            ;16/11/2024;    ;082289;003;    ;0091814;PONTO DA CERVEJA                                  ;(75)99296-2083 ;040;412;SJQ2C64;     107,80;    0,13;16/11/2024;72;PDV FECHADO (HORARIO COM.)    ;   ;jadson.se  ;22:46
004762                            ;16/11/2024;    ;082290;003;    ;0091814;PONTO DA CERVEJA                                  ;(75)99296-2083 ;040;412;SJQ2C64;       4,75;    0,00;16/11/2024;72;PDV FECHADO (HORARIO COM.)    ;   ;jadson.se  ;22:47
004770                            ;16/11/2024;    ;082599;003;    ;0020928;kIOSQUE DO RODEVAN                                ;(01)19597-2799 ;040;415;SJQ9H52;     755,96;    0,90;16/11/2024;72;PDV FECHADO (HORARIO COM.)    ;   ;rafael     ;16:20
004776                            ;16/11/2024;    ;082753;003;    ;0050640;PIZZARIA PREO FINO                                ;               ;040;405;DEN3A12;     276,12;    0,72;16/11/2024;72;PDV FECHADO (HORARIO COM.)    ;   ;rafael     ;18:56
004776                            ;16/11/2024;    ;082769;003;    ;0089225;DEP LEONARDO                                      ;(75)99208-8107 ;040;409;DEN3A12;     312,50;    0,46;16/11/2024;71;SEM DINHEIRO/CHEQUE           ;   ;rafael     ;18:56
004779                            ;16/11/2024;    ;082814;003;    ;0085607;BAR CAJUEIRO                                      ;(75) 9186-9409 ;040;401;JOG4B37;      44,04;    0,12;16/11/2024;72;PDV FECHADO (HORARIO COM.)    ;   ;rafael     ;13:43
004779                            ;16/11/2024;    ;082815;003;    ;0085607;BAR CAJUEIRO                                      ;(75) 9186-9409 ;040;401;JOG4B37;     184,20;    0,18;16/11/2024;72;PDV FECHADO (HORARIO COM.)    ;   ;rafael     ;13:43
004779                            ;16/11/2024;    ;082816;003;    ;0085607;BAR CAJUEIRO                                      ;(75) 9186-9409 ;040;401;JOG4B37;      94,60;    0,11;16/11/2024;72;PDV FECHADO (HORARIO COM.)    ;   ;rafael     ;13:43
004782                            ;16/11/2024;    ;082878;003;    ;0056117;MARMITARIA SABOR E S                              ;               ;040;401;NTE9309;     186,26;    0,32;16/11/2024;41;Sem Vasilhame.                ;   ;rafael     ;14:21
004782                            ;16/11/2024;    ;082879;003;    ;0056117;MARMITARIA SABOR E S                              ;               ;040;401;NTE9309;      53,90;    0,06;16/11/2024;41;Sem Vasilhame.                ;   ;rafael     ;14:22
004782                            ;16/11/2024;    ;082880;003;    ;0056117;MARMITARIA SABOR E S                              ;               ;040;401;NTE9309;      29,76;    0,04;16/11/2024;41;Sem Vasilhame.                ;   ;rafael     ;14:22
004783                            ;16/11/2024;    ;082897;003;    ;0092197;ESPETINHO DO BULACHA                              ;(75)99243-8081 ;040;403;NZO1G22;     269,50;    0,34;16/11/2024;72;PDV FECHADO (HORARIO COM.)    ;   ;rafael     ;11:23
004783                            ;16/11/2024;    ;082904;003;    ;0086018;BAR RODRIGUES                                     ;(75)99127-4274 ;040;403;NZO1G22;      88,08;    0,24;16/11/2024;72;PDV FECHADO (HORARIO COM.)    ;   ;rafael     ;11:22
004788                            ;18/11/2024;    ;082930;003;    ;0044799;DEPSITO BATISTA                                   ;               ;030;303;SJQ8E15;     269,50;    0,34;18/11/2024;55;QUALIDADE DO PRODUTO          ;   ;rafael     ;15:25
004789                            ;18/11/2024;    ;082967;003;    ;0088820;PRIMUS DISTRIB.                                   ;(75)99191-2654 ;030;301;SJQ2B64;     380,27;    0,94;18/11/2024;42;Produto/Quantidade Errada     ;   ;jadson.se  ;22:25
004792                            ;18/11/2024;    ;083097;003;    ;0039867;DEPOSITO CENTRAL                                  ;(75)99839-0079 ;040;411;SJQ0G38;     518,90;    0,69;18/11/2024;71;SEM DINHEIRO/CHEQUE           ;   ;rafael     ;17:30
004792                            ;18/11/2024;    ;083103;003;    ;0085659;BOX DA EDILENE                                    ;(75)99989-5596 ;040;411;SJQ0G38;      90,98;    0,10;18/11/2024;64;SEM VASILHAME                 ;DER;rafael     ;17:29
004792                            ;18/11/2024;    ;083108;003;    ;0020726;ARENA PEGA PINTO                                  ;(07)59425-4541 ;040;411;SJQ0G38;       7,20;    0,00;18/11/2024;64;SEM VASILHAME                 ;DER;rafael     ;17:30
004794                            ;18/11/2024;    ;083175;003;    ;0045251;BAR DA LURDE                                      ;(75)99993-4631 ;040;415;SJQ9B03;      93,01;    0,11;18/11/2024;71;SEM DINHEIRO/CHEQUE           ;   ;rafael     ;18:03
004797                            ;18/11/2024;    ;083276;003;    ;0000417;BAR DA MANGUEIRA                                  ;(71)99632-4936 ;040;407;SJQ3A28;      96,32;    0,18;18/11/2024;73;FALTA DE ATIVOS DE GIRO       ;   ;rafael     ;16:26
004801                            ;18/11/2024;    ;083379;003;    ;0028047;BAR DE DENI                                       ;(07)59191-4824 ;040;406;SYE5D21;     104,56;    0,13;19/11/2024;72;PDV FECHADO (HORARIO COM.)    ;   ;mauricio.se;11:25
004802                            ;18/11/2024;    ;083391;003;    ;0029797;ESPETINHO DO CANIDIA                              ;(75)99842-8282 ;040;401;SIY2E51;      32,64;    0,04;18/11/2024;71;SEM DINHEIRO/CHEQUE           ;   ;rafael     ;13:47
004802                            ;18/11/2024;    ;083392;003;    ;0000073;ESPETINHO DA CANIDIA                              ;(75)99178-6596 ;040;401;SIY2E51;     219,22;    0,26;18/11/2024;71;SEM DINHEIRO/CHEQUE           ;   ;rafael     ;13:47
004802                            ;18/11/2024;    ;083393;003;    ;0000073;ESPETINHO DA CANIDIA                              ;(75)99178-6596 ;040;401;SIY2E51;      12,70;    0,06;18/11/2024;71;SEM DINHEIRO/CHEQUE           ;   ;rafael     ;13:47
004802                            ;18/11/2024;    ;083396;003;    ;0000514;MERCEARIA FAUNF                                   ;(75)99141-3302 ;040;403;SIY2E51;      65,34;    0,16;18/11/2024;72;PDV FECHADO (HORARIO COM.)    ;   ;rafael     ;13:48
004803                            ;18/11/2024;    ;083402;003;    ;0054278;VICENTE DA CARNE                                  ;(75)99150-8456 ;040;408;SIY2E51;     143,25;    0,25;18/11/2024;72;PDV FECHADO (HORARIO COM.)    ;   ;rafael     ;18:06
004810                            ;19/11/2024;    ;083482;003;    ;0000758;BAL DO VAL                                        ;(75)98315-5353 ;040;411;SJQ2B64;     175,50;    0,20;19/11/2024;82;ENDERECO NAO ENCONTRADO       ;   ;cunha.se   ;22:28
004817                            ;19/11/2024;    ;083855;003;    ;0091793;FRIGORIFICO CARNEIRO                              ;(75)99289-9817 ;040;412;SJQ7D41;     224,98;    0,31;19/11/2024;71;SEM DINHEIRO/CHEQUE           ;   ;mauricio.se;18:59
004817                            ;19/11/2024;    ;083856;003;    ;0091793;FRIGORIFICO CARNEIRO                              ;(75)99289-9817 ;040;412;SJQ7D41;     264,50;    0,34;19/11/2024;71;SEM DINHEIRO/CHEQUE           ;   ;mauricio.se;19:  
004827                            ;19/11/2024;    ;084140;003;    ;0087486;BAR TOM                                           ;(75)99888-1948 ;040;405;HMM9I85;     205,74;    0,32;19/11/2024;72;PDV FECHADO (HORARIO COM.)    ;   ;mauricio.se;17:10
004827                            ;19/11/2024;    ;084156;003;    ;0035452;PASTEL DELiCIA                                    ;(75)99208-6768 ;040;409;HMM9I85;     348,05;    0,50;19/11/2024;72;PDV FECHADO (HORARIO COM.)    ;   ;mauricio.se;17:11
004829                            ;19/11/2024;    ;084222;003;    ;0020377;QUIOSQUE DA NEGONA                                ;(07)58340-1259 ;040;413;SIY2E51;     103,48;    0,16;19/11/2024;72;PDV FECHADO (HORARIO COM.)    ;   ;mauricio.se;16:22
004830                            ;19/11/2024;    ;084228;003;    ;0045847;NAI DO MERCADAO                                   ;(75)98221-7194 ;040;411;SYE5D21;     305,12;    0,41;20/11/2024;71;SEM DINHEIRO/CHEQUE           ;   ;rafael     ;13:37
004830                            ;19/11/2024;    ;084234;003;    ;0000549;ARENA DOIS IRMAO                                  ;(75)98264-5820 ;040;411;SYE5D21;     309,90;    0,33;20/11/2024;42;Produto/Quantidade Errada     ;   ;rafael     ;13:38
004832                            ;19/11/2024;    ;084267;003;    ;0055001; DISTRIBUIDORA LIMA                               ;               ;040;410;EIR4662;     105,80;    0,13;19/11/2024;46;Endereco Nao Encontrado       ;   ;mauricio.se;15:07
004832                            ;19/11/2024;    ;084274;003;    ;0085119;FARMACIA DO DAY                                   ;(75) 9131-8558 ;040;409;EIR4662;     123,10;    0,23;19/11/2024;71;SEM DINHEIRO/CHEQUE           ;   ;mauricio.se;15:06
004832                            ;19/11/2024;    ;084277;003;    ;0053146;ESPETOS PREMIUM                                   ;(71)99315-7940 ;040;409;EIR4662;     142,75;    0,19;19/11/2024;72;PDV FECHADO (HORARIO COM.)    ;   ;mauricio.se;15:06
004834                            ;19/11/2024;    ;084300;003;    ;0086046;LANCHONETE CALCADAO                               ;(75)99123-6625 ;040;408;NTE9309;     186,35;    0,30;19/11/2024;85;DIFICIL ACESSO                ;   ;mauricio.se;13:55
004834                            ;19/11/2024;    ;084306;003;    ;0047915;DISTRIBUIDORA MANIA                               ;(75)99213-2454 ;071;011;NTE9309;     143,80;    0,07;19/11/2024;72;PDV FECHADO (HORARIO COM.)    ;   ;mauricio.se;13:55
004834                            ;19/11/2024;    ;084308;003;    ;0027361;STOP BEER                                         ;(75)99133-0843 ;040;403;NTE9309;      97,64;    0,12;19/11/2024;72;PDV FECHADO (HORARIO COM.)    ;   ;mauricio.se;13:55
004835                            ;19/11/2024;    ;084328;003;    ;0000537;DEP”SITO DA MARI                                  ;(75)99908-9758 ;040;415;NZO1G22;      56,47;    0,04;19/11/2024;72;PDV FECHADO (HORARIO COM.)    ;   ;mauricio.se;12:07
004835                            ;19/11/2024;    ;084330;003;    ;0000365;BAR DA ARAPUCA                                    ;(75)99229-8266 ;040;415;NZO1G22;     201,50;    0,32;19/11/2024;72;PDV FECHADO (HORARIO COM.)    ;   ;mauricio.se;12:07
004835                            ;19/11/2024;    ;084331;003;    ;0031525;BA DA DAMIANA                                     ;(75)99173-1770 ;040;415;NZO1G22;     259,64;    0,39;19/11/2024;73;FALTA DE ATIVOS DE GIRO       ;   ;mauricio.se;12:06
004837                            ;19/11/2024;    ;084359;003;    ;0047250; MORINGA MORIQUEIRA                               ;               ;040;403;NZO1G22;       2,61;    0,00;19/11/2024;42;Produto/Quantidade Errada     ;   ;mauricio.se;16:21
004844                            ;20/11/2024;    ;084388;003;    ;0085125;D  GUST PIZZARIA                                  ;(75)98325-4142 ;040;402;SJQ2B64;     542,44;    0,78;20/11/2024;73;FALTA DE ATIVOS DE GIRO       ;   ;jadson.se  ;22:05
004844                            ;20/11/2024;    ;084394;003;    ;0085853;O POINT ENCONTRO DOS                              ;(75)99207-0494 ;040;402;SJQ2B64;      78,22;    0,08;20/11/2024;72;PDV FECHADO (HORARIO COM.)    ;DER;jadson.se  ;22:04
004850                            ;20/11/2024;    ;084703;003;    ;0092023;MARCOS MOTA                                       ;(75)99979-6626 ;040;405;SJQ8E15;    2617,28;    3,92;21/11/2024;87;TEMPO INSUFICIENTE            ;   ;mauricio.se;18:09
004850                            ;20/11/2024;    ;084704;003;    ;0092023;MARCOS MOTA                                       ;(75)99979-6626 ;040;405;SJQ8E15;     488,84;    0,62;21/11/2024;87;TEMPO INSUFICIENTE            ;   ;mauricio.se;18:10
004855                            ;20/11/2024;    ;084960;003;    ;0000497;KIOSQUE DA JANA                                   ;(75)99708-5359 ;040;411;SJQ0G38;     107,80;    0,13;20/11/2024;87;TEMPO INSUFICIENTE            ;   ;jadson.se  ;19:25
004855                            ;20/11/2024;    ;084961;003;    ;0000497;KIOSQUE DA JANA                                   ;(75)99708-5359 ;040;411;SJQ0G38;     335,40;    0,41;20/11/2024;87;TEMPO INSUFICIENTE            ;   ;jadson.se  ;19:26
004855                            ;20/11/2024;    ;084962;003;    ;0000679;RANULFOS                                          ;(75)98123-5168 ;040;411;SJQ0G38;    1286,30;    1,56;20/11/2024;87;TEMPO INSUFICIENTE            ;   ;jadson.se  ;19:24
004855                            ;20/11/2024;    ;084963;003;    ;0000679;RANULFOS                                          ;(75)98123-5168 ;040;411;SJQ0G38;    1262,90;    1,73;20/11/2024;87;TEMPO INSUFICIENTE            ;   ;jadson.se  ;19:24
004855                            ;20/11/2024;    ;084964;003;    ;0045085;BAR BELO ALTO STOP                                ;(75)99952-0478 ;040;411;SJQ0G38;     188,52;    0,37;20/11/2024;87;TEMPO INSUFICIENTE            ;   ;jadson.se  ;19:27
004855                            ;20/11/2024;    ;084965;003;    ;0048926;MERCEARIA DA GLEIDE                               ;(75)98284-7732 ;040;407;SJQ0G38;      32,70;    0,04;20/11/2024;87;TEMPO INSUFICIENTE            ;   ;jadson.se  ;19:22
004855                            ;20/11/2024;    ;084966;003;    ;0048926;MERCEARIA DA GLEIDE                               ;(75)98284-7732 ;040;407;SJQ0G38;      89,11;    0,23;20/11/2024;87;TEMPO INSUFICIENTE            ;   ;jadson.se  ;19:26
004855                            ;20/11/2024;    ;084967;003;    ;0048926;MERCEARIA DA GLEIDE                               ;(75)98284-7732 ;040;407;SJQ0G38;      92,04;    0,24;20/11/2024;87;TEMPO INSUFICIENTE            ;   ;jadson.se  ;19:23
004855                            ;20/11/2024;    ;084968;003;    ;0054226;COMERCIO NOSSA SENHO                              ;(75)98289-1459 ;040;407;SJQ0G38;     431,20;    0,55;20/11/2024;87;TEMPO INSUFICIENTE            ;   ;jadson.se  ;19:27
004856                            ;20/11/2024;    ;085058;003;    ;0050370;REDE TODA BOA SUPERM                              ;(75)99938-3973 ;030;302;SJQ3C84;     954,18;    1,16;20/11/2024;72;PDV FECHADO (HORARIO COM.)    ;   ;rafael     ;17:33
004856                            ;20/11/2024;    ;085059;003;    ;0050370;REDE TODA BOA SUPERM                              ;(75)99938-3973 ;030;302;SJQ3C84;     515,98;    0,62;20/11/2024;72;PDV FECHADO (HORARIO COM.)    ;   ;rafael     ;17:34
004856                            ;20/11/2024;    ;085060;003;    ;0050370;REDE TODA BOA SUPERM                              ;(75)99938-3973 ;030;302;SJQ3C84;    1343,15;    2,05;20/11/2024;72;PDV FECHADO (HORARIO COM.)    ;   ;rafael     ;17:34
004859                            ;20/11/2024;    ;085150;003;    ;0086693;ELIEL SUPERMERCADO                                ;(75)98121-8239 ;030;301;SJQ9H52;    2187,61;    4,93;20/11/2024;48;PDV Fechado Apos              ;   ;rafael     ;16:39
004859                            ;20/11/2024;    ;085151;003;    ;0032207;ATACADAO CASA DO ARR                              ;(75)99184-0060 ;030;301;SJQ9H52;     381,81;    0,60;20/11/2024;48;PDV Fechado Apos              ;   ;rafael     ;16:40
004859                            ;20/11/2024;    ;085152;003;    ;0032207;ATACADAO CASA DO ARR                              ;(75)99184-0060 ;030;301;SJQ9H52;    1194,00;    1,09;20/11/2024;48;PDV Fechado Apos              ;   ;rafael     ;16:40
004859                            ;20/11/2024;    ;085153;003;    ;0032207;ATACADAO CASA DO ARR                              ;(75)99184-0060 ;030;301;SJQ9H52;    2011,14;    2,73;20/11/2024;48;PDV Fechado Apos              ;   ;rafael     ;16:40
004859                            ;20/11/2024;    ;085154;003;    ;0032207;ATACADAO CASA DO ARR                              ;(75)99184-0060 ;030;301;SJQ9H52;     215,60;    0,27;20/11/2024;48;PDV Fechado Apos              ;   ;rafael     ;16:41
004859                            ;20/11/2024;    ;085172;003;    ;0009432;SUPERMER SUPER PINTO                              ;(75) 3262-1052 ;030;301;SJQ9H52;    1805,42;    2,67;20/11/2024;48;PDV Fechado Apos              ;   ;rafael     ;16:36
004859                            ;20/11/2024;    ;085173;003;    ;0009432;SUPERMER SUPER PINTO                              ;(75) 3262-1052 ;030;301;SJQ9H52;     105,80;    0,13;20/11/2024;48;PDV Fechado Apos              ;   ;rafael     ;16:37
004859                            ;20/11/2024;    ;085174;003;    ;0009432;SUPERMER SUPER PINTO                              ;(75) 3262-1052 ;030;301;SJQ9H52;     407,94;    0,56;20/11/2024;48;PDV Fechado Apos              ;   ;rafael     ;16:40
004859                            ;20/11/2024;    ;085175;003;    ;0009432;SUPERMER SUPER PINTO                              ;(75) 3262-1052 ;030;301;SJQ9H52;     532,80;    1,56;20/11/2024;48;PDV Fechado Apos              ;   ;rafael     ;16:39
004859                            ;20/11/2024;    ;085176;003;    ;0009432;SUPERMER SUPER PINTO                              ;(75) 3262-1052 ;030;301;SJQ9H52;     171,36;    0,18;20/11/2024;48;PDV Fechado Apos              ;   ;rafael     ;16:39
004861                            ;20/11/2024;    ;085190;003;    ;0020022;SATIRO OFERTA COMERC                              ;(75)53446-2239 ;040;406;GGC2226;    1184,90;    3,10;20/11/2024;48;PDV Fechado Apos              ;   ;rafael     ;16:57
004862                            ;20/11/2024;    ;085203;003;    ;0025957;LUCIANO BAR                                       ;(75)98184-9490 ;040;413;JNW2B79;    1184,80;    1,51;20/11/2024;73;FALTA DE ATIVOS DE GIRO       ;   ;rafael     ;17:17
004863                            ;20/11/2024;    ;085230;003;    ;0086521;SUP SENHOR DO BOMFIM                              ;(75) 8328-8359 ;030;302;HMM9I85;     515,44;    0,62;20/11/2024;87;TEMPO INSUFICIENTE            ;   ;rafael     ;15:07
004863                            ;20/11/2024;    ;085231;003;    ;0047755;BOTECO ReS                                        ;(75)98231-5311 ;040;407;HMM9I85;     494,53;    0,36;20/11/2024;87;TEMPO INSUFICIENTE            ;   ;rafael     ;15:08
004863                            ;20/11/2024;    ;085246;003;    ;0044576;ADEGAJN                                           ;               ;040;407;HMM9I85;     203,71;    0,26;20/11/2024;87;TEMPO INSUFICIENTE            ;   ;rafael     ;15:07
004865                            ;20/11/2024;    ;085319;003;    ;0091075;IMPERIO                                           ;(75)99121-1212 ;030;301;SIY2E51;      61,57;    0,03;20/11/2024;50;CARGA ERRADA ARMAZEM          ;   ;rafael     ;14:05
004866                            ;20/11/2024;    ;085328;003;    ;0025300;MERCADO  BARRETO                                  ;(75)98127-3630 ;040;413;EIR4662;      67,20;    0,09;20/11/2024;72;PDV FECHADO (HORARIO COM.)    ;   ;rafael     ;11:07
004870                            ;20/11/2024;    ;085383;003;    ;0087409;MERCADINHO JLA                                    ;(75)99220-2313 ;040;403;SYE5D21;     206,40;    0,36;20/11/2024;72;PDV FECHADO (HORARIO COM.)    ;   ;rafael     ;18:32
004871                            ;20/11/2024;    ;085396;003;    ;0053900;SHAMMAI DISTRIBIUDOR                              ;(75)99144-2538 ;071;011;NZO1G22;     174,50;    0,21;20/11/2024;71;SEM DINHEIRO/CHEQUE           ;   ;rafael     ;10:50
004881                            ;21/11/2024;    ;085557;003;    ;0050751;DN MERCADINHO E VARI                              ;(43)90000-0000 ;040;405;SJQ7D41;     627,08;    0,94;21/11/2024;87;TEMPO INSUFICIENTE            ;   ;cunha.se   ;18:58
004881                            ;21/11/2024;    ;085562;003;    ;0092434;E G M BEBIDAS                                     ;(75)99989-1017 ;040;405;SJQ7D41;     269,50;    0,34;21/11/2024;72;PDV FECHADO (HORARIO COM.)    ;   ;cunha.se   ;18:57
004881                            ;21/11/2024;    ;085563;003;    ;0092434;E G M BEBIDAS                                     ;(75)99989-1017 ;040;405;SJQ7D41;    4151,20;    5,52;21/11/2024;72;PDV FECHADO (HORARIO COM.)    ;   ;cunha.se   ;18:57
004882                            ;21/11/2024;    ;085601;003;    ;0038643;AM BEBIDAS                                        ;(71)98266-1481 ;040;414;SJQ9G53;     431,20;    0,55;21/11/2024;71;SEM DINHEIRO/CHEQUE           ;   ;mauricio.se;16:02
004882                            ;21/11/2024;    ;085602;003;    ;0038643;AM BEBIDAS                                        ;(71)98266-1481 ;040;414;SJQ9G53;     291,60;    0,35;21/11/2024;71;SEM DINHEIRO/CHEQUE           ;   ;mauricio.se;16:02
004882                            ;21/11/2024;    ;085603;003;    ;0038643;AM BEBIDAS                                        ;(71)98266-1481 ;040;414;SJQ9G53;     216,10;    0,26;21/11/2024;71;SEM DINHEIRO/CHEQUE           ;   ;mauricio.se;16:03
004885                            ;21/11/2024;    ;085703;003;    ;0052115;BAR DE PEBA                                       ;(75)99912-9576 ;040;407;SJQ0G38;     377,30;    0,48;21/11/2024;50;CARGA ERRADA ARMAZEM          ;   ;mauricio.se;17:05
004890                            ;21/11/2024;    ;085890;003;    ;0055262;BAR DA BRAUNA                                     ;(71)99641-4501 ;040;405;SJQ4A76;     285,92;    0,37;21/11/2024;87;TEMPO INSUFICIENTE            ;   ;cunha.se   ;19:09
004894                            ;21/11/2024;    ;086020;003;    ;0086926;CHURRASC COREANO                                  ;(75) 9192-9545 ;040;404;HMM9I85;     331,97;    0,44;21/11/2024;71;SEM DINHEIRO/CHEQUE           ;   ;cunha.se   ;19:20
004894                            ;21/11/2024;    ;086021;003;    ;0000335;DIVERSOS SABORES                                  ;(75)99191-8614 ;040;404;HMM9I85;      77,90;    0,16;21/11/2024;32;ENTREGA ATRASADA (BUFFER)     ;   ;cunha.se   ;19:21
004894                            ;21/11/2024;    ;086033;003;    ;0052705;BAR DA TINA                                       ;(75)99211-5321 ;040;412;HMM9I85;      14,88;    0,04;21/11/2024;87;TEMPO INSUFICIENTE            ;   ;cunha.se   ;19:20
004894                            ;21/11/2024;    ;086034;003;    ;0040956;ARAPUCA BAR                                       ;(75)99202-1485 ;040;412;HMM9I85;      44,04;    0,12;21/11/2024;87;TEMPO INSUFICIENTE            ;   ;cunha.se   ;19:22
004894                            ;21/11/2024;    ;086038;003;    ;0092349;THAY LANCHES                                      ;(75)98216-9391 ;040;412;HMM9I85;      87,50;    0,11;21/11/2024;87;TEMPO INSUFICIENTE            ;   ;cunha.se   ;19:22
004894                            ;21/11/2024;    ;086043;003;    ;0040872;BAR DA GEL                                        ;(71)99711-2898 ;040;412;HMM9I85;     266,50;    0,34;21/11/2024;81;PRODUTO DANIFICADO / FALTA    ;   ;cunha.se   ;19:19
004896                            ;21/11/2024;    ;086070;003;    ;0000356;REFUGIO RESTAURANTE                               ;(75)98113-9340 ;040;408;JOG4B37;     345,02;    0,43;21/11/2024;72;PDV FECHADO (HORARIO COM.)    ;   ;mauricio.se;13:34
004896                            ;21/11/2024;    ;086072;003;    ;0050012; BAR SEM NOME                                     ;               ;040;408;JOG4B37;      52,86;    0,06;21/11/2024;72;PDV FECHADO (HORARIO COM.)    ;   ;mauricio.se;13:35
004898                            ;21/11/2024;    ;086101;003;    ;0034403;MERCADINHO NOVENTINH                              ;(75)99908-4633 ;040;411;SIY2E51;     219,42;    0,44;21/11/2024;72;PDV FECHADO (HORARIO COM.)    ;   ;mauricio.se;15:24
004898                            ;21/11/2024;    ;086102;003;    ;0000643;BAR DA BIA                                        ;(75)99873-6152 ;040;411;SIY2E51;     161,70;    0,20;21/11/2024;87;TEMPO INSUFICIENTE            ;   ;mauricio.se;15:23
004898                            ;21/11/2024;    ;086103;003;    ;0000643;BAR DA BIA                                        ;(75)99873-6152 ;040;411;SIY2E51;     161,70;    0,20;21/11/2024;87;TEMPO INSUFICIENTE            ;   ;mauricio.se;15:23
004900                            ;21/11/2024;    ;086138;003;    ;0045560;   BAR ARAJO                                      ;               ;040;415;NZO1G22;     303,84;    0,40;21/11/2024;71;SEM DINHEIRO/CHEQUE           ;   ;mauricio.se;09:37
004907                            ;22/11/2024;    ;086183;003;    ;0044555;DISTRIBUIDORA DO EDY                              ;(43)90000-0000 ;040;402;SJQ9H52;     269,50;    0,34;23/11/2024;42;Produto/Quantidade Errada     ;   ;jadson.se  ;02:36
004907                            ;22/11/2024;    ;086202;003;    ;0053216; BALBYNOS BROD BAR                                ;               ;040;402;SJQ9H52;     163,76;    0,20;23/11/2024;42;Produto/Quantidade Errada     ;   ;jadson.se  ;02:36
004914                            ;22/11/2024;    ;086525;003;    ;0036115;ADEGA JN                                          ;               ;040;407;SJQ4A76;    1078,00;    1,38;22/11/2024;87;TEMPO INSUFICIENTE            ;   ;jadson.se  ;19:22
004914                            ;22/11/2024;    ;086537;003;    ;0026392;BUTECO DO PEGADA                                  ;(75)99969-8510 ;040;412;SJQ4A76;     623,20;    0,70;22/11/2024;87;TEMPO INSUFICIENTE            ;   ;jadson.se  ;19:22
004914                            ;22/11/2024;    ;086539;003;    ;0026392;BUTECO DO PEGADA                                  ;(75)99969-8510 ;040;412;SJQ4A76;    1347,50;    1,72;22/11/2024;73;FALTA DE ATIVOS DE GIRO       ;   ;jadson.se  ;19:23
004918                            ;22/11/2024;    ;086726;003;    ;0020431;DEPOSITO DE  NENEM                                ;(75)99917-6677 ;040;406;SJQ3A28;    1226,30;    1,57;22/11/2024;73;FALTA DE ATIVOS DE GIRO       ;   ;mauricio.se;16:43
004918                            ;22/11/2024;    ;086727;003;    ;0020431;DEPOSITO DE  NENEM                                ;(75)99917-6677 ;040;406;SJQ3A28;      90,00;    0,12;22/11/2024;73;FALTA DE ATIVOS DE GIRO       ;   ;mauricio.se;16:43
004919                            ;22/11/2024;    ;086761;003;    ;0040516;DEPOSITO DO VAL                                   ;(75)99818-6605 ;040;405;SJQ3C84;     539,00;    0,69;22/11/2024;72;PDV FECHADO (HORARIO COM.)    ;   ;mauricio.se;18:36
004919                            ;22/11/2024;    ;086770;003;    ;0037668;Bar Caneta Azul                                   ;(75)99195-6817 ;040;405;SJQ3C84;       6,25;    0,00;22/11/2024;42;Produto/Quantidade Errada     ;   ;mauricio.se;18:37
004925                            ;22/11/2024;    ;086997;003;    ;0032177;IDEAL SUPERMERCADO                                ;(75)99157-6995 ;040;404;HMM9I85;     185,15;    0,23;22/11/2024;73;FALTA DE ATIVOS DE GIRO       ;   ;mauricio.se;17:31
004925                            ;22/11/2024;    ;086998;003;    ;0032177;IDEAL SUPERMERCADO                                ;(75)99157-6995 ;040;404;HMM9I85;     299,80;    0,28;22/11/2024;73;FALTA DE ATIVOS DE GIRO       ;   ;mauricio.se;17:31
004925                            ;22/11/2024;    ;086999;003;    ;0032177;IDEAL SUPERMERCADO                                ;(75)99157-6995 ;040;404;HMM9I85;      77,80;    0,08;22/11/2024;73;FALTA DE ATIVOS DE GIRO       ;   ;mauricio.se;17:32
004925                            ;22/11/2024;    ;087000;003;    ;0032177;IDEAL SUPERMERCADO                                ;(75)99157-6995 ;040;404;HMM9I85;      38,90;    0,04;22/11/2024;73;FALTA DE ATIVOS DE GIRO       ;   ;mauricio.se;17:32
004925                            ;22/11/2024;    ;087001;003;    ;0045633;BAR RAA NEGRA                                     ;               ;040;414;HMM9I85;     107,80;    0,13;22/11/2024;72;PDV FECHADO (HORARIO COM.)    ;   ;mauricio.se;17:33
004925                            ;22/11/2024;    ;087007;003;    ;0032253;MERCADINHO CARDOSO                                ;(75)99194-1268 ;040;414;HMM9I85;     325,72;    0,67;22/11/2024;87;TEMPO INSUFICIENTE            ;   ;mauricio.se;17:35
004925                            ;22/11/2024;    ;087009;003;    ;0056651;SORVETERIA SABOR DA                               ;               ;040;414;HMM9I85;      53,90;    0,06;22/11/2024;87;TEMPO INSUFICIENTE            ;   ;mauricio.se;17:37
004925                            ;22/11/2024;    ;087010;003;    ;0056651;SORVETERIA SABOR DA                               ;               ;040;414;HMM9I85;      53,90;    0,06;22/11/2024;87;TEMPO INSUFICIENTE            ;   ;mauricio.se;17:37
004925                            ;22/11/2024;    ;087011;003;    ;0056651;SORVETERIA SABOR DA                               ;               ;040;414;HMM9I85;      46,10;    0,04;22/11/2024;87;TEMPO INSUFICIENTE            ;   ;mauricio.se;17:37
004925                            ;22/11/2024;    ;087012;003;    ;0045124;MARGARIDA OLIVEIRA D                              ;(75)99119-3631 ;040;414;HMM9I85;      49,70;    0,06;22/11/2024;87;TEMPO INSUFICIENTE            ;   ;mauricio.se;17:35
004925                            ;22/11/2024;    ;087013;003;    ;0045124;MARGARIDA OLIVEIRA D                              ;(75)99119-3631 ;040;414;HMM9I85;      49,96;    0,06;22/11/2024;87;TEMPO INSUFICIENTE            ;   ;mauricio.se;17:36
004925                            ;22/11/2024;    ;087014;003;    ;0045124;MARGARIDA OLIVEIRA D                              ;(75)99119-3631 ;040;414;HMM9I85;      40,16;    0,12;22/11/2024;87;TEMPO INSUFICIENTE            ;   ;mauricio.se;17:36
004925                            ;22/11/2024;    ;087015;003;    ;0045124;MARGARIDA OLIVEIRA D                              ;(75)99119-3631 ;040;414;HMM9I85;     105,80;    0,13;22/11/2024;87;TEMPO INSUFICIENTE            ;   ;mauricio.se;17:36
004925                            ;22/11/2024;    ;087020;003;    ;0029722;CARDOSO PASTELARIA                                ;(75) 8185-7788 ;071;011;HMM9I85;      33,60;    0,04;22/11/2024;87;TEMPO INSUFICIENTE            ;   ;mauricio.se;17:38
004925                            ;22/11/2024;    ;087021;003;    ;0029722;CARDOSO PASTELARIA                                ;(75) 8185-7788 ;071;011;HMM9I85;      12,86;    0,06;22/11/2024;87;TEMPO INSUFICIENTE            ;   ;mauricio.se;17:38
004925                            ;22/11/2024;    ;087022;003;    ;0090455;LACOMUNA                                          ;(75)99176-5359 ;040;414;HMM9I85;     107,80;    0,13;22/11/2024;72;PDV FECHADO (HORARIO COM.)    ;   ;mauricio.se;17:29
004925                            ;22/11/2024;    ;087023;003;    ;0090455;LACOMUNA                                          ;(75)99176-5359 ;040;414;HMM9I85;     215,60;    0,27;22/11/2024;72;PDV FECHADO (HORARIO COM.)    ;   ;mauricio.se;17:30
004925                            ;22/11/2024;    ;087024;003;    ;0090455;LACOMUNA                                          ;(75)99176-5359 ;040;414;HMM9I85;     149,90;    0,14;22/11/2024;72;PDV FECHADO (HORARIO COM.)    ;   ;mauricio.se;17:30
004925                            ;22/11/2024;    ;087027;003;    ;0050805;MERCADINHO CENTRAL                                ;(75)99117-3209 ;040;404;HMM9I85;      94,44;    0,08;22/11/2024;71;SEM DINHEIRO/CHEQUE           ;   ;mauricio.se;17:34
004925                            ;22/11/2024;    ;087028;003;    ;0050805;MERCADINHO CENTRAL                                ;(75)99117-3209 ;040;404;HMM9I85;      12,70;    0,06;22/11/2024;71;SEM DINHEIRO/CHEQUE           ;   ;mauricio.se;17:34
004928                            ;22/11/2024;    ;087072;003;    ;0020349;MERCEARIA MJE                                     ;(07)59876-9839 ;040;415;EIR4662;     205,86;    0,27;22/11/2024;37;PDV Fechado                   ;   ;mauricio.se;14:07
004928                            ;22/11/2024;    ;087079;003;    ;0028103;BAR DE NOLI                                       ;(75)98308-2932 ;040;415;EIR4662;     103,82;    0,14;22/11/2024;71;SEM DINHEIRO/CHEQUE           ;   ;mauricio.se;14:07
004931                            ;22/11/2024;    ;087132;003;    ;0028399;TREILLER DO HOSPITAL                              ;(75)99834-4715 ;040;408;NTE9309;      44,04;    0,12;22/11/2024;72;PDV FECHADO (HORARIO COM.)    ;   ;mauricio.se;10:39
004932                            ;22/11/2024;    ;087146;003;    ;0051242;SASHIMI SERRINHA                                  ;(51)70000-0000 ;040;403;NZO1G22;     499,51;    0,41;22/11/2024;72;PDV FECHADO (HORARIO COM.)    ;   ;mauricio.se;10:28
004932                            ;22/11/2024;    ;087151;003;    ;0000181;PIZZARIA BELLA MASSA                              ;(75)99292-5075 ;040;403;NZO1G22;     186,36;    0,48;22/11/2024;72;PDV FECHADO (HORARIO COM.)    ;   ;mauricio.se;10:28
004943                            ;23/11/2024;    ;087354;003;    ;0090488;DIOGO ALMEIDA                                     ;(75)99954-5823 ;040;407;SIY2E51;     187,63;    0,24;23/11/2024;71;SEM DINHEIRO/CHEQUE           ;   ;rafael     ;14:09
004949                            ;23/11/2024;    ;087548;003;    ;0009686;MERC. CARIRI                                      ;(75)99192-2488 ;040;403;NZO1G22;     168,84;    0,48;23/11/2024;71;SEM DINHEIRO/CHEQUE           ;   ;rafael     ;10:57
004949                            ;23/11/2024;    ;087559;003;    ;0085027;PONTO DA PLENNA                                   ;(75) 9165-8585 ;040;403;NZO1G22;     115,84;    0,18;23/11/2024;72;PDV FECHADO (HORARIO COM.)    ;   ;rafael     ;10:58
004949                            ;23/11/2024;    ;087561;003;    ;0045313;BAR TIJOLÉO                                       ;               ;040;403;NZO1G22;     123,16;    0,07;23/11/2024;42;Produto/Quantidade Errada     ;   ;rafael     ;10:58
004953                            ;23/11/2024;    ;087668;003;    ;0000740;CASA DA CARNE DO SOL                              ;(75)98130-1440 ;040;414;SJQ7D41;     885,96;    0,88;23/11/2024;72;PDV FECHADO (HORARIO COM.)    ;   ;rafael     ;16:35
004955                            ;23/11/2024;    ;087735;003;    ;0050992;LANCHONETE                                        ;(75)99141-9921 ;040;409;SJQ8E15;     175,50;    0,20;23/11/2024;82;ENDERECO NAO ENCONTRADO       ;   ;rafael     ;17:05
004955                            ;23/11/2024;    ;087736;003;    ;0050992;LANCHONETE                                        ;(75)99141-9921 ;040;409;SJQ8E15;     252,70;    0,29;23/11/2024;82;ENDERECO NAO ENCONTRADO       ;   ;rafael     ;17:05
004955                            ;23/11/2024;    ;087750;003;    ;0050680;NEY DO GS                                         ;(87)90000-0000 ;040;405;SJQ8E15;      53,90;    0,06;23/11/2024;72;PDV FECHADO (HORARIO COM.)    ;   ;rafael     ;17:06
004957                            ;23/11/2024;    ;087828;003;    ;0032207;ATACADAO CASA DO ARR                              ;(75)99184-0060 ;030;301;SJQ3C18;    1547,50;    1,42;23/11/2024;72;PDV FECHADO (HORARIO COM.)    ;   ;rafael     ;16:52
004957                            ;23/11/2024;    ;087829;003;    ;0032207;ATACADAO CASA DO ARR                              ;(75)99184-0060 ;030;301;SJQ3C18;    2014,20;    6,60;23/11/2024;72;PDV FECHADO (HORARIO COM.)    ;   ;rafael     ;16:52
004957                            ;23/11/2024;    ;087830;003;    ;0032207;ATACADAO CASA DO ARR                              ;(75)99184-0060 ;030;301;SJQ3C18;    2526,72;    6,54;23/11/2024;72;PDV FECHADO (HORARIO COM.)    ;   ;rafael     ;16:53
004958                            ;23/11/2024;    ;087893;003;    ;0020561;MERCEARIA DE LILICO                               ;(07)58218-3492 ;040;413;SJQ4A76;     341,25;    0,93;23/11/2024;72;PDV FECHADO (HORARIO COM.)    ;   ;rafael     ;16:26
004958                            ;23/11/2024;    ;087897;003;    ;0020465;BAR E CHURRASCARIA N                              ;(75)98176-5826 ;040;415;SJQ4A76;     204,90;    0,32;23/11/2024;73;FALTA DE ATIVOS DE GIRO       ;   ;rafael     ;16:26
004959                            ;23/11/2024;    ;087940;003;    ;0085472;EDINHO SUPERMERCADO                               ;(75) 3262-1110 ;030;301;GGC2226;     453,60;    0,84;23/11/2024;72;PDV FECHADO (HORARIO COM.)    ;   ;rafael     ;18:19
004959                            ;23/11/2024;    ;087941;003;    ;0085472;EDINHO SUPERMERCADO                               ;(75) 3262-1110 ;030;301;GGC2226;     825,00;    1,32;23/11/2024;72;PDV FECHADO (HORARIO COM.)    ;DER;rafael     ;18:19
004961                            ;23/11/2024;    ;087980;003;    ;0085906;CHAMA SUPERMERCADO                                ;(75)98851-2019 ;030;302;SJQ3C84;    3600,00;   13,20;23/11/2024;86;HORARIO DE ENTREGA            ;   ;rafael     ;15:23
004961                            ;23/11/2024;    ;087981;003;    ;0085906;CHAMA SUPERMERCADO                                ;(75)98851-2019 ;030;302;SJQ3C84;      20,00;    0,02;23/11/2024;86;HORARIO DE ENTREGA            ;   ;rafael     ;15:24
004961                            ;23/11/2024;    ;087982;003;    ;0085906;CHAMA SUPERMERCADO                                ;(75)98851-2019 ;030;302;SJQ3C84;     122,72;    0,16;23/11/2024;86;HORARIO DE ENTREGA            ;   ;rafael     ;15:24
004961                            ;23/11/2024;    ;087983;003;    ;0085906;CHAMA SUPERMERCADO                                ;(75)98851-2019 ;030;302;SJQ3C84;     124,00;    0,16;23/11/2024;86;HORARIO DE ENTREGA            ;   ;rafael     ;15:24
004961                            ;23/11/2024;    ;087984;003;    ;0085906;CHAMA SUPERMERCADO                                ;(75)98851-2019 ;030;302;SJQ3C84;     200,00;    0,60;23/11/2024;86;HORARIO DE ENTREGA            ;   ;rafael     ;15:24
004961                            ;23/11/2024;    ;087985;003;    ;0085906;CHAMA SUPERMERCADO                                ;(75)98851-2019 ;030;302;SJQ3C84;      29,22;    0,06;23/11/2024;86;HORARIO DE ENTREGA            ;   ;rafael     ;15:24
004961                            ;23/11/2024;    ;087986;003;    ;0085906;CHAMA SUPERMERCADO                                ;(75)98851-2019 ;030;302;SJQ3C84;      35,00;    0,03;23/11/2024;86;HORARIO DE ENTREGA            ;   ;rafael     ;15:23
004962                            ;23/11/2024;    ;088038;003;    ;0044693;MERCEARIA RUA BAHIA                               ;(75)98344-6089 ;040;407;JNW2B79;     323,40;    0,41;23/11/2024;42;Produto/Quantidade Errada     ;   ;rafael     ;17:25
004971                            ;25/11/2024;    ;088108;003;    ;0028015;MERCADINHO e BAR SOU                              ;(00) 0000-0075 ;040;406;SJQ3A28;    1943,47;    2,14;25/11/2024;32;ENTREGA ATRASADA (BUFFER)     ;   ;mauricio.se;15:54
004971                            ;25/11/2024;    ;088113;003;    ;0000751;BAR DE VAL                                        ;(75)98367-3759 ;040;411;SJQ3A28;     585,00;    0,69;25/11/2024;82;ENDERECO NAO ENCONTRADO       ;   ;mauricio.se;15:55
004975                            ;25/11/2024;    ;088230;003;    ;0020639;BAR PONTO RESISTENCI                              ;(07)58172-3154 ;040;413;SJQ8E15;      84,64;    0,28;25/11/2024;71;SEM DINHEIRO/CHEQUE           ;   ;mauricio.se;16:40
004975                            ;25/11/2024;    ;088231;003;    ;0020623;BAR DE DONA NEGA                                  ;(07)58220-8215 ;040;413;SJQ8E15;     105,80;    0,13;25/11/2024;71;SEM DINHEIRO/CHEQUE           ;   ;mauricio.se;16:39
004975                            ;25/11/2024;    ;088239;003;    ;0020294;QUENTINHA DA COZINHA                              ;(07)18172-3497 ;040;413;SJQ8E15;     100,52;    0,21;25/11/2024;42;Produto/Quantidade Errada     ;   ;mauricio.se;16:38
004975                            ;25/11/2024;    ;088241;003;    ;0048190;MERC DO VALMIR                                    ;(75)99218-1466 ;040;415;SJQ8E15;     182,05;    0,37;25/11/2024;72;PDV FECHADO (HORARIO COM.)    ;   ;mauricio.se;16:39
004978                            ;25/11/2024;    ;088305;003;    ;0088507;DEPOSITO DO REGI                                  ;(75) 9945-1088 ;040;405;SJQ0G38;     440,40;    1,20;25/11/2024;58;Carga Errada                  ;   ;mauricio.se;16:06
004996                            ;26/11/2024;    ;088632;003;    ;0028001;BAR DA JAMILE                                     ;(75)99216-7671 ;040;406;SJQ3A28;      79,48;    0,00;26/11/2024;32;ENTREGA ATRASADA (BUFFER)     ;   ;rafael     ;15:55
004996                            ;26/11/2024;    ;088633;003;    ;0028001;BAR DA JAMILE                                     ;(75)99216-7671 ;040;406;SJQ3A28;     861,15;    1,03;26/11/2024;32;ENTREGA ATRASADA (BUFFER)     ;   ;rafael     ;15:55
004996                            ;26/11/2024;    ;088634;003;    ;0028001;BAR DA JAMILE                                     ;(75)99216-7671 ;040;406;SJQ3A28;     255,59;    0,33;26/11/2024;32;ENTREGA ATRASADA (BUFFER)     ;   ;rafael     ;15:56
004998                            ;26/11/2024;    ;088672;003;    ;0030825;RESTAURANTE TIA FIA                               ;(75)98349-0297 ;040;411;SJQ0G38;     400,51;    0,46;26/11/2024;71;SEM DINHEIRO/CHEQUE           ;   ;rafael     ;18:16
004998                            ;26/11/2024;    ;088673;003;    ;0030825;RESTAURANTE TIA FIA                               ;(75)98349-0297 ;040;411;SJQ0G38;     471,20;    0,56;26/11/2024;71;SEM DINHEIRO/CHEQUE           ;   ;rafael     ;18:17
004998                            ;26/11/2024;    ;088674;003;    ;0030825;RESTAURANTE TIA FIA                               ;(75)98349-0297 ;040;411;SJQ0G38;      12,70;    0,06;26/11/2024;71;SEM DINHEIRO/CHEQUE           ;   ;rafael     ;18:17
004998                            ;26/11/2024;    ;088683;003;    ;0000453;BAR DO ITO E ACOUGUE                              ;(75)99904-9927 ;040;411;SJQ0G38;      69,76;    0,24;26/11/2024;72;PDV FECHADO (HORARIO COM.)    ;   ;rafael     ;18:19
004998                            ;26/11/2024;    ;088684;003;    ;0000453;BAR DO ITO E ACOUGUE                              ;(75)99904-9927 ;040;411;SJQ0G38;     700,70;    0,89;26/11/2024;72;PDV FECHADO (HORARIO COM.)    ;   ;rafael     ;18:19
004998                            ;26/11/2024;    ;088685;003;    ;0000453;BAR DO ITO E ACOUGUE                              ;(75)99904-9927 ;040;411;SJQ0G38;      27,58;    0,10;26/11/2024;72;PDV FECHADO (HORARIO COM.)    ;   ;rafael     ;18:19
005003                            ;26/11/2024;    ;088844;003;    ;0085474;BAR PONTO 09                                      ;(75)99190-2030 ;040;404;SJQ9G53;     215,60;    0,27;26/11/2024;41;Sem Vasilhame.                ;   ;rafael     ;17:58
005003                            ;26/11/2024;    ;088845;003;    ;0085474;BAR PONTO 09                                      ;(75)99190-2030 ;040;404;SJQ9G53;     245,40;    0,27;26/11/2024;41;Sem Vasilhame.                ;   ;rafael     ;17:59
005003                            ;26/11/2024;    ;088846;003;    ;0085474;BAR PONTO 09                                      ;(75)99190-2030 ;040;404;SJQ9G53;     420,90;    0,48;26/11/2024;41;Sem Vasilhame.                ;   ;rafael     ;17:59
005003                            ;26/11/2024;    ;088847;003;    ;0085474;BAR PONTO 09                                      ;(75)99190-2030 ;040;404;SJQ9G53;     288,80;    0,22;26/11/2024;41;Sem Vasilhame.                ;   ;rafael     ;17:59
005003                            ;26/11/2024;    ;088875;003;    ;0046932;DA BODEGA                                         ;(75)99260-9242 ;040;404;SJQ9G53;     317,40;    0,41;26/11/2024;37;PDV Fechado                   ;   ;rafael     ;17:58
005003                            ;26/11/2024;    ;088876;003;    ;0046932;DA BODEGA                                         ;(75)99260-9242 ;040;404;SJQ9G53;     149,90;    0,14;26/11/2024;37;PDV Fechado                   ;   ;rafael     ;17:58
005004                            ;26/11/2024;    ;088910;003;    ;0088998;DEPOSITO DO MARLON                                ;(75)99163-1889 ;030;302;SJQ0E61;    1183,80;    1,45;26/11/2024;87;TEMPO INSUFICIENTE            ;   ;rafael     ;18:46
005006                            ;26/11/2024;    ;088968;003;    ;0036209;QUITANDA DA RFR                                   ;(75)99888-5732 ;040;401;SJQ4E04;     269,50;    0,34;26/11/2024;71;SEM DINHEIRO/CHEQUE           ;   ;rafael     ;17:05
005006                            ;26/11/2024;    ;088979;003;    ;0048772;VOLTE SEMPRE                                      ;(75)99927-8493 ;040;401;SJQ4E04;     155,22;    0,31;26/11/2024;71;SEM DINHEIRO/CHEQUE           ;   ;rafael     ;17:06
005012                            ;26/11/2024;    ;089178;003;    ;0027946;RESTAURANTE D GATOS                               ;(75)99159-6674 ;040;404;HMM9I85;     343,52;    0,35;28/11/2024;87;TEMPO INSUFICIENTE            ;   ;jadson.se  ;19:32
005012                            ;26/11/2024;    ;089179;003;    ;0024215;BAR DO MARCOS                                     ;(75)99955-8080 ;040;404;HMM9I85;     149,90;    0,14;28/11/2024;87;TEMPO INSUFICIENTE            ;   ;jadson.se  ;19:32
005012                            ;26/11/2024;    ;089180;003;    ;0024215;BAR DO MARCOS                                     ;(75)99955-8080 ;040;404;HMM9I85;      48,96;    0,07;28/11/2024;87;TEMPO INSUFICIENTE            ;   ;jadson.se  ;19:33
005012                            ;26/11/2024;    ;089181;003;    ;0024215;BAR DO MARCOS                                     ;(75)99955-8080 ;040;404;HMM9I85;      12,86;    0,06;28/11/2024;87;TEMPO INSUFICIENTE            ;   ;jadson.se  ;19:33
005012                            ;26/11/2024;    ;089182;003;    ;0000161;LANCHONETE SKINA                                  ;(75)99844-6200 ;040;404;HMM9I85;     183,52;    0,34;28/11/2024;87;TEMPO INSUFICIENTE            ;   ;jadson.se  ;19:35
005012                            ;26/11/2024;    ;089183;003;    ;0000161;LANCHONETE SKINA                                  ;(75)99844-6200 ;040;404;HMM9I85;      36,10;    0,04;28/11/2024;87;TEMPO INSUFICIENTE            ;   ;jadson.se  ;19:34
005012                            ;26/11/2024;    ;089214;003;    ;0027976;FRIGORIFICO AZEVEDO                               ;               ;040;414;HMM9I85;     291,30;    0,34;28/11/2024;87;TEMPO INSUFICIENTE            ;   ;jadson.se  ;19:37
005012                            ;26/11/2024;    ;089215;003;    ;0046896;TEOBALDO MERC                                     ;               ;040;404;HMM9I85;      32,90;    0,02;28/11/2024;87;TEMPO INSUFICIENTE            ;   ;jadson.se  ;19:36
005012                            ;26/11/2024;    ;089216;003;    ;0029386;CABECA DE PEIXE MERC                              ;(75)99169-4183 ;040;414;HMM9I85;     329,26;    0,41;28/11/2024;87;TEMPO INSUFICIENTE            ;   ;jadson.se  ;19:37
005012                            ;26/11/2024;    ;089220;003;    ;0036006;SEKAI                                             ;               ;040;414;HMM9I85;     159,00;    0,36;28/11/2024;87;TEMPO INSUFICIENTE            ;   ;jadson.se  ;19:38
005012                            ;26/11/2024;    ;089221;003;    ;0026302;BIROSKA BAR E LANCH                               ;(75) 9171-0403 ;040;414;HMM9I85;     164,09;    0,20;28/11/2024;87;TEMPO INSUFICIENTE            ;   ;jadson.se  ;19:38
005016                            ;26/11/2024;    ;089274;003;    ;0087519;BAR DO MANGA                                      ;(75)99234-1203 ;040;415;JOG4B37;     380,14;    0,59;26/11/2024;37;PDV Fechado                   ;   ;rafael     ;13:53
005019                            ;26/11/2024;    ;089325;003;    ;0055939;VIRA KOPOS                                        ;(75)99246-0967 ;071;011;JOG4B37;     389,70;    0,43;26/11/2024;46;Endereco Nao Encontrado       ;   ;rafael     ;11:53
005027                            ;27/11/2024;    ;089383;003;    ;0039013;DISTRIBUIDORAALMEIDA                              ;(75)99284-9265 ;040;412;SJQ3C84;    2156,00;    2,76;28/11/2024;42;Produto/Quantidade Errada     ;   ;cunha.se   ;03:41
005029                            ;27/11/2024;    ;089436;003;    ;0091111;CHACARA SOL E LAZER                               ;(75)99244-3463 ;040;414;SJQ4A76;    1617,00;    2,07;27/11/2024;73;FALTA DE ATIVOS DE GIRO       ;   ;cunha.se   ;19:13
005029                            ;27/11/2024;    ;089443;003;    ;0033984;distribuidora 2irmao                              ;(75)99253-5211 ;030;301;SJQ4A76;    1047,00;    1,26;27/11/2024;50;CARGA ERRADA ARMAZEM          ;   ;cunha.se   ;19:13
005030                            ;27/11/2024;    ;089467;003;    ;0039839;DEPSITO PAI PIVETT                                ;(75) 3421-5355 ;040;405;SJQ8E15;     577,00;    0,71;27/11/2024;72;PDV FECHADO (HORARIO COM.)    ;   ;mauricio.se;18:05
005036                            ;27/11/2024;    ;089780;003;    ;0044267;DEPSITO DO JUNIOR                                 ;               ;030;302;SJQ9B48;    2075,60;    2,76;27/11/2024;42;Produto/Quantidade Errada     ;   ;mauricio.se;15:47
005039                            ;27/11/2024;    ;089888;003;    ;0085491;TOINHO CABECAO                                    ;               ;030;301;SJQ3C18;    2029,10;    2,40;27/11/2024;72;PDV FECHADO (HORARIO COM.)    ;   ;cunha.se   ;19:21
005039                            ;27/11/2024;    ;089889;003;    ;0085491;TOINHO CABECAO                                    ;               ;030;301;SJQ3C18;    5336,10;    6,83;27/11/2024;72;PDV FECHADO (HORARIO COM.)    ;   ;cunha.se   ;19:22
005039                            ;27/11/2024;    ;089890;003;    ;0085491;TOINHO CABECAO                                    ;               ;030;301;SJQ3C18;     191,78;    0,09;27/11/2024;72;PDV FECHADO (HORARIO COM.)    ;   ;cunha.se   ;19:22
005039                            ;27/11/2024;    ;089891;003;    ;0085491;TOINHO CABECAO                                    ;               ;030;301;SJQ3C18;    3553,32;    4,98;27/11/2024;72;PDV FECHADO (HORARIO COM.)    ;   ;cunha.se   ;19:23
005039                            ;27/11/2024;    ;089898;003;    ;0053461;ADEGA                                             ;(75)98246-1047 ;030;301;SJQ3C18;    1081,90;    1,42;27/11/2024;71;SEM DINHEIRO/CHEQUE           ;   ;cunha.se   ;19:24
005039                            ;27/11/2024;    ;089901;003;    ;0053461;ADEGA                                             ;(75)98246-1047 ;030;301;SJQ3C18;    1557,24;    1,89;27/11/2024;71;SEM DINHEIRO/CHEQUE           ;   ;cunha.se   ;19:23
005039                            ;27/11/2024;    ;089902;003;    ;0053461;ADEGA                                             ;(75)98246-1047 ;030;301;SJQ3C18;    1078,00;    1,38;27/11/2024;71;SEM DINHEIRO/CHEQUE           ;   ;cunha.se   ;19:23
005040                            ;27/11/2024;    ;089914;003;    ;0000754;BAR ACONCHEGO                                     ;(75)99117-9031 ;040;402;GGC2226;     150,94;    0,14;27/11/2024;82;ENDERECO NAO ENCONTRADO       ;   ;mauricio.se;08:55
005040                            ;27/11/2024;    ;089922;003;    ;0020619;KIOSK 3 IRMAOS                                    ;(07)59189-6109 ;040;406;GGC2226;     223,50;    0,32;27/11/2024;72;PDV FECHADO (HORARIO COM.)    ;   ;cunha.se   ;21:23
005040                            ;27/11/2024;    ;089924;003;    ;0020858;BAR RASGATANGA                                    ;(75)99202-9121 ;040;406;GGC2226;     416,92;    0,66;27/11/2024;87;TEMPO INSUFICIENTE            ;   ;cunha.se   ;21:20
005040                            ;27/11/2024;    ;089925;003;    ;0020858;BAR RASGATANGA                                    ;(75)99202-9121 ;040;406;GGC2226;      15,56;    0,00;27/11/2024;87;TEMPO INSUFICIENTE            ;   ;cunha.se   ;21:19
005040                            ;27/11/2024;    ;089926;003;    ;0000755;MERCADO KL                                        ;(75)98238-0208 ;040;406;GGC2226;     453,16;    0,78;27/11/2024;87;TEMPO INSUFICIENTE            ;   ;cunha.se   ;21:22
005040                            ;27/11/2024;    ;089927;003;    ;0000755;MERCADO KL                                        ;(75)98238-0208 ;040;406;GGC2226;      15,56;    0,00;27/11/2024;87;TEMPO INSUFICIENTE            ;   ;cunha.se   ;21:22
005040                            ;27/11/2024;    ;089934;003;    ;0020212;KIOSQUE DO CARECA                                 ;(07)59829-5225 ;040;406;GGC2226;     547,81;    0,78;27/11/2024;87;TEMPO INSUFICIENTE            ;   ;cunha.se   ;21:21
005040                            ;27/11/2024;    ;089935;003;    ;0020027;ATACADO RODRIGUES                                 ;(75)99819-9623 ;040;406;GGC2226;     171,84;    0,50;27/11/2024;87;TEMPO INSUFICIENTE            ;   ;cunha.se   ;21:20
005040                            ;27/11/2024;    ;089936;003;    ;0000486;BARRACA DO SINHO                                  ;(75)99197-3081 ;040;406;GGC2226;      18,05;    0,04;27/11/2024;87;TEMPO INSUFICIENTE            ;   ;cunha.se   ;21:22
005040                            ;27/11/2024;    ;089942;003;    ;0000513;GLORIA MERCADINHO                                 ;(75)99175-0228 ;040;406;GGC2226;    1366,64;    1,44;27/11/2024;84;AREA DE RISCO                 ;   ;cunha.se   ;21:23
005042                            ;27/11/2024;    ;090019;003;    ;0050085;IMPERIO DAS BEBIDAS                               ;(75)99154-7490 ;030;303;JNW2B79;    1993,88;    2,37;27/11/2024;71;SEM DINHEIRO/CHEQUE           ;   ;mauricio.se;16:02
005043                            ;27/11/2024;    ;090025;003;    ;0035138;DEPoSITO JL                                       ;(75)99255-2635 ;030;302;SJQ0E61;     614,00;    0,93;27/11/2024;72;PDV FECHADO (HORARIO COM.)    ;   ;mauricio.se;18:06
005047                            ;27/11/2024;    ;090149;003;    ;0034574;RENAURA DA SILVA OLI                              ;               ;040;408;JOG4B37;     239,43;    0,31;27/11/2024;46;Endereco Nao Encontrado       ;   ;mauricio.se;14:57
005047                            ;27/11/2024;    ;090150;003;    ;0036285; POSTO LAGOA DA CRUZ                              ;(71)99318-8950 ;040;401;JOG4B37;     105,76;    0,13;27/11/2024;65;NAO FEZ PEDIDO                ;   ;mauricio.se;14:55
005047                            ;27/11/2024;    ;090155;003;    ;0000399;BAR DO INDIO                                      ;(75)99116-5437 ;040;401;JOG4B37;      27,83;    0,04;27/11/2024;72;PDV FECHADO (HORARIO COM.)    ;   ;mauricio.se;14:55
005047                            ;27/11/2024;    ;090168;003;    ;0048591;SUMMER AAç                                        ;(75)99247-9556 ;040;401;JOG4B37;      17,45;    0,04;27/11/2024;65;NAO FEZ PEDIDO                ;   ;mauricio.se;14:56
005047                            ;27/11/2024;    ;090169;003;    ;0048591;SUMMER AAç                                        ;(75)99247-9556 ;040;401;JOG4B37;      12,70;    0,06;27/11/2024;65;NAO FEZ PEDIDO                ;   ;mauricio.se;14:56
005048                            ;27/11/2024;    ;090185;003;    ;0023311;PONTO DO PAULO                                    ;(75) 9136-1764 ;040;403;NTE9309;      48,56;    0,06;27/11/2024;71;SEM DINHEIRO/CHEQUE           ;   ;mauricio.se;13:55
005051                            ;27/11/2024;    ;090225;003;    ;0050899;MERCADO SANTOD                                    ;               ;040;415;NZO1G22;     522,88;    0,86;27/11/2024;71;SEM DINHEIRO/CHEQUE           ;   ;mauricio.se;14:24
005063                            ;28/11/2024;    ;090235;003;    ;0000759;BAR DE PITY                                       ;(71)98110-8167 ;040;411;SJQ2C64;      66,90;    0,06;28/11/2024;87;TEMPO INSUFICIENTE            ;   ;jadson.se  ;22:08
005063                            ;28/11/2024;    ;090236;003;    ;0000759;BAR DE PITY                                       ;(71)98110-8167 ;040;411;SJQ2C64;      46,10;    0,04;28/11/2024;87;TEMPO INSUFICIENTE            ;   ;jadson.se  ;22:08
005065                            ;28/11/2024;    ;090390;003;    ;0085896;PONTO DA PEU                                      ;(75)99176-8743 ;040;414;SJQ9G53;     163,00;    0,25;28/11/2024;42;Produto/Quantidade Errada     ;   ;rafael     ;16:10
005067                            ;28/11/2024;    ;090463;003;    ;0033268;MERCAD DO PAULINHO                                ;(75) 9198-4118 ;040;410;SJQ3C18;     539,00;    0,69;28/11/2024;87;TEMPO INSUFICIENTE            ;   ;jadson.se  ;19:25
005067                            ;28/11/2024;    ;090464;003;    ;0033268;MERCAD DO PAULINHO                                ;(75) 9198-4118 ;040;410;SJQ3C18;      48,67;    0,06;28/11/2024;87;TEMPO INSUFICIENTE            ;   ;jadson.se  ;19:42
005067                            ;28/11/2024;    ;090465;003;    ;0033268;MERCAD DO PAULINHO                                ;(75) 9198-4118 ;040;410;SJQ3C18;      77,78;    0,24;28/11/2024;87;TEMPO INSUFICIENTE            ;   ;jadson.se  ;19:41
005067                            ;28/11/2024;    ;090467;003;    ;0085204;Bar da Marcia                                     ;               ;040;410;SJQ3C18;      88,08;    0,24;28/11/2024;87;TEMPO INSUFICIENTE            ;   ;jadson.se  ;19:24
005067                            ;28/11/2024;    ;090468;003;    ;0085204;Bar da Marcia                                     ;               ;040;410;SJQ3C18;     114,90;    0,14;28/11/2024;87;TEMPO INSUFICIENTE            ;   ;jadson.se  ;19:24
005067                            ;28/11/2024;    ;090469;003;    ;0085204;Bar da Marcia                                     ;               ;040;410;SJQ3C18;     492,72;    0,62;28/11/2024;87;TEMPO INSUFICIENTE            ;   ;jadson.se  ;19:25
005068                            ;28/11/2024;    ;090479;003;    ;0020714;FRIGORIFICO GR                                    ;(07)58122-9740 ;040;403;SJQ0E61;     224,60;    0,25;28/11/2024;65;NAO FEZ PEDIDO                ;   ;jadson.se  ;19:04
005077                            ;28/11/2024;    ;090782;003;    ;0047269;TOKA DO BEIJU                                     ;(43)90000-0000 ;040;414;SJQ4A76;      48,67;    0,06;28/11/2024;72;PDV FECHADO (HORARIO COM.)    ;   ;jadson.se  ;19:01
005079                            ;28/11/2024;    ;090850;003;    ;0023207;DEPOSITO DE SUZARTH                               ;(75)98193-9388 ;040;413;SJQ8E15;    1534,98;    2,25;28/11/2024;72;PDV FECHADO (HORARIO COM.)    ;   ;rafael     ;17:36
005079                            ;28/11/2024;    ;090851;003;    ;0020642;BOX DE LELINHA                                    ;(07)58371-7455 ;040;413;SJQ8E15;     593,23;    0,76;28/11/2024;72;PDV FECHADO (HORARIO COM.)    ;   ;rafael     ;17:36
005079                            ;28/11/2024;    ;090856;003;    ;0020723;QUIOSQUE DO RENATO                                ;               ;040;413;SJQ8E15;     535,59;    0,78;28/11/2024;72;PDV FECHADO (HORARIO COM.)    ;   ;rafael     ;17:37
005080                            ;28/11/2024;    ;090891;003;    ;0040273;CANTINHO DA LICE                                  ;               ;040;407;JNW2B79;      52,53;    0,06;28/11/2024;65;NAO FEZ PEDIDO                ;   ;rafael     ;17:35
005080                            ;28/11/2024;    ;090903;003;    ;0053988;PEDRO MERCEARIA                                   ;(75)98204-5921 ;040;407;JNW2B79;     190,68;    0,24;28/11/2024;71;SEM DINHEIRO/CHEQUE           ;   ;rafael     ;17:36
005081                            ;28/11/2024;    ;090905;003;    ;0044576;ADEGAJN                                           ;               ;040;407;GGC2226;      64,98;    0,12;28/11/2024;87;TEMPO INSUFICIENTE            ;   ;jadson.se  ;20:01
005081                            ;28/11/2024;    ;090906;003;    ;0053879;BAR E MERCADINHO DO                               ;(75)99112-2344 ;040;412;GGC2226;     431,20;    0,55;28/11/2024;87;TEMPO INSUFICIENTE            ;   ;jadson.se  ;20:02
005081                            ;28/11/2024;    ;090907;003;    ;0038066;FRASES HALL                                       ;(75)99158-7156 ;040;412;GGC2226;     132,12;    0,36;28/11/2024;87;TEMPO INSUFICIENTE            ;   ;jadson.se  ;20:01
005081                            ;28/11/2024;    ;090908;003;    ;0033890;MERCADINHO SAO THYAG                              ;(75)99257-1239 ;040;412;GGC2226;     646,80;    0,82;28/11/2024;87;TEMPO INSUFICIENTE            ;   ;jadson.se  ;20:05
005081                            ;28/11/2024;    ;090909;003;    ;0033890;MERCADINHO SAO THYAG                              ;(75)99257-1239 ;040;412;GGC2226;     125,64;    0,28;28/11/2024;87;TEMPO INSUFICIENTE            ;   ;jadson.se  ;20:04
005081                            ;28/11/2024;    ;090910;003;    ;0033890;MERCADINHO SAO THYAG                              ;(75)99257-1239 ;040;412;GGC2226;     592,90;    0,75;28/11/2024;87;TEMPO INSUFICIENTE            ;   ;jadson.se  ;20:05
005086                            ;28/11/2024;    ;091027;003;    ;0045594; ARENA BAR                                        ;(75)99285-9948 ;040;415;NTE9309;     217,77;    0,23;28/11/2024;72;PDV FECHADO (HORARIO COM.)    ;   ;rafael     ;11:08
005086                            ;28/11/2024;    ;091028;003;    ;0045594; ARENA BAR                                        ;(75)99285-9948 ;040;415;NTE9309;      35,00;    0,03;28/11/2024;72;PDV FECHADO (HORARIO COM.)    ;   ;rafael     ;11:08
005087                            ;28/11/2024;    ;091047;003;    ;0020747;BAR DA ADAIANE                                    ;(07)59216-7671 ;040;406;SYE5D21;      37,08;    0,04;28/11/2024;72;PDV FECHADO (HORARIO COM.)    ;   ;rafael     ;17:14
005087                            ;28/11/2024;    ;091048;003;    ;0020747;BAR DA ADAIANE                                    ;(07)59216-7671 ;040;406;SYE5D21;      17,00;    0,02;28/11/2024;72;PDV FECHADO (HORARIO COM.)    ;DER;rafael     ;17:13
005089                            ;28/11/2024;    ;091073;003;    ;0042881;RONIVON FERNANDES DE                              ;(75)99150-2288 ;040;401;JOG4B37;      44,04;    0,12;28/11/2024;37;PDV Fechado                   ;   ;rafael     ;15:38
005089                            ;28/11/2024;    ;091074;003;    ;0042881;RONIVON FERNANDES DE                              ;(75)99150-2288 ;040;401;JOG4B37;      58,50;    0,06;28/11/2024;37;PDV Fechado                   ;   ;rafael     ;15:39
005104                            ;29/11/2024;    ;091284;003;    ;0020341;BAR DO JORGE                                      ;(75)99865-9742 ;040;406;SJQ3A28;     535,68;    0,67;30/11/2024;72;PDV FECHADO (HORARIO COM.)    ;   ;rafael     ;14:46
005105                            ;29/11/2024;    ;091312;003;    ;0048886;BAR DO FABIO                                      ;(75)98145-6675 ;040;407;SJQ9H52;      53,90;    0,06;29/11/2024;55;QUALIDADE DO PRODUTO          ;   ;mauricio.se;18:33
005107                            ;29/11/2024;    ;091399;003;    ;0085927;SUPERMINE J. SILVA                                ;(75)99136-9670 ;030;302;SJQ2B64;     282,30;    0,34;29/11/2024;41;Sem Vasilhame.                ;   ;mauricio.se;17:26
005107                            ;29/11/2024;    ;091400;003;    ;0085927;SUPERMINE J. SILVA                                ;(75)99136-9670 ;030;302;SJQ2B64;     485,22;    0,60;29/11/2024;41;Sem Vasilhame.                ;   ;mauricio.se;17:26
005110                            ;29/11/2024;    ;091525;003;    ;0089080;DEP DICINHO                                       ;(75)99189-7699 ;030;303;SJQ3C18;    2695,00;    3,45;29/11/2024;73;FALTA DE ATIVOS DE GIRO       ;   ;mauricio.se;18:27
005112                            ;29/11/2024;    ;091625;003;    ;0029646;MERCADINH MARe MANSA                              ;(75)99247-3978 ;040;412;SJQ0G38;     380,34;    0,64;29/11/2024;72;PDV FECHADO (HORARIO COM.)    ;   ;mauricio.se;18:43
005117                            ;29/11/2024;    ;091756;003;    ;0000754;BAR ACONCHEGO                                     ;(75)99117-9031 ;040;402;SIY2E51;     151,34;    0,14;29/11/2024;87;TEMPO INSUFICIENTE            ;   ;mauricio.se;15:10
005123                            ;29/11/2024;    ;091851;003;    ;0028498;TROPICAL LANCHES                                  ;(75) 9191-7876 ;040;403;NTE9309;     309,18;    0,73;29/11/2024;37;PDV Fechado                   ;   ;mauricio.se;17:38
005140                            ;30/11/2024;    ;092120;003;    ;0050447;MERCADO HOUSE E BEER                              ;(75)99163-1549 ;040;410;SJQ3C18;     354,72;    0,55;30/11/2024;87;TEMPO INSUFICIENTE            ;   ;jadson.se  ;19:26
005140                            ;30/11/2024;    ;092121;003;    ;0046538;BAR DO VERaO                                      ;(75)99295-1999 ;040;410;SJQ3C18;     820,46;    0,80;30/11/2024;87;TEMPO INSUFICIENTE            ;   ;jadson.se  ;19:25
005140                            ;30/11/2024;    ;092122;003;    ;0046538;BAR DO VERaO                                      ;(75)99295-1999 ;040;410;SJQ3C18;     109,16;    0,07;30/11/2024;87;TEMPO INSUFICIENTE            ;   ;jadson.se  ;19:25
005140                            ;30/11/2024;    ;092126;003;    ;0037668;Bar Caneta Azul                                   ;(75)99195-6817 ;040;405;SJQ3C18;     760,50;    0,89;30/11/2024;70;CLIENTE CANCELOU              ;   ;jadson.se  ;19:24
005140                            ;30/11/2024;    ;092127;003;    ;0037668;Bar Caneta Azul                                   ;(75)99195-6817 ;040;405;SJQ3C18;      75,00;    0,12;30/11/2024;87;TEMPO INSUFICIENTE            ;   ;jadson.se  ;19:25
005140                            ;30/11/2024;    ;092150;003;    ;0033268;MERCAD DO PAULINHO                                ;(75) 9198-4118 ;040;410;SJQ3C18;     583,04;    0,81;30/11/2024;89;PDV FECHADO APOS HORARIO      ;   ;jadson.se  ;19:26
005143                            ;30/11/2024;    ;092255;003;    ;0000740;CASA DA CARNE DO SOL                              ;(75)98130-1440 ;040;414;SJQ4E04;    1230,02;    1,32;30/11/2024;42;Produto/Quantidade Errada     ;   ;rafael     ;15:28
005146                            ;30/11/2024;    ;092356;003;    ;0044680;MERCEARIA E QUIOSQUE                              ;(75)99142-4412 ;040;412;SJQ3C84;     644,98;    0,65;30/11/2024;87;TEMPO INSUFICIENTE            ;   ;jadson.se  ;19:34
005151                            ;30/11/2024;    ;092490;003;    ;0046037;BEBIDAS E CIA                                     ;(43)90000-0000 ;040;412;NTE9309;     107,80;    0,13;30/11/2024;71;SEM DINHEIRO/CHEQUE           ;   ;rafael     ;16:47
005151                            ;30/11/2024;    ;092512;003;    ;0037058;SUPER SILVA                                       ;(71)99904-1265 ;040;404;NTE9309;     169,44;    0,31;30/11/2024;72;PDV FECHADO (HORARIO COM.)    ;   ;rafael     ;16:46
005153                            ;30/11/2024;    ;092551;003;    ;0020725;BOTECO DO NILDO                                   ;(00) 0000-0555 ;040;413;EIR4662;      53,90;    0,06;30/11/2024;70;CLIENTE CANCELOU              ;   ;rafael     ;15:19
005153                            ;30/11/2024;    ;092552;003;    ;0020725;BOTECO DO NILDO                                   ;(00) 0000-0555 ;040;413;EIR4662;      53,90;    0,06;30/11/2024;70;CLIENTE CANCELOU              ;   ;rafael     ;15:20
