Mapa                     ;Data;Unb Nota;Nota;Serie;Unb Cliente;Cod. Cliente;Nome Cliente;Telefone;Area;Setor;Placa;Valor;Volume;Data Devol.;Cod. Motivo;Desc. Motivo;Orig. Pedido;Usuario;Hora 
003442                            ;01/10/2024;    ;050662;003;    ;0039693;BAR TRICOLOR                                      ;(71)99726-3584 ;040;410;SJQ4A76;     284,94;    0,53;01/10/2024;71;SEM DINHEIRO/CHEQUE           ;   ;rafael     ;18:43
003443                            ;01/10/2024;    ;050694;003;    ;0085906;CHAMA SUPERMERCADO                                ;(75)98851-2019 ;030;301;SJQ3C18;     200,00;    0,48;01/10/2024;64;SEM VASILHAME                 ;   ;rafael     ;13:39
003443                            ;01/10/2024;    ;050695;003;    ;0085906;CHAMA SUPERMERCADO                                ;(75)98851-2019 ;030;301;SJQ3C18;      41,67;    0,09;01/10/2024;64;SEM VASILHAME                 ;   ;rafael     ;13:40
003444                            ;01/10/2024;    ;050699;003;    ;0086069;BAR PE NA COVA                                    ;(75)99218-1278 ;040;403;SJQ0E61;    3258,17;    3,72;01/10/2024;42;Produto/Quantidade Errada     ;   ;rafael     ;17:06
003444                            ;01/10/2024;    ;050732;003;    ;0049948;ATACADO QUEIROZ                                   ;(75)99195-5835 ;030;301;SJQ0E61;     107,70;    0,36;01/10/2024;42;Produto/Quantidade Errada     ;   ;rafael     ;17:12
003444                            ;01/10/2024;    ;050733;003;    ;0049948;ATACADO QUEIROZ                                   ;(75)99195-5835 ;030;301;SJQ0E61;    1094,40;    3,36;01/10/2024;42;Produto/Quantidade Errada     ;   ;rafael     ;17:12
003452                            ;01/10/2024;    ;051085;003;    ;0032493;MERCADINHO CAIcARA                                ;(75)99141-4068 ;040;411;JNW2B79;       9,17;    0,00;01/10/2024;34;Pedido Duplicado              ;   ;rafael     ;18:39
003452                            ;01/10/2024;    ;051094;003;    ;0085485;JORGE TIRCO LJ 02                                 ;(75)99125-7339 ;030;303;JNW2B79;     237,07;    0,52;01/10/2024;50;CARGA ERRADA ARMAZEM          ;   ;rafael     ;18:42
003452                            ;01/10/2024;    ;051095;003;    ;0085485;JORGE TIRCO LJ 02                                 ;(75)99125-7339 ;030;303;JNW2B79;     596,73;    1,15;01/10/2024;50;CARGA ERRADA ARMAZEM          ;   ;rafael     ;18:42
003452                            ;01/10/2024;    ;051096;003;    ;0085485;JORGE TIRCO LJ 02                                 ;(75)99125-7339 ;030;303;JNW2B79;     634,61;    1,45;01/10/2024;50;CARGA ERRADA ARMAZEM          ;   ;rafael     ;18:41
003452                            ;01/10/2024;    ;051098;003;    ;0036297;MAIS BEBIDAS                                      ;(75)99189-5323 ;040;411;JNW2B79;     295,32;    0,12;01/10/2024;50;CARGA ERRADA ARMAZEM          ;   ;rafael     ;18:41
003452                            ;01/10/2024;    ;051101;003;    ;0029620;PIT STOP CONVENIeNCI                              ;(75)99190-2769 ;040;411;JNW2B79;      64,18;    0,00;01/10/2024;48;PDV Fechado Apos              ;   ;rafael     ;18:40
003453                            ;01/10/2024;    ;051111;003;    ;0031525;BA DA DAMIANA                                     ;(75)99173-1770 ;040;410;DEN3A12;     161,70;    0,20;01/10/2024;72;PDV FECHADO (HORARIO COM.)    ;   ;rafael     ;18:51
003456                            ;01/10/2024;    ;051207;003;    ;0026619;TRAILLER IVAN                                     ;(75)98249-8152 ;040;413;NZO1G22;     107,80;    0,13;01/10/2024;42;Produto/Quantidade Errada     ;   ;rafael     ;13:50
003456                            ;01/10/2024;    ;051212;003;    ;0000363;SILVIO DO COCO                                    ;(75)99839-3388 ;040;410;NZO1G22;     191,36;    0,46;01/10/2024;50;CARGA ERRADA ARMAZEM          ;   ;rafael     ;13:50
003456                            ;01/10/2024;    ;051213;003;    ;0000363;SILVIO DO COCO                                    ;(75)99839-3388 ;040;410;NZO1G22;      91,80;    0,03;01/10/2024;50;CARGA ERRADA ARMAZEM          ;   ;rafael     ;13:51
003458                            ;01/10/2024;    ;051225;003;    ;0020589;Bar e deposito do Ga                              ;(71)98183-7187 ;040;412;NTE9309;     407,69;    0,47;01/10/2024;46;Endereco Nao Encontrado       ;   ;rafael     ;15:05
003470                            ;02/10/2024;    ;051480;003;    ;0000148;ATACADO TOP BAHIA EX                              ;(75)99959-5005 ;030;303;SJQ9G53;     149,90;    0,14;02/10/2024;73;FALTA DE ATIVOS DE GIRO       ;   ;mauricio.se;17:31
003470                            ;02/10/2024;    ;051481;003;    ;0000148;ATACADO TOP BAHIA EX                              ;(75)99959-5005 ;030;303;SJQ9G53;     123,21;    0,14;02/10/2024;73;FALTA DE ATIVOS DE GIRO       ;   ;mauricio.se;17:30
003471                            ;02/10/2024;    ;051537;003;    ;0056387; MALIBU DISTRIBUIDOR                              ;               ;040;406;SJQ0E61;     131,55;    0,14;02/10/2024;42;Produto/Quantidade Errada     ;   ;mauricio.se;18:05
003477                            ;02/10/2024;    ;051796;003;    ;0090432;MERCEARIA DO JYLLA                                ;(75)98188-1378 ;040;405;SJQ3C84;     315,80;    0,28;02/10/2024;42;Produto/Quantidade Errada     ;   ;mauricio.se;17:48
003482                            ;02/10/2024;    ;051955;003;    ;0038466;LUCAS BAR                                         ;(75)98274-3184 ;040;405;GGC2226;     870,43;    1,09;02/10/2024;71;SEM DINHEIRO/CHEQUE           ;   ;cunha.se   ;19:24
003483                            ;02/10/2024;    ;051996;003;    ;0038402;Esquina Chopp                                     ;(75)98175-4921 ;040;410;JNW2B79;      28,70;    0,03;02/10/2024;50;CARGA ERRADA ARMAZEM          ;   ;cunha.se   ;19:35
003484                            ;02/10/2024;    ;052023;003;    ;0086260;BAR DO OLEO                                       ;(75)99975-1398 ;040;403;JRU3952;     115,56;    0,42;02/10/2024;50;CARGA ERRADA ARMAZEM          ;   ;mauricio.se;17:58
003484                            ;02/10/2024;    ;052031;003;    ;0009671;BAR LACOS DE FAMILIA                              ;(75)99209-5375 ;040;406;JRU3952;     117,00;    0,13;02/10/2024;73;FALTA DE ATIVOS DE GIRO       ;   ;mauricio.se;17:58
003512                            ;03/10/2024;    ;052426;003;    ;0030237;MERCADINHO RK                                     ;(75)99918-3874 ;040;404;SJQ4A76;    1086,30;    1,38;03/10/2024;87;TEMPO INSUFICIENTE            ;   ;rafael     ;18:39
003512                            ;03/10/2024;    ;052427;003;    ;0030237;MERCADINHO RK                                     ;(75)99918-3874 ;040;404;SJQ4A76;     331,94;    0,50;03/10/2024;87;TEMPO INSUFICIENTE            ;   ;rafael     ;18:40
003512                            ;03/10/2024;    ;052428;003;    ;0028803;ROQUE SANDRO CARNEIR                              ;(75)99245-3741 ;040;409;SJQ4A76;     649,56;    0,86;03/10/2024;87;TEMPO INSUFICIENTE            ;   ;rafael     ;18:39
003514                            ;03/10/2024;    ;052522;003;    ;0029398;PIRIQUITINHO DO PAST                              ;(75)99144-2169 ;040;410;SJQ9B03;     655,02;    0,83;03/10/2024;71;SEM DINHEIRO/CHEQUE           ;   ;rafael     ;18:07
003514                            ;03/10/2024;    ;052523;003;    ;0086159;bar da quadra                                     ;(75)99252-8553 ;040;410;SJQ9B03;    3101,06;    4,58;03/10/2024;42;Produto/Quantidade Errada     ;   ;rafael     ;18:08
003515                            ;03/10/2024;    ;052567;003;    ;0000434;BOX DA ROSALIDIA                                  ;(75)99290-0042 ;040;410;SJQ3C18;      64,49;    0,08;03/10/2024;71;SEM DINHEIRO/CHEQUE           ;   ;jadson.se  ;19:  
003515                            ;03/10/2024;    ;052568;003;    ;0000434;BOX DA ROSALIDIA                                  ;(75)99290-0042 ;040;410;SJQ3C18;      16,32;    0,02;03/10/2024;71;SEM DINHEIRO/CHEQUE           ;   ;jadson.se  ;19:  
003518                            ;03/10/2024;    ;052709;003;    ;0052126;PONTO DO NALDO                                    ;(75)99809-6340 ;040;404;SJQ3C84;     380,10;    0,40;03/10/2024;87;TEMPO INSUFICIENTE            ;   ;jadson.se  ;18:57
003518                            ;03/10/2024;    ;052710;003;    ;0052126;PONTO DO NALDO                                    ;(75)99809-6340 ;040;404;SJQ3C84;     671,52;    0,79;03/10/2024;87;TEMPO INSUFICIENTE            ;   ;jadson.se  ;18:57
003518                            ;03/10/2024;    ;052711;003;    ;0052126;PONTO DO NALDO                                    ;(75)99809-6340 ;040;404;SJQ3C84;     237,70;    0,33;03/10/2024;87;TEMPO INSUFICIENTE            ;   ;jadson.se  ;18:56
003519                            ;03/10/2024;    ;052748;003;    ;0092443;BAR DE KIKO                                       ;(75)99216-5915 ;040;403;SJQ0E61;     107,85;    0,07;03/10/2024;72;PDV FECHADO (HORARIO COM.)    ;   ;rafael     ;18:20
003519                            ;03/10/2024;    ;052749;003;    ;0092443;BAR DE KIKO                                       ;(75)99216-5915 ;040;403;SJQ0E61;      53,90;    0,06;03/10/2024;72;PDV FECHADO (HORARIO COM.)    ;   ;rafael     ;18:20
003519                            ;03/10/2024;    ;052750;003;    ;0092443;BAR DE KIKO                                       ;(75)99216-5915 ;040;403;SJQ0E61;     134,90;    0,14;03/10/2024;72;PDV FECHADO (HORARIO COM.)    ;   ;rafael     ;18:20
003519                            ;03/10/2024;    ;052751;003;    ;0092443;BAR DE KIKO                                       ;(75)99216-5915 ;040;403;SJQ0E61;      47,04;    0,12;03/10/2024;72;PDV FECHADO (HORARIO COM.)    ;   ;rafael     ;18:20
003519                            ;03/10/2024;    ;052752;003;    ;0092443;BAR DE KIKO                                       ;(75)99216-5915 ;040;403;SJQ0E61;     129,90;    0,14;03/10/2024;72;PDV FECHADO (HORARIO COM.)    ;   ;rafael     ;18:20
003519                            ;03/10/2024;    ;052753;003;    ;0092443;BAR DE KIKO                                       ;(75)99216-5915 ;040;403;SJQ0E61;      44,04;    0,12;03/10/2024;72;PDV FECHADO (HORARIO COM.)    ;   ;rafael     ;18:21
003519                            ;03/10/2024;    ;052754;003;    ;0092443;BAR DE KIKO                                       ;(75)99216-5915 ;040;403;SJQ0E61;     334,09;    0,42;03/10/2024;72;PDV FECHADO (HORARIO COM.)    ;   ;rafael     ;18:21
003519                            ;03/10/2024;    ;052755;003;    ;0092443;BAR DE KIKO                                       ;(75)99216-5915 ;040;403;SJQ0E61;     552,07;    0,60;03/10/2024;72;PDV FECHADO (HORARIO COM.)    ;   ;rafael     ;18:21
003519                            ;03/10/2024;    ;052756;003;    ;0092443;BAR DE KIKO                                       ;(75)99216-5915 ;040;403;SJQ0E61;      53,90;    0,06;03/10/2024;72;PDV FECHADO (HORARIO COM.)    ;   ;rafael     ;18:21
003519                            ;03/10/2024;    ;052757;003;    ;0092443;BAR DE KIKO                                       ;(75)99216-5915 ;040;403;SJQ0E61;      53,90;    0,06;03/10/2024;72;PDV FECHADO (HORARIO COM.)    ;   ;rafael     ;18:21
003519                            ;03/10/2024;    ;052759;003;    ;0085114;BAR DE QUERINHO                                   ;(75)99926-3894 ;040;403;SJQ0E61;     287,80;    0,36;03/10/2024;72;PDV FECHADO (HORARIO COM.)    ;   ;rafael     ;18:19
003522                            ;03/10/2024;    ;052867;003;    ;0040463;PSG                                               ;               ;040;409;SJQ3A28;     141,46;    0,40;03/10/2024;87;TEMPO INSUFICIENTE            ;   ;rafael     ;18:14
003522                            ;03/10/2024;    ;052868;003;    ;0040463;PSG                                               ;               ;040;409;SJQ3A28;      40,32;    0,12;03/10/2024;87;TEMPO INSUFICIENTE            ;   ;rafael     ;18:13
003524                            ;03/10/2024;    ;052939;003;    ;0092798;mercadinho alexandri                              ;(75)99287-6951 ;040;407;GGC2226;     785,60;    0,81;03/10/2024;73;FALTA DE ATIVOS DE GIRO       ;   ;rafael     ;16:57
003526                            ;03/10/2024;    ;052998;003;    ;0086080;bar da quadra Edvald                              ;(75)99223-7063 ;040;401;JRU3952;     536,63;    0,68;03/10/2024;71;SEM DINHEIRO/CHEQUE           ;   ;jadson.se  ;19:02
003526                            ;03/10/2024;    ;053006;003;    ;0085745;COMPRE FACIL SUPERME                              ;(75)99138-1803 ;030;302;JRU3952;     406,34;    0,57;03/10/2024;47;Dificil Acesso                ;   ;jadson.se  ;19:03
003526                            ;03/10/2024;    ;053008;003;    ;0085281;PRONTO PAST SAO JOSE                              ;               ;040;401;JRU3952;      10,33;    0,01;03/10/2024;50;CARGA ERRADA ARMAZEM          ;   ;jadson.se  ;19:02
003526                            ;03/10/2024;    ;053011;003;    ;0055075; NSALGADOS                                        ;               ;040;401;JRU3952;     273,43;    0,33;03/10/2024;71;SEM DINHEIRO/CHEQUE           ;   ;jadson.se  ;19:03
003527                            ;03/10/2024;    ;053027;003;    ;0020724;MERCERIA DO BENCA                                 ;(75)98218-5018 ;040;413;DEN3A12;     596,82;    1,24;03/10/2024;71;SEM DINHEIRO/CHEQUE           ;   ;rafael     ;16:56
003529                            ;03/10/2024;    ;053076;003;    ;0000575;BAR DO JAU                                        ;(75)99205-9515 ;040;410;DEN3A12;     132,54;    0,18;04/10/2024;71;SEM DINHEIRO/CHEQUE           ;   ;mauricio.se;16:22
003531                            ;03/10/2024;    ;053103;003;    ;0085117;MERC PAO DA VIDA                                  ;(75) 9195-9851 ;040;403;NZO1G22;      68,64;    0,16;03/10/2024;71;SEM DINHEIRO/CHEQUE           ;   ;rafael     ;13:33
003532                            ;03/10/2024;    ;053112;003;    ;0085010;MERC E BAR RS                                     ;(75)99210-7576 ;040;406;NZO1G22;     214,02;    0,35;03/10/2024;72;PDV FECHADO (HORARIO COM.)    ;   ;rafael     ;18:16
003545                            ;04/10/2024;    ;053228;003;    ;0054707;MERCADINHO LUCENA                                 ;(75)99230-2759 ;040;413;SJQ3A28;     848,92;    1,02;04/10/2024;87;TEMPO INSUFICIENTE            ;   ;mauricio.se;18:32
003548                            ;04/10/2024;    ;053398;003;    ;0000083;ROBERTO BAR                                       ;(75)99192-0683 ;040;407;SJQ9B03;     575,24;    0,66;04/10/2024;87;TEMPO INSUFICIENTE            ;   ;cunha.se   ;19:38
003548                            ;04/10/2024;    ;053399;003;    ;0000477;LANCHONETE DA CRIS                                ;(11)98160-5007 ;040;407;SJQ9B03;     380,85;    0,41;04/10/2024;87;TEMPO INSUFICIENTE            ;   ;cunha.se   ;19:36
003549                            ;04/10/2024;    ;053401;003;    ;0045418;DISTRIBUIDORA PARA T                              ;(75)99197-7281 ;040;403;SJQ0J29;     507,20;    0,62;04/10/2024;71;SEM DINHEIRO/CHEQUE           ;   ;mauricio.se;18:28
003549                            ;04/10/2024;    ;053402;003;    ;0045418;DISTRIBUIDORA PARA T                              ;(75)99197-7281 ;040;403;SJQ0J29;     286,50;    0,53;04/10/2024;71;SEM DINHEIRO/CHEQUE           ;   ;mauricio.se;18:27
003550                            ;04/10/2024;    ;053469;003;    ;0049772;POINT DO ACARAJE                                  ;               ;040;407;SJQ8E15;     833,70;    1,09;04/10/2024;72;PDV FECHADO (HORARIO COM.)    ;   ;mauricio.se;17:43
003553                            ;04/10/2024;    ;053623;003;    ;0000345;PADARIA AGUA NA BOCA                              ;(75)99832-3989 ;040;405;SJQ0G38;      92,04;    0,12;04/10/2024;87;TEMPO INSUFICIENTE            ;   ;cunha.se   ;20:14
003553                            ;04/10/2024;    ;053624;003;    ;0004617;MILESIMA BUDEGA                                   ;               ;040;405;SJQ0G38;     269,50;    0,34;04/10/2024;87;TEMPO INSUFICIENTE            ;   ;cunha.se   ;20:15
003553                            ;04/10/2024;    ;053625;003;    ;0004617;MILESIMA BUDEGA                                   ;               ;040;405;SJQ0G38;     161,70;    0,20;04/10/2024;87;TEMPO INSUFICIENTE            ;   ;cunha.se   ;20:15
003553                            ;04/10/2024;    ;053626;003;    ;0004617;MILESIMA BUDEGA                                   ;               ;040;405;SJQ0G38;     380,35;    0,50;04/10/2024;87;TEMPO INSUFICIENTE            ;   ;cunha.se   ;20:16
003553                            ;04/10/2024;    ;053627;003;    ;0004617;MILESIMA BUDEGA                                   ;               ;040;405;SJQ0G38;       8,33;    0,01;04/10/2024;87;TEMPO INSUFICIENTE            ;   ;cunha.se   ;20:16
003554                            ;04/10/2024;    ;053686;003;    ;0085402;CA MERC E AB SERTANE                              ;(75)99115-2298 ;040;406;SJQ0E61;     204,65;    0,75;04/10/2024;72;PDV FECHADO (HORARIO COM.)    ;   ;mauricio.se;18:54
003554                            ;04/10/2024;    ;053687;003;    ;0085402;CA MERC E AB SERTANE                              ;(75)99115-2298 ;040;406;SJQ0E61;     231,74;    0,64;04/10/2024;72;PDV FECHADO (HORARIO COM.)    ;   ;mauricio.se;18:55
003554                            ;04/10/2024;    ;053688;003;    ;0028394;RESTAURANTE DA TANIA                              ;(75) 9276-6891 ;040;406;SJQ0E61;     159,29;    0,25;04/10/2024;87;TEMPO INSUFICIENTE            ;   ;mauricio.se;18:53
003554                            ;04/10/2024;    ;053697;003;    ;0000494;RESTAURANTE E BAR                                 ;(75)99140-6495 ;040;406;SJQ0E61;      97,94;    0,18;04/10/2024;87;TEMPO INSUFICIENTE            ;   ;mauricio.se;18:54
003555                            ;04/10/2024;    ;053715;003;    ;0086817;DEP DO RENILSON                                   ;(75)98123-5689 ;040;409;JNW2B79;      80,96;    0,20;04/10/2024;87;TEMPO INSUFICIENTE            ;   ;cunha.se   ;19:33
003555                            ;04/10/2024;    ;053716;003;    ;0086817;DEP DO RENILSON                                   ;(75)98123-5689 ;040;409;JNW2B79;     749,85;    0,96;04/10/2024;87;TEMPO INSUFICIENTE            ;   ;cunha.se   ;19:33
003555                            ;04/10/2024;    ;053717;003;    ;0086817;DEP DO RENILSON                                   ;(75)98123-5689 ;040;409;JNW2B79;     215,60;    0,27;04/10/2024;87;TEMPO INSUFICIENTE            ;   ;cunha.se   ;19:34
003555                            ;04/10/2024;    ;053718;003;    ;0086817;DEP DO RENILSON                                   ;(75)98123-5689 ;040;409;JNW2B79;     923,36;    1,17;04/10/2024;87;TEMPO INSUFICIENTE            ;   ;cunha.se   ;19:34
003558                            ;04/10/2024;    ;053878;003;    ;0086919;COMERCIAL OLIVEIRA                                ;(75)99187-6785 ;040;401;SJQ3C18;     267,52;    0,27;04/10/2024;71;SEM DINHEIRO/CHEQUE           ;   ;cunha.se   ;19:04
003561                            ;04/10/2024;    ;053974;003;    ;0020811;BAR DE GERUSA                                     ;(75)98178-7107 ;040;413;DEN3A12;     106,18;    0,13;05/10/2024;73;FALTA DE ATIVOS DE GIRO       ;   ;jadson.se  ;19:21
003562                            ;04/10/2024;    ;053994;003;    ;0038445;BAR BATISTA                                       ;               ;040;407;JRU3952;     161,70;    0,20;04/10/2024;82;ENDERECO NAO ENCONTRADO       ;   ;cunha.se   ;20:57
003562                            ;04/10/2024;    ;053998;003;    ;0029701;VM LANCHE                                         ;(75)99112-8857 ;040;407;JRU3952;     379,77;    0,49;04/10/2024;72;PDV FECHADO (HORARIO COM.)    ;   ;cunha.se   ;21:  
003562                            ;04/10/2024;    ;054006;003;    ;0043986;DEPOSITO DE BEBIDAS                               ;(75)99878-3535 ;040;404;JRU3952;      64,91;    0,08;04/10/2024;72;PDV FECHADO (HORARIO COM.)    ;   ;cunha.se   ;20:57
003562                            ;04/10/2024;    ;054012;003;    ;0041230;A.A.M.M VARIEDADES                                ;               ;040;404;JRU3952;     103,32;    0,28;04/10/2024;82;ENDERECO NAO ENCONTRADO       ;   ;cunha.se   ;20:56
003562                            ;04/10/2024;    ;054015;003;    ;0034196;MORAL DAS BEBIDAS                                 ;(75)99829-7199 ;030;302;JRU3952;     173,04;    0,26;04/10/2024;72;PDV FECHADO (HORARIO COM.)    ;   ;cunha.se   ;20:58
003562                            ;04/10/2024;    ;054028;003;    ;0032502;BAR MARIA                                         ;(75)99148-1899 ;040;407;JRU3952;     205,16;    0,32;04/10/2024;72;PDV FECHADO (HORARIO COM.)    ;   ;cunha.se   ;20:59
003564                            ;04/10/2024;    ;054042;003;    ;0020345;MERCADINHO  QUIRINO                               ;(07)59129-4564 ;040;414;NTE9309;      32,64;    0,04;04/10/2024;82;ENDERECO NAO ENCONTRADO       ;   ;mauricio.se;17:04
003564                            ;04/10/2024;    ;054043;003;    ;0020345;MERCADINHO  QUIRINO                               ;(07)59129-4564 ;040;414;NTE9309;      91,08;    0,10;04/10/2024;82;ENDERECO NAO ENCONTRADO       ;   ;mauricio.se;17:05
003564                            ;04/10/2024;    ;054044;003;    ;0020345;MERCADINHO  QUIRINO                               ;(07)59129-4564 ;040;414;NTE9309;      16,32;    0,02;04/10/2024;82;ENDERECO NAO ENCONTRADO       ;   ;mauricio.se;17:05
003569                            ;05/10/2024;    ;054063;003;    ;0044911;BAR DO VAL                                        ;               ;040;402;SJQ2B64;     157,80;    0,24;08/10/2024;38;Sem Dinheiro                  ;   ;jadson.se  ;23:26
003569                            ;05/10/2024;    ;054064;003;    ;0044911;BAR DO VAL                                        ;               ;040;402;SJQ2B64;     133,59;    0,18;08/10/2024;38;Sem Dinheiro                  ;   ;jadson.se  ;23:27
003569                            ;05/10/2024;    ;054075;003;    ;0089454;Top Brasil Pizzaria                               ;(75) 9147-7953 ;040;402;SJQ2B64;     267,88;    0,34;08/10/2024;72;PDV FECHADO (HORARIO COM.)    ;   ;jadson.se  ;23:25
003572                            ;05/10/2024;    ;054203;003;    ;0020186;BAR CAJASEIRA BIRITI                              ;(75)99141-2923 ;040;414;SYE5D21;     444,59;    0,49;05/10/2024;50;CARGA ERRADA ARMAZEM          ;   ;mauricio.se;17:12
003572                            ;05/10/2024;    ;054204;003;    ;0020186;BAR CAJASEIRA BIRITI                              ;(75)99141-2923 ;040;414;SYE5D21;      16,32;    0,02;05/10/2024;50;CARGA ERRADA ARMAZEM          ;   ;mauricio.se;17:12
003583                            ;05/10/2024;    ;054684;003;    ;0000541;MERCADINHO                                        ;(75)98271-0101 ;040;410;SJQ0G38;     703,64;    0,95;05/10/2024;46;Endereco Nao Encontrado       ;   ;jadson.se  ;19:10
003585                            ;05/10/2024;    ;054773;003;    ;0020220;MERCADINHO SOUZA                                  ;(07)58223-2981 ;040;413;SJQ8E15;     519,00;    0,69;05/10/2024;43;Forma de Pagamento            ;   ;mauricio.se;16:46
003585                            ;05/10/2024;    ;054774;003;    ;0020220;MERCADINHO SOUZA                                  ;(07)58223-2981 ;040;413;SJQ8E15;     539,00;    0,69;05/10/2024;43;Forma de Pagamento            ;   ;mauricio.se;16:45
003586                            ;05/10/2024;    ;054793;003;    ;0052525;MERCADINHO LAGOA DA                               ;               ;040;404;GGC2226;     148,84;    0,19;05/10/2024;39;Cliente Cancelou.             ;   ;mauricio.se;16:38
003586                            ;05/10/2024;    ;054801;003;    ;0045403;MERCADINHO IRMÉOS P                               ;               ;030;303;GGC2226;     481,66;    0,65;05/10/2024;39;Cliente Cancelou.             ;   ;mauricio.se;16:38
003587                            ;05/10/2024;    ;054830;003;    ;0044799;DEPSITO BATISTA                                   ;               ;030;302;JNW2B79;      35,00;    0,04;05/10/2024;23;(C)Pedidos duplicados         ;   ;mauricio.se;15:48
003587                            ;05/10/2024;    ;054831;003;    ;0044799;DEPSITO BATISTA                                   ;               ;030;302;JNW2B79;      35,00;    0,04;05/10/2024;23;(C)Pedidos duplicados         ;   ;mauricio.se;15:48
003587                            ;05/10/2024;    ;054832;003;    ;0044799;DEPSITO BATISTA                                   ;               ;030;302;JNW2B79;       2,92;    0,00;05/10/2024;23;(C)Pedidos duplicados         ;   ;mauricio.se;15:49
003587                            ;05/10/2024;    ;054833;003;    ;0044799;DEPSITO BATISTA                                   ;               ;030;302;JNW2B79;      35,00;    0,04;05/10/2024;23;(C)Pedidos duplicados         ;   ;mauricio.se;15:49
003587                            ;05/10/2024;    ;054834;003;    ;0044799;DEPSITO BATISTA                                   ;               ;030;302;JNW2B79;      35,00;    0,04;05/10/2024;23;(C)Pedidos duplicados         ;   ;mauricio.se;15:49
003587                            ;05/10/2024;    ;054835;003;    ;0044799;DEPSITO BATISTA                                   ;               ;030;302;JNW2B79;       2,92;    0,00;05/10/2024;23;(C)Pedidos duplicados         ;   ;mauricio.se;15:50
003587                            ;05/10/2024;    ;054845;003;    ;0028965;MERCADINHO MASCARENH                              ;(75) 9195-6188 ;030;302;JNW2B79;      15,84;    0,01;05/10/2024;23;(C)Pedidos duplicados         ;DER;mauricio.se;15:48
003590                            ;05/10/2024;    ;054950;003;    ;0020953;J Santos mercadinho                               ;(07)59816-9759 ;040;414;NTE9309;     373,80;    0,40;05/10/2024;46;Endereco Nao Encontrado       ;   ;mauricio.se;16:17
003590                            ;05/10/2024;    ;054951;003;    ;0020953;J Santos mercadinho                               ;(07)59816-9759 ;040;414;NTE9309;      20,00;    0,02;05/10/2024;46;Endereco Nao Encontrado       ;   ;mauricio.se;16:17
003590                            ;05/10/2024;    ;054952;003;    ;0020953;J Santos mercadinho                               ;(07)59816-9759 ;040;414;NTE9309;      50,00;    0,04;05/10/2024;46;Endereco Nao Encontrado       ;   ;mauricio.se;16:16
003593                            ;05/10/2024;    ;054977;003;    ;0053878;CONEXÉO SAUDE                                     ;               ;040;403;NZO1G22;      80,36;    0,09;05/10/2024;72;PDV FECHADO (HORARIO COM.)    ;   ;mauricio.se;17:16
003594                            ;04/10/2024;    ;054062;003;    ;0000001;CDR CAMACARI                                      ;(19) 3313-7039 ;090;990;RCZ0H45;  159460,00;    0,00;05/10/2024;51;NF ERRADA                     ;   ;alyson10   ;06:32
003602                            ;07/10/2024;    ;055007;003;    ;0085937;CESAR BAR                                         ;(75)99283-7119 ;040;402;SJQ2C64;      23,32;    0,04;08/10/2024;72;PDV FECHADO (HORARIO COM.)    ;   ;jadson.se  ;04:08
003602                            ;07/10/2024;    ;055008;003;    ;0085937;CESAR BAR                                         ;(75)99283-7119 ;040;402;SJQ2C64;      16,32;    0,02;08/10/2024;72;PDV FECHADO (HORARIO COM.)    ;   ;jadson.se  ;04:06
003602                            ;07/10/2024;    ;055009;003;    ;0085937;CESAR BAR                                         ;(75)99283-7119 ;040;402;SJQ2C64;     217,82;    0,27;08/10/2024;72;PDV FECHADO (HORARIO COM.)    ;   ;jadson.se  ;04:07
003602                            ;07/10/2024;    ;055010;003;    ;0085937;CESAR BAR                                         ;(75)99283-7119 ;040;402;SJQ2C64;      40,51;    0,04;08/10/2024;72;PDV FECHADO (HORARIO COM.)    ;   ;jadson.se  ;04:07
003602                            ;07/10/2024;    ;055011;003;    ;0085937;CESAR BAR                                         ;(75)99283-7119 ;040;402;SJQ2C64;     262,17;    0,34;08/10/2024;72;PDV FECHADO (HORARIO COM.)    ;   ;jadson.se  ;04:08
003605                            ;07/10/2024;    ;055112;003;    ;0045446;DEPOSITO DO NETO                                  ;(75)99701-0606 ;040;405;SJQ0G38;    2212,02;    2,70;07/10/2024;71;SEM DINHEIRO/CHEQUE           ;   ;rafael     ;18:19
003606                            ;07/10/2024;    ;055132;003;    ;0000588;BAR DE RENATO                                     ;(75)99279-7368 ;040;404;SJQ9G53;     117,00;    0,13;07/10/2024;82;ENDERECO NAO ENCONTRADO       ;   ;rafael     ;18:05
003607                            ;07/10/2024;    ;055187;003;    ;0044317;UIL POINT                                         ;(75)98286-0135 ;040;409;SJQ4E04;     528,05;    0,63;07/10/2024;72;PDV FECHADO (HORARIO COM.)    ;   ;rafael     ;17:30
003607                            ;07/10/2024;    ;055218;003;    ;0045565;MINI MERC VARIEDADE                               ;(75)99167-9378 ;040;408;SJQ4E04;      80,04;    0,24;07/10/2024;72;PDV FECHADO (HORARIO COM.)    ;   ;rafael     ;17:30
003607                            ;07/10/2024;    ;055220;003;    ;0000148;ATACADO TOP BAHIA EX                              ;(75)99959-5005 ;030;303;SJQ4E04;     129,90;    0,14;07/10/2024;73;FALTA DE ATIVOS DE GIRO       ;   ;rafael     ;17:30
003608                            ;07/10/2024;    ;055230;003;    ;0087097;BAR DO CINHO                                      ;(75)99144-1987 ;040;411;SJQ0J29;     136,00;    0,72;07/10/2024;42;Produto/Quantidade Errada     ;   ;rafael     ;17:29
003609                            ;07/10/2024;    ;055262;003;    ;0085635;DEPSITO DO NELITO                                 ;               ;040;403;SJQ0E61;    1172,38;    1,44;07/10/2024;43;Forma de Pagamento            ;   ;rafael     ;17:45
003628                            ;08/10/2024;    ;055491;003;    ;0048926;MERCEARIA DA GLEIDE                               ;(75)98284-7732 ;040;405;SJQ0G38;     563,53;    0,73;08/10/2024;46;Endereco Nao Encontrado       ;   ;mauricio.se;18:22
003634                            ;08/10/2024;    ;055758;003;    ;0028100;BAR DE ZE CANTOR                                  ;(75)98226-4143 ;040;413;SJQ9B03;     316,54;    0,46;08/10/2024;65;NAO FEZ PEDIDO                ;   ;cunha.se   ;19:31
003639                            ;08/10/2024;    ;055853;003;    ;0086837;MERC MENOR PRECO                                  ;(75)99106-1401 ;040;403;NTE9309;     196,06;    0,53;08/10/2024;72;PDV FECHADO (HORARIO COM.)    ;   ;mauricio.se;14:27
003642                            ;08/10/2024;    ;055893;003;    ;0086046;LANCHONETE CALCADAO                               ;(75)99123-6625 ;040;403;NTE9309;     424,98;    0,67;09/10/2024;40;Horario de Entrega            ;   ;mauricio.se;11:46
003647                            ;08/10/2024;    ;056001;003;    ;0032779;MERCADINHO SHALOM                                 ;(75)99184-0856 ;040;411;SJQ4A76;     661,21;    0,87;08/10/2024;87;TEMPO INSUFICIENTE            ;   ;cunha.se   ;19:13
003647                            ;08/10/2024;    ;056010;003;    ;0046951;POINT DO PARDAL                                   ;(75)99170-4372 ;040;408;SJQ4A76;      18,68;    0,04;08/10/2024;87;TEMPO INSUFICIENTE            ;   ;cunha.se   ;19:14
003647                            ;08/10/2024;    ;056011;003;    ;0046951;POINT DO PARDAL                                   ;(75)99170-4372 ;040;408;SJQ4A76;    1347,50;    1,72;08/10/2024;87;TEMPO INSUFICIENTE            ;   ;cunha.se   ;19:14
003647                            ;08/10/2024;    ;056012;003;    ;0046951;POINT DO PARDAL                                   ;(75)99170-4372 ;040;408;SJQ4A76;     228,70;    0,25;08/10/2024;87;TEMPO INSUFICIENTE            ;   ;cunha.se   ;19:15
003647                            ;08/10/2024;    ;056013;003;    ;0038821;MERCADO E LANCHONE                                ;               ;040;408;SJQ4A76;      52,53;    0,06;08/10/2024;87;TEMPO INSUFICIENTE            ;   ;cunha.se   ;19:14
003648                            ;08/10/2024;    ;056022;003;    ;0086817;DEP DO RENILSON                                   ;(75)98123-5689 ;040;409;SJQ3C84;      52,28;    0,06;08/10/2024;87;TEMPO INSUFICIENTE            ;   ;cunha.se   ;19:  
003648                            ;08/10/2024;    ;056023;003;    ;0086817;DEP DO RENILSON                                   ;(75)98123-5689 ;040;409;SJQ3C84;     106,18;    0,13;08/10/2024;87;TEMPO INSUFICIENTE            ;   ;cunha.se   ;19:01
003648                            ;08/10/2024;    ;056024;003;    ;0086817;DEP DO RENILSON                                   ;(75)98123-5689 ;040;409;SJQ3C84;    1886,50;    2,41;08/10/2024;87;TEMPO INSUFICIENTE            ;   ;cunha.se   ;19:02
003648                            ;08/10/2024;    ;056025;003;    ;0086817;DEP DO RENILSON                                   ;(75)98123-5689 ;040;409;SJQ3C84;    2317,70;    2,96;08/10/2024;87;TEMPO INSUFICIENTE            ;   ;cunha.se   ;19:03
003648                            ;08/10/2024;    ;056026;003;    ;0056263;EZIQUIEL DA SILVA OL                              ;(75)99288-0552 ;040;404;SJQ3C84;     533,50;    0,69;08/10/2024;85;DIFICIL ACESSO                ;   ;cunha.se   ;19:04
003648                            ;08/10/2024;    ;056027;003;    ;0056263;EZIQUIEL DA SILVA OL                              ;(75)99288-0552 ;040;404;SJQ3C84;      14,10;    0,02;08/10/2024;85;DIFICIL ACESSO                ;   ;cunha.se   ;19:04
003652                            ;08/10/2024;    ;056190;003;    ;0037248;ESPACO CAJUEIRO                                   ;(75)99249-2948 ;040;409;JRU3952;     323,40;    0,41;08/10/2024;87;TEMPO INSUFICIENTE            ;   ;cunha.se   ;19:10
003652                            ;08/10/2024;    ;056191;003;    ;0037248;ESPACO CAJUEIRO                                   ;(75)99249-2948 ;040;409;JRU3952;     124,12;    0,16;08/10/2024;87;TEMPO INSUFICIENTE            ;   ;cunha.se   ;19:10
003652                            ;08/10/2024;    ;056192;003;    ;0037248;ESPACO CAJUEIRO                                   ;(75)99249-2948 ;040;409;JRU3952;     113,55;    0,16;08/10/2024;87;TEMPO INSUFICIENTE            ;   ;cunha.se   ;19:10
003652                            ;08/10/2024;    ;056193;003;    ;0045996;BAR DA BECA                                       ;(43)90000-0000 ;040;409;JRU3952;     280,41;    0,37;08/10/2024;87;TEMPO INSUFICIENTE            ;   ;cunha.se   ;19:08
003652                            ;08/10/2024;    ;056194;003;    ;0045996;BAR DA BECA                                       ;(43)90000-0000 ;040;409;JRU3952;     215,60;    0,27;08/10/2024;87;TEMPO INSUFICIENTE            ;   ;cunha.se   ;19:09
003652                            ;08/10/2024;    ;056195;003;    ;0045996;BAR DA BECA                                       ;(43)90000-0000 ;040;409;JRU3952;      48,47;    0,06;08/10/2024;87;TEMPO INSUFICIENTE            ;   ;cunha.se   ;19:09
003652                            ;08/10/2024;    ;056196;003;    ;0038066;FRASES HALL                                       ;(75)99158-7156 ;040;409;JRU3952;     176,28;    0,25;08/10/2024;87;TEMPO INSUFICIENTE            ;   ;cunha.se   ;19:06
003652                            ;08/10/2024;    ;056197;003;    ;0038066;FRASES HALL                                       ;(75)99158-7156 ;040;409;JRU3952;     560,24;    0,70;08/10/2024;87;TEMPO INSUFICIENTE            ;   ;cunha.se   ;19:08
003652                            ;08/10/2024;    ;056198;003;    ;0038066;FRASES HALL                                       ;(75)99158-7156 ;040;409;JRU3952;      18,64;    0,06;08/10/2024;87;TEMPO INSUFICIENTE            ;   ;cunha.se   ;19:07
003653                            ;08/10/2024;    ;056236;003;    ;0009435;SUPERMER HIPER PINTO                              ;(75) 9127-9556 ;030;303;GGC2226;    1014,87;    1,82;08/10/2024;87;TEMPO INSUFICIENTE            ;   ;cunha.se   ;20:58
003653                            ;08/10/2024;    ;056243;003;    ;0085442;JORGE TIRCO MATRIZ                                ;(75) 3262-1030 ;030;303;GGC2226;    1159,60;    3,03;08/10/2024;87;TEMPO INSUFICIENTE            ;   ;cunha.se   ;20:57
003653                            ;08/10/2024;    ;056244;003;    ;0085442;JORGE TIRCO MATRIZ                                ;(75) 3262-1030 ;030;303;GGC2226;     867,10;    0,86;08/10/2024;87;TEMPO INSUFICIENTE            ;   ;cunha.se   ;20:57
003654                            ;08/10/2024;    ;056295;003;    ;0091228;GUEU ESPETINHO                                    ;(75)98286-7770 ;040;411;SJQ4E04;     815,14;    1,03;08/10/2024;72;PDV FECHADO (HORARIO COM.)    ;   ;cunha.se   ;19:22
003654                            ;08/10/2024;    ;056296;003;    ;0085008;MERCEARIA DO EURICO                               ;(75)99707-9272 ;040;411;SJQ4E04;    1897,45;    3,00;08/10/2024;73;FALTA DE ATIVOS DE GIRO       ;   ;cunha.se   ;19:24
003654                            ;08/10/2024;    ;056297;003;    ;0085008;MERCEARIA DO EURICO                               ;(75)99707-9272 ;040;411;SJQ4E04;      18,64;    0,06;08/10/2024;72;PDV FECHADO (HORARIO COM.)    ;   ;cunha.se   ;19:24
003660                            ;09/10/2024;    ;056411;003;    ;0023689;MERC LIMA BR                                      ;(75)99245-4676 ;040;402;SJQ2C64;      45,00;    0,02;10/10/2024;42;Produto/Quantidade Errada     ;   ;jadson.se  ;04:23
003662                            ;09/10/2024;    ;056513;003;    ;0048232;MARAVILHA BAR                                     ;(75) 9870-5097 ;040;406;NTE9309;     195,60;    0,21;10/10/2024;72;PDV FECHADO (HORARIO COM.)    ;   ;mauricio.se;14:25
003664                            ;09/10/2024;    ;056546;003;    ;0086926;CHURRASC COREANO                                  ;(75) 9192-9545 ;040;411;JRU3952;     281,01;    0,40;09/10/2024;71;SEM DINHEIRO/CHEQUE           ;   ;jadson.se  ;20:30
003664                            ;09/10/2024;    ;056551;003;    ;0048216;HORA DO LANCHE                                    ;(75)98124-4695 ;040;411;JRU3952;     100,95;    0,13;09/10/2024;87;TEMPO INSUFICIENTE            ;   ;jadson.se  ;20:30
003664                            ;09/10/2024;    ;056552;003;    ;0029666;Sonho de crianÁa                                  ;(75)99146-5202 ;040;411;JRU3952;     104,56;    0,13;09/10/2024;87;TEMPO INSUFICIENTE            ;   ;jadson.se  ;20:31
003664                            ;09/10/2024;    ;056555;003;    ;0024215;BAR DO MARCOS                                     ;(75)99955-8080 ;040;408;JRU3952;      14,17;    0,02;09/10/2024;87;TEMPO INSUFICIENTE            ;   ;jadson.se  ;20:36
003664                            ;09/10/2024;    ;056556;003;    ;0024215;BAR DO MARCOS                                     ;(75)99955-8080 ;040;408;JRU3952;      44,93;    0,06;09/10/2024;87;TEMPO INSUFICIENTE            ;   ;jadson.se  ;20:37
003664                            ;09/10/2024;    ;056557;003;    ;0024215;BAR DO MARCOS                                     ;(75)99955-8080 ;040;408;JRU3952;     107,80;    0,13;09/10/2024;87;TEMPO INSUFICIENTE            ;   ;jadson.se  ;20:37
003664                            ;09/10/2024;    ;056558;003;    ;0024215;BAR DO MARCOS                                     ;(75)99955-8080 ;040;408;JRU3952;      21,29;    0,04;09/10/2024;87;TEMPO INSUFICIENTE            ;   ;jadson.se  ;20:37
003664                            ;09/10/2024;    ;056559;003;    ;0024215;BAR DO MARCOS                                     ;(75)99955-8080 ;040;408;JRU3952;      32,64;    0,04;09/10/2024;87;TEMPO INSUFICIENTE            ;   ;jadson.se  ;20:38
003664                            ;09/10/2024;    ;056560;003;    ;0043993; BAR DO BINHO                                     ;               ;040;408;JRU3952;     196,26;    0,25;09/10/2024;87;TEMPO INSUFICIENTE            ;   ;jadson.se  ;20:36
003664                            ;09/10/2024;    ;056570;003;    ;0045569;TABULEIRO DA JAGUAR                               ;               ;040;411;JRU3952;     150,05;    0,20;09/10/2024;73;FALTA DE ATIVOS DE GIRO       ;   ;jadson.se  ;20:29
003664                            ;09/10/2024;    ;056575;003;    ;0090717;DAUDETE  CARNEIRO MO                              ;(75)99121-1212 ;030;303;JRU3952;     112,43;    0,14;09/10/2024;87;TEMPO INSUFICIENTE            ;   ;jadson.se  ;20:34
003664                            ;09/10/2024;    ;056576;003;    ;0090717;DAUDETE  CARNEIRO MO                              ;(75)99121-1212 ;030;303;JRU3952;     107,85;    0,07;09/10/2024;87;TEMPO INSUFICIENTE            ;   ;jadson.se  ;20:35
003664                            ;09/10/2024;    ;056577;003;    ;0090717;DAUDETE  CARNEIRO MO                              ;(75)99121-1212 ;030;303;JRU3952;     129,90;    0,14;09/10/2024;87;TEMPO INSUFICIENTE            ;   ;jadson.se  ;20:35
003664                            ;09/10/2024;    ;056578;003;    ;0090717;DAUDETE  CARNEIRO MO                              ;(75)99121-1212 ;030;303;JRU3952;     113,64;    0,09;09/10/2024;87;TEMPO INSUFICIENTE            ;DER;jadson.se  ;20:36
003664                            ;09/10/2024;    ;056583;003;    ;0032177;IDEAL SUPERMERCADO                                ;(75)99157-6995 ;040;411;JRU3952;     149,90;    0,14;09/10/2024;87;TEMPO INSUFICIENTE            ;   ;jadson.se  ;20:33
003664                            ;09/10/2024;    ;056584;003;    ;0032177;IDEAL SUPERMERCADO                                ;(75)99157-6995 ;040;411;JRU3952;     114,72;    0,36;09/10/2024;87;TEMPO INSUFICIENTE            ;   ;jadson.se  ;20:34
003664                            ;09/10/2024;    ;056585;003;    ;0000146;MERCEARIA ROQUETAO                                ;(75)99206-7114 ;040;411;JRU3952;     501,94;    0,61;09/10/2024;87;TEMPO INSUFICIENTE            ;   ;jadson.se  ;20:32
003664                            ;09/10/2024;    ;056586;003;    ;0000146;MERCEARIA ROQUETAO                                ;(75)99206-7114 ;040;411;JRU3952;      12,58;    0,00;09/10/2024;87;TEMPO INSUFICIENTE            ;   ;jadson.se  ;20:33
003664                            ;09/10/2024;    ;056587;003;    ;0035966;GN MERCADINHO                                     ;(75)98241-3109 ;040;411;JRU3952;     161,70;    0,20;09/10/2024;87;TEMPO INSUFICIENTE            ;   ;jadson.se  ;20:34
003664                            ;09/10/2024;    ;056588;003;    ;0035966;GN MERCADINHO                                     ;(75)98241-3109 ;040;411;JRU3952;      47,04;    0,12;09/10/2024;87;TEMPO INSUFICIENTE            ;   ;jadson.se  ;20:32
003669                            ;09/10/2024;    ;056778;003;    ;0000561;BAR  DO SANDOVAL                                  ;(75)99132-4512 ;040;404;JNW2B79;     448,58;    0,56;09/10/2024;87;TEMPO INSUFICIENTE            ;   ;mauricio.se;18:51
003671                            ;09/10/2024;    ;056879;003;    ;0033122;DF MERCEARIA E DIST                               ;(75)99219-1820 ;040;411;SJQ4E04;    1048,90;    1,20;09/10/2024;73;FALTA DE ATIVOS DE GIRO       ;   ;mauricio.se;17:30
003672                            ;09/10/2024;    ;056931;003;    ;0049947;Gil Lanches                                       ;               ;040;411;SJQ4A76;     110,75;    0,06;09/10/2024;50;CARGA ERRADA ARMAZEM          ;   ;jadson.se  ;19:13
003677                            ;09/10/2024;    ;057133;003;    ;0020457;BAR DO CORINTHIAS                                 ;(75)98217-7246 ;040;413;SJQ9B03;     264,50;    0,34;09/10/2024;43;Forma de Pagamento            ;   ;mauricio.se;17:35
003677                            ;09/10/2024;    ;057146;003;    ;0025525;BAR DO VEVE                                       ;(07)58888-8888 ;040;412;SJQ9B03;     515,58;    0,66;09/10/2024;65;NAO FEZ PEDIDO                ;   ;mauricio.se;17:34
003677                            ;09/10/2024;    ;057150;003;    ;0020456;BAR TIRA RESSACA                                  ;(07)58157-3439 ;040;413;SJQ9B03;     485,10;    0,62;09/10/2024;72;PDV FECHADO (HORARIO COM.)    ;   ;mauricio.se;17:34
003677                            ;09/10/2024;    ;057153;003;    ;0020221;BAR BIC BAR                                       ;(07)58170-2478 ;040;412;SJQ9B03;     201,80;    0,24;09/10/2024;73;FALTA DE ATIVOS DE GIRO       ;   ;mauricio.se;17:33
003678                            ;09/10/2024;    ;057164;003;    ;0034121;DELICIA DE TIA ELZA                               ;(75)99116-5977 ;040;403;GGC2226;     138,12;    0,36;09/10/2024;50;CARGA ERRADA ARMAZEM          ;   ;mauricio.se;17:28
003678                            ;09/10/2024;    ;057183;003;    ;0047756;K PRA NOS                                         ;(75)99211-6691 ;040;403;GGC2226;     149,90;    0,14;09/10/2024;42;Produto/Quantidade Errada     ;   ;mauricio.se;17:29
003681                            ;09/10/2024;    ;057232;003;    ;0099999;REVALLE SERRINHA                                  ;(81)99985-5888 ;090;995;       ;     153,00;    0,36;17/10/2024;51;NF ERRADA                     ;   ;alyson     ;11:42
003689                            ;10/10/2024;    ;057318;003;    ;0043727;BAR OLIVEIRA                                      ;(75)99290-5238 ;040;402;SJQ2B64;     287,62;    0,34;11/10/2024;71;SEM DINHEIRO/CHEQUE           ;   ;cunha.se   ;23:17
003691                            ;10/10/2024;    ;057419;003;    ;0020424;BARZINHO VERDE DA SI                              ;(07)59242-1990 ;040;414;SJQ3A28;     687,86;    0,68;10/10/2024;87;TEMPO INSUFICIENTE            ;   ;cunha.se   ;19:08
003691                            ;10/10/2024;    ;057420;003;    ;0020708;BAR DA IRACEMA                                    ;(01)19597-2799 ;040;414;SJQ3A28;     197,74;    0,23;10/10/2024;87;TEMPO INSUFICIENTE            ;   ;cunha.se   ;19:08
003692                            ;10/10/2024;    ;057439;003;    ;0020714;FRIGORIFICO GR                                    ;(07)58122-9740 ;040;414;SIY2E51;     224,60;    0,25;18/10/2024;08;Mapa nao carregado / nao canc.;   ;rafael     ;18:18
003692                            ;10/10/2024;    ;057440;003;    ;0020713;LAZER PICINA                                      ;               ;040;414;SIY2E51;     438,56;    0,64;18/10/2024;08;Mapa nao carregado / nao canc.;   ;rafael     ;18:18
003692                            ;10/10/2024;    ;057441;003;    ;0020272;BUTECO DA MARIZETE                                ;(07)59128-8486 ;040;414;SIY2E51;     386,28;    0,55;18/10/2024;08;Mapa nao carregado / nao canc.;   ;rafael     ;18:18
003692                            ;10/10/2024;    ;057442;003;    ;0000513;GLORIA MERCADINHO                                 ;(75)99175-0228 ;040;414;SIY2E51;     398,56;    0,59;18/10/2024;08;Mapa nao carregado / nao canc.;   ;rafael     ;18:16
003692                            ;10/10/2024;    ;057443;003;    ;0020339;BAR  DO  BOY                                      ;(75)98149-3863 ;040;414;SIY2E51;     259,64;    0,39;18/10/2024;08;Mapa nao carregado / nao canc.;   ;rafael     ;18:19
003692                            ;10/10/2024;    ;057444;003;    ;0020339;BAR  DO  BOY                                      ;(75)98149-3863 ;040;414;SIY2E51;     292,25;    0,38;18/10/2024;08;Mapa nao carregado / nao canc.;   ;rafael     ;18:19
003692                            ;10/10/2024;    ;057445;003;    ;0000448;RESTAURANTE FOGUINHO                              ;(75)99104-3329 ;040;414;SIY2E51;     295,71;    0,57;18/10/2024;08;Mapa nao carregado / nao canc.;   ;rafael     ;18:16
003692                            ;10/10/2024;    ;057446;003;    ;0020788;MERCADINHO DO KAL                                 ;(07)59238-8822 ;040;413;SIY2E51;     826,28;    1,01;18/10/2024;08;Mapa nao carregado / nao canc.;   ;rafael     ;18:19
003692                            ;10/10/2024;    ;057447;003;    ;0020788;MERCADINHO DO KAL                                 ;(07)59238-8822 ;040;413;SIY2E51;      23,90;    0,04;18/10/2024;08;Mapa nao carregado / nao canc.;   ;rafael     ;18:17
003692                            ;10/10/2024;    ;057448;003;    ;0042861;MERCADINHO SA                                     ;(75)99187-6353 ;040;406;SIY2E51;      16,67;    0,03;18/10/2024;08;Mapa nao carregado / nao canc.;DER;rafael     ;18:17
003693                            ;10/10/2024;    ;057456;003;    ;0020135;BAR E VARIEDADES                                  ;(07)59996-9933 ;040;414;SJQ9B03;     485,10;    0,62;10/10/2024;87;TEMPO INSUFICIENTE            ;   ;cunha.se   ;19:15
003696                            ;10/10/2024;    ;057586;003;    ;0086513;BAR DO CRISTOVAO                                  ;(75)99967-7931 ;040;401;SJQ4B82;     267,88;    0,34;10/10/2024;72;PDV FECHADO (HORARIO COM.)    ;   ;mauricio.se;18:03
003706                            ;10/10/2024;    ;057882;003;    ;0046103;VINY DISTRIBUIDORA                                ;(75)99135-9546 ;030;303;JNW2B79;     145,78;    0,19;10/10/2024;50;CARGA ERRADA ARMAZEM          ;   ;mauricio.se;16:54
003711                            ;10/10/2024;    ;058025;003;    ;0020600;MERCEARIA  SILVA                                  ;(07)59880-5656 ;040;412;SIY2E51;      27,36;    0,12;11/10/2024;42;Produto/Quantidade Errada     ;   ;rafael     ;18:28
003711                            ;10/10/2024;    ;058038;003;    ;0020261;LEO BAR                                           ;(75)99295-0164 ;040;414;SIY2E51;     107,80;    0,13;11/10/2024;71;SEM DINHEIRO/CHEQUE           ;   ;rafael     ;18:29
003712                            ;10/10/2024;    ;058058;003;    ;0000082;BAR ALTO ALEGRE                                   ;(75)98879-5087 ;040;404;NTE9309;     137,76;    0,26;10/10/2024;86;HORARIO DE ENTREGA            ;   ;cunha.se   ;19:04
003712                            ;10/10/2024;    ;058059;003;    ;0087097;BAR DO CINHO                                      ;(75)99144-1987 ;040;411;NTE9309;     228,32;    0,28;10/10/2024;86;HORARIO DE ENTREGA            ;   ;cunha.se   ;19:04
003714                            ;10/10/2024;    ;058076;003;    ;0031190;AABB                                              ;(75)98144-3534 ;040;406;IIW0E79;     890,88;    1,02;10/10/2024;65;NAO FEZ PEDIDO                ;   ;mauricio.se;17:47
003714                            ;10/10/2024;    ;058080;003;    ;0028498;TROPICAL LANCHES                                  ;(75) 9191-7876 ;040;406;IIW0E79;      36,10;    0,04;10/10/2024;72;PDV FECHADO (HORARIO COM.)    ;   ;mauricio.se;17:48
003714                            ;10/10/2024;    ;058081;003;    ;0028498;TROPICAL LANCHES                                  ;(75) 9191-7876 ;040;406;IIW0E79;      36,10;    0,04;10/10/2024;72;PDV FECHADO (HORARIO COM.)    ;   ;mauricio.se;17:48
003714                            ;10/10/2024;    ;058082;003;    ;0028498;TROPICAL LANCHES                                  ;(75) 9191-7876 ;040;406;IIW0E79;      36,10;    0,04;10/10/2024;72;PDV FECHADO (HORARIO COM.)    ;   ;mauricio.se;17:48
003718                            ;10/10/2024;    ;058085;003;    ;0099999;REVALLE SERRINHA                                  ;(81)99985-5888 ;090;995;       ;      28,00;    0,00;17/10/2024;51;NF ERRADA                     ;   ;alyson     ;11:43
003718                            ;10/10/2024;    ;058086;003;    ;0099999;REVALLE SERRINHA                                  ;(81)99985-5888 ;090;995;       ;      76,53;    0,08;17/10/2024;51;NF ERRADA                     ;   ;alyson     ;11:43
003736                            ;11/10/2024;    ;058488;003;    ;0031537;BOTECO LANCHES PINDA                              ;(75)99133-7018 ;040;409;SJQ3C84;     417,68;    0,55;11/10/2024;87;TEMPO INSUFICIENTE            ;   ;jadson.se  ;19:13
003736                            ;11/10/2024;    ;058489;003;    ;0092264;BOM PRECO MERCADINHO                              ;(75)99247-9730 ;040;409;SJQ3C84;    3825,33;    5,07;11/10/2024;87;TEMPO INSUFICIENTE            ;   ;jadson.se  ;19:14
003736                            ;11/10/2024;    ;058490;003;    ;0092264;BOM PRECO MERCADINHO                              ;(75)99247-9730 ;040;409;SJQ3C84;     117,65;    0,21;11/10/2024;87;TEMPO INSUFICIENTE            ;   ;jadson.se  ;19:15
003736                            ;11/10/2024;    ;058491;003;    ;0092264;BOM PRECO MERCADINHO                              ;(75)99247-9730 ;040;409;SJQ3C84;     112,14;    0,12;11/10/2024;87;TEMPO INSUFICIENTE            ;   ;jadson.se  ;19:15
003736                            ;11/10/2024;    ;058505;003;    ;0032207;ATACADAO CASA DO ARR                              ;(75)99184-0060 ;030;303;SJQ3C84;     462,92;    0,72;11/10/2024;87;TEMPO INSUFICIENTE            ;   ;jadson.se  ;19:13
003736                            ;11/10/2024;    ;058506;003;    ;0041043;MT MERCADINHO                                     ;(75)99961-3311 ;040;409;SJQ3C84;     269,98;    0,34;11/10/2024;87;TEMPO INSUFICIENTE            ;   ;jadson.se  ;19:16
003736                            ;11/10/2024;    ;058507;003;    ;0041043;MT MERCADINHO                                     ;(75)99961-3311 ;040;409;SJQ3C84;     235,57;    0,31;11/10/2024;87;TEMPO INSUFICIENTE            ;   ;jadson.se  ;19:16
003736                            ;11/10/2024;    ;058508;003;    ;0041043;MT MERCADINHO                                     ;(75)99961-3311 ;040;409;SJQ3C84;      91,13;    0,13;11/10/2024;87;TEMPO INSUFICIENTE            ;   ;jadson.se  ;19:17
003737                            ;11/10/2024;    ;058521;003;    ;0085745;COMPRE FACIL SUPERME                              ;(75)99138-1803 ;030;302;SJQ8E15;     470,10;    0,59;11/10/2024;73;FALTA DE ATIVOS DE GIRO       ;   ;jadson.se  ;19:  
003737                            ;11/10/2024;    ;058522;003;    ;0085745;COMPRE FACIL SUPERME                              ;(75)99138-1803 ;030;302;SJQ8E15;     107,80;    0,13;11/10/2024;73;FALTA DE ATIVOS DE GIRO       ;   ;jadson.se  ;18:58
003737                            ;11/10/2024;    ;058535;003;    ;0024544;BAR ARAuJO                                        ;(75) 9222-2416 ;040;404;SJQ8E15;     474,60;    0,72;11/10/2024;72;PDV FECHADO (HORARIO COM.)    ;   ;jadson.se  ;18:59
003742                            ;11/10/2024;    ;058730;003;    ;0038043;BAR SITIO DIOGO                                   ;               ;040;414;SJQ9B03;     385,80;    0,40;11/10/2024;42;Produto/Quantidade Errada     ;   ;jadson.se  ;19:04
003743                            ;11/10/2024;    ;058786;003;    ;0028916;MERCADINHO OASIS                                  ;               ;040;406;SJQ3A28;     777,79;    1,63;11/10/2024;50;CARGA ERRADA ARMAZEM          ;   ;rafael     ;18:04
003745                            ;11/10/2024;    ;058819;003;    ;0054434;BAR DO FIAPO                                      ;               ;040;401;JNW2B79;      62,61;    0,07;11/10/2024;95;TROCA P/ INVERSAO             ;DER;jadson.se  ;19:23
003747                            ;11/10/2024;    ;058898;003;    ;0034709;BODEGA DO VOVO                                    ;(75)98314-2958 ;040;405;SYE5D21;       7,89;    0,00;11/10/2024;42;Produto/Quantidade Errada     ;DER;rafael     ;15:30
003751                            ;11/10/2024;    ;058935;003;    ;0045974;ANIMUS                                            ;(75)99826-1128 ;040;403;IIW0E79;      76,06;    0,16;11/10/2024;82;ENDERECO NAO ENCONTRADO       ;   ;rafael     ;14:01
003751                            ;11/10/2024;    ;058943;003;    ;0085010;MERC E BAR RS                                     ;(75)99210-7576 ;040;406;IIW0E79;      52,28;    0,06;11/10/2024;72;PDV FECHADO (HORARIO COM.)    ;   ;rafael     ;14:01
003760                            ;11/10/2024;    ;058789;003;    ;0086346;box de analise                                    ;(75)99205-1101 ;040;407;GGC2226;     530,43;    0,29;14/10/2024;50;CARGA ERRADA ARMAZEM          ;DER;cunha.se   ;19:05
003760                            ;11/10/2024;    ;058804;003;    ;0030288;BAR DO DILO                                       ;(75)99198-7606 ;040;407;GGC2226;      66,68;    0,03;14/10/2024;50;CARGA ERRADA ARMAZEM          ;DER;cunha.se   ;19:05
003763                            ;14/10/2024;    ;058980;003;    ;0029855;mercadinho da Helena                              ;(75)99194-8457 ;040;402;SJQ2B64;     400,01;    0,50;15/10/2024;73;FALTA DE ATIVOS DE GIRO       ;   ;cunha.se   ;23:27
003763                            ;14/10/2024;    ;058983;003;    ;0087498;CAMPO DO SIE                                      ;(75)99288-2049 ;040;402;SJQ2B64;     299,80;    0,28;15/10/2024;72;PDV FECHADO (HORARIO COM.)    ;   ;cunha.se   ;23:25
003763                            ;14/10/2024;    ;058998;003;    ;0048917;DIST. DE BEB. SOUZA                               ;               ;040;402;SJQ2B64;     116,65;    0,14;15/10/2024;87;TEMPO INSUFICIENTE            ;   ;cunha.se   ;23:23
003763                            ;14/10/2024;    ;058999;003;    ;0048917;DIST. DE BEB. SOUZA                               ;               ;040;402;SJQ2B64;    5106,83;    6,60;15/10/2024;87;TEMPO INSUFICIENTE            ;   ;cunha.se   ;23:22
003763                            ;14/10/2024;    ;059000;003;    ;0048917;DIST. DE BEB. SOUZA                               ;               ;040;402;SJQ2B64;     380,74;    0,44;15/10/2024;87;TEMPO INSUFICIENTE            ;   ;cunha.se   ;23:24
003763                            ;14/10/2024;    ;059001;003;    ;0048917;DIST. DE BEB. SOUZA                               ;               ;040;402;SJQ2B64;     181,60;    0,16;15/10/2024;87;TEMPO INSUFICIENTE            ;   ;cunha.se   ;23:24
003764                            ;14/10/2024;    ;059058;003;    ;0004512;BAR KALUMBY.                                      ;(71) 0264-2479 ;040;402;SJQ2C64;      97,93;    0,42;15/10/2024;71;SEM DINHEIRO/CHEQUE           ;   ;cunha.se   ;04:46
003764                            ;14/10/2024;    ;059059;003;    ;0004512;BAR KALUMBY.                                      ;(71) 0264-2479 ;040;402;SJQ2C64;     150,15;    0,38;15/10/2024;71;SEM DINHEIRO/CHEQUE           ;   ;cunha.se   ;04:45
003765                            ;14/10/2024;    ;059102;003;    ;0000533;JAIRO DISTRIBUIDORA                               ;(75)98124-9144 ;040;414;SJQ3A28;    4048,38;    5,25;15/10/2024;42;Produto/Quantidade Errada     ;   ;rafael     ;18:06
003766                            ;14/10/2024;    ;059106;003;    ;0020529;MERCEARIA DO FERNAND                              ;(75)99285-7306 ;040;412;SYE5D21;     516,84;    1,11;14/10/2024;87;TEMPO INSUFICIENTE            ;   ;mauricio.se;18:46
003766                            ;14/10/2024;    ;059107;003;    ;0020529;MERCEARIA DO FERNAND                              ;(75)99285-7306 ;040;412;SYE5D21;      34,90;    0,04;14/10/2024;87;TEMPO INSUFICIENTE            ;   ;mauricio.se;18:45
003766                            ;14/10/2024;    ;059108;003;    ;0020171;MERCADINHO SERTANEJO                              ;(75)99250-8319 ;040;412;SYE5D21;     788,92;    0,85;14/10/2024;87;TEMPO INSUFICIENTE            ;   ;mauricio.se;18:45
003769                            ;14/10/2024;    ;059166;003;    ;0086208;MERCADINHO ISABELA                                ;(75)99886-6098 ;030;302;SJQ8E15;      90,14;    0,20;15/10/2024;71;SEM DINHEIRO/CHEQUE           ;   ;rafael     ;17:30
003774                            ;14/10/2024;    ;059330;003;    ;0091503;MACEDO EMBALAGENS                                 ;(75)99176-7832 ;040;403;SJQ0E61;     444,73;    0,55;14/10/2024;87;TEMPO INSUFICIENTE            ;   ;mauricio.se;18:47
003783                            ;14/10/2024;    ;059612;003;    ;0028897;MONGYS BAR                                        ;(75)98114-4017 ;040;410;DEN3A12;     158,70;    0,20;14/10/2024;72;PDV FECHADO (HORARIO COM.)    ;   ;cunha.se   ;19:25
003786                            ;14/10/2024;    ;059660;003;    ;0023151;MERCEARIA DA PONTE                                ;(71)99211-0473 ;040;403;NTE9309;     145,64;    0,28;14/10/2024;72;PDV FECHADO (HORARIO COM.)    ;   ;mauricio.se;14:02
003787                            ;14/10/2024;    ;059679;003;    ;0000061;MERCEARIA DO CHEPA                                ;(75)99234-0553 ;040;413;IIW0E79;     293,42;    0,57;15/10/2024;42;Produto/Quantidade Errada     ;   ;rafael     ;18:41
003800                            ;15/10/2024;    ;059702;003;    ;0031031;MERCAD ESPAcO DELAS                               ;(75)99191-4762 ;040;407;SJQ2B64;     213,60;    0,27;16/10/2024;42;Produto/Quantidade Errada     ;   ;jadson.se  ;23:24
003800                            ;15/10/2024;    ;059703;003;    ;0031031;MERCAD ESPAcO DELAS                               ;(75)99191-4762 ;040;407;SJQ2B64;     529,00;    0,69;16/10/2024;42;Produto/Quantidade Errada     ;   ;jadson.se  ;23:27
003800                            ;15/10/2024;    ;059704;003;    ;0031031;MERCAD ESPAcO DELAS                               ;(75)99191-4762 ;040;407;SJQ2B64;    1058,00;    1,38;16/10/2024;42;Produto/Quantidade Errada     ;   ;jadson.se  ;23:27
003802                            ;15/10/2024;    ;059808;003;    ;0000187;MERCADINHO BOM PRECO                              ;(75)99135-4362 ;040;406;SJQ9B03;     406,13;    1,07;15/10/2024;71;SEM DINHEIRO/CHEQUE           ;   ;rafael     ;16:28
003802                            ;15/10/2024;    ;059809;003;    ;0000187;MERCADINHO BOM PRECO                              ;(75)99135-4362 ;040;406;SJQ9B03;      66,16;    0,00;15/10/2024;71;SEM DINHEIRO/CHEQUE           ;   ;rafael     ;16:29
003802                            ;15/10/2024;    ;059810;003;    ;0000187;MERCADINHO BOM PRECO                              ;(75)99135-4362 ;040;406;SJQ9B03;      34,56;    0,04;15/10/2024;71;SEM DINHEIRO/CHEQUE           ;   ;rafael     ;16:29
003802                            ;15/10/2024;    ;059824;003;    ;0020191;BAR CAJUEIRO                                      ;(75)99134-7983 ;040;406;SJQ9B03;    1832,48;    2,41;15/10/2024;71;SEM DINHEIRO/CHEQUE           ;   ;rafael     ;16:27
003809                            ;15/10/2024;    ;060049;003;    ;0000480;QUISQUE POINTE D IRA                              ;(75)99145-9113 ;040;415;SJQ0E61;     483,48;    0,62;15/10/2024;42;Produto/Quantidade Errada     ;   ;rafael     ;17:32
003810                            ;15/10/2024;    ;060077;003;    ;0090601;ITALO OLIVEIRA                                    ;(75)98242-9813 ;030;301;SJQ4E04;    4232,00;    5,52;15/10/2024;71;SEM DINHEIRO/CHEQUE           ;   ;rafael     ;18:38
003811                            ;15/10/2024;    ;060096;003;    ;0037248;ESPACO CAJUEIRO                                   ;(75)99249-2948 ;040;412;SJQ9B48;      14,22;    0,04;15/10/2024;87;TEMPO INSUFICIENTE            ;   ;jadson.se  ;18:55
003811                            ;15/10/2024;    ;060097;003;    ;0037248;ESPACO CAJUEIRO                                   ;(75)99249-2948 ;040;412;SJQ9B48;      53,90;    0,06;15/10/2024;87;TEMPO INSUFICIENTE            ;   ;jadson.se  ;18:56
003811                            ;15/10/2024;    ;060098;003;    ;0037248;ESPACO CAJUEIRO                                   ;(75)99249-2948 ;040;412;SJQ9B48;     323,40;    0,41;15/10/2024;87;TEMPO INSUFICIENTE            ;   ;jadson.se  ;18:56
003811                            ;15/10/2024;    ;060099;003;    ;0037248;ESPACO CAJUEIRO                                   ;(75)99249-2948 ;040;412;SJQ9B48;     161,70;    0,20;15/10/2024;87;TEMPO INSUFICIENTE            ;   ;jadson.se  ;18:56
003812                            ;15/10/2024;    ;060158;003;    ;0048926;MERCEARIA DA GLEIDE                               ;(75)98284-7732 ;040;407;SJQ4A76;     539,00;    0,69;15/10/2024;87;TEMPO INSUFICIENTE            ;   ;jadson.se  ;19:03
003812                            ;15/10/2024;    ;060159;003;    ;0054226;COMERCIO NOSSA SENHO                              ;(75)98289-1459 ;040;407;SJQ4A76;     346,83;    0,42;15/10/2024;87;TEMPO INSUFICIENTE            ;   ;jadson.se  ;19:02
003812                            ;15/10/2024;    ;060160;003;    ;0000497;KIOSQUE DA JANA                                   ;(75)99708-5359 ;040;411;SJQ4A76;     541,88;    0,70;15/10/2024;87;TEMPO INSUFICIENTE            ;   ;jadson.se  ;19:03
003812                            ;15/10/2024;    ;060185;003;    ;0086870;MERCADINHO NILTINHO                               ;(75) 9818-9392 ;040;407;SJQ4A76;     894,22;    0,95;15/10/2024;72;PDV FECHADO (HORARIO COM.)    ;   ;jadson.se  ;19:03
003813                            ;15/10/2024;    ;060198;003;    ;0020606;MERCADINHO VALERIO                                ;(07)58234-9246 ;040;413;JNW2B79;     433,31;    0,65;15/10/2024;71;SEM DINHEIRO/CHEQUE           ;   ;rafael     ;17:31
003813                            ;15/10/2024;    ;060205;003;    ;0020357;BAR DE ORLANDO                                    ;(07)59286-3820 ;040;413;JNW2B79;      52,28;    0,06;15/10/2024;72;PDV FECHADO (HORARIO COM.)    ;   ;rafael     ;17:31
003816                            ;15/10/2024;    ;060254;003;    ;0028704;POINT DA GALEGA                                   ;(75)99200-3942 ;040;414;SIY2E51;     262,39;    0,31;15/10/2024;42;Produto/Quantidade Errada     ;   ;rafael     ;17:33
003816                            ;15/10/2024;    ;060255;003;    ;0028704;POINT DA GALEGA                                   ;(75)99200-3942 ;040;414;SIY2E51;      17,28;    0,02;15/10/2024;42;Produto/Quantidade Errada     ;   ;rafael     ;17:33
003816                            ;15/10/2024;    ;060260;003;    ;0000148;ATACADO TOP BAHIA EX                              ;(75)99959-5005 ;040;414;SIY2E51;      86,40;    0,07;15/10/2024;65;NAO FEZ PEDIDO                ;   ;rafael     ;17:32
003817                            ;15/10/2024;    ;060273;003;    ;0044711;REST TEMPERO DA MARY                              ;               ;040;407;DEN3A12;      75,48;    0,16;15/10/2024;71;SEM DINHEIRO/CHEQUE           ;   ;rafael     ;18:39
003817                            ;15/10/2024;    ;060299;003;    ;0000162;SUPER SONY                                        ;(75)99945-8380 ;040;412;DEN3A12;     437,92;    0,92;15/10/2024;50;CARGA ERRADA ARMAZEM          ;   ;rafael     ;18:40
003817                            ;15/10/2024;    ;060300;003;    ;0000162;SUPER SONY                                        ;(75)99945-8380 ;040;412;DEN3A12;      16,32;    0,02;15/10/2024;50;CARGA ERRADA ARMAZEM          ;   ;rafael     ;18:39
003833                            ;16/10/2024;    ;060546;003;    ;0085591;TREILLER DE CHAGAS                                ;(75) 9999-8888 ;030;303;SJQ8E15;    1342,98;    1,47;16/10/2024;72;PDV FECHADO (HORARIO COM.)    ;   ;mauricio.se;18:45
003833                            ;16/10/2024;    ;060547;003;    ;0085591;TREILLER DE CHAGAS                                ;(75) 9999-8888 ;030;303;SJQ8E15;     177,36;    0,06;16/10/2024;72;PDV FECHADO (HORARIO COM.)    ;   ;mauricio.se;18:45
003835                            ;16/10/2024;    ;060629;003;    ;0087104;MERC GLOBO                                        ;(75)98133-7270 ;040;415;SJQ0E61;     554,59;    0,89;16/10/2024;72;PDV FECHADO (HORARIO COM.)    ;   ;mauricio.se;16:29
003838                            ;16/10/2024;    ;060753;003;    ;0033571;MERC RS                                           ;(75)99103-2801 ;040;401;SJQ3A28;     364,66;    0,67;16/10/2024;71;SEM DINHEIRO/CHEQUE           ;   ;mauricio.se;18:30
003838                            ;16/10/2024;    ;060754;003;    ;0033571;MERC RS                                           ;(75)99103-2801 ;040;401;SJQ3A28;     107,80;    0,13;16/10/2024;71;SEM DINHEIRO/CHEQUE           ;   ;mauricio.se;18:30
003838                            ;16/10/2024;    ;060759;003;    ;0037220;BAR DA CAJA                                       ;(75)99205-7202 ;071;011;SJQ3A28;      97,77;    0,13;16/10/2024;72;PDV FECHADO (HORARIO COM.)    ;   ;mauricio.se;18:31
003838                            ;16/10/2024;    ;060762;003;    ;0044025; MERCADINHO GINALDO                               ;               ;040;401;SJQ3A28;     669,93;    0,75;16/10/2024;87;TEMPO INSUFICIENTE            ;   ;mauricio.se;18:31
003839                            ;16/10/2024;    ;060774;003;    ;0085340;MERCEARIA A. ZILDA                                ;(75)98805-2631 ;040;405;SJQ4B82;    1142,48;    1,50;16/10/2024;87;TEMPO INSUFICIENTE            ;   ;mauricio.se;18:48
003839                            ;16/10/2024;    ;060775;003;    ;0085340;MERCEARIA A. ZILDA                                ;(75)98805-2631 ;040;405;SJQ4B82;     129,90;    0,14;16/10/2024;87;TEMPO INSUFICIENTE            ;   ;mauricio.se;18:48
003839                            ;16/10/2024;    ;060778;003;    ;0000346;MERCADINHO QUEIROZ                                ;(75)99214-1599 ;040;405;SJQ4B82;     409,72;    0,82;16/10/2024;87;TEMPO INSUFICIENTE            ;   ;mauricio.se;18:47
003843                            ;16/10/2024;    ;060913;003;    ;0046393;MERCADINHO LIMA                                   ;(75)99145-5991 ;040;405;SJQ9B03;     513,71;    1,10;16/10/2024;87;TEMPO INSUFICIENTE            ;   ;cunha.se   ;19:21
003843                            ;16/10/2024;    ;060914;003;    ;0092259;ESPETINHO DA XUTA                                 ;               ;040;405;SJQ9B03;     188,00;    0,22;16/10/2024;87;TEMPO INSUFICIENTE            ;   ;cunha.se   ;19:20
003843                            ;16/10/2024;    ;060915;003;    ;0092259;ESPETINHO DA XUTA                                 ;               ;040;405;SJQ9B03;     661,00;    0,84;16/10/2024;87;TEMPO INSUFICIENTE            ;   ;cunha.se   ;19:21
003843                            ;16/10/2024;    ;060916;003;    ;0092023;MARCOS MOTA                                       ;(75)99979-6626 ;040;405;SJQ9B03;     183,97;    0,39;16/10/2024;87;TEMPO INSUFICIENTE            ;   ;cunha.se   ;19:19
003843                            ;16/10/2024;    ;060917;003;    ;0092023;MARCOS MOTA                                       ;(75)99979-6626 ;040;405;SJQ9B03;     130,11;    0,36;16/10/2024;87;TEMPO INSUFICIENTE            ;   ;cunha.se   ;19:20
003843                            ;16/10/2024;    ;060925;003;    ;0036222;QUISQUE                                           ;(75) 9956-1037 ;040;405;SJQ9B03;    1796,22;    2,12;16/10/2024;87;TEMPO INSUFICIENTE            ;   ;cunha.se   ;19:22
003843                            ;16/10/2024;    ;060926;003;    ;0036222;QUISQUE                                           ;(75) 9956-1037 ;040;405;SJQ9B03;      61,02;    0,03;16/10/2024;87;TEMPO INSUFICIENTE            ;DER;cunha.se   ;19:22
003843                            ;16/10/2024;    ;060938;003;    ;0031957;BAR DO DENIS                                      ;(75)98350-3804 ;040;405;SJQ9B03;      10,82;    0,06;16/10/2024;87;TEMPO INSUFICIENTE            ;   ;cunha.se   ;19:19
003843                            ;16/10/2024;    ;060939;003;    ;0031957;BAR DO DENIS                                      ;(75)98350-3804 ;040;405;SJQ9B03;     172,80;    0,14;16/10/2024;87;TEMPO INSUFICIENTE            ;   ;cunha.se   ;19:19
003845                            ;16/10/2024;    ;060977;003;    ;0085754;DEPOSITO DE CESAR                                 ;(75)98299-1102 ;030;302;SJQ9B48;    3198,17;    3,60;16/10/2024;42;Produto/Quantidade Errada     ;   ;mauricio.se;15:14
003845                            ;16/10/2024;    ;060988;003;    ;0085320;DEP DE ADELMO                                     ;               ;030;302;SJQ9B48;     742,00;    0,90;16/10/2024;42;Produto/Quantidade Errada     ;DER;mauricio.se;15:15
003845                            ;16/10/2024;    ;060989;003;    ;0085320;DEP DE ADELMO                                     ;               ;030;302;SJQ9B48;     711,00;    0,86;16/10/2024;42;Produto/Quantidade Errada     ;DER;mauricio.se;15:14
003847                            ;16/10/2024;    ;061094;003;    ;0029418;BAR DO PEDRO                                      ;(75)98193-8587 ;040;414;DEN3A12;     127,95;    0,14;17/10/2024;72;PDV FECHADO (HORARIO COM.)    ;   ;rafael     ;18:  
003849                            ;16/10/2024;    ;061149;003;    ;0031672;BAR DO NILSON                                     ;(75) 9137-6193 ;040;408;JNW2B79;     269,50;    0,34;16/10/2024;71;SEM DINHEIRO/CHEQUE           ;   ;mauricio.se;17:06
003849                            ;16/10/2024;    ;061174;003;    ;0087495;ESPACO TREVO                                      ;(75)99138-1061 ;040;407;JNW2B79;      53,90;    0,06;16/10/2024;72;PDV FECHADO (HORARIO COM.)    ;   ;mauricio.se;17:05
003850                            ;16/10/2024;    ;061175;003;    ;0086193;MERCADINHO DA VILLA                               ;(75)99192-5186 ;030;301;GGC2226;     723,53;    0,84;16/10/2024;87;TEMPO INSUFICIENTE            ;   ;cunha.se   ;19:42
003850                            ;16/10/2024;    ;061176;003;    ;0086193;MERCADINHO DA VILLA                               ;(75)99192-5186 ;030;301;GGC2226;    1208,43;    1,15;16/10/2024;87;TEMPO INSUFICIENTE            ;   ;cunha.se   ;19:42
003850                            ;16/10/2024;    ;061177;003;    ;0086193;MERCADINHO DA VILLA                               ;(75)99192-5186 ;030;301;GGC2226;     193,09;    0,55;16/10/2024;87;TEMPO INSUFICIENTE            ;   ;cunha.se   ;19:43
003850                            ;16/10/2024;    ;061178;003;    ;0086193;MERCADINHO DA VILLA                               ;(75)99192-5186 ;030;301;GGC2226;     501,61;    0,43;16/10/2024;87;TEMPO INSUFICIENTE            ;   ;cunha.se   ;19:43
003852                            ;16/10/2024;    ;061230;003;    ;0092887;MERCIARIA DE CENE                                 ;               ;040;409;SIY2E51;      29,22;    0,03;16/10/2024;72;PDV FECHADO (HORARIO COM.)    ;   ;mauricio.se;18:28
003852                            ;16/10/2024;    ;061235;003;    ;0090634;EDMAR BARBOSA ALMEID                              ;(71)99658-8106 ;040;410;SIY2E51;     197,70;    0,15;16/10/2024;87;TEMPO INSUFICIENTE            ;   ;mauricio.se;18:28
003852                            ;16/10/2024;    ;061238;003;    ;0029756;BAR CONDECA                                       ;(75)99113-6838 ;040;410;SIY2E51;     117,97;    0,14;16/10/2024;42;Produto/Quantidade Errada     ;   ;mauricio.se;18:29
003854                            ;16/10/2024;    ;061279;003;    ;0000627;RONALDO BONFIM DOS S                              ;(71)98828-5548 ;071;014;NTE9309;     190,82;    0,44;17/10/2024;72;PDV FECHADO (HORARIO COM.)    ;   ;rafael     ;13:58
003854                            ;16/10/2024;    ;061283;003;    ;0086980;POINT DO BEBEZAO                                  ;(75)99172-9484 ;040;403;NTE9309;     149,90;    0,14;17/10/2024;72;PDV FECHADO (HORARIO COM.)    ;   ;rafael     ;13:58
003854                            ;16/10/2024;    ;061288;003;    ;0000494;RESTAURANTE E BAR                                 ;(75)99140-6495 ;040;403;NTE9309;      47,04;    0,12;17/10/2024;72;PDV FECHADO (HORARIO COM.)    ;   ;rafael     ;13:57
003861                            ;16/10/2024;    ;060589;003;    ;0009432;SUPERMER SUPER PINTO                              ;(75) 3262-1052 ;030;301;SJQ9G53;    1880,23;    2,91;16/10/2024;87;TEMPO INSUFICIENTE            ;   ;mauricio.se;18:21
003862                            ;16/10/2024;    ;060810;003;    ;0041043;MT MERCADINHO                                     ;(75)99961-3311 ;040;412;SJQ4A76;     983,42;    1,38;16/10/2024;87;TEMPO INSUFICIENTE            ;   ;cunha.se   ;19:10
003862                            ;16/10/2024;    ;060811;003;    ;0041043;MT MERCADINHO                                     ;(75)99961-3311 ;040;412;SJQ4A76;    1407,50;    1,74;16/10/2024;87;TEMPO INSUFICIENTE            ;   ;cunha.se   ;19:10
003872                            ;17/10/2024;    ;061301;003;    ;0050854;JS hamburgueria                                   ;(71)98184-5983 ;040;402;SJQ2B64;     109,16;    0,07;18/10/2024;42;Produto/Quantidade Errada     ;   ;jadson.se  ;23:25
003872                            ;17/10/2024;    ;061302;003;    ;0050854;JS hamburgueria                                   ;(71)98184-5983 ;040;402;SJQ2B64;     113,16;    0,08;18/10/2024;42;Produto/Quantidade Errada     ;   ;jadson.se  ;23:27
003874                            ;17/10/2024;    ;061420;003;    ;0020383;ARY DELIVERY                                      ;(07)59104-2143 ;040;406;SJQ3A28;    4909,23;    4,75;17/10/2024;65;NAO FEZ PEDIDO                ;   ;rafael     ;18:22
003874                            ;17/10/2024;    ;061427;003;    ;0020402;BAR E DEPOSITO DE MI                              ;(07)59708-5280 ;040;406;SJQ3A28;     413,04;    0,58;17/10/2024;71;SEM DINHEIRO/CHEQUE           ;   ;rafael     ;18:23
003874                            ;17/10/2024;    ;061438;003;    ;0020022;SATIRO OFERTA COMERC                              ;(75)53446-2239 ;040;406;SJQ3A28;    2678,66;    3,42;17/10/2024;32;ENTREGA ATRASADA (BUFFER)     ;   ;rafael     ;18:23
003875                            ;17/10/2024;    ;061458;003;    ;0020490;MARY LANCHES                                      ;(07)59891-7302 ;040;406;SJQ9B03;     370,96;    0,48;17/10/2024;72;PDV FECHADO (HORARIO COM.)    ;   ;rafael     ;17:44
003883                            ;17/10/2024;    ;061810;003;    ;0092434;E G M BEBIDAS                                     ;(75)99989-1017 ;040;405;SJQ7D41;    3439,32;    4,39;17/10/2024;73;FALTA DE ATIVOS DE GIRO       ;   ;jadson.se  ;18:57
003883                            ;17/10/2024;    ;061823;003;    ;0088952;BAR DO NEGO                                       ;(75)99183-9852 ;040;405;SJQ7D41;     372,38;    0,47;17/10/2024;71;SEM DINHEIRO/CHEQUE           ;   ;jadson.se  ;18:57
003884                            ;17/10/2024;    ;061863;003;    ;0020781;BAR UNIAO                                         ;(07)59931-9067 ;040;415;SJQ0E61;     323,40;    0,41;17/10/2024;71;SEM DINHEIRO/CHEQUE           ;   ;rafael     ;18:22
003887                            ;17/10/2024;    ;061943;003;    ;0036609;BAR GORDO                                         ;(71)99146-7520 ;040;401;JNW2B79;     464,80;    0,60;17/10/2024;42;Produto/Quantidade Errada     ;   ;rafael     ;17:02
003890                            ;17/10/2024;    ;062013;003;    ;0020681;POINT DO PASTEL                                   ;(75)99217-9403 ;040;406;SIY2E51;     274,01;    0,24;17/10/2024;65;NAO FEZ PEDIDO                ;   ;rafael     ;17:29
003890                            ;17/10/2024;    ;062014;003;    ;0020681;POINT DO PASTEL                                   ;(75)99217-9403 ;040;406;SIY2E51;      17,28;    0,02;17/10/2024;65;NAO FEZ PEDIDO                ;   ;rafael     ;17:28
003892                            ;17/10/2024;    ;062049;003;    ;0089165;IBIZZA BAR                                        ;(75) 3261-9808 ;040;403;NTE9309;     172,85;    0,16;18/10/2024;72;PDV FECHADO (HORARIO COM.)    ;   ;rafael     ;14:09
003895                            ;17/10/2024;    ;062074;003;    ;0000323;KARIS BAR                                         ;(75)99159-5407 ;040;410;SJQ8E15;     137,10;    0,14;17/10/2024;72;PDV FECHADO (HORARIO COM.)    ;   ;rafael     ;18:54
003912                            ;18/10/2024;    ;062234;003;    ;0000240;SAQUEZINHA                                        ;(75)98160-6546 ;040;402;SJQ2C64;     341,20;    0,69;19/10/2024;87;TEMPO INSUFICIENTE            ;   ;cunha.se   ;04:06
003914                            ;18/10/2024;    ;062308;003;    ;0031634;MERCADINHO OLIVEIRA                               ;(75) 9918-5932 ;030;303;SKB5H16;      75,16;    0,20;18/10/2024;42;Produto/Quantidade Errada     ;   ;rafael     ;17:44
003915                            ;18/10/2024;    ;062365;003;    ;0049085;ARENA QUIXABEIRA                                  ;(75)99924-2568 ;040;411;DEN3A12;     182,74;    0,26;18/10/2024;72;PDV FECHADO (HORARIO COM.)    ;   ;cunha.se   ;19:12
003915                            ;18/10/2024;    ;062366;003;    ;0049085;ARENA QUIXABEIRA                                  ;(75)99924-2568 ;040;411;DEN3A12;     107,80;    0,13;18/10/2024;72;PDV FECHADO (HORARIO COM.)    ;   ;cunha.se   ;19:12
003915                            ;18/10/2024;    ;062367;003;    ;0037522;BEA LANCHES                                       ;(75)99836-3344 ;040;411;DEN3A12;     287,80;    0,36;18/10/2024;73;FALTA DE ATIVOS DE GIRO       ;   ;cunha.se   ;19:11
003915                            ;18/10/2024;    ;062376;003;    ;0054805;BINHA BAR E REST                                  ;(75)99933-5963 ;040;411;DEN3A12;      28,39;    0,04;18/10/2024;72;PDV FECHADO (HORARIO COM.)    ;   ;cunha.se   ;19:13
003915                            ;18/10/2024;    ;062377;003;    ;0041661;COMERCIAL COSTA                                   ;(75)99921-5137 ;040;411;DEN3A12;      90,00;    0,11;18/10/2024;72;PDV FECHADO (HORARIO COM.)    ;   ;cunha.se   ;19:14
003915                            ;18/10/2024;    ;062380;003;    ;0000392;SABORES DA LIU                                    ;(75)98232-2085 ;040;411;DEN3A12;      28,39;    0,04;18/10/2024;72;PDV FECHADO (HORARIO COM.)    ;   ;cunha.se   ;19:13
003915                            ;18/10/2024;    ;062381;003;    ;0035535;BOX DA NICE                                       ;(75)99890-3197 ;040;411;DEN3A12;      94,00;    0,11;18/10/2024;72;PDV FECHADO (HORARIO COM.)    ;   ;cunha.se   ;19:14
003915                            ;18/10/2024;    ;062382;003;    ;0085586;BOX DA VIVIANE                                    ;(75)99999-3486 ;040;411;DEN3A12;     160,08;    0,20;18/10/2024;72;PDV FECHADO (HORARIO COM.)    ;   ;cunha.se   ;19:15
003915                            ;18/10/2024;    ;062383;003;    ;0005403;BOX DA LENE                                       ;(75)98290-2625 ;040;411;DEN3A12;      53,90;    0,06;18/10/2024;72;PDV FECHADO (HORARIO COM.)    ;   ;cunha.se   ;19:15
003915                            ;18/10/2024;    ;062384;003;    ;0005403;BOX DA LENE                                       ;(75)98290-2625 ;040;411;DEN3A12;      36,10;    0,04;18/10/2024;72;PDV FECHADO (HORARIO COM.)    ;   ;cunha.se   ;19:15
003915                            ;18/10/2024;    ;062385;003;    ;0000630;LANCHONETE DA BR                                  ;(75)98280-3860 ;071;014;DEN3A12;     262,60;    0,27;18/10/2024;72;PDV FECHADO (HORARIO COM.)    ;   ;cunha.se   ;19:16
003916                            ;18/10/2024;    ;062424;003;    ;0055919;MERCEARIA GG                                      ;(75)98315-4278 ;040;410;SJQ4B82;     420,02;    0,49;18/10/2024;37;PDV Fechado                   ;   ;rafael     ;18:24
003918                            ;18/10/2024;    ;062479;003;    ;0034481;MERC DO MARCOS                                    ;(75)99710-9278 ;030;303;SJQ8E15;     167,36;    0,48;18/10/2024;50;CARGA ERRADA ARMAZEM          ;   ;rafael     ;17:42
003919                            ;18/10/2024;    ;062529;003;    ;0034709;BODEGA DO VOVO                                    ;(75)98314-2958 ;040;407;SIY2E51;     124,12;    0,16;18/10/2024;42;Produto/Quantidade Errada     ;   ;rafael     ;16:23
003920                            ;18/10/2024;    ;062544;003;    ;0086250;LEOS BAR                                          ;(75)99265-4378 ;040;403;IIW0E79;     201,86;    0,21;18/10/2024;71;SEM DINHEIRO/CHEQUE           ;   ;cunha.se   ;20:04
003920                            ;18/10/2024;    ;062550;003;    ;0085646;LANCHONETE KI DELICI                              ;(75) 3261-3403 ;040;403;IIW0E79;      58,50;    0,06;18/10/2024;71;SEM DINHEIRO/CHEQUE           ;   ;cunha.se   ;20:04
003920                            ;18/10/2024;    ;062561;003;    ;0049983;BOMBONIERE SONHOS DE                              ;(43)90000-0000 ;040;408;IIW0E79;      75,51;    0,11;18/10/2024;72;PDV FECHADO (HORARIO COM.)    ;   ;cunha.se   ;20:05
003920                            ;18/10/2024;    ;062564;003;    ;0086160;REST. TEMPERO DA LIA                              ;(75)99225-7001 ;040;408;IIW0E79;     133,20;    0,18;18/10/2024;72;PDV FECHADO (HORARIO COM.)    ;   ;cunha.se   ;20:04
003922                            ;18/10/2024;    ;062621;003;    ;0051037;MERCADINHO MARTINS                                ;               ;040;415;SJQ0E61;    1375,60;    1,68;18/10/2024;87;TEMPO INSUFICIENTE            ;   ;rafael     ;17:51
003922                            ;18/10/2024;    ;062622;003;    ;0051037;MERCADINHO MARTINS                                ;               ;040;415;SJQ0E61;     214,26;    0,32;18/10/2024;87;TEMPO INSUFICIENTE            ;   ;rafael     ;17:52
003926                            ;18/10/2024;    ;062757;003;    ;0086003;MERCADINHO SAO PAULO                              ;(75) 9110-5921 ;040;414;JNW2B79;    1423,53;    3,23;18/10/2024;50;CARGA ERRADA ARMAZEM          ;   ;rafael     ;17:55
003926                            ;18/10/2024;    ;062758;003;    ;0086003;MERCADINHO SAO PAULO                              ;(75) 9110-5921 ;040;414;JNW2B79;      17,28;    0,02;18/10/2024;50;CARGA ERRADA ARMAZEM          ;   ;rafael     ;17:54
003927                            ;18/10/2024;    ;062793;003;    ;0086421;BAR COUTINHO                                      ;(75)99285-8239 ;040;412;SJQ4E04;     117,00;    0,13;18/10/2024;72;PDV FECHADO (HORARIO COM.)    ;   ;rafael     ;18:38
003928                            ;18/10/2024;    ;062854;003;    ;0048681;LANCHONETE DO MINE                                ;(75)99716-7375 ;040;412;SJQ7D41;     161,70;    0,20;18/10/2024;82;ENDERECO NAO ENCONTRADO       ;   ;rafael     ;17:38
003928                            ;18/10/2024;    ;062855;003;    ;0048681;LANCHONETE DO MINE                                ;(75)99716-7375 ;040;412;SJQ7D41;      28,39;    0,04;18/10/2024;82;ENDERECO NAO ENCONTRADO       ;   ;rafael     ;17:41
003928                            ;18/10/2024;    ;062856;003;    ;0048681;LANCHONETE DO MINE                                ;(75)99716-7375 ;040;412;SJQ7D41;      28,39;    0,04;18/10/2024;82;ENDERECO NAO ENCONTRADO       ;   ;rafael     ;17:41
003931                            ;18/10/2024;    ;063005;003;    ;0038466;LUCAS BAR                                         ;(75)98274-3184 ;040;407;SJQ3C84;     929,24;    1,16;18/10/2024;87;TEMPO INSUFICIENTE            ;   ;rafael     ;17:43
003943                            ;19/10/2024;    ;063265;003;    ;0045106;DEPOSITO DO FELIPE                                ;(75)99854-6113 ;040;405;SJQ4B82;     506,42;    0,84;19/10/2024;87;TEMPO INSUFICIENTE            ;   ;rafael     ;17:22
003943                            ;19/10/2024;    ;063266;003;    ;0000381;QUIOSQUE DA MUNDA                                 ;(75)99904-2322 ;040;405;SJQ4B82;     742,05;    0,84;19/10/2024;87;TEMPO INSUFICIENTE            ;   ;rafael     ;17:22
003943                            ;19/10/2024;    ;063267;003;    ;0031957;BAR DO DENIS                                      ;(75)98350-3804 ;040;405;SJQ4B82;     333,92;    0,42;19/10/2024;87;TEMPO INSUFICIENTE            ;   ;rafael     ;17:21
003943                            ;19/10/2024;    ;063268;003;    ;0031957;BAR DO DENIS                                      ;(75)98350-3804 ;040;405;SJQ4B82;    1509,20;    1,93;19/10/2024;87;TEMPO INSUFICIENTE            ;   ;rafael     ;17:21
003944                            ;19/10/2024;    ;063340;003;    ;0041417; BAR DA SUL                                       ;               ;040;410;SJQ8E15;      79,90;    0,12;19/10/2024;73;FALTA DE ATIVOS DE GIRO       ;   ;rafael     ;16:07
003945                            ;19/10/2024;    ;063377;003;    ;0037058;SUPER SILVA                                       ;(71)99904-1265 ;040;404;DEN3A12;     219,17;    0,34;19/10/2024;72;PDV FECHADO (HORARIO COM.)    ;   ;rafael     ;18:51
003945                            ;19/10/2024;    ;063378;003;    ;0030399;JOSETE DRINKS                                     ;(75)98233-9368 ;040;414;DEN3A12;     209,46;    0,27;19/10/2024;71;SEM DINHEIRO/CHEQUE           ;   ;rafael     ;18:50
003945                            ;19/10/2024;    ;063379;003;    ;0030399;JOSETE DRINKS                                     ;(75)98233-9368 ;040;414;DEN3A12;     172,20;    0,19;19/10/2024;71;SEM DINHEIRO/CHEQUE           ;   ;rafael     ;18:50
003945                            ;19/10/2024;    ;063387;003;    ;0086124;MERCANTIL SILVA                                   ;(75) 9967-4281 ;040;414;DEN3A12;     106,18;    0,13;19/10/2024;72;PDV FECHADO (HORARIO COM.)    ;   ;rafael     ;18:51
003945                            ;19/10/2024;    ;063390;003;    ;0037315;RESTAURANTE                                       ;               ;040;414;DEN3A12;     227,69;    0,27;19/10/2024;72;PDV FECHADO (HORARIO COM.)    ;   ;rafael     ;18:52
003945                            ;19/10/2024;    ;063392;003;    ;0033403;REGINALDO ARAUJO                                  ;(75)99183-1218 ;040;404;DEN3A12;     108,91;    0,13;19/10/2024;72;PDV FECHADO (HORARIO COM.)    ;   ;rafael     ;18:53
003945                            ;19/10/2024;    ;063393;003;    ;0031745;LOPEZ BURGUER                                     ;(11)98466-1641 ;040;404;DEN3A12;     351,78;    0,51;19/10/2024;72;PDV FECHADO (HORARIO COM.)    ;   ;rafael     ;18:52
003952                            ;19/10/2024;    ;063713;003;    ;0037128;PINGO MERCADINHO                                  ;(75)98344-2748 ;040;407;JNW2B79;       4,80;    0,00;19/10/2024;42;Produto/Quantidade Errada     ;   ;rafael     ;16:18
003952                            ;19/10/2024;    ;063731;003;    ;0047755;BOTECO ReS                                        ;(75)98231-5311 ;040;407;JNW2B79;     753,14;    1,02;19/10/2024;32;ENTREGA ATRASADA (BUFFER)     ;   ;rafael     ;16:16
003954                            ;19/10/2024;    ;063774;003;    ;0030914;pimenta nativa distr                              ;(75)99156-1477 ;040;403;NTE9309;      32,22;    0,06;19/10/2024;55;QUALIDADE DO PRODUTO          ;   ;rafael     ;14:14
003959                            ;19/10/2024;    ;063881;003;    ;0054710;BAR DO NEGO                                       ;(75)99249-3557 ;040;401;SJQ0E61;      12,70;    0,06;19/10/2024;50;CARGA ERRADA ARMAZEM          ;   ;rafael     ;16:59
003959                            ;19/10/2024;    ;063883;003;    ;0000237;MERCADINHO D S IRMAO                              ;(75)99160-1841 ;040;401;SJQ0E61;      18,64;    0,06;19/10/2024;50;CARGA ERRADA ARMAZEM          ;   ;rafael     ;16:59
003960                            ;19/10/2024;    ;063921;003;    ;0020529;MERCEARIA DO FERNAND                              ;(75)99285-7306 ;040;413;SJQ9B03;     890,32;    1,44;19/10/2024;87;TEMPO INSUFICIENTE            ;   ;jadson.se  ;19:28
003961                            ;19/10/2024;    ;063947;003;    ;0020273;BOMBONIERE DO DUDU                                ;(07)59972-0418 ;040;406;SJQ0J29;      78,36;    0,12;19/10/2024;71;SEM DINHEIRO/CHEQUE           ;   ;rafael     ;18:54
003961                            ;19/10/2024;    ;063950;003;    ;0020250;SUPERMERCADO DO VAND                              ;(07)59910-9991 ;040;406;SJQ0J29;     166,94;    0,42;19/10/2024;71;SEM DINHEIRO/CHEQUE           ;   ;rafael     ;18:54
003963                            ;19/10/2024;    ;064026;003;    ;0020457;BAR DO CORINTHIAS                                 ;(75)98217-7246 ;040;415;GGC2226;     503,40;    0,63;19/10/2024;71;SEM DINHEIRO/CHEQUE           ;   ;rafael     ;18:17
003963                            ;19/10/2024;    ;064027;003;    ;0020457;BAR DO CORINTHIAS                                 ;(75)98217-7246 ;040;415;GGC2226;      25,33;    0,02;19/10/2024;71;SEM DINHEIRO/CHEQUE           ;DER;rafael     ;18:17
003963                            ;19/10/2024;    ;064028;003;    ;0020457;BAR DO CORINTHIAS                                 ;(75)98217-7246 ;040;415;GGC2226;       5,22;    0,00;19/10/2024;71;SEM DINHEIRO/CHEQUE           ;   ;rafael     ;18:17
003963                            ;19/10/2024;    ;064029;003;    ;0028080;BAR DE BONECA IVONET                              ;(75)98305-6109 ;040;415;GGC2226;     481,38;    0,67;19/10/2024;71;SEM DINHEIRO/CHEQUE           ;   ;rafael     ;18:16
003963                            ;19/10/2024;    ;064030;003;    ;0020460;BAR DE CEMA                                       ;(75)98183-0243 ;040;413;GGC2226;     271,19;    0,36;19/10/2024;87;TEMPO INSUFICIENTE            ;   ;rafael     ;18:18
003963                            ;19/10/2024;    ;064031;003;    ;0020460;BAR DE CEMA                                       ;(75)98183-0243 ;040;413;GGC2226;     109,00;    0,07;19/10/2024;87;TEMPO INSUFICIENTE            ;   ;rafael     ;18:18
003963                            ;19/10/2024;    ;064032;003;    ;0020760;BAR  DO DAY                                       ;(75)98122-9740 ;040;413;GGC2226;     323,40;    0,41;19/10/2024;87;TEMPO INSUFICIENTE            ;   ;rafael     ;18:18
003963                            ;19/10/2024;    ;064033;003;    ;0020760;BAR  DO DAY                                       ;(75)98122-9740 ;040;413;GGC2226;      36,10;    0,04;19/10/2024;87;TEMPO INSUFICIENTE            ;   ;rafael     ;18:19
003963                            ;19/10/2024;    ;064034;003;    ;0020113;ACAITERIA TOP BAR                                 ;(07)54577-8998 ;040;413;GGC2226;    1268,44;    1,26;19/10/2024;87;TEMPO INSUFICIENTE            ;   ;rafael     ;18:19
003963                            ;19/10/2024;    ;064035;003;    ;0029764;BAR DA MORENA                                     ;(75)98102-4454 ;040;413;GGC2226;     653,92;    0,88;19/10/2024;87;TEMPO INSUFICIENTE            ;   ;rafael     ;18:15
003963                            ;19/10/2024;    ;064036;003;    ;0029764;BAR DA MORENA                                     ;(75)98102-4454 ;040;413;GGC2226;     303,89;    0,38;19/10/2024;87;TEMPO INSUFICIENTE            ;   ;rafael     ;18:15
003963                            ;19/10/2024;    ;064037;003;    ;0020349;MERCEARIA MJE                                     ;(07)59876-9839 ;040;415;GGC2226;     492,58;    0,74;19/10/2024;71;SEM DINHEIRO/CHEQUE           ;   ;rafael     ;18:16
003963                            ;19/10/2024;    ;064038;003;    ;0020349;MERCEARIA MJE                                     ;(07)59876-9839 ;040;415;GGC2226;     123,80;    0,13;19/10/2024;71;SEM DINHEIRO/CHEQUE           ;   ;rafael     ;18:16
003964                            ;19/10/2024;    ;064088;003;    ;0026816;PIMENTA ROSA                                      ;(75)99177-8732 ;040;403;SJQ3C18;    1214,46;    1,06;19/10/2024;87;TEMPO INSUFICIENTE            ;   ;jadson.se  ;19:02
003964                            ;19/10/2024;    ;064089;003;    ;0026816;PIMENTA ROSA                                      ;(75)99177-8732 ;040;403;SJQ3C18;      62,64;    0,08;19/10/2024;87;TEMPO INSUFICIENTE            ;   ;jadson.se  ;19:02
003964                            ;19/10/2024;    ;064090;003;    ;0053219;CHURRASCARIA PIMENTA                              ;               ;040;403;SJQ3C18;    1042,34;    1,12;19/10/2024;87;TEMPO INSUFICIENTE            ;   ;jadson.se  ;19:01
003964                            ;19/10/2024;    ;064091;003;    ;0085598;BAR DE BEBA                                       ;(75)99176-6883 ;040;403;SJQ3C18;     811,52;    0,91;19/10/2024;87;TEMPO INSUFICIENTE            ;   ;jadson.se  ;19:03
003964                            ;19/10/2024;    ;064092;003;    ;0085598;BAR DE BEBA                                       ;(75)99176-6883 ;040;403;SJQ3C18;      66,90;    0,06;19/10/2024;87;TEMPO INSUFICIENTE            ;   ;jadson.se  ;19:01
003970                            ;21/10/2024;    ;064135;003;    ;0000307;MERCADO LANCHONETE                                ;(75)99876-7101 ;040;402;SJQ2C64;     431,20;    0,55;22/10/2024;73;FALTA DE ATIVOS DE GIRO       ;   ;jadson.se  ;03:51
003974                            ;21/10/2024;    ;064235;003;    ;0086055;MERCEARIA DA GIL                                  ;(75) 9902-7295 ;040;415;SJQ9B03;     269,50;    0,34;21/10/2024;71;SEM DINHEIRO/CHEQUE           ;   ;rafael     ;15:14
003974                            ;21/10/2024;    ;064236;003;    ;0086055;MERCEARIA DA GIL                                  ;(75) 9902-7295 ;040;415;SJQ9B03;     269,50;    0,34;21/10/2024;71;SEM DINHEIRO/CHEQUE           ;   ;rafael     ;15:14
003998                            ;22/10/2024;    ;064487;003;    ;0037521;BAR BEIRA RIO                                     ;(75)99163-9169 ;040;402;SJQ2B64;     367,86;    0,52;23/10/2024;50;CARGA ERRADA ARMAZEM          ;   ;cunha.se   ;23:31
003999                            ;22/10/2024;    ;064510;003;    ;0033237;LANCH A PRAcA NOSSA                               ;(75)98171-2187 ;040;407;SJQ2C64;      45,00;    0,02;23/10/2024;42;Produto/Quantidade Errada     ;   ;cunha.se   ;04:28
004004                            ;22/10/2024;    ;064697;003;    ;0050256;BAR DO BECO                                       ;               ;040;405;SJQ3A28;     351,00;    0,41;22/10/2024;73;FALTA DE ATIVOS DE GIRO       ;   ;mauricio.se;18:40
004004                            ;22/10/2024;    ;064698;003;    ;0050256;BAR DO BECO                                       ;               ;040;405;SJQ3A28;      58,50;    0,06;22/10/2024;73;FALTA DE ATIVOS DE GIRO       ;   ;mauricio.se;18:39
004007                            ;22/10/2024;    ;064797;003;    ;0092312;BAR E MERCADINHO RM                               ;               ;040;412;SJQ4A76;    1617,00;    2,07;22/10/2024;73;FALTA DE ATIVOS DE GIRO       ;   ;mauricio.se;17:40
004007                            ;22/10/2024;    ;064810;003;    ;0040778; BAR DO GERALDO                                   ;               ;040;412;SJQ4A76;     108,33;    0,13;22/10/2024;73;FALTA DE ATIVOS DE GIRO       ;   ;mauricio.se;17:38
004010                            ;22/10/2024;    ;064942;003;    ;0037529;GRASIELA RODRIGUES C                              ;(75)99110-4813 ;040;414;SJQ7D41;      85,32;    0,30;22/10/2024;63;PRODUTO / QTDE. ERRADA        ;   ;mauricio.se;17:07
004013                            ;22/10/2024;    ;065019;003;    ;0000148;ATACADO TOP BAHIA EX                              ;(75)99959-5005 ;030;301;SJQ8E15;     389,55;    0,91;22/10/2024;82;ENDERECO NAO ENCONTRADO       ;   ;mauricio.se;16:36
004013                            ;22/10/2024;    ;065020;003;    ;0000148;ATACADO TOP BAHIA EX                              ;(75)99959-5005 ;030;301;SJQ8E15;     211,60;    0,15;22/10/2024;82;ENDERECO NAO ENCONTRADO       ;   ;mauricio.se;16:37
004013                            ;22/10/2024;    ;065021;003;    ;0000148;ATACADO TOP BAHIA EX                              ;(75)99959-5005 ;030;301;SJQ8E15;      36,90;    0,04;22/10/2024;82;ENDERECO NAO ENCONTRADO       ;   ;mauricio.se;16:37
004013                            ;22/10/2024;    ;065022;003;    ;0000148;ATACADO TOP BAHIA EX                              ;(75)99959-5005 ;030;301;SJQ8E15;     107,80;    0,13;22/10/2024;82;ENDERECO NAO ENCONTRADO       ;   ;mauricio.se;16:37
004013                            ;22/10/2024;    ;065023;003;    ;0000148;ATACADO TOP BAHIA EX                              ;(75)99959-5005 ;030;301;SJQ8E15;     933,30;    1,13;22/10/2024;82;ENDERECO NAO ENCONTRADO       ;   ;mauricio.se;16:36
004014                            ;22/10/2024;    ;065049;003;    ;0085906;CHAMA SUPERMERCADO                                ;(75)98851-2019 ;030;302;SJQ4E04;    1644,00;    2,87;22/10/2024;50;CARGA ERRADA ARMAZEM          ;   ;mauricio.se;15:02
004014                            ;22/10/2024;    ;065050;003;    ;0085906;CHAMA SUPERMERCADO                                ;(75)98851-2019 ;030;302;SJQ4E04;    1603,00;    1,51;22/10/2024;50;CARGA ERRADA ARMAZEM          ;   ;mauricio.se;15:02
004014                            ;22/10/2024;    ;065051;003;    ;0085906;CHAMA SUPERMERCADO                                ;(75)98851-2019 ;030;302;SJQ4E04;    1656,00;    4,80;22/10/2024;50;CARGA ERRADA ARMAZEM          ;   ;mauricio.se;15:03
004014                            ;22/10/2024;    ;065052;003;    ;0085906;CHAMA SUPERMERCADO                                ;(75)98851-2019 ;030;302;SJQ4E04;    6276,00;   18,00;22/10/2024;50;CARGA ERRADA ARMAZEM          ;   ;mauricio.se;15:04
004014                            ;22/10/2024;    ;065053;003;    ;0085906;CHAMA SUPERMERCADO                                ;(75)98851-2019 ;030;302;SJQ4E04;     766,00;    2,40;22/10/2024;50;CARGA ERRADA ARMAZEM          ;   ;mauricio.se;15:04
004015                            ;22/10/2024;    ;065074;003;    ;0030981;MERCADINHO JB                                     ;(75)99120-5527 ;040;404;JNW2B79;     120,00;    0,13;22/10/2024;58;Carga Errada                  ;   ;mauricio.se;17:12
004020                            ;22/10/2024;    ;065187;003;    ;0086837;MERC MENOR PRECO                                  ;(75)99106-1401 ;040;408;NTE9309;      26,59;    0,06;22/10/2024;72;PDV FECHADO (HORARIO COM.)    ;   ;mauricio.se;16:33
004020                            ;22/10/2024;    ;065188;003;    ;0086837;MERC MENOR PRECO                                  ;(75)99106-1401 ;040;408;NTE9309;     295,75;    0,72;22/10/2024;72;PDV FECHADO (HORARIO COM.)    ;   ;mauricio.se;16:34
004038                            ;23/10/2024;    ;065301;003;    ;0091720;M M MERCADINHO                                    ;(75)99274-1072 ;040;402;SJQ2B64;     323,40;    0,41;24/10/2024;72;PDV FECHADO (HORARIO COM.)    ;   ;alyson10   ;18:29
004038                            ;23/10/2024;    ;065302;003;    ;0091720;M M MERCADINHO                                    ;(75)99274-1072 ;040;402;SJQ2B64;     151,66;    0,40;24/10/2024;72;PDV FECHADO (HORARIO COM.)    ;   ;jadson.se  ;23:13
004038                            ;23/10/2024;    ;065304;003;    ;0035671;FOGAO A LENHA                                     ;(75)99190-2609 ;040;402;SJQ2B64;     469,43;    0,57;24/10/2024;72;PDV FECHADO (HORARIO COM.)    ;   ;jadson.se  ;23:14
004043                            ;23/10/2024;    ;065531;003;    ;0056670;ESPAO CAPENGA                                     ;               ;040;404;HMM9I85;     161,70;    0,20;23/10/2024;87;TEMPO INSUFICIENTE            ;   ;jadson.se  ;19:38
004043                            ;23/10/2024;    ;065532;003;    ;0056670;ESPAO CAPENGA                                     ;               ;040;404;HMM9I85;     107,80;    0,13;23/10/2024;87;TEMPO INSUFICIENTE            ;   ;jadson.se  ;19:38
004043                            ;23/10/2024;    ;065539;003;    ;0086452;TUBAINA JAQUEIRA                                  ;(75)99112-1933 ;071;011;HMM9I85;     267,88;    0,34;23/10/2024;87;TEMPO INSUFICIENTE            ;   ;jadson.se  ;19:38
004043                            ;23/10/2024;    ;065549;003;    ;0050518;BAR DO VARDINHO                                   ;               ;040;408;HMM9I85;     215,60;    0,27;23/10/2024;87;TEMPO INSUFICIENTE            ;   ;jadson.se  ;19:37
004043                            ;23/10/2024;    ;065550;003;    ;0050518;BAR DO VARDINHO                                   ;               ;040;408;HMM9I85;     107,80;    0,13;23/10/2024;87;TEMPO INSUFICIENTE            ;   ;jadson.se  ;19:37
004043                            ;23/10/2024;    ;065551;003;    ;0033622;JAMERSON DE OLIVEIRA                              ;(71)99279-2876 ;040;408;HMM9I85;     264,50;    0,34;23/10/2024;87;TEMPO INSUFICIENTE            ;   ;jadson.se  ;19:36
004043                            ;23/10/2024;    ;065552;003;    ;0046643;BAR GATINHA AZUL                                  ;               ;040;408;HMM9I85;     232,25;    0,27;23/10/2024;87;TEMPO INSUFICIENTE            ;   ;jadson.se  ;19:36
004043                            ;23/10/2024;    ;065553;003;    ;0046643;BAR GATINHA AZUL                                  ;               ;040;408;HMM9I85;     117,00;    0,13;23/10/2024;87;TEMPO INSUFICIENTE            ;   ;jadson.se  ;19:36
004043                            ;23/10/2024;    ;065554;003;    ;0051988;DIEGO                                             ;               ;040;408;HMM9I85;     275,62;    0,36;23/10/2024;87;TEMPO INSUFICIENTE            ;   ;jadson.se  ;19:35
004043                            ;23/10/2024;    ;065555;003;    ;0028307;MERCEARIA DA GILDETE                              ;(75)99913-0138 ;040;408;HMM9I85;     181,43;    0,30;23/10/2024;87;TEMPO INSUFICIENTE            ;   ;jadson.se  ;19:35
004043                            ;23/10/2024;    ;065556;003;    ;0092306;JC ESPETINHO                                      ;               ;040;408;HMM9I85;      79,35;    0,07;23/10/2024;87;TEMPO INSUFICIENTE            ;   ;jadson.se  ;19:34
004043                            ;23/10/2024;    ;065557;003;    ;0000564;BUTECO DO TECO                                    ;(75)99260-7102 ;040;408;HMM9I85;      53,90;    0,06;23/10/2024;87;TEMPO INSUFICIENTE            ;   ;jadson.se  ;19:34
004043                            ;23/10/2024;    ;065558;003;    ;0055896;ACARAJE 907                                       ;               ;040;415;HMM9I85;       6,25;    0,00;23/10/2024;87;TEMPO INSUFICIENTE            ;DER;jadson.se  ;19:33
004043                            ;23/10/2024;    ;065559;003;    ;0087104;MERC GLOBO                                        ;(75)98133-7270 ;040;415;HMM9I85;     340,88;    0,60;23/10/2024;87;TEMPO INSUFICIENTE            ;   ;jadson.se  ;19:31
004043                            ;23/10/2024;    ;065560;003;    ;0029024;MERCADI ALTAS HORAS                               ;(75)99113-0702 ;040;415;HMM9I85;      97,94;    0,18;23/10/2024;87;TEMPO INSUFICIENTE            ;   ;jadson.se  ;19:30
004043                            ;23/10/2024;    ;065561;003;    ;0029024;MERCADI ALTAS HORAS                               ;(75)99113-0702 ;040;415;HMM9I85;      53,90;    0,06;23/10/2024;87;TEMPO INSUFICIENTE            ;   ;jadson.se  ;19:31
004043                            ;23/10/2024;    ;065562;003;    ;0000326;BOCA DE PEIXE RESTAU                              ;(75)98198-0689 ;040;415;HMM9I85;     206,00;    0,18;23/10/2024;87;TEMPO INSUFICIENTE            ;   ;jadson.se  ;19:30
004048                            ;23/10/2024;    ;065717;003;    ;0086126;Mercado Do Narciso                                ;(75)98148-8031 ;040;404;SJQ0G38;      20,65;    0,04;23/10/2024;50;CARGA ERRADA ARMAZEM          ;   ;rafael     ;17:20
004048                            ;23/10/2024;    ;065720;003;    ;0053461;ADEGA                                             ;(75)98246-1047 ;030;301;SJQ0G38;    1452,40;    1,86;23/10/2024;72;PDV FECHADO (HORARIO COM.)    ;   ;rafael     ;17:21
004049                            ;23/10/2024;    ;065754;003;    ;0088163;MERCADINHO CARNEIRO                               ;(71) 8155-3192 ;040;412;SJQ4A76;     190,65;    0,42;23/10/2024;87;TEMPO INSUFICIENTE            ;   ;jadson.se  ;19:13
004049                            ;23/10/2024;    ;065755;003;    ;0088163;MERCADINHO CARNEIRO                               ;(71) 8155-3192 ;040;412;SJQ4A76;     268,00;    0,57;23/10/2024;87;TEMPO INSUFICIENTE            ;   ;jadson.se  ;19:14
004049                            ;23/10/2024;    ;065756;003;    ;0088163;MERCADINHO CARNEIRO                               ;(71) 8155-3192 ;040;412;SJQ4A76;      17,28;    0,02;23/10/2024;87;TEMPO INSUFICIENTE            ;   ;jadson.se  ;19:13
004049                            ;23/10/2024;    ;065771;003;    ;0085472;EDINHO SUPERMERCADO                               ;(75) 3262-1110 ;030;301;SJQ4A76;    1443,73;    1,88;23/10/2024;87;TEMPO INSUFICIENTE            ;   ;jadson.se  ;19:14
004049                            ;23/10/2024;    ;065772;003;    ;0085472;EDINHO SUPERMERCADO                               ;(75) 3262-1110 ;030;301;SJQ4A76;       9,17;    0,00;23/10/2024;87;TEMPO INSUFICIENTE            ;   ;jadson.se  ;19:14
004049                            ;23/10/2024;    ;065773;003;    ;0085472;EDINHO SUPERMERCADO                               ;(75) 3262-1110 ;030;301;SJQ4A76;       2,72;    0,00;23/10/2024;87;TEMPO INSUFICIENTE            ;   ;jadson.se  ;19:15
004054                            ;23/10/2024;    ;065937;003;    ;0043703;SUPERMERCADO PAGUE M                              ;(75)99196-6016 ;030;303;GGC2226;    1830,67;    2,18;23/10/2024;87;TEMPO INSUFICIENTE            ;   ;jadson.se  ;19:24
004054                            ;23/10/2024;    ;065938;003;    ;0043703;SUPERMERCADO PAGUE M                              ;(75)99196-6016 ;030;303;GGC2226;     102,48;    0,14;23/10/2024;87;TEMPO INSUFICIENTE            ;   ;jadson.se  ;19:23
004054                            ;23/10/2024;    ;065939;003;    ;0029963;BAR DO RENI                                       ;(75)99152-7609 ;040;410;GGC2226;    2837,43;    3,69;23/10/2024;87;TEMPO INSUFICIENTE            ;   ;jadson.se  ;19:22
004054                            ;23/10/2024;    ;065940;003;    ;0029963;BAR DO RENI                                       ;(75)99152-7609 ;040;410;GGC2226;     121,56;    0,36;23/10/2024;87;TEMPO INSUFICIENTE            ;   ;jadson.se  ;19:23
004054                            ;23/10/2024;    ;065941;003;    ;0029963;BAR DO RENI                                       ;(75)99152-7609 ;040;410;GGC2226;      21,04;    0,06;23/10/2024;87;TEMPO INSUFICIENTE            ;   ;jadson.se  ;19:23
004054                            ;23/10/2024;    ;065942;003;    ;0035525;MERC BOM PREcO                                    ;(75)99119-6700 ;030;303;GGC2226;     359,10;    0,49;23/10/2024;87;TEMPO INSUFICIENTE            ;   ;jadson.se  ;19:28
004054                            ;23/10/2024;    ;065943;003;    ;0035525;MERC BOM PREcO                                    ;(75)99119-6700 ;030;303;GGC2226;     147,09;    0,32;23/10/2024;87;TEMPO INSUFICIENTE            ;   ;jadson.se  ;19:29
004054                            ;23/10/2024;    ;065944;003;    ;0035525;MERC BOM PREcO                                    ;(75)99119-6700 ;030;303;GGC2226;      18,64;    0,06;23/10/2024;87;TEMPO INSUFICIENTE            ;   ;jadson.se  ;19:28
004054                            ;23/10/2024;    ;065946;003;    ;0087008;MERCADINHO DO GIL                                 ;(75)99251-8662 ;030;303;GGC2226;     824,12;    1,09;23/10/2024;89;PDV FECHADO APOS HORARIO      ;   ;jadson.se  ;19:21
004054                            ;23/10/2024;    ;065947;003;    ;0036753;LU DO ACARAJE EL-SHA                              ;(75)99816-8700 ;040;409;GGC2226;     581,55;    0,94;23/10/2024;87;TEMPO INSUFICIENTE            ;   ;jadson.se  ;19:27
004054                            ;23/10/2024;    ;065948;003;    ;0036753;LU DO ACARAJE EL-SHA                              ;(75)99816-8700 ;040;409;GGC2226;      13,04;    0,01;23/10/2024;87;TEMPO INSUFICIENTE            ;   ;jadson.se  ;19:27
004054                            ;23/10/2024;    ;065951;003;    ;0045963;  RL DISTRIBUIDORA D                              ;               ;040;409;GGC2226;     188,50;    0,21;23/10/2024;87;TEMPO INSUFICIENTE            ;   ;jadson.se  ;19:21
004054                            ;23/10/2024;    ;065980;003;    ;0036770;MERC MARIA  DE BEM                                ;(75)99111-7910 ;030;303;GGC2226;    1222,82;    1,85;23/10/2024;87;TEMPO INSUFICIENTE            ;   ;jadson.se  ;19:26
004054                            ;23/10/2024;    ;065981;003;    ;0036770;MERC MARIA  DE BEM                                ;(75)99111-7910 ;030;303;GGC2226;      25,80;    0,04;23/10/2024;87;TEMPO INSUFICIENTE            ;   ;jadson.se  ;19:26
004055                            ;23/10/2024;    ;065994;003;    ;0026658;BOX DE RAFAEL                                     ;(75)98180-7137 ;040;413;JNW2B79;     215,60;    0,27;23/10/2024;42;Produto/Quantidade Errada     ;   ;rafael     ;15:18
004055                            ;23/10/2024;    ;066009;003;    ;0026551;SUPERMERCADO VALADAR                              ;(75)98124-3860 ;040;413;JNW2B79;       7,50;    0,01;23/10/2024;42;Produto/Quantidade Errada     ;   ;rafael     ;15:19
004076                            ;24/10/2024;    ;066145;003;    ;0090569;Wedson Mercado                                    ;(75)99843-2908 ;040;402;SJQ2B64;     579,00;    0,69;25/10/2024;72;PDV FECHADO (HORARIO COM.)    ;   ;cunha.se   ;23:14
004076                            ;24/10/2024;    ;066146;003;    ;0090569;Wedson Mercado                                    ;(75)99843-2908 ;040;402;SJQ2B64;     215,60;    0,27;25/10/2024;72;PDV FECHADO (HORARIO COM.)    ;   ;cunha.se   ;23:15
004076                            ;24/10/2024;    ;066147;003;    ;0090569;Wedson Mercado                                    ;(75)99843-2908 ;040;402;SJQ2B64;     149,60;    0,16;25/10/2024;72;PDV FECHADO (HORARIO COM.)    ;   ;cunha.se   ;23:15
004079                            ;24/10/2024;    ;066285;003;    ;0020118;KIOSQUE DA KAMILA                                 ;(75)99800-6702 ;040;406;SIY2E51;     491,81;    0,54;26/10/2024;32;ENTREGA ATRASADA (BUFFER)     ;   ;mauricio.se;13:42
004079                            ;24/10/2024;    ;066286;003;    ;0020173;ZECAS PASTELARIA                                  ;(75)98314-5064 ;040;406;SIY2E51;     451,24;    0,57;26/10/2024;32;ENTREGA ATRASADA (BUFFER)     ;   ;mauricio.se;13:43
004079                            ;24/10/2024;    ;066291;003;    ;0020379;BAR E DEPOSITO DE ZE                              ;(75)99964-1891 ;040;406;SIY2E51;     633,60;    0,69;26/10/2024;32;ENTREGA ATRASADA (BUFFER)     ;   ;mauricio.se;13:44
004086                            ;24/10/2024;    ;066579;003;    ;0000661;MERCADINHO                                        ;(75)99863-8098 ;040;405;SJQ4B82;     314,44;    0,42;24/10/2024;87;TEMPO INSUFICIENTE            ;   ;mauricio.se;18:34
004087                            ;24/10/2024;    ;066612;003;    ;0088507;DEPOSITO DO REGI                                  ;(75) 9945-1088 ;040;405;SJQ8E15;     506,25;    1,80;24/10/2024;42;Produto/Quantidade Errada     ;   ;mauricio.se;17:05
004089                            ;24/10/2024;    ;066693;003;    ;0024075;DEPoSITO FABIANA                                  ;(75) 3268-7068 ;030;303;SJQ3C18;     487,57;    0,62;24/10/2024;64;SEM VASILHAME                 ;   ;cunha.se   ;19:27
004090                            ;24/10/2024;    ;066715;003;    ;0039784;BAR CASA VELHA                                    ;(75)98311-6959 ;040;407;SJQ0G38;     631,39;    0,87;24/10/2024;72;PDV FECHADO (HORARIO COM.)    ;   ;mauricio.se;15:11
004090                            ;24/10/2024;    ;066716;003;    ;0039784;BAR CASA VELHA                                    ;(75)98311-6959 ;040;407;SJQ0G38;      36,10;    0,04;24/10/2024;72;PDV FECHADO (HORARIO COM.)    ;   ;mauricio.se;15:11
004093                            ;24/10/2024;    ;066802;003;    ;0037723;A DEGA                                            ;               ;040;408;NTE9309;     186,78;    0,26;24/10/2024;82;ENDERECO NAO ENCONTRADO       ;   ;mauricio.se;18:04
004093                            ;24/10/2024;    ;066803;003;    ;0037723;A DEGA                                            ;               ;040;408;NTE9309;      38,90;    0,04;24/10/2024;82;ENDERECO NAO ENCONTRADO       ;   ;mauricio.se;18:04
004093                            ;24/10/2024;    ;066807;003;    ;0027936;BAR DO XAVIER                                     ;(75) 9133-9042 ;040;408;NTE9309;     459,74;    0,56;24/10/2024;72;PDV FECHADO (HORARIO COM.)    ;   ;mauricio.se;18:03
004095                            ;24/10/2024;    ;066839;003;    ;0088637;MERCADINHO PONTO COM                              ;(75)99121-7103 ;040;401;DEN3A12;     835,54;    0,72;25/10/2024;39;Cliente Cancelou.             ;DER;rafael     ;16:18
004097                            ;24/10/2024;    ;066876;003;    ;0000209;BAR DO PAULO                                      ;(75)99259-5682 ;040;403;SIY2E51;     215,46;    0,32;24/10/2024;71;SEM DINHEIRO/CHEQUE           ;   ;mauricio.se;17:51
004097                            ;24/10/2024;    ;066877;003;    ;0000209;BAR DO PAULO                                      ;(75)99259-5682 ;040;403;SIY2E51;      18,64;    0,06;24/10/2024;71;SEM DINHEIRO/CHEQUE           ;   ;mauricio.se;17:51
004097                            ;24/10/2024;    ;066894;003;    ;0087089;BAR JAILTON                                       ;(75) 9274-7138 ;040;403;SIY2E51;      53,90;    0,06;24/10/2024;82;ENDERECO NAO ENCONTRADO       ;   ;mauricio.se;17:48
004098                            ;24/10/2024;    ;066895;003;    ;0050555; MAJ                                              ;               ;040;411;JNW2B79;     420,66;    0,84;24/10/2024;72;PDV FECHADO (HORARIO COM.)    ;   ;mauricio.se;17:35
004099                            ;24/10/2024;    ;066951;003;    ;0000496;BAR DO OSVALDO                                    ;(75)99857-9742 ;040;409;GGC2226;    1950,42;    2,30;24/10/2024;87;TEMPO INSUFICIENTE            ;   ;cunha.se   ;19:08
004100                            ;24/10/2024;    ;066963;003;    ;0049259;  Bar da Tonha                                    ;               ;040;415;IIW0E79;     111,10;    0,12;24/10/2024;73;FALTA DE ATIVOS DE GIRO       ;   ;mauricio.se;13:36
004101                            ;24/10/2024;    ;066973;003;    ;0045594; ARENA BAR                                        ;(75)99285-9948 ;040;415;NZO1G22;     672,08;    0,55;24/10/2024;72;PDV FECHADO (HORARIO COM.)    ;   ;mauricio.se;10:33
004101                            ;24/10/2024;    ;066975;003;    ;0085421;Point do espetinho                                ;               ;040;403;NZO1G22;     735,90;    0,72;24/10/2024;71;SEM DINHEIRO/CHEQUE           ;   ;mauricio.se;10:32
004106                            ;24/10/2024;    ;067003;003;    ;0099999;REVALLE SERRINHA                                  ;(81)99985-5888 ;090;995;       ;      81,25;    0,12;28/10/2024;51;NF ERRADA                     ;   ;alyson     ;16:58
004123                            ;25/10/2024;    ;067421;003;    ;0086003;MERCADINHO SAO PAULO                              ;(75) 9110-5921 ;040;414;SJQ4A76;    1652,41;    3,48;25/10/2024;50;CARGA ERRADA ARMAZEM          ;   ;rafael     ;18:02
004123                            ;25/10/2024;    ;067422;003;    ;0086003;MERCADINHO SAO PAULO                              ;(75) 9110-5921 ;040;414;SJQ4A76;      17,28;    0,02;25/10/2024;50;CARGA ERRADA ARMAZEM          ;   ;rafael     ;18:02
004123                            ;25/10/2024;    ;067451;003;    ;0085947;MERCEARIA POPULAR                                 ;(75)99231-0127 ;030;301;SJQ4A76;     323,40;    0,41;25/10/2024;73;FALTA DE ATIVOS DE GIRO       ;   ;rafael     ;18:03
004123                            ;25/10/2024;    ;067452;003;    ;0085947;MERCEARIA POPULAR                                 ;(75)99231-0127 ;030;301;SJQ4A76;     967,90;    1,24;25/10/2024;73;FALTA DE ATIVOS DE GIRO       ;   ;rafael     ;18:03
004123                            ;25/10/2024;    ;067453;003;    ;0085947;MERCEARIA POPULAR                                 ;(75)99231-0127 ;030;301;SJQ4A76;     269,50;    0,34;25/10/2024;73;FALTA DE ATIVOS DE GIRO       ;   ;rafael     ;18:03
004130                            ;25/10/2024;    ;067705;003;    ;0035437;MERCADINHO SOUZA                                  ;(75)99135-2853 ;040;415;JNW2B79;      12,50;    0,01;25/10/2024;73;FALTA DE ATIVOS DE GIRO       ;DER;rafael     ;17:28
004138                            ;25/10/2024;    ;067867;003;    ;0050489;SABOR DA ALEGRIA                                  ;(75)99868-6551 ;040;408;NZO1G22;     182,54;    0,29;25/10/2024;42;Produto/Quantidade Errada     ;   ;rafael     ;15:30
004147                            ;26/10/2024;    ;068017;003;    ;0020570;BAR DO CAMPOS                                     ;(75)99927-4413 ;040;415;DEN3A12;     107,80;    0,13;26/10/2024;87;TEMPO INSUFICIENTE            ;   ;cunha.se   ;20:12
004147                            ;26/10/2024;    ;068018;003;    ;0020595;BAR DE JOSA                                       ;(75)98252-2499 ;040;415;DEN3A12;     174,67;    0,48;26/10/2024;87;TEMPO INSUFICIENTE            ;   ;cunha.se   ;20:11
004147                            ;26/10/2024;    ;068019;003;    ;0020595;BAR DE JOSA                                       ;(75)98252-2499 ;040;415;DEN3A12;      54,60;    0,06;26/10/2024;87;TEMPO INSUFICIENTE            ;   ;cunha.se   ;20:12
004147                            ;26/10/2024;    ;068020;003;    ;0020595;BAR DE JOSA                                       ;(75)98252-2499 ;040;415;DEN3A12;      54,60;    0,06;26/10/2024;87;TEMPO INSUFICIENTE            ;   ;cunha.se   ;20:11
004147                            ;26/10/2024;    ;068023;003;    ;0020778;BAR SERTAOZINHO                                   ;(07)58251-7785 ;040;415;DEN3A12;     405,80;    0,60;26/10/2024;87;TEMPO INSUFICIENTE            ;   ;cunha.se   ;20:09
004147                            ;26/10/2024;    ;068024;003;    ;0086184;merc do cosme                                     ;(75)98301-5436 ;040;415;DEN3A12;      94,22;    0,18;26/10/2024;87;TEMPO INSUFICIENTE            ;   ;cunha.se   ;20:08
004147                            ;26/10/2024;    ;068025;003;    ;0085081;merc do isaias                                    ;(75) 8286-4886 ;040;415;DEN3A12;     227,84;    0,33;26/10/2024;87;TEMPO INSUFICIENTE            ;   ;cunha.se   ;20:07
004147                            ;26/10/2024;    ;068026;003;    ;0026552;merc do walter                                    ;(75)98117-6049 ;040;415;DEN3A12;      92,58;    0,16;26/10/2024;87;TEMPO INSUFICIENTE            ;   ;cunha.se   ;20:09
004147                            ;26/10/2024;    ;068027;003;    ;0039692;MERCNOVA CONQUISTA                                ;(71)98604-1062 ;040;415;DEN3A12;     106,18;    0,13;26/10/2024;87;TEMPO INSUFICIENTE            ;   ;cunha.se   ;20:10
004147                            ;26/10/2024;    ;068028;003;    ;0035437;MERCADINHO SOUZA                                  ;(75)99135-2853 ;040;415;DEN3A12;      12,50;    0,01;26/10/2024;87;TEMPO INSUFICIENTE            ;DER;cunha.se   ;20:13
004147                            ;26/10/2024;    ;068029;003;    ;0055896;ACARAJE 907                                       ;               ;040;415;DEN3A12;       6,25;    0,00;26/10/2024;87;TEMPO INSUFICIENTE            ;DER;cunha.se   ;20:13
004149                            ;26/10/2024;    ;068103;003;    ;0090634;EDMAR BARBOSA ALMEID                              ;(71)99658-8106 ;040;410;SJQ8E15;     129,78;    0,25;26/10/2024;85;DIFICIL ACESSO                ;   ;mauricio.se;16:37
004149                            ;26/10/2024;    ;068107;003;    ;0000351;BAR DO PALMEIRAS                                  ;(75)99165-7147 ;040;410;SJQ8E15;    1306,50;    1,54;26/10/2024;73;FALTA DE ATIVOS DE GIRO       ;   ;mauricio.se;16:38
004149                            ;26/10/2024;    ;068110;003;    ;0089225;DEP LEONARDO                                      ;(75)99208-8107 ;040;409;SJQ8E15;     320,22;    0,41;26/10/2024;71;SEM DINHEIRO/CHEQUE           ;   ;mauricio.se;16:39
004150                            ;26/10/2024;    ;068146;003;    ;0047002;MERCEARIA OSVALDO                                 ;(75)99165-4493 ;040;405;HMM9I85;     529,00;    0,69;26/10/2024;72;PDV FECHADO (HORARIO COM.)    ;   ;mauricio.se;17:27
004150                            ;26/10/2024;    ;068147;003;    ;0047002;MERCEARIA OSVALDO                                 ;(75)99165-4493 ;040;405;HMM9I85;     117,66;    0,01;26/10/2024;72;PDV FECHADO (HORARIO COM.)    ;   ;mauricio.se;17:27
004150                            ;26/10/2024;    ;068156;003;    ;0029260;BAR E POUSADA 116                                 ;(75)99116-0594 ;040;410;HMM9I85;      58,50;    0,06;26/10/2024;72;PDV FECHADO (HORARIO COM.)    ;   ;mauricio.se;17:28
004151                            ;26/10/2024;    ;068160;003;    ;0049023;MERCADINHO LAURA                                  ;               ;040;405;SJQ4B82;     652,10;    1,45;26/10/2024;71;SEM DINHEIRO/CHEQUE           ;   ;mauricio.se;15:27
004156                            ;26/10/2024;    ;068299;003;    ;0085442;JORGE TIRCO MATRIZ                                ;(75) 3262-1030 ;030;301;SJQ7D41;      45,00;    0,04;26/10/2024;55;QUALIDADE DO PRODUTO          ;   ;mauricio.se;15:25
004159                            ;26/10/2024;    ;068459;003;    ;0007343;BAR ZE DA VENDA                                   ;(75)99220-9064 ;040;403;SJQ3A28;     657,70;    1,04;26/10/2024;72;PDV FECHADO (HORARIO COM.)    ;   ;mauricio.se;14:59
004165                            ;26/10/2024;    ;068600;003;    ;0092306;JC ESPETINHO                                      ;               ;040;408;IIW0E79;     105,80;    0,07;26/10/2024;65;NAO FEZ PEDIDO                ;   ;mauricio.se;13:40
004166                            ;26/10/2024;    ;068617;003;    ;0003709;BAR DO TIAO                                       ;(75)99962-1722 ;040;403;IIW0E79;      20,59;    0,04;26/10/2024;43;Forma de Pagamento            ;   ;mauricio.se;17:55
004178                            ;28/10/2024;    ;068819;003;    ;0051925;IMPERIO DO SABOR                                  ;(75)99822-2842 ;040;411;SJQ0G38;     344,59;    0,48;28/10/2024;72;PDV FECHADO (HORARIO COM.)    ;   ;mauricio.se;17:21
004178                            ;28/10/2024;    ;068820;003;    ;0051925;IMPERIO DO SABOR                                  ;(75)99822-2842 ;040;411;SJQ0G38;      53,90;    0,06;28/10/2024;72;PDV FECHADO (HORARIO COM.)    ;   ;mauricio.se;17:20
004179                            ;28/10/2024;    ;068828;003;    ;0052952;VER DISTRIBUIDORA                                 ;(75)99125-0366 ;040;412;SJQ4A76;     220,47;    0,28;28/10/2024;72;PDV FECHADO (HORARIO COM.)    ;   ;mauricio.se;18:57
004179                            ;28/10/2024;    ;068844;003;    ;0044225;JMA MERCADINHO                                    ;(75)99113-0572 ;040;412;SJQ4A76;     467,61;    0,67;28/10/2024;71;SEM DINHEIRO/CHEQUE           ;   ;mauricio.se;18:57
004180                            ;28/10/2024;    ;068863;003;    ;0048164;GERSON DISTRIBUIDORA                              ;(75)98362-1353 ;040;404;SJQ4E04;     491,60;    0,57;28/10/2024;73;FALTA DE ATIVOS DE GIRO       ;   ;mauricio.se;15:06
004181                            ;28/10/2024;    ;068886;003;    ;0020650;KIOSQUE OASIS DO QUI                              ;(07)59139-3093 ;040;406;SJQ9B03;     549,77;    0,73;28/10/2024;72;PDV FECHADO (HORARIO COM.)    ;   ;mauricio.se;18:23
004182                            ;28/10/2024;    ;068918;003;    ;0085379;ARENA 10                                          ;(75) 9101-7861 ;040;401;SJQ3A28;     622,66;    0,78;28/10/2024;73;FALTA DE ATIVOS DE GIRO       ;   ;mauricio.se;17:07
004184                            ;28/10/2024;    ;068997;003;    ;0032897;Bar do cochila                                    ;(75)98260-3867 ;040;407;SJQ3C84;     264,50;    0,34;28/10/2024;72;PDV FECHADO (HORARIO COM.)    ;   ;mauricio.se;17:22
004184                            ;28/10/2024;    ;068998;003;    ;0032897;Bar do cochila                                    ;(75)98260-3867 ;040;407;SJQ3C84;     105,80;    0,13;28/10/2024;72;PDV FECHADO (HORARIO COM.)    ;   ;mauricio.se;17:22
004189                            ;28/10/2024;    ;069131;003;    ;0020647;TULIUS BAR E RESTAUR                              ;(07)58259-4878 ;040;413;HMM9I85;     136,24;    0,18;29/10/2024;72;PDV FECHADO (HORARIO COM.)    ;   ;rafael     ;17:22
004191                            ;28/10/2024;    ;069185;003;    ;0000657;MARCIONEI  OLIVEIRA                               ;(75)99825-7655 ;040;409;SYE5D21;     381,63;    0,52;28/10/2024;72;PDV FECHADO (HORARIO COM.)    ;   ;mauricio.se;13:46
004217                            ;29/10/2024;    ;069235;003;    ;0049633; BAR DO DÉO                                       ;               ;040;402;SJQ3C84;     345,58;    0,42;30/10/2024;87;TEMPO INSUFICIENTE            ;   ;jadson.se  ;05:13
004218                            ;29/10/2024;    ;069273;003;    ;0037247;PF DA GIL                                         ;(75)98242-8225 ;040;402;SJQ2C64;     581,19;    0,73;29/10/2024;71;SEM DINHEIRO/CHEQUE           ;   ;jadson.se  ;22:49
004221                            ;29/10/2024;    ;069342;003;    ;0000567;ARILTON REIS                                      ;(75)99226-6229 ;030;303;SJQ3C18;     129,90;    0,14;29/10/2024;50;CARGA ERRADA ARMAZEM          ;   ;rafael     ;17:56
004222                            ;29/10/2024;    ;069366;003;    ;0055218;MERCARDO DO VANDO                                 ;(71)99355-0467 ;071;012;SJQ3A28;    1175,92;    1,24;29/10/2024;82;ENDERECO NAO ENCONTRADO       ;   ;rafael     ;17:59
004223                            ;29/10/2024;    ;069419;003;    ;0000148;ATACADO TOP BAHIA EX                              ;(75)99959-5005 ;030;301;SJQ9G53;     306,09;    0,49;29/10/2024;42;Produto/Quantidade Errada     ;   ;rafael     ;16:41
004223                            ;29/10/2024;    ;069420;003;    ;0000148;ATACADO TOP BAHIA EX                              ;(75)99959-5005 ;030;301;SJQ9G53;     107,80;    0,08;29/10/2024;42;Produto/Quantidade Errada     ;   ;rafael     ;16:41
004223                            ;29/10/2024;    ;069421;003;    ;0000148;ATACADO TOP BAHIA EX                              ;(75)99959-5005 ;030;301;SJQ9G53;     349,00;    0,42;29/10/2024;42;Produto/Quantidade Errada     ;   ;rafael     ;16:41
004228                            ;29/10/2024;    ;069591;003;    ;0034289;NAILTO DE OLIVEIRA V                              ;               ;040;411;SJQ9B48;     808,50;    1,03;29/10/2024;42;Produto/Quantidade Errada     ;   ;rafael     ;16:24
004228                            ;29/10/2024;    ;069592;003;    ;0034289;NAILTO DE OLIVEIRA V                              ;               ;040;411;SJQ9B48;     808,50;    1,03;29/10/2024;42;Produto/Quantidade Errada     ;   ;rafael     ;16:24
004229                            ;29/10/2024;    ;069607;003;    ;0040132;DISTRIBUIDORA                                     ;               ;071;012;SJQ4E04;     539,00;    0,69;29/10/2024;87;TEMPO INSUFICIENTE            ;   ;jadson.se  ;19:35
004229                            ;29/10/2024;    ;069608;003;    ;0040132;DISTRIBUIDORA                                     ;               ;071;012;SJQ4E04;     539,00;    0,69;29/10/2024;87;TEMPO INSUFICIENTE            ;   ;jadson.se  ;19:35
004229                            ;29/10/2024;    ;069637;003;    ;0028144;MERCADINHO FV                                     ;(75)99218-9973 ;040;414;SJQ4E04;     110,01;    0,31;29/10/2024;87;TEMPO INSUFICIENTE            ;   ;jadson.se  ;19:34
004229                            ;29/10/2024;    ;069638;003;    ;0085474;BAR PONTO 09                                      ;(75)99190-2030 ;040;404;SJQ4E04;    1062,46;    1,09;29/10/2024;87;TEMPO INSUFICIENTE            ;   ;jadson.se  ;19:32
004229                            ;29/10/2024;    ;069639;003;    ;0085474;BAR PONTO 09                                      ;(75)99190-2030 ;040;404;SJQ4E04;     690,10;    0,81;29/10/2024;87;TEMPO INSUFICIENTE            ;   ;jadson.se  ;19:33
004229                            ;29/10/2024;    ;069640;003;    ;0085474;BAR PONTO 09                                      ;(75)99190-2030 ;040;404;SJQ4E04;     377,30;    0,48;29/10/2024;87;TEMPO INSUFICIENTE            ;   ;jadson.se  ;19:33
004229                            ;29/10/2024;    ;069641;003;    ;0085474;BAR PONTO 09                                      ;(75)99190-2030 ;040;404;SJQ4E04;     149,90;    0,14;29/10/2024;87;TEMPO INSUFICIENTE            ;   ;jadson.se  ;19:34
004231                            ;29/10/2024;    ;069689;003;    ;0034419;POINT DO LAZER                                    ;(75)99240-4903 ;040;415;SJQ0J29;     360,00;    0,41;29/10/2024;42;Produto/Quantidade Errada     ;DER;rafael     ;17:17
004231                            ;29/10/2024;    ;069690;003;    ;0034419;POINT DO LAZER                                    ;(75)99240-4903 ;040;415;SJQ0J29;      32,68;    0,04;29/10/2024;42;Produto/Quantidade Errada     ;DER;rafael     ;17:16
004232                            ;29/10/2024;    ;069754;003;    ;0036417;MERCADINHO SANTANA                                ;(75)99839-2988 ;040;412;SJQ9H52;     380,24;    0,83;29/10/2024;71;SEM DINHEIRO/CHEQUE           ;   ;rafael     ;17:56
004233                            ;29/10/2024;    ;069784;003;    ;0020573;MER GONCALVES 2                                   ;(07)81825-3715 ;040;413;JNW2B79;     762,43;    1,25;29/10/2024;71;SEM DINHEIRO/CHEQUE           ;   ;rafael     ;15:13
004235                            ;29/10/2024;    ;069834;003;    ;0049175;MERCADINHO CASA VELH                              ;               ;040;408;DEN3A12;     486,11;    0,73;30/10/2024;73;FALTA DE ATIVOS DE GIRO       ;   ;mauricio.se;14:11
004237                            ;29/10/2024;    ;069863;003;    ;0000077;ADEGA CSM                                         ;(11)96446-2384 ;040;415;IIW0E79;      32,68;    0,04;30/10/2024;58;Carga Errada                  ;DER;mauricio.se;17:38
004238                            ;29/10/2024;    ;069880;003;    ;0086564;BAR J CARLOS                                      ;               ;040;403;NTE9309;      44,04;    0,12;29/10/2024;72;PDV FECHADO (HORARIO COM.)    ;   ;rafael     ;12:09
004238                            ;29/10/2024;    ;069885;003;    ;0085743;BAR DA LUCIENE                                    ;(75) 9112-6484 ;040;403;NTE9309;     161,70;    0,20;29/10/2024;71;SEM DINHEIRO/CHEQUE           ;   ;rafael     ;12:10
004239                            ;29/10/2024;    ;069889;003;    ;0047427; DIST DA JLIA                                     ;               ;040;415;NTE9309;     145,30;    0,25;29/10/2024;86;HORARIO DE ENTREGA            ;   ;rafael     ;16:28
004243                            ;30/10/2024;    ;069934;003;    ;0045521;JACIARA LIMA                                      ;(75)99139-0345 ;040;402;SJQ3C84;     385,12;    0,63;01/11/2024;42;Produto/Quantidade Errada     ;   ;jadson.se  ;05:04
004246                            ;30/10/2024;    ;070022;003;    ;0020006;MERCADINHO SANTANA                                ;(07)50000-0000 ;040;406;SIY2E51;      34,90;    0,04;30/10/2024;87;TEMPO INSUFICIENTE            ;   ;cunha.se   ;20:05
004246                            ;30/10/2024;    ;070715;003;    ;0020402;BAR E DEPOSITO DE MI                              ;(07)59708-5280 ;040;406;SIY2E51;     224,28;    0,24;30/10/2024;87;TEMPO INSUFICIENTE            ;   ;cunha.se   ;21:16
004246                            ;30/10/2024;    ;070716;003;    ;0020006;MERCADINHO SANTANA                                ;(07)50000-0000 ;040;406;SIY2E51;     363,04;    0,82;30/10/2024;87;TEMPO INSUFICIENTE            ;   ;cunha.se   ;20:05
004247                            ;30/10/2024;    ;070768;003;    ;0031634;MERCADINHO OLIVEIRA                               ;(75) 9918-5932 ;030;303;SJQ8E15;     107,80;    0,13;30/10/2024;71;SEM DINHEIRO/CHEQUE           ;   ;cunha.se   ;19:18
004247                            ;30/10/2024;    ;070769;003;    ;0031634;MERCADINHO OLIVEIRA                               ;(75) 9918-5932 ;030;303;SJQ8E15;     583,33;    0,98;30/10/2024;71;SEM DINHEIRO/CHEQUE           ;   ;cunha.se   ;19:17
004252                            ;30/10/2024;    ;070953;003;    ;0000684;ESPACO DE BUJAO                                   ;(75)98243-6040 ;040;407;SJQ0G38;     585,00;    0,69;30/10/2024;87;TEMPO INSUFICIENTE            ;   ;cunha.se   ;19:18
004255                            ;30/10/2024;    ;071009;003;    ;0046393;MERCADINHO LIMA                                   ;(75)99145-5991 ;040;405;SJQ3C18;      45,00;    0,12;30/10/2024;45;Tempo Insuficiente.           ;   ;mauricio.se;18:27
004258                            ;30/10/2024;    ;071128;003;    ;0000231;DEP”SITO UDO PARED√O                              ;(75)99802-6761 ;040;403;SJQ9B03;     349,00;    0,42;30/10/2024;72;PDV FECHADO (HORARIO COM.)    ;   ;mauricio.se;18:43
004260                            ;30/10/2024;    ;071182;003;    ;0052397;PAZZI SAPORI                                      ;               ;040;412;JNW2B79;     161,70;    0,20;30/10/2024;72;PDV FECHADO (HORARIO COM.)    ;   ;mauricio.se;18:10
004262                            ;30/10/2024;    ;071263;003;    ;0024902;ESPETANDO DA VAL                                  ;(75)98345-9133 ;040;407;HMM9I85;     297,89;    0,38;30/10/2024;72;PDV FECHADO (HORARIO COM.)    ;   ;cunha.se   ;19:07
004264                            ;30/10/2024;    ;071304;003;    ;0041241;BAR CAJUEIRO                                      ;(85)99232-7193 ;040;409;SYE5D21;       6,25;    0,00;30/10/2024;50;CARGA ERRADA ARMAZEM          ;   ;mauricio.se;15:44
004265                            ;30/10/2024;    ;071317;003;    ;0000513;GLORIA MERCADINHO                                 ;(75)99175-0228 ;040;406;SIY2E51;     201,89;    0,39;30/10/2024;42;Produto/Quantidade Errada     ;   ;cunha.se   ;20:11
004266                            ;30/10/2024;    ;071336;003;    ;0026122;BIROSCA BAR                                       ;(75) 9127-3247 ;040;403;NTE9309;      24,64;    0,00;30/10/2024;71;SEM DINHEIRO/CHEQUE           ;   ;mauricio.se;12:05
004266                            ;30/10/2024;    ;071337;003;    ;0026122;BIROSCA BAR                                       ;(75) 9127-3247 ;040;403;NTE9309;     117,00;    0,13;30/10/2024;71;SEM DINHEIRO/CHEQUE           ;   ;mauricio.se;12:05
004267                            ;30/10/2024;    ;071349;003;    ;0089349;FRIGO SANTO ANTONIO                               ;(75) 3261-8075 ;040;415;NTE9309;     284,66;    0,38;30/10/2024;50;CARGA ERRADA ARMAZEM          ;   ;mauricio.se;17:13
004267                            ;30/10/2024;    ;071350;003;    ;0053900;SHAMMAI DISTRIBIUDOR                              ;(75)99144-2538 ;071;011;NTE9309;     174,50;    0,21;30/10/2024;71;SEM DINHEIRO/CHEQUE           ;   ;mauricio.se;17:13
004298                            ;31/10/2024;    ;071443;003;    ;0000638;DISTRIBUIDORA                                     ;(75)99125-6143 ;040;408;SJQ9B03;     355,20;    0,44;31/10/2024;82;ENDERECO NAO ENCONTRADO       ;   ;rafael     ;18:34
004298                            ;31/10/2024;    ;071446;003;    ;0033622;JAMERSON DE OLIVEIRA                              ;(71)99279-2876 ;040;408;SJQ9B03;     269,50;    0,34;31/10/2024;87;TEMPO INSUFICIENTE            ;   ;rafael     ;18:34
004300                            ;31/10/2024;    ;071502;003;    ;0053790;MERCADINHO DE JUNIOR                              ;               ;040;411;SJQ9B48;     149,30;    0,20;31/10/2024;42;Produto/Quantidade Errada     ;   ;rafael     ;17:30
004302                            ;31/10/2024;    ;071588;003;    ;0000630;LANCHONETE DA BR                                  ;(75)98280-3860 ;040;411;SJQ9H52;     451,66;    0,48;31/10/2024;72;PDV FECHADO (HORARIO COM.)    ;   ;rafael     ;17:41
004306                            ;31/10/2024;    ;071752;003;    ;0091658;FRIGGOM S                                         ;(71)99933-4554 ;040;414;SJQ9G53;    1064,66;    1,37;31/10/2024;71;SEM DINHEIRO/CHEQUE           ;   ;rafael     ;17:52
004308                            ;31/10/2024;    ;071784;003;    ;0032207;ATACADAO CASA DO ARR                              ;(75)99184-0060 ;030;301;GGC2226;       7,50;    0,01;31/10/2024;34;Pedido Duplicado              ;   ;rafael     ;18:11
004308                            ;31/10/2024;    ;071785;003;    ;0032207;ATACADAO CASA DO ARR                              ;(75)99184-0060 ;030;301;GGC2226;     240,00;    0,27;31/10/2024;34;Pedido Duplicado              ;   ;rafael     ;18:11
004308                            ;31/10/2024;    ;071786;003;    ;0032207;ATACADAO CASA DO ARR                              ;(75)99184-0060 ;030;301;GGC2226;      13,04;    0,01;31/10/2024;34;Pedido Duplicado              ;   ;rafael     ;18:12
004310                            ;31/10/2024;    ;071863;003;    ;0041634;BAR NOVO HORIZONTE                                ;(75)99129-9885 ;040;404;HMM9I85;      43,20;    0,12;31/10/2024;87;TEMPO INSUFICIENTE            ;   ;jadson.se  ;18:56
004310                            ;31/10/2024;    ;071864;003;    ;0041634;BAR NOVO HORIZONTE                                ;(75)99129-9885 ;040;404;HMM9I85;      44,07;    0,07;31/10/2024;87;TEMPO INSUFICIENTE            ;   ;jadson.se  ;18:57
004319                            ;31/10/2024;    ;072041;003;    ;0037009;MERCEARIA SAUMAR                                  ;               ;040;414;SJQ4E04;     229,26;    0,44;31/10/2024;72;PDV FECHADO (HORARIO COM.)    ;   ;rafael     ;18:30
004319                            ;31/10/2024;    ;072072;003;    ;0046643;BAR GATINHA AZUL                                  ;               ;040;408;SJQ4E04;     312,36;    0,40;31/10/2024;87;TEMPO INSUFICIENTE            ;   ;rafael     ;18:30
004319                            ;31/10/2024;    ;072073;003;    ;0028411;BAR DO BOI                                        ;               ;040;408;SJQ4E04;     237,94;    0,42;31/10/2024;87;TEMPO INSUFICIENTE            ;   ;rafael     ;18:33
004320                            ;31/10/2024;    ;072117;003;    ;0085771;GNT MERCADINHO                                    ;(75)98241-4512 ;040;407;SJQ3C18;     479,90;    0,77;31/10/2024;63;PRODUTO / QTDE. ERRADA        ;   ;jadson.se  ;18:56
