Mapa                     ;Data;Unb Nota;Nota;Serie;Unb Cliente;Cod. Cliente;Nome Cliente;Telefone;Area;Setor;Placa;Valor;Volume;Data Devol.;Cod. Motivo;Desc. Motivo;Orig. Pedido;Usuario;Hora 
018942                            ;02/02/2026;    ;282039;003;    ;0018804;JADIEL COMERCIO DE A                              ;(75)99971-7137 ;020;207;SKS5C26;     133,92;    0,36;02/02/2026;72;PDV FECHADO (HORARIO COM.)    ;   ;romario.al ;20:46
018942                            ;02/02/2026;    ;282041;003;    ;0020624;BAR DO JAIR                                       ;(75)99999-9999 ;020;207;SKS5C26;     107,80;    0,13;02/02/2026;72;PDV FECHADO (HORARIO COM.)    ;   ;romario.al ;20:47
018945                            ;02/02/2026;    ;282068;003;    ;0050131;MERC BOTIQUE DA CARN                              ;(75)99955-2819 ;030;304;SJQ5B35;     610,16;    0,34;03/02/2026;72;PDV FECHADO (HORARIO COM.)    ;   ;romario.al ;04:01
018945                            ;02/02/2026;    ;282069;003;    ;0050131;MERC BOTIQUE DA CARN                              ;(75)99955-2819 ;030;304;SJQ5B35;     782,83;    1,84;03/02/2026;72;PDV FECHADO (HORARIO COM.)    ;   ;romario.al ;04:03
018945                            ;02/02/2026;    ;282070;003;    ;0050131;MERC BOTIQUE DA CARN                              ;(75)99955-2819 ;030;304;SJQ5B35;     146,26;    0,02;03/02/2026;72;PDV FECHADO (HORARIO COM.)    ;   ;romario.al ;04:02
018945                            ;02/02/2026;    ;282071;003;    ;0050018;MERCADINHO AQUI TEM                               ;(07)59968-7978 ;030;304;SJQ5B35;     495,87;    0,37;03/02/2026;72;PDV FECHADO (HORARIO COM.)    ;   ;romario.al ;03:58
018945                            ;02/02/2026;    ;282072;003;    ;0050018;MERCADINHO AQUI TEM                               ;(07)59968-7978 ;030;304;SJQ5B35;      32,20;    0,12;03/02/2026;72;PDV FECHADO (HORARIO COM.)    ;   ;romario.al ;03:57
018945                            ;02/02/2026;    ;282084;003;    ;0020545;SUPER J OLIVEIRA                                  ;(75)99847-2930 ;030;304;SJQ5B35;    3090,40;    3,22;03/02/2026;72;PDV FECHADO (HORARIO COM.)    ;   ;romario.al ;04:01
018945                            ;02/02/2026;    ;282085;003;    ;0020545;SUPER J OLIVEIRA                                  ;(75)99847-2930 ;030;304;SJQ5B35;     215,88;    0,29;03/02/2026;72;PDV FECHADO (HORARIO COM.)    ;   ;romario.al ;03:59
018947                            ;02/02/2026;    ;282149;003;    ;0019801;FADA DOS DOCES                                    ;(75)99237-4355 ;020;208;SKS9J44;     128,26;    0,37;04/02/2026;71;SEM DINHEIRO/CHEQUE           ;   ;tailan.al  ;03:13
018947                            ;02/02/2026;    ;282152;003;    ;0020637;BAR CACHO DOS INDIOS                              ;(75)99923-5913 ;020;201;SKS9J44;    2836,86;    3,59;04/02/2026;85;DIFICIL ACESSO                ;   ;tailan.al  ;03:11
018947                            ;02/02/2026;    ;282153;003;    ;0020637;BAR CACHO DOS INDIOS                              ;(75)99923-5913 ;020;201;SKS9J44;      44,46;    0,09;04/02/2026;85;DIFICIL ACESSO                ;   ;tailan.al  ;03:10
018947                            ;02/02/2026;    ;282154;003;    ;0020637;BAR CACHO DOS INDIOS                              ;(75)99923-5913 ;020;201;SKS9J44;      13,68;    0,03;04/02/2026;85;DIFICIL ACESSO                ;   ;tailan.al  ;03:10
018947                            ;02/02/2026;    ;282155;003;    ;0020636;BAR DA JU                                         ;(75)99957-7049 ;020;201;SKS9J44;     229,03;    0,28;04/02/2026;71;SEM DINHEIRO/CHEQUE           ;   ;tailan.al  ;03:14
018950                            ;02/02/2026;    ;282195;003;    ;0020613;COMPRE BEM SAO PEDRO                              ;(75)99946-8968 ;030;305;SJQ5E98;     330,00;    0,77;02/02/2026;72;PDV FECHADO (HORARIO COM.)    ;   ;jose.al    ;18:43
018952                            ;02/02/2026;    ;282250;003;    ;0018438;MERCADO OLIVEIRA                                  ;(75)99850-0202 ;010;102;SJQ3B12;      95,64;    0,12;02/02/2026;70;CLIENTE CANCELOU              ;   ;jose.al    ;17:56
018952                            ;02/02/2026;    ;282269;003;    ;0019489;SANTANA E OLIVEIRA R                              ;(71)98355-1607 ;010;101;SJQ3B12;     266,07;    0,46;02/02/2026;71;SEM DINHEIRO/CHEQUE           ;   ;jose.al    ;17:56
018954                            ;02/02/2026;    ;282318;003;    ;0030029;RES RECANTO DO SITIO                              ;(75)99920-1011 ;020;207;TCH4H00;     297,08;    0,41;02/02/2026;64;SEM VASILHAME                 ;   ;jose.al    ;14:40
018969                            ;03/02/2026;    ;282432;003;    ;0037445;ROCHACHOPP                                        ;(75)99913-8049 ;010;104;SKS2H93;     357,72;    0,46;04/02/2026;72;PDV FECHADO (HORARIO COM.)    ;   ;tailan.al  ;21:24
018970                            ;03/02/2026;    ;282501;003;    ;0019682;BAR DO CURIO                                      ;(75)99861-6161 ;020;207;SKS5C26;     511,04;    0,74;04/02/2026;72;PDV FECHADO (HORARIO COM.)    ;   ;tailan.al  ;02:01
018970                            ;03/02/2026;    ;282502;003;    ;0019682;BAR DO CURIO                                      ;(75)99861-6161 ;020;207;SKS5C26;      30,84;    0,04;04/02/2026;72;PDV FECHADO (HORARIO COM.)    ;   ;tailan.al  ;02:01
018975                            ;03/02/2026;    ;282654;003;    ;0082741;MERCEARIA PONTO CERT                              ;(75)98208-9662 ;010;106;SJQ5E98;     901,80;    2,04;03/02/2026;72;PDV FECHADO (HORARIO COM.)    ;   ;emerson.al ;17:28
018975                            ;03/02/2026;    ;282655;003;    ;0083942;DEPOSITO GEO S                                    ;(75)98126-2199 ;010;106;SJQ5E98;     454,80;    0,50;03/02/2026;72;PDV FECHADO (HORARIO COM.)    ;   ;emerson.al ;17:28
018975                            ;03/02/2026;    ;282656;003;    ;0083942;DEPOSITO GEO S                                    ;(75)98126-2199 ;010;106;SJQ5E98;    1617,12;    2,60;03/02/2026;72;PDV FECHADO (HORARIO COM.)    ;   ;emerson.al ;17:28
018975                            ;03/02/2026;    ;282660;003;    ;0047053;MERCEARIA DA EVA                                  ;(75)98251-8457 ;010;106;SJQ5E98;    1821,00;    2,22;03/02/2026;72;PDV FECHADO (HORARIO COM.)    ;   ;emerson.al ;17:28
018980                            ;03/02/2026;    ;282804;003;    ;0039294;QUIOSQUE DA PRACA                                 ;(22)99982-3123 ;010;111;SKS7B90;     323,40;    0,41;03/02/2026;02;Sem Vasilhame Ambev           ;   ;emerson.al ;16:18
018981                            ;03/02/2026;    ;282846;003;    ;0018931;O PONTO CERTO                                     ;(75)99964-9602 ;020;202;SKB4I83;     156,91;    0,34;03/02/2026;72;PDV FECHADO (HORARIO COM.)    ;   ;emerson.al ;16:54
018985                            ;03/02/2026;    ;282944;003;    ;0052630;PIZZARIA FORMAG                                   ;(75)99874-3047 ;010;111;PLL7H92;     472,86;    0,58;03/02/2026;72;PDV FECHADO (HORARIO COM.)    ;   ;emerson.al ;11:33
018987                            ;03/02/2026;    ;282962;003;    ;0083582;BAR DO GILO                                       ;(75)98116-4200 ;010;105;PLL7H92;     110,55;    0,30;03/02/2026;71;SEM DINHEIRO/CHEQUE           ;   ;tailan.al  ;20:19
018988                            ;03/02/2026;    ;282984;003;    ;0019737;GRAU E CORTE                                      ;(75)98362-7369 ;010;107;PXX2E06;     186,37;    0,24;03/02/2026;02;Sem Vasilhame Ambev           ;   ;emerson.al ;13:54
019001                            ;04/02/2026;    ;283014;003;    ;0088694;MERCADINHO RUBEM                                  ;(71) 9673-8873 ;030;306;NZF6F00;    2623,58;    3,93;04/02/2026;81;PRODUTO DANIFICADO / FALTA    ;   ;romario.al ;21:01
019001                            ;04/02/2026;    ;283015;003;    ;0088694;MERCADINHO RUBEM                                  ;(71) 9673-8873 ;030;306;NZF6F00;      42,72;    0,12;04/02/2026;81;PRODUTO DANIFICADO / FALTA    ;DER;romario.al ;21:01
019004                            ;04/02/2026;    ;283128;003;    ;0060724;POINT DA ORLA                                     ;(71)99684-5284 ;020;208;SJQ5E98;     465,98;    0,76;05/02/2026;07;OUTROS MOTIVOS VALIDADO AC    ;   ;romario.al ;03:41
019004                            ;04/02/2026;    ;283129;003;    ;0060724;POINT DA ORLA                                     ;(71)99684-5284 ;020;208;SJQ5E98;       3,08;    0,00;05/02/2026;07;OUTROS MOTIVOS VALIDADO AC    ;DER;romario.al ;03:41
019005                            ;04/02/2026;    ;283160;003;    ;0030301;BARRACA TIA SOL                                   ;(71)99665-1333 ;020;202;SKS7B90;    1609,27;    1,85;05/02/2026;72;PDV FECHADO (HORARIO COM.)    ;   ;romario.al ;02:05
019005                            ;04/02/2026;    ;283164;003;    ;0060054;DEP. BEBIDAS DO DUDA                              ;(07)59988-2074 ;020;207;SKS7B90;     666,60;    0,57;05/02/2026;87;TEMPO INSUFICIENTE            ;DER;romario.al ;02:05
019006                            ;04/02/2026;    ;283179;003;    ;0050282;AQUA PARK WD                                      ;(75)99960-0498 ;020;205;SJQ4A23;     837,69;    1,03;04/02/2026;38;Sem Dinheiro                  ;   ;romario.al ;21:34
019009                            ;04/02/2026;    ;283295;003;    ;0020711;ANA LUCIA SILVA SANT                              ;(75)99851-5991 ;020;206;TCH4H00;     325,00;    0,42;04/02/2026;71;SEM DINHEIRO/CHEQUE           ;   ;romario.al ;20:07
019010                            ;04/02/2026;    ;283316;003;    ;0030014;REST. SOL BEACH                                   ;(75)99843-2094 ;020;202;SJQ8D11;     521,40;    1,20;05/02/2026;42;Produto/Quantidade Errada     ;   ;emerson.al ;17:19
019011                            ;04/02/2026;    ;283392;003;    ;0020310;FLOR DO AMANHECER                                 ;(75)98835-2080 ;020;204;SJQ5B35;     176,80;    0,21;05/02/2026;72;PDV FECHADO (HORARIO COM.)    ;   ;emerson.al ;13:56
019012                            ;04/02/2026;    ;283457;003;    ;0050055;CARNE VERDE                                       ;(75)99812-4048 ;030;304;MSG0C01;    4061,75;    5,32;04/02/2026;71;SEM DINHEIRO/CHEQUE           ;   ;romario.al ;20:14
019013                            ;04/02/2026;    ;283485;003;    ;0020685;CANTINHO DA CHICA                                 ;(75)99873-1719 ;010;102;SKS5C26;     118,90;    0,12;04/02/2026;72;PDV FECHADO (HORARIO COM.)    ;   ;romario.al ;21:04
019013                            ;04/02/2026;    ;283489;003;    ;0083717;DEPOSITO DA TORRE                                 ;(75)99989-6399 ;010;102;SKS5C26;     135,87;    0,07;04/02/2026;87;TEMPO INSUFICIENTE            ;   ;romario.al ;21:06
019013                            ;04/02/2026;    ;283490;003;    ;0083717;DEPOSITO DA TORRE                                 ;(75)99989-6399 ;010;102;SKS5C26;     122,66;    0,07;04/02/2026;87;TEMPO INSUFICIENTE            ;   ;romario.al ;21:12
019013                            ;04/02/2026;    ;283491;003;    ;0083717;DEPOSITO DA TORRE                                 ;(75)99989-6399 ;010;102;SKS5C26;     360,91;    0,35;04/02/2026;87;TEMPO INSUFICIENTE            ;   ;romario.al ;21:12
019013                            ;04/02/2026;    ;283492;003;    ;0083717;DEPOSITO DA TORRE                                 ;(75)99989-6399 ;010;102;SKS5C26;      93,59;    0,12;04/02/2026;87;TEMPO INSUFICIENTE            ;   ;romario.al ;21:12
019013                            ;04/02/2026;    ;283499;003;    ;0088302;GUABIRABAS DEP                                    ;(75) 3655-4455 ;010;102;SKS5C26;    1661,32;    0,97;04/02/2026;72;PDV FECHADO (HORARIO COM.)    ;   ;romario.al ;21:06
019013                            ;04/02/2026;    ;283500;003;    ;0088302;GUABIRABAS DEP                                    ;(75) 3655-4455 ;010;102;SKS5C26;      15,03;    0,09;04/02/2026;72;PDV FECHADO (HORARIO COM.)    ;   ;romario.al ;21:05
019018                            ;04/02/2026;    ;283678;003;    ;0060512;DEPOSITO DO GILMAR                                ;(71)99653-0367 ;020;208;SKB4I83;     459,30;    0,48;04/02/2026;72;PDV FECHADO (HORARIO COM.)    ;   ;jose.al    ;18:50
019018                            ;04/02/2026;    ;283695;003;    ;0021025;MERCEARIA FONSECA                                 ;(75)99123-2379 ;010;103;SKB4I83;     122,04;    0,09;04/02/2026;82;ENDERECO NAO ENCONTRADO       ;   ;jose.al    ;18:51
019022                            ;04/02/2026;    ;283761;003;    ;0041658;POINT DA MARISA                                   ;               ;010;101;PJX0435;     107,80;    0,13;04/02/2026;72;PDV FECHADO (HORARIO COM.)    ;   ;jose.al    ;17:35
019022                            ;04/02/2026;    ;283762;003;    ;0041658;POINT DA MARISA                                   ;               ;010;101;PJX0435;      20,88;    0,02;04/02/2026;72;PDV FECHADO (HORARIO COM.)    ;   ;jose.al    ;17:35
019024                            ;04/02/2026;    ;283792;003;    ;0084128;MERCADINHO SANTO ANT                              ;(80) 9774-4262 ;010;105;PXX2E06;     168,00;    0,48;05/02/2026;72;PDV FECHADO (HORARIO COM.)    ;   ;emerson.al ;13:35
019026                            ;04/02/2026;    ;283817;003;    ;0018505;BAR DA SHEILA                                     ;(75)98259-2203 ;010;105;PLL7H92;     148,06;    0,14;04/02/2026;71;SEM DINHEIRO/CHEQUE           ;   ;jose.al    ;18:02
019026                            ;04/02/2026;    ;283819;003;    ;0083435;BAR DO NAL JORRINHO                               ;(75)98182-7281 ;010;105;PLL7H92;      34,14;    0,11;04/02/2026;71;SEM DINHEIRO/CHEQUE           ;   ;jose.al    ;18:01
019026                            ;04/02/2026;    ;283820;003;    ;0083435;BAR DO NAL JORRINHO                               ;(75)98182-7281 ;010;105;PLL7H92;      46,01;    0,12;04/02/2026;71;SEM DINHEIRO/CHEQUE           ;   ;jose.al    ;18:01
019026                            ;04/02/2026;    ;283821;003;    ;0083435;BAR DO NAL JORRINHO                               ;(75)98182-7281 ;010;105;PLL7H92;      53,29;    0,06;04/02/2026;71;SEM DINHEIRO/CHEQUE           ;   ;jose.al    ;18:01
019046                            ;05/02/2026;    ;283917;003;    ;0084026;CASA DA ANTONIA                                   ;(75) 9988-6622 ;010;108;NZF6F00;     885,54;    1,20;05/02/2026;55;QUALIDADE DO PRODUTO          ;   ;tailan.al  ;20:01
019046                            ;05/02/2026;    ;283919;003;    ;0087384;DEPOSITO DA LU                                    ;(71)99706-7756 ;010;108;NZF6F00;     130,68;    0,28;05/02/2026;55;QUALIDADE DO PRODUTO          ;   ;tailan.al  ;20:01
019047                            ;05/02/2026;    ;283927;003;    ;0050277;MERCADINHO DO ANSELM                              ;(75)98807-8498 ;030;304;SJQ0C73;    2381,88;    2,67;06/02/2026;45;Tempo Insuficiente.           ;   ;romario.al ;20:46
019047                            ;05/02/2026;    ;283928;003;    ;0018542;MERCADINHO ARMAZEN                                ;(75)99927-1619 ;020;209;SJQ0C73;     771,73;    1,65;06/02/2026;45;Tempo Insuficiente.           ;   ;romario.al ;20:46
019048                            ;05/02/2026;    ;283976;003;    ;0060256;DEPOSITO DO MAMICA                                ;(71)99943-4687 ;020;208;SKS9J44;   24319,43;   24,53;06/02/2026;63;PRODUTO / QTDE. ERRADA        ;   ;tailan.al  ;04:13
019056                            ;05/02/2026;    ;284182;003;    ;0021024;MERCEARIA REIS                                    ;(75)99154-4601 ;020;209;SKS5C26;    5139,32;    6,27;05/02/2026;46;Endereco Nao Encontrado       ;   ;emerson.al ;17:54
019056                            ;05/02/2026;    ;284194;003;    ;0019962;BAR DO AURINO                                     ;(71)98305-2409 ;020;201;SKS5C26;     117,30;    0,12;05/02/2026;72;PDV FECHADO (HORARIO COM.)    ;   ;emerson.al ;17:55
019057                            ;05/02/2026;    ;284204;003;    ;0051195;PONTAL BEIRA RIO                                  ;(71)99646-0309 ;010;111;TCH4H00;     143,16;    0,07;05/02/2026;38;Sem Dinheiro                  ;   ;emerson.al ;16:51
019057                            ;05/02/2026;    ;284207;003;    ;0020145;BAR DO POLITO                                     ;(75)99850-8003 ;010;111;TCH4H00;     383,20;    0,48;05/02/2026;42;Produto/Quantidade Errada     ;   ;emerson.al ;16:52
019060                            ;05/02/2026;    ;284318;003;    ;0018499;SALGADERIA RITA SOUZ                              ;(75)98117-9751 ;010;106;SJQ5E98;     923,06;    1,17;06/02/2026;71;SEM DINHEIRO/CHEQUE           ;   ;jose.al    ;17:41
019063                            ;05/02/2026;    ;284426;003;    ;0038006;KYOSKY DO BYTA                                    ;(75)98132-0780 ;010;102;TXA1F44;      53,90;    0,06;05/02/2026;71;SEM DINHEIRO/CHEQUE           ;   ;emerson.al ;16:26
019063                            ;05/02/2026;    ;284429;003;    ;0038006;KYOSKY DO BYTA                                    ;(75)98132-0780 ;010;102;TXA1F44;      53,90;    0,06;05/02/2026;71;SEM DINHEIRO/CHEQUE           ;   ;emerson.al ;16:26
019065                            ;05/02/2026;    ;284455;003;    ;0049624;AFOS RABELO                                       ;(71)99958-5977 ;010;101;SKB4I83;      55,85;    0,06;05/02/2026;33;Nao Fez Pedido                ;   ;emerson.al ;16:04
019066                            ;05/02/2026;    ;284482;003;    ;0026606;BAR E REST DO P                                   ;(75)98110-1784 ;010;103;PJX0435;     103,09;    0,07;06/02/2026;71;SEM DINHEIRO/CHEQUE           ;   ;jose.al    ;14:22
019066                            ;05/02/2026;    ;284494;003;    ;0030924;BARRACA DO MARCOS                                 ;(75)98258-9689 ;010;103;PJX0435;     194,50;    0,21;06/02/2026;72;PDV FECHADO (HORARIO COM.)    ;   ;jose.al    ;14:21
019069                            ;05/02/2026;    ;284527;003;    ;0018889;KIOSK SANTA BARBARA                               ;(75)99812-2576 ;010;107;PJX0435;     188,15;    0,22;05/02/2026;72;PDV FECHADO (HORARIO COM.)    ;   ;emerson.al ;15:18
019069                            ;05/02/2026;    ;284530;003;    ;0052871;BAR S NOVA DIRECAO                                ;(75)99193-1475 ;010;107;PJX0435;     137,43;    0,25;05/02/2026;71;SEM DINHEIRO/CHEQUE           ;   ;emerson.al ;15:17
019093                            ;06/02/2026;    ;284656;003;    ;0019901;MERCADINHO POJUCA 2                               ;(71)99939-0205 ;030;306;NZF6F00;     856,40;    0,42;07/02/2026;72;PDV FECHADO (HORARIO COM.)    ;   ;emerson.al ;16:16
019093                            ;06/02/2026;    ;284658;003;    ;0019901;MERCADINHO POJUCA 2                               ;(71)99939-0205 ;030;306;NZF6F00;     155,00;    0,39;07/02/2026;72;PDV FECHADO (HORARIO COM.)    ;DER;emerson.al ;16:17
019095                            ;06/02/2026;    ;284775;003;    ;0030008;DEP BEBIDAS CLAUDIO                               ;(75)99803-7387 ;020;202;SJQ0C73;     340,61;    0,35;09/02/2026;42;Produto/Quantidade Errada     ;   ;tailan.al  ;20:59
019095                            ;06/02/2026;    ;284783;003;    ;0030324;BARRACA DA GEL                                    ;(75)59944-7336 ;020;207;SJQ0C73;     269,72;    0,34;09/02/2026;73;FALTA DE ATIVOS DE GIRO       ;DER;tailan.al  ;20:58
019095                            ;06/02/2026;    ;284791;003;    ;0030433;DEPOSITO SOSSEGO                                  ;(75)99943-2736 ;020;207;SJQ0C73;     249,34;    0,72;09/02/2026;32;ENTREGA ATRASADA (BUFFER)     ;DER;tailan.al  ;20:59
019102                            ;06/02/2026;    ;284966;003;    ;0040268;SANTOS VARIEDADES                                 ;(75)98855-7478 ;020;206;TCH4H00;     353,58;    0,51;06/02/2026;72;PDV FECHADO (HORARIO COM.)    ;   ;jose.al    ;18:10
019102                            ;06/02/2026;    ;284967;003;    ;0018864;BAR DA ELIENE                                     ;(73)99913-2505 ;020;206;TCH4H00;     313,21;    0,36;06/02/2026;72;PDV FECHADO (HORARIO COM.)    ;   ;jose.al    ;18:10
019102                            ;06/02/2026;    ;284968;003;    ;0018864;BAR DA ELIENE                                     ;(73)99913-2505 ;020;206;TCH4H00;      16,10;    0,06;06/02/2026;72;PDV FECHADO (HORARIO COM.)    ;   ;jose.al    ;18:10
019102                            ;06/02/2026;    ;284969;003;    ;0040324;BAR DA 7 IRMAS                                    ;(75)99993-2235 ;020;206;TCH4H00;    1500,53;    1,85;06/02/2026;72;PDV FECHADO (HORARIO COM.)    ;   ;jose.al    ;18:11
019102                            ;06/02/2026;    ;284970;003;    ;0040324;BAR DA 7 IRMAS                                    ;(75)99993-2235 ;020;206;TCH4H00;      16,10;    0,06;06/02/2026;72;PDV FECHADO (HORARIO COM.)    ;   ;jose.al    ;18:10
019103                            ;06/02/2026;    ;284992;003;    ;0018470;JM DISTRIBUIDORA                                  ;(75)98115-6211 ;030;305;SJQ5E98;     808,50;    1,03;07/02/2026;71;SEM DINHEIRO/CHEQUE           ;   ;emerson.al ;14:41
019103                            ;06/02/2026;    ;284995;003;    ;0018470;JM DISTRIBUIDORA                                  ;(75)98115-6211 ;030;305;SJQ5E98;      30,44;    0,03;07/02/2026;71;SEM DINHEIRO/CHEQUE           ;   ;emerson.al ;14:41
019105                            ;06/02/2026;    ;285052;003;    ;0049523;BAR LOS ANGELES                                   ;(71)99949-9512 ;010;108;SJQ3B12;     901,98;    1,04;06/02/2026;72;PDV FECHADO (HORARIO COM.)    ;   ;romario.al ;20:09
019106                            ;06/02/2026;    ;285077;003;    ;0019751;CHURRASQUINHO AVENID                              ;(75)99999-3559 ;010;111;SJQ0A82;     928,66;    0,79;06/02/2026;72;PDV FECHADO (HORARIO COM.)    ;   ;jose.al    ;18:24
019106                            ;06/02/2026;    ;285078;003;    ;0019751;CHURRASQUINHO AVENID                              ;(75)99999-3559 ;010;111;SJQ0A82;     120,00;    0,13;06/02/2026;72;PDV FECHADO (HORARIO COM.)    ;   ;jose.al    ;18:24
019106                            ;06/02/2026;    ;285094;003;    ;0084129;RESTAURANTE DA ROSE                               ;(75)99975-6061 ;010;107;SJQ0A82;     108,13;    0,13;06/02/2026;72;PDV FECHADO (HORARIO COM.)    ;   ;jose.al    ;18:25
019107                            ;06/02/2026;    ;285137;003;    ;0045387;MERCADINHO PRECO BOM                              ;(75)99942-9121 ;030;305;SJQ8D11;     673,68;    0,69;06/02/2026;45;Tempo Insuficiente.           ;   ;romario.al ;20:13
019109                            ;06/02/2026;    ;285211;003;    ;0050226;CHURRASCARIA BARROS                               ;(75)90000-0000 ;020;204;SKS7B90;     359,61;    0,51;06/02/2026;42;Produto/Quantidade Errada     ;   ;jose.al    ;18:21
019109                            ;06/02/2026;    ;285212;003;    ;0050226;CHURRASCARIA BARROS                               ;(75)90000-0000 ;020;204;SKS7B90;      32,52;    0,04;06/02/2026;42;Produto/Quantidade Errada     ;   ;jose.al    ;18:21
019110                            ;06/02/2026;    ;285220;003;    ;0020452;BAR DO BRANCO                                     ;(75)99917-4722 ;020;204;TXA1F44;     358,28;    0,35;06/02/2026;72;PDV FECHADO (HORARIO COM.)    ;   ;jose.al    ;15:35
019110                            ;06/02/2026;    ;285221;003;    ;0020452;BAR DO BRANCO                                     ;(75)99917-4722 ;020;204;TXA1F44;      39,10;    0,04;06/02/2026;72;PDV FECHADO (HORARIO COM.)    ;   ;jose.al    ;15:34
019111                            ;06/02/2026;    ;285263;003;    ;0048250;FaSNIX KA                                         ;(75)99954-2620 ;010;108;SKB4I83;      14,95;    0,00;06/02/2026;71;SEM DINHEIRO/CHEQUE           ;   ;jose.al    ;16:47
019111                            ;06/02/2026;    ;285264;003;    ;0048250;FaSNIX KA                                         ;(75)99954-2620 ;010;108;SKB4I83;     203,72;    0,33;06/02/2026;71;SEM DINHEIRO/CHEQUE           ;   ;jose.al    ;16:47
019113                            ;06/02/2026;    ;285306;003;    ;0040276;PAO E CIA                                         ;(75)99818-2369 ;020;203;TCH4H00;     120,62;    0,28;06/02/2026;72;PDV FECHADO (HORARIO COM.)    ;   ;jose.al    ;14:37
019117                            ;06/02/2026;    ;285346;003;    ;0041395;QUERO MAIS                                        ;(75)99968-2860 ;010;110;PLL7H92;     152,64;    0,24;07/02/2026;71;SEM DINHEIRO/CHEQUE           ;   ;emerson.al ;16:06
019117                            ;06/02/2026;    ;285350;003;    ;0032883;D MARIAS                                          ;(75)99872-7022 ;010;110;PLL7H92;     102,84;    0,13;07/02/2026;72;PDV FECHADO (HORARIO COM.)    ;   ;emerson.al ;16:06
019117                            ;06/02/2026;    ;285351;003;    ;0037136;DELICIAS DA PRACA                                 ;(75)98802-8248 ;010;110;PLL7H92;     217,68;    0,23;07/02/2026;72;PDV FECHADO (HORARIO COM.)    ;   ;emerson.al ;16:06
019121                            ;06/02/2026;    ;285390;003;    ;0044224;BOX BAHIA                                         ;(75)99985-0006 ;010;111;PXX2E06;     383,67;    0,40;06/02/2026;23;(C)Pedidos duplicados         ;   ;jose.al    ;14:32
019141                            ;07/02/2026;    ;285418;003;    ;0054942;SUPERMERCADO PLANALT                              ;(75)92574-4447 ;030;306;NZF6F00;    4570,10;    6,93;07/02/2026;59;Qualidade do Produto.         ;   ;emerson.al ;17:56
019141                            ;07/02/2026;    ;285419;003;    ;0082328;ARTUR BAR                                         ;(71)99958-1130 ;010;101;NZF6F00;     358,98;    0,45;07/02/2026;59;Qualidade do Produto.         ;   ;emerson.al ;17:57
019141                            ;07/02/2026;    ;285420;003;    ;0082328;ARTUR BAR                                         ;(71)99958-1130 ;010;101;NZF6F00;     993,78;    1,57;07/02/2026;59;Qualidade do Produto.         ;   ;emerson.al ;17:57
019141                            ;07/02/2026;    ;285421;003;    ;0082328;ARTUR BAR                                         ;(71)99958-1130 ;010;101;NZF6F00;     318,75;    0,28;07/02/2026;59;Qualidade do Produto.         ;   ;emerson.al ;17:57
019141                            ;07/02/2026;    ;285422;003;    ;0082328;ARTUR BAR                                         ;(71)99958-1130 ;010;101;NZF6F00;     177,50;    0,21;07/02/2026;59;Qualidade do Produto.         ;   ;emerson.al ;17:57
019142                            ;07/02/2026;    ;285424;003;    ;0040503;POINT DA DIANA                                    ;(71)99953-1581 ;010;108;JSO0D21;     321,43;    0,48;07/02/2026;45;Tempo Insuficiente.           ;   ;tailan.al  ;20:  
019142                            ;07/02/2026;    ;285425;003;    ;0092711;BAR DA ANDREIA                                    ;(42)31000-0000 ;010;108;JSO0D21;     247,56;    0,44;07/02/2026;45;Tempo Insuficiente.           ;   ;tailan.al  ;20:  
019142                            ;07/02/2026;    ;285426;003;    ;0020484;NOVO POINT                                        ;(71)99621-9894 ;010;108;JSO0D21;     543,10;    0,58;07/02/2026;45;Tempo Insuficiente.           ;   ;tailan.al  ;20:  
019142                            ;07/02/2026;    ;285427;003;    ;0082396;MERCEARIA SERGIPANO                               ;(71)30000-0000 ;010;108;JSO0D21;     425,16;    0,65;07/02/2026;45;Tempo Insuficiente.           ;   ;tailan.al  ;20:01
019142                            ;07/02/2026;    ;285432;003;    ;0024837;BOTECO DA ANE                                     ;(71)99665-8353 ;010;108;JSO0D21;     508,79;    0,32;07/02/2026;45;Tempo Insuficiente.           ;   ;tailan.al  ;19:58
019142                            ;07/02/2026;    ;285433;003;    ;0054467;POINT DA NICE                                     ;(71)99663-2989 ;010;108;JSO0D21;     445,30;    0,43;07/02/2026;45;Tempo Insuficiente.           ;   ;tailan.al  ;19:59
019142                            ;07/02/2026;    ;285434;003;    ;0055070;LU DISTRIBUIDORA                                  ;(71)98480-8096 ;010;108;JSO0D21;     402,30;    0,45;07/02/2026;45;Tempo Insuficiente.           ;   ;tailan.al  ;19:59
019142                            ;07/02/2026;    ;285435;003;    ;0055070;LU DISTRIBUIDORA                                  ;(71)98480-8096 ;010;108;JSO0D21;      59,52;    0,06;07/02/2026;45;Tempo Insuficiente.           ;   ;tailan.al  ;19:59
019142                            ;07/02/2026;    ;285436;003;    ;0084445;DEP DO LUCIANO                                    ;(71)99963-0953 ;010;108;JSO0D21;     351,80;    0,28;07/02/2026;45;Tempo Insuficiente.           ;   ;tailan.al  ;19:58
019142                            ;07/02/2026;    ;285437;003;    ;0053233;COZINHA DA LENE                                   ;(71)99697-5125 ;010;109;JSO0D21;     570,77;    0,67;07/02/2026;45;Tempo Insuficiente.           ;   ;tailan.al  ;19:58
019149                            ;07/02/2026;    ;285592;003;    ;0038354;MERCADO CERQUEIRA                                 ;(75)98112-8325 ;010;106;SJQ5E98;     690,64;    1,05;07/02/2026;71;SEM DINHEIRO/CHEQUE           ;   ;tailan.al  ;20:02
019150                            ;07/02/2026;    ;285621;003;    ;0048385;BAR ZE LENGUE                                     ;(75)98124-2457 ;010;102;SKS9J44;    1183,02;    1,56;07/02/2026;45;Tempo Insuficiente.           ;   ;tailan.al  ;19:27
019150                            ;07/02/2026;    ;285622;003;    ;0083477;FORMIGUEIRO                                       ;(75)98120-8440 ;010;102;SKS9J44;     102,94;    0,13;07/02/2026;45;Tempo Insuficiente.           ;   ;tailan.al  ;19:28
019150                            ;07/02/2026;    ;285623;003;    ;0083477;FORMIGUEIRO                                       ;(75)98120-8440 ;010;102;SKS9J44;      13,74;    0,00;07/02/2026;45;Tempo Insuficiente.           ;   ;tailan.al  ;19:28
019150                            ;07/02/2026;    ;285624;003;    ;0083477;FORMIGUEIRO                                       ;(75)98120-8440 ;010;102;SKS9J44;      53,90;    0,06;07/02/2026;45;Tempo Insuficiente.           ;   ;tailan.al  ;19:28
019150                            ;07/02/2026;    ;285625;003;    ;0083477;FORMIGUEIRO                                       ;(75)98120-8440 ;010;102;SKS9J44;     323,40;    0,41;07/02/2026;45;Tempo Insuficiente.           ;   ;tailan.al  ;19:29
019150                            ;07/02/2026;    ;285626;003;    ;0024984;BAR CANTINHO DA PAZ                               ;(75)98228-1257 ;010;102;SKS9J44;     628,40;    0,77;07/02/2026;45;Tempo Insuficiente.           ;   ;tailan.al  ;19:27
019150                            ;07/02/2026;    ;285627;003;    ;0024984;BAR CANTINHO DA PAZ                               ;(75)98228-1257 ;010;102;SKS9J44;     161,70;    0,20;07/02/2026;45;Tempo Insuficiente.           ;   ;tailan.al  ;19:27
019150                            ;07/02/2026;    ;285628;003;    ;0035401;KIOSQUE DAS IRMAS                                 ;(75)98263-5074 ;010;102;SKS9J44;     440,10;    0,45;07/02/2026;45;Tempo Insuficiente.           ;   ;tailan.al  ;19:26
019150                            ;07/02/2026;    ;285629;003;    ;0035401;KIOSQUE DAS IRMAS                                 ;(75)98263-5074 ;010;102;SKS9J44;     250,37;    0,29;07/02/2026;45;Tempo Insuficiente.           ;   ;tailan.al  ;19:26
019150                            ;07/02/2026;    ;285630;003;    ;0083669;GER. ALIMENTOS                                    ;(75)98235-8099 ;010;102;SKS9J44;     670,12;    0,87;07/02/2026;45;Tempo Insuficiente.           ;   ;tailan.al  ;19:28
019151                            ;07/02/2026;    ;285639;003;    ;0019002;FJPASTELARIA                                      ;(75)98232-1902 ;010;103;TXA1F44;     109,25;    0,14;07/02/2026;72;PDV FECHADO (HORARIO COM.)    ;   ;emerson.al ;15:31
019156                            ;07/02/2026;    ;285820;003;    ;0038493;Q. SABOR                                          ;(75)98833-8774 ;010;111;SJQ0A82;     245,08;    0,38;07/02/2026;71;SEM DINHEIRO/CHEQUE           ;   ;emerson.al ;18:33
019156                            ;07/02/2026;    ;285853;003;    ;0084769;PRATO SABOROSO                                    ;(75)98325-8478 ;010;111;SJQ0A82;     183,72;    0,20;07/02/2026;71;SEM DINHEIRO/CHEQUE           ;   ;emerson.al ;18:33
019157                            ;07/02/2026;    ;285899;003;    ;0084006;MERCADINHO MAX                                    ;(75)98248-1562 ;030;305;SJQ8D11;    1419,66;    1,64;07/02/2026;33;Nao Fez Pedido                ;   ;emerson.al ;17:20
019157                            ;07/02/2026;    ;285900;003;    ;0084006;MERCADINHO MAX                                    ;(75)98248-1562 ;030;305;SJQ8D11;     251,47;    0,20;07/02/2026;33;Nao Fez Pedido                ;   ;emerson.al ;17:20
019163                            ;07/02/2026;    ;286014;003;    ;0082868;MERC.YAHWEH SHAMAH                                ;(75)99921-7957 ;010;105;PJX0435;     186,72;    0,36;07/02/2026;72;PDV FECHADO (HORARIO COM.)    ;   ;emerson.al ;14:59
019163                            ;07/02/2026;    ;286017;003;    ;0089134;BAR FRANGO ASADO                                  ;(75) 9968-2367 ;010;105;PJX0435;     301,97;    0,48;07/02/2026;71;SEM DINHEIRO/CHEQUE           ;   ;emerson.al ;14:59
019163                            ;07/02/2026;    ;286026;003;    ;0082573;POINT DO LANCHE                                   ;(75)99866-4858 ;010;110;PJX0435;     139,85;    0,10;07/02/2026;72;PDV FECHADO (HORARIO COM.)    ;   ;emerson.al ;14:58
019163                            ;07/02/2026;    ;286027;003;    ;0082573;POINT DO LANCHE                                   ;(75)99866-4858 ;010;110;PJX0435;      53,90;    0,06;07/02/2026;72;PDV FECHADO (HORARIO COM.)    ;   ;emerson.al ;14:58
019163                            ;07/02/2026;    ;286042;003;    ;0032604;CANTINHO DA FAFA                                  ;(75)98303-6978 ;010;111;PJX0435;     105,02;    0,18;07/02/2026;71;SEM DINHEIRO/CHEQUE           ;   ;emerson.al ;14:59
019163                            ;07/02/2026;    ;286046;003;    ;0018671;TO NO BABA BEER                                   ;(75)98867-6321 ;010;111;PJX0435;     107,80;    0,13;07/02/2026;71;SEM DINHEIRO/CHEQUE           ;   ;emerson.al ;14:59
019164                            ;07/02/2026;    ;286057;003;    ;0020721;CANTINHO D SOSSEGO                                ;(75)99940-1140 ;010;110;SJQ5B35;     522,89;    0,74;07/02/2026;72;PDV FECHADO (HORARIO COM.)    ;   ;tailan.al  ;23:21
019164                            ;07/02/2026;    ;286059;003;    ;0050485;ARENA OLHOS DAGUA                                 ;(75)99917-4957 ;020;205;SJQ5B35;    1564,70;    1,97;07/02/2026;45;Tempo Insuficiente.           ;   ;tailan.al  ;23:20
019164                            ;07/02/2026;    ;286060;003;    ;0050246;SUPER. REPUBLICA                                  ;(75)99933-0693 ;030;304;SJQ5B35;    1496,98;    2,11;07/02/2026;45;Tempo Insuficiente.           ;   ;tailan.al  ;23:19
019164                            ;07/02/2026;    ;286062;003;    ;0018640;MERCADINHO PINHEIRO                               ;(75)99953-7859 ;020;205;SJQ5B35;     133,92;    0,36;07/02/2026;45;Tempo Insuficiente.           ;   ;tailan.al  ;23:21
019164                            ;07/02/2026;    ;286063;003;    ;0018640;MERCADINHO PINHEIRO                               ;(75)99953-7859 ;020;205;SJQ5B35;     511,34;    0,77;07/02/2026;45;Tempo Insuficiente.           ;   ;tailan.al  ;23:20
019168                            ;07/02/2026;    ;286077;003;    ;0018339;FRANCISCO GOMES DE S                              ;(75)99929-1018 ;090;992;       ;     326,98;    0,43;09/02/2026;51;NF ERRADA                     ;   ;alyson     ;19:22
019189                            ;09/02/2026;    ;286184;003;    ;0021034;DIST. MOCAMBO                                     ;(75)98359-5801 ;010;106;SJQ7E10;     795,20;    0,97;09/02/2026;72;PDV FECHADO (HORARIO COM.)    ;   ;emerson.al ;18:42
019190                            ;09/02/2026;    ;286220;003;    ;0030288;MERCEARIA INDICHARQU                              ;(07)59892-8808 ;020;207;SJQ5E98;      41,76;    0,04;10/02/2026;65;NAO FEZ PEDIDO                ;   ;jose.al    ;15:10
019190                            ;09/02/2026;    ;286222;003;    ;0020614;MERC VILA VELHA                                   ;(75)99807-8125 ;020;207;SJQ5E98;    1092,88;    0,99;10/02/2026;63;PRODUTO / QTDE. ERRADA        ;   ;jose.al    ;15:10
019192                            ;09/02/2026;    ;286256;003;    ;0060661;BARRACA TRES IRMAS                                ;(71)99991-7106 ;020;208;TXA1F44;     175,90;    0,14;09/02/2026;02;Sem Vasilhame Ambev           ;   ;emerson.al ;17:10
019197                            ;09/02/2026;    ;286317;003;    ;0050107;MERCEARIA ALMEIDA                                 ;(75)99864-5113 ;020;204;SKB4I83;     208,80;    0,24;09/02/2026;61;PRAZO ERRADO                  ;   ;emerson.al ;16:58
019197                            ;09/02/2026;    ;286318;003;    ;0050107;MERCEARIA ALMEIDA                                 ;(75)99864-5113 ;020;204;SKB4I83;      97,16;    0,12;09/02/2026;61;PRAZO ERRADO                  ;   ;emerson.al ;16:58
019197                            ;09/02/2026;    ;286323;003;    ;0019781;BAR PAULINO                                       ;(75)99702-2494 ;020;204;SKB4I83;     154,52;    0,16;09/02/2026;61;PRAZO ERRADO                  ;   ;emerson.al ;16:56
019197                            ;09/02/2026;    ;286328;003;    ;0021032;ARIELE GOMES SANTOS                               ;(75)99867-1709 ;020;204;SKB4I83;     173,84;    0,08;09/02/2026;61;PRAZO ERRADO                  ;   ;emerson.al ;16:56
019197                            ;09/02/2026;    ;286329;003;    ;0021032;ARIELE GOMES SANTOS                               ;(75)99867-1709 ;020;204;SKB4I83;     226,86;    0,25;09/02/2026;61;PRAZO ERRADO                  ;   ;emerson.al ;16:56
019197                            ;09/02/2026;    ;286330;003;    ;0050571;QUI DISTRIBUIDORA                                 ;(75)99846-1784 ;020;204;SKB4I83;     362,21;    0,18;09/02/2026;61;PRAZO ERRADO                  ;   ;emerson.al ;16:56
019197                            ;09/02/2026;    ;286332;003;    ;0020049;HORTIFRUTI AVENIDA E                              ;(75)99820-0909 ;020;204;SKB4I83;     152,94;    0,08;09/02/2026;61;PRAZO ERRADO                  ;   ;emerson.al ;16:59
019197                            ;09/02/2026;    ;286344;003;    ;0050636;BAR DA CARINA                                     ;(75)99846-5940 ;020;209;SKB4I83;     528,33;    0,55;09/02/2026;61;PRAZO ERRADO                  ;   ;emerson.al ;16:58
019197                            ;09/02/2026;    ;286345;003;    ;0050636;BAR DA CARINA                                     ;(75)99846-5940 ;020;209;SKB4I83;      34,91;    0,02;09/02/2026;61;PRAZO ERRADO                  ;   ;emerson.al ;16:57
019197                            ;09/02/2026;    ;286353;003;    ;0019159;MERCEARIA JM                                      ;(75)99880-4020 ;020;209;SKB4I83;     376,30;    0,46;09/02/2026;61;PRAZO ERRADO                  ;   ;emerson.al ;16:57
019197                            ;09/02/2026;    ;286354;003;    ;0019159;MERCEARIA JM                                      ;(75)99880-4020 ;020;209;SKB4I83;      16,02;    0,01;09/02/2026;61;PRAZO ERRADO                  ;   ;emerson.al ;16:57
019198                            ;09/02/2026;    ;286362;003;    ;0020911;QUIOSQUE DO IRAN                                  ;(75)99990-9398 ;010;107;PJX0435;     555,40;    0,60;09/02/2026;40;Horario de Entrega            ;   ;emerson.al ;11:36
019198                            ;09/02/2026;    ;286363;003;    ;0041442;COMERCIAL ALAGOINHAS                              ;(75)99973-2311 ;010;105;PJX0435;     517,99;    0,65;09/02/2026;72;PDV FECHADO (HORARIO COM.)    ;   ;emerson.al ;11:35
019199                            ;09/02/2026;    ;286393;003;    ;0042551;MANUEL JOAQUIM                                    ;(75)99807-9402 ;010;107;PJX0435;     450,89;    0,41;09/02/2026;72;PDV FECHADO (HORARIO COM.)    ;   ;emerson.al ;16:08
019199                            ;09/02/2026;    ;286394;003;    ;0035723;PONTO ESPORTIVO                                   ;(75)98819-4707 ;010;107;PJX0435;     744,78;    0,78;09/02/2026;72;PDV FECHADO (HORARIO COM.)    ;   ;emerson.al ;16:08
019199                            ;09/02/2026;    ;286395;003;    ;0041369;mercearia santana                                 ;               ;010;107;PJX0435;     158,36;    0,32;09/02/2026;71;SEM DINHEIRO/CHEQUE           ;   ;emerson.al ;16:08
019199                            ;09/02/2026;    ;286396;003;    ;0041369;mercearia santana                                 ;               ;010;107;PJX0435;      82,56;    0,24;09/02/2026;71;SEM DINHEIRO/CHEQUE           ;   ;emerson.al ;16:08
019201                            ;09/02/2026;    ;286437;003;    ;0019675;ESPA«O DA JUCA                                    ;(75)98112-1229 ;010;107;PXX2E06;     162,50;    0,21;09/02/2026;34;Pedido Duplicado              ;   ;emerson.al ;13:46
019202                            ;09/02/2026;    ;286444;003;    ;0026028;BAR DA IVONETE                                    ;(75)98321-5743 ;010;102;PXX2E06;     141,83;    0,15;10/02/2026;23;(C)Pedidos duplicados         ;   ;jose.al    ;14:08
019204                            ;09/02/2026;    ;286462;003;    ;0052630;PIZZARIA FORMAG                                   ;(75)99874-3047 ;010;111;PLL7H92;     528,52;    0,48;09/02/2026;72;PDV FECHADO (HORARIO COM.)    ;   ;emerson.al ;13:52
019205                            ;09/02/2026;    ;286124;003;    ;0050296;MERCADINHO J ALVES                                ;(07)59922-2042 ;020;204;SJQ8D11;    1394,30;    1,93;10/02/2026;72;PDV FECHADO (HORARIO COM.)    ;   ;tailan.al  ;03:22
019205                            ;09/02/2026;    ;286125;003;    ;0050296;MERCADINHO J ALVES                                ;(07)59922-2042 ;020;204;SJQ8D11;     479,63;    0,96;10/02/2026;72;PDV FECHADO (HORARIO COM.)    ;   ;tailan.al  ;03:22
019205                            ;09/02/2026;    ;286126;003;    ;0050296;MERCADINHO J ALVES                                ;(07)59922-2042 ;020;204;SJQ8D11;     113,06;    0,25;10/02/2026;72;PDV FECHADO (HORARIO COM.)    ;   ;tailan.al  ;03:21
019205                            ;09/02/2026;    ;286136;003;    ;0021035;DEPOSITO DA PRACA                                 ;(71)99276-7710 ;020;204;SJQ8D11;     209,34;    0,43;10/02/2026;70;CLIENTE CANCELOU              ;   ;tailan.al  ;03:23
019205                            ;09/02/2026;    ;286138;003;    ;0021035;DEPOSITO DA PRACA                                 ;(71)99276-7710 ;020;204;SJQ8D11;     179,28;    0,25;10/02/2026;70;CLIENTE CANCELOU              ;   ;tailan.al  ;03:23
019205                            ;09/02/2026;    ;286148;003;    ;0018919;MERCADINHO GOMES                                  ;(75)99866-5740 ;020;209;SJQ8D11;     795,14;    1,51;10/02/2026;70;CLIENTE CANCELOU              ;   ;tailan.al  ;03:21
019205                            ;09/02/2026;    ;286149;003;    ;0018919;MERCADINHO GOMES                                  ;(75)99866-5740 ;020;209;SJQ8D11;      15,23;    0,00;10/02/2026;70;CLIENTE CANCELOU              ;   ;tailan.al  ;03:20
019205                            ;09/02/2026;    ;286161;003;    ;0050376;DISTR DE BEBIDAS SOU                              ;(75)99982-0817 ;030;304;SJQ8D11;    3495,00;    0,00;10/02/2026;70;CLIENTE CANCELOU              ;   ;jose.al    ;15:02
019206                            ;09/02/2026;    ;286269;003;    ;0035571;MONTE SINAI                                       ;(71)99723-0383 ;030;306;SJQ3B12;    3096,37;    0,00;09/02/2026;37;PDV Fechado                   ;   ;emerson.al ;16:42
019225                            ;10/02/2026;    ;286597;003;    ;0030174;BAR E BARBEARIA DO J                              ;(07)19721-8384 ;020;207;SJQ0C73;     943,68;    1,08;11/02/2026;42;Produto/Quantidade Errada     ;   ;romario.al ;02:03
019227                            ;10/02/2026;    ;286679;003;    ;0019225;MERCADO RIBEIRO                                   ;(75)99214-7347 ;030;304;SKS3C50;    2644,51;    3,87;11/02/2026;72;PDV FECHADO (HORARIO COM.)    ;   ;romario.al ;02:21
019227                            ;10/02/2026;    ;286680;003;    ;0019225;MERCADO RIBEIRO                                   ;(75)99214-7347 ;030;304;SKS3C50;      34,90;    0,04;11/02/2026;72;PDV FECHADO (HORARIO COM.)    ;   ;romario.al ;02:19
019227                            ;10/02/2026;    ;286689;003;    ;0040325;POINT DO PASTEL                                   ;(75)98807-5061 ;020;206;SKS3C50;     112,19;    0,20;11/02/2026;72;PDV FECHADO (HORARIO COM.)    ;   ;romario.al ;02:20
019228                            ;10/02/2026;    ;286706;003;    ;0060295;KIOSQ DO MURILO                                   ;(07)59987-4471 ;020;201;SKS9J44;      51,58;    0,06;11/02/2026;03;Devolucao NFe                 ;   ;romario.al ;04:14
019231                            ;10/02/2026;    ;286797;003;    ;0020869;61.259.616 LEANDRO M                              ;(43)90000-0000 ;010;108;SJQ1F85;     570,58;    1,36;10/02/2026;46;Endereco Nao Encontrado       ;   ;jose.al    ;17:35
019232                            ;10/02/2026;    ;286837;003;    ;0092387;MERCEARIA DA SIMONE                               ;(75)98162-1896 ;010;106;SJQ7E10;     936,43;    1,23;10/02/2026;72;PDV FECHADO (HORARIO COM.)    ;   ;romario.al ;20:07
019234                            ;10/02/2026;    ;286922;003;    ;0036789;NINHA E NECO                                      ;(75)98273-5597 ;010;107;SJQ8D11;    1635,00;    1,84;10/02/2026;45;Tempo Insuficiente.           ;   ;romario.al ;20:06
019237                            ;10/02/2026;    ;286999;003;    ;0030116;REST DO PAULISTA                                  ;(75)99994-1537 ;020;207;SKB4I83;      34,90;    0,04;10/02/2026;33;Nao Fez Pedido                ;   ;romario.al ;20:12
019237                            ;10/02/2026;    ;287005;003;    ;0018731;LC MERCADO                                        ;(71)99995-2430 ;020;207;SKB4I83;     329,43;    0,51;10/02/2026;38;Sem Dinheiro                  ;   ;romario.al ;20:13
019237                            ;10/02/2026;    ;287012;003;    ;0040159;Bar urani                                         ;(71)99678-1367 ;020;203;SKB4I83;     269,50;    0,34;10/02/2026;33;Nao Fez Pedido                ;   ;romario.al ;20:12
019237                            ;10/02/2026;    ;287013;003;    ;0040134;BAR ENCANTUS                                      ;(75)99959-0179 ;020;203;SKB4I83;     161,70;    0,20;10/02/2026;33;Nao Fez Pedido                ;   ;romario.al ;20:12
019238                            ;10/02/2026;    ;287036;003;    ;0020603;BAR DO EDMUNDO                                    ;(75)98142-9536 ;010;111;PJX0435;     311,56;    0,38;10/02/2026;71;SEM DINHEIRO/CHEQUE           ;   ;jose.al    ;15:47
019240                            ;10/02/2026;    ;287089;003;    ;0027190;BAR E MERC PAULISTA                               ;(45) 5885-6633 ;010;107;TCH4H00;     211,82;    0,38;10/02/2026;72;PDV FECHADO (HORARIO COM.)    ;   ;jose.al    ;10:40
019262                            ;11/02/2026;    ;287171;003;    ;0084036;MERC TEM DE TUDO                                  ;(71)99964-2362 ;030;306;NZF6F00;    3031,63;    4,54;11/02/2026;55;QUALIDADE DO PRODUTO          ;   ;emerson.al ;18:26
019265                            ;11/02/2026;    ;287231;003;    ;0060524;BOTECO DO CORRO                                   ;(75)99916-8007 ;020;201;SJQ5E98;     910,84;    0,99;12/02/2026;34;Pedido Duplicado              ;   ;tailan.al  ;02:13
019265                            ;11/02/2026;    ;287247;003;    ;0060539;MAR E SOL RESTAU                                  ;(71)99133-5093 ;020;201;SJQ5E98;     571,36;    0,57;12/02/2026;72;PDV FECHADO (HORARIO COM.)    ;   ;tailan.al  ;02:14
019270                            ;11/02/2026;    ;287371;003;    ;0020808;63.910.284 TAINA DA                               ;(71)98288-5968 ;020;209;TCH4H00;     264,38;    0,28;11/02/2026;02;Sem Vasilhame Ambev           ;   ;tailan.al  ;20:05
019270                            ;11/02/2026;    ;287391;003;    ;0021017;MERC MAIS ECONOMICO                               ;(75)99100-6260 ;010;110;TCH4H00;     175,02;    0,54;11/02/2026;45;Tempo Insuficiente.           ;   ;tailan.al  ;20:04
019280                            ;11/02/2026;    ;287789;003;    ;0019943;PALADAR DO SUL                                    ;(75)99880-9912 ;010;107;SJQ0C73;    1459,11;    1,66;11/02/2026;72;PDV FECHADO (HORARIO COM.)    ;   ;tailan.al  ;20:08
019280                            ;11/02/2026;    ;287793;003;    ;0087381;DISTRIB S.S.                                      ;(71)99682-9651 ;010;105;SJQ0C73;     699,59;    0,84;11/02/2026;72;PDV FECHADO (HORARIO COM.)    ;   ;tailan.al  ;20:07
019286                            ;11/02/2026;    ;287895;003;    ;0018537;CHEGUE MAIS BAR                                   ;(75)99933-1156 ;010;103;PJX0435;     158,67;    0,30;11/02/2026;71;SEM DINHEIRO/CHEQUE           ;   ;emerson.al ;16:46
019286                            ;11/02/2026;    ;287896;003;    ;0018537;CHEGUE MAIS BAR                                   ;(75)99933-1156 ;010;103;PJX0435;      43,46;    0,02;11/02/2026;71;SEM DINHEIRO/CHEQUE           ;   ;emerson.al ;16:46
019286                            ;11/02/2026;    ;287905;003;    ;0033658;KIOSK DO BURRO                                    ;(75)98149-7641 ;010;105;PJX0435;     351,80;    0,28;11/02/2026;65;NAO FEZ PEDIDO                ;   ;emerson.al ;17:06
019286                            ;11/02/2026;    ;287911;003;    ;0084128;MERCADINHO SANTO ANT                              ;(80) 9774-4262 ;010;105;PJX0435;     244,37;    0,72;11/02/2026;71;SEM DINHEIRO/CHEQUE           ;   ;emerson.al ;16:41
019286                            ;11/02/2026;    ;287930;003;    ;0047700;ACARAJE DA BEL                                    ;(75)99990-2549 ;010;110;PJX0435;     269,50;    0,34;11/02/2026;71;SEM DINHEIRO/CHEQUE           ;   ;emerson.al ;16:40
019286                            ;11/02/2026;    ;287931;003;    ;0047700;ACARAJE DA BEL                                    ;(75)99990-2549 ;010;110;PJX0435;      65,52;    0,08;11/02/2026;71;SEM DINHEIRO/CHEQUE           ;   ;emerson.al ;16:40
019287                            ;11/02/2026;    ;287942;003;    ;0018990;JW MERCADINHO                                     ;(75)98140-5696 ;010;105;PXX2E06;     162,50;    0,21;11/02/2026;71;SEM DINHEIRO/CHEQUE           ;   ;emerson.al ;16:36
019288                            ;11/02/2026;    ;287950;003;    ;0084644;TRAILER DA GAL                                    ;(75)99827-2655 ;010;107;PXX2E06;     668,01;    0,61;11/02/2026;50;CARGA ERRADA ARMAZEM          ;   ;tailan.al  ;20:09
019289                            ;11/02/2026;    ;287966;003;    ;0046544;BOTECO NO QUINT                                   ;(75)99986-1888 ;010;107;PXX2E06;     168,37;    0,21;12/02/2026;83;PROPRIETARIO AUSENTE          ;   ;jose.al    ;11:  
019311                            ;12/02/2026;    ;288140;003;    ;0020764;FLUXO TRAILER                                     ;(75)99908-8745 ;020;206;TXA1F44;     291,55;    0,27;12/02/2026;72;PDV FECHADO (HORARIO COM.)    ;   ;jose.al    ;16:31
019317                            ;12/02/2026;    ;288288;003;    ;0040471;DEPOSITO SOUZA                                    ;(71)98786-8568 ;020;201;SKS7B90;     804,20;    0,70;13/02/2026;71;SEM DINHEIRO/CHEQUE           ;   ;emerson.al ;16:18
019317                            ;12/02/2026;    ;288313;003;    ;0040198;DEPOSITO 10 FLORESTA                              ;(75)98814-5269 ;010;111;SKS7B90;     727,12;    0,69;13/02/2026;72;PDV FECHADO (HORARIO COM.)    ;   ;emerson.al ;16:16
019317                            ;12/02/2026;    ;288314;003;    ;0040198;DEPOSITO 10 FLORESTA                              ;(75)98814-5269 ;010;111;SKS7B90;     195,85;    0,21;13/02/2026;72;PDV FECHADO (HORARIO COM.)    ;   ;emerson.al ;16:17
019317                            ;12/02/2026;    ;288315;003;    ;0040198;DEPOSITO 10 FLORESTA                              ;(75)98814-5269 ;010;111;SKS7B90;     465,35;    0,55;13/02/2026;72;PDV FECHADO (HORARIO COM.)    ;   ;emerson.al ;16:22
019319                            ;12/02/2026;    ;288373;003;    ;0037444;DELICIAS DA MONICA                                ;(75)98840-0953 ;010;103;SJQ5E98;     282,00;    0,53;12/02/2026;61;PRAZO ERRADO                  ;   ;jose.al    ;17:22
019324                            ;12/02/2026;    ;288561;003;    ;0037314;OBA OBA DRINCKS                                   ;               ;010;102;SKB4I83;     100,63;    0,12;12/02/2026;72;PDV FECHADO (HORARIO COM.)    ;   ;jose.al    ;15:53
019326                            ;12/02/2026;    ;288607;003;    ;0019962;BAR DO AURINO                                     ;(71)98305-2409 ;020;201;TCH4H00;     117,30;    0,12;12/02/2026;72;PDV FECHADO (HORARIO COM.)    ;   ;jose.al    ;12:22
019350                            ;13/02/2026;    ;288701;003;    ;0034248;DEPOSITO GELA GUELA                               ;(75)99958-7880 ;030;305;NZF6F00;    1886,50;    2,41;13/02/2026;71;SEM DINHEIRO/CHEQUE           ;   ;emerson.al ;17:08
019350                            ;13/02/2026;    ;288702;003;    ;0034248;DEPOSITO GELA GUELA                               ;(75)99958-7880 ;030;305;NZF6F00;    2969,80;    2,91;13/02/2026;71;SEM DINHEIRO/CHEQUE           ;   ;emerson.al ;17:07
019350                            ;13/02/2026;    ;288703;003;    ;0034248;DEPOSITO GELA GUELA                               ;(75)99958-7880 ;030;305;NZF6F00;    1055,00;    0,98;13/02/2026;71;SEM DINHEIRO/CHEQUE           ;   ;emerson.al ;17:07
019350                            ;13/02/2026;    ;288704;003;    ;0034248;DEPOSITO GELA GUELA                               ;(75)99958-7880 ;030;305;NZF6F00;     619,04;    0,23;13/02/2026;71;SEM DINHEIRO/CHEQUE           ;   ;emerson.al ;17:07
019358                            ;13/02/2026;    ;288934;003;    ;0060436;ARMAZEM DA VILA                                   ;(71)99947-1106 ;020;208;SJQ5E98;     377,45;    0,41;18/02/2026;86;HORARIO DE ENTREGA            ;   ;tailan.al  ;03:26
019358                            ;13/02/2026;    ;288937;003;    ;0060360;BENTO RESTAURANTE                                 ;(71)99639-4031 ;020;208;SJQ5E98;     171,53;    0,29;18/02/2026;86;HORARIO DE ENTREGA            ;   ;tailan.al  ;03:27
019358                            ;13/02/2026;    ;288949;003;    ;0060609;MERCEARIA POPULAR                                 ;(07)19931-1034 ;020;208;SJQ5E98;     212,76;    0,52;18/02/2026;71;SEM DINHEIRO/CHEQUE           ;   ;tailan.al  ;03:24
019358                            ;13/02/2026;    ;288950;003;    ;0019854;JHON MOTOS                                        ;(71)99646-5335 ;020;201;SJQ5E98;     262,59;    0,28;18/02/2026;72;PDV FECHADO (HORARIO COM.)    ;   ;tailan.al  ;03:24
019359                            ;13/02/2026;    ;288987;003;    ;0030087;MERCADO UNIAO                                     ;(75)99970-4204 ;020;207;SJQ0C73;    1586,57;    3,46;18/02/2026;85;DIFICIL ACESSO                ;   ;tailan.al  ;02:02
019363                            ;13/02/2026;    ;289146;003;    ;0018750;FENIX BAR                                         ;(75)99977-0852 ;020;206;TCH4H00;     452,08;    0,61;13/02/2026;47;Dificil Acesso                ;   ;emerson.al ;17:01
019364                            ;13/02/2026;    ;289148;003;    ;0030215;CACHOEIRINHA                                      ;(75)99971-1018 ;020;207;SKS5C26;    1371,00;    1,44;13/02/2026;41;Sem Vasilhame.                ;   ;tailan.al  ;20:18
019364                            ;13/02/2026;    ;289150;003;    ;0030215;CACHOEIRINHA                                      ;(75)99971-1018 ;020;207;SKS5C26;     295,40;    0,28;13/02/2026;41;Sem Vasilhame.                ;   ;tailan.al  ;20:17
019364                            ;13/02/2026;    ;289151;003;    ;0030215;CACHOEIRINHA                                      ;(75)99971-1018 ;020;207;SKS5C26;    1181,60;    1,15;13/02/2026;41;Sem Vasilhame.                ;DER;tailan.al  ;20:17
019368                            ;13/02/2026;    ;289262;003;    ;0021072;LAYON DOS SANTOS S                                ;(75)99938-5461 ;020;204;SJQ7E10;    1192,94;    1,24;14/02/2026;72;PDV FECHADO (HORARIO COM.)    ;   ;jose.al    ;18:12
019368                            ;13/02/2026;    ;289264;003;    ;0082484;SUPER IDEAL                                       ;(75)99971-2839 ;030;306;SJQ7E10;    2085,47;    2,37;14/02/2026;72;PDV FECHADO (HORARIO COM.)    ;   ;jose.al    ;18:12
019368                            ;13/02/2026;    ;289266;003;    ;0023867;RECANTO DA VAL                                    ;(75)99940-0099 ;010;110;SJQ7E10;     111,58;    0,13;14/02/2026;70;CLIENTE CANCELOU              ;   ;jose.al    ;18:13
019368                            ;13/02/2026;    ;289267;003;    ;0023867;RECANTO DA VAL                                    ;(75)99940-0099 ;010;110;SJQ7E10;     739,18;    0,98;14/02/2026;72;PDV FECHADO (HORARIO COM.)    ;   ;jose.al    ;18:11
019370                            ;13/02/2026;    ;289352;003;    ;0044427;THAISE SANTANA DOS S                              ;               ;010;102;SKB4I83;     269,50;    0,34;13/02/2026;71;SEM DINHEIRO/CHEQUE           ;   ;emerson.al ;17:46
019371                            ;13/02/2026;    ;289362;003;    ;0040261;BAR 2 IRMAOS                                      ;(71)99657-1487 ;020;206;PJX0435;     173,24;    0,34;13/02/2026;51;NF ERRADA                     ;   ;emerson.al ;15:01
019373                            ;13/02/2026;    ;289409;003;    ;0030336;KIOSK ESCALA MARES                                ;(75)99916-4950 ;020;207;TXA1F44;    1507,80;    1,72;13/02/2026;71;SEM DINHEIRO/CHEQUE           ;   ;emerson.al ;13:38
019373                            ;13/02/2026;    ;289410;003;    ;0030336;KIOSK ESCALA MARES                                ;(75)99916-4950 ;020;207;TXA1F44;      67,65;    0,30;13/02/2026;71;SEM DINHEIRO/CHEQUE           ;   ;emerson.al ;13:38
019376                            ;13/02/2026;    ;289444;003;    ;0020107;ESPETINHO DO CUNHA                                ;(75)99289-9180 ;010;110;PXX2E06;     346,70;    0,35;13/02/2026;72;PDV FECHADO (HORARIO COM.)    ;   ;emerson.al ;18:14
019376                            ;13/02/2026;    ;289445;003;    ;0019029;DIVINA MASSA                                      ;(74)99147-6010 ;010;110;PXX2E06;     228,22;    0,44;13/02/2026;72;PDV FECHADO (HORARIO COM.)    ;   ;emerson.al ;18:14
019377                            ;13/02/2026;    ;289454;003;    ;0054555;DEP DE BEBIDAS MB                                 ;(75)99208-9102 ;010;103;SJQ1F85;     468,11;    1,45;13/02/2026;87;TEMPO INSUFICIENTE            ;   ;tailan.al  ;20:21
019386                            ;13/02/2026;    ;289462;003;    ;0019783;BAHIA                                             ;(75)98241-5168 ;010;111;MSG0C01;     177,50;    0,21;18/02/2026;08;Mapa nao carregado / nao canc.;   ;jose.al    ;15:10
019387                            ;13/02/2026;    ;289463;003;    ;0019783;BAHIA                                             ;(75)98241-5168 ;010;111;MSG0C01;     166,30;    0,16;18/02/2026;08;Mapa nao carregado / nao canc.;   ;jose.al    ;15:10
019404                            ;14/02/2026;    ;289581;003;    ;0039617;MERCEARIA DU BAR                                  ;(75)99156-3578 ;010;102;SKS7B90;     539,00;    0,69;14/02/2026;87;TEMPO INSUFICIENTE            ;   ;romario.al ;19:49
019404                            ;14/02/2026;    ;289582;003;    ;0039617;MERCEARIA DU BAR                                  ;(75)99156-3578 ;010;102;SKS7B90;     154,74;    0,20;14/02/2026;87;TEMPO INSUFICIENTE            ;   ;romario.al ;19:49
019404                            ;14/02/2026;    ;289583;003;    ;0039617;MERCEARIA DU BAR                                  ;(75)99156-3578 ;010;102;SKS7B90;     154,74;    0,20;14/02/2026;87;TEMPO INSUFICIENTE            ;   ;romario.al ;19:50
019404                            ;14/02/2026;    ;289584;003;    ;0053230;MERCADINHO SOUZA                                  ;               ;010;102;SKS7B90;     189,50;    0,21;14/02/2026;87;TEMPO INSUFICIENTE            ;   ;romario.al ;19:48
019404                            ;14/02/2026;    ;289585;003;    ;0053230;MERCADINHO SOUZA                                  ;               ;010;102;SKS7B90;     556,06;    0,96;14/02/2026;87;TEMPO INSUFICIENTE            ;   ;romario.al ;19:48
019404                            ;14/02/2026;    ;289586;003;    ;0049601;A VILA MERCEARIA ELA                              ;(71)98377-4949 ;010;102;SKS7B90;     283,40;    0,33;14/02/2026;87;TEMPO INSUFICIENTE            ;   ;romario.al ;19:47
019404                            ;14/02/2026;    ;289587;003;    ;0049601;A VILA MERCEARIA ELA                              ;(71)98377-4949 ;010;102;SKS7B90;     103,50;    0,34;14/02/2026;87;TEMPO INSUFICIENTE            ;   ;romario.al ;19:47
019404                            ;14/02/2026;    ;289588;003;    ;0049601;A VILA MERCEARIA ELA                              ;(71)98377-4949 ;010;102;SKS7B90;      13,53;    0,06;14/02/2026;87;TEMPO INSUFICIENTE            ;   ;romario.al ;19:47
019404                            ;14/02/2026;    ;289589;003;    ;0091493;CLAUDIO BORGES                                    ;(75)98288-8624 ;010;102;SKS7B90;     111,56;    0,12;14/02/2026;87;TEMPO INSUFICIENTE            ;   ;romario.al ;19:46
019404                            ;14/02/2026;    ;289590;003;    ;0091493;CLAUDIO BORGES                                    ;(75)98288-8624 ;010;102;SKS7B90;     425,90;    0,51;14/02/2026;87;TEMPO INSUFICIENTE            ;   ;romario.al ;19:46
019404                            ;14/02/2026;    ;289594;003;    ;0018807;ACAI DO GENI                                      ;(75)98296-4811 ;010;102;SKS7B90;    1218,72;    1,69;14/02/2026;87;TEMPO INSUFICIENTE            ;   ;romario.al ;19:45
019405                            ;14/02/2026;    ;289609;003;    ;0045329;COCA DRINKS                                       ;(75)98182-3296 ;010;102;TXA1F44;     237,09;    0,30;14/02/2026;72;PDV FECHADO (HORARIO COM.)    ;   ;jose.al    ;15:48
019407                            ;14/02/2026;    ;289648;003;    ;0055292;MERCADINHO EXPRESS                                ;               ;010;102;SKS9J44;     113,70;    0,12;14/02/2026;71;SEM DINHEIRO/CHEQUE           ;   ;romario.al ;19:43
019407                            ;14/02/2026;    ;289649;003;    ;0055292;MERCADINHO EXPRESS                                ;               ;010;102;SKS9J44;     759,40;    0,90;14/02/2026;71;SEM DINHEIRO/CHEQUE           ;   ;romario.al ;19:43
019407                            ;14/02/2026;    ;289650;003;    ;0055292;MERCADINHO EXPRESS                                ;               ;010;102;SKS9J44;      27,06;    0,12;14/02/2026;71;SEM DINHEIRO/CHEQUE           ;   ;romario.al ;19:43
019408                            ;14/02/2026;    ;289674;003;    ;0055245;PADARIA DANIEL                                    ;(75)98128-6007 ;010;106;SKS5C26;     802,13;    1,42;14/02/2026;86;HORARIO DE ENTREGA            ;   ;jose.al    ;17:36
019410                            ;14/02/2026;    ;289701;003;    ;0034373;JS PRODUTOS LIMPEZA                               ;(71)99980-8206 ;010;101;TCH4H00;     132,15;    0,14;14/02/2026;71;SEM DINHEIRO/CHEQUE           ;   ;jose.al    ;17:33
019410                            ;14/02/2026;    ;289706;003;    ;0083551;BAR E MERCEARIA TRIN                              ;(71) 9904-6244 ;010;101;TCH4H00;     310,06;    0,39;14/02/2026;71;SEM DINHEIRO/CHEQUE           ;   ;jose.al    ;17:33
019410                            ;14/02/2026;    ;289707;003;    ;0083551;BAR E MERCEARIA TRIN                              ;(71) 9904-6244 ;010;101;TCH4H00;      49,97;    0,12;14/02/2026;71;SEM DINHEIRO/CHEQUE           ;   ;jose.al    ;17:33
019412                            ;14/02/2026;    ;289732;003;    ;0018545;DEP ROSENILTON                                    ;(75)99829-2389 ;010;105;SJQ7E10;    1334,81;    1,71;14/02/2026;87;TEMPO INSUFICIENTE            ;   ;romario.al ;20:18
019412                            ;14/02/2026;    ;289739;003;    ;0018771;MERCADINHO PONTO DO                               ;(75)99826-5400 ;010;105;SJQ7E10;     938,63;    1,17;14/02/2026;87;TEMPO INSUFICIENTE            ;   ;romario.al ;20:17
019413                            ;14/02/2026;    ;289757;003;    ;0020149;COMPRE BEM ARAMARI                                ;(75)99862-5151 ;030;305;SJQ1F85;    6799,20;    8,31;14/02/2026;86;HORARIO DE ENTREGA            ;   ;jose.al    ;18:  
019413                            ;14/02/2026;    ;289763;003;    ;0048969;BAR TUTERO                                        ;(75)98363-1558 ;010;102;SJQ1F85;     408,60;    0,59;14/02/2026;63;PRODUTO / QTDE. ERRADA        ;   ;jose.al    ;18:  
019414                            ;14/02/2026;    ;289770;003;    ;0021035;DEPOSITO DA PRACA                                 ;(71)99276-7710 ;020;204;SKB4I83;     270,41;    0,28;14/02/2026;71;SEM DINHEIRO/CHEQUE           ;   ;jose.al    ;15:58
019414                            ;14/02/2026;    ;289782;003;    ;0040201;TEXAS BURGUER                                     ;(75)99967-1664 ;020;203;SKB4I83;     381,77;    0,29;14/02/2026;72;PDV FECHADO (HORARIO COM.)    ;   ;jose.al    ;15:58
019415                            ;14/02/2026;    ;289797;003;    ;0089134;BAR FRANGO ASADO                                  ;(75) 9968-2367 ;010;105;PJX0435;     261,02;    0,36;14/02/2026;42;Produto/Quantidade Errada     ;   ;jose.al    ;13:48
019415                            ;14/02/2026;    ;289802;003;    ;0084034;ACARAJE DA IZANE                                  ;(75)98208-7109 ;010;105;PJX0435;     295,40;    0,28;14/02/2026;42;Produto/Quantidade Errada     ;   ;jose.al    ;13:48
019415                            ;14/02/2026;    ;289803;003;    ;0084034;ACARAJE DA IZANE                                  ;(75)98208-7109 ;010;105;PJX0435;     154,30;    0,14;14/02/2026;42;Produto/Quantidade Errada     ;   ;jose.al    ;13:48
019415                            ;14/02/2026;    ;289809;003;    ;0026177;BAR DO BEZINHO                                    ;(71)99975-5143 ;010;105;PJX0435;     345,37;    0,40;14/02/2026;72;PDV FECHADO (HORARIO COM.)    ;   ;jose.al    ;13:47
019416                            ;14/02/2026;    ;289834;003;    ;0019322;MERCADINHO DO RUBIRO                              ;(75)98316-2240 ;010;102;TXA1F44;      53,90;    0,06;14/02/2026;41;Sem Vasilhame.                ;   ;jose.al    ;12:05
019416                            ;14/02/2026;    ;289835;003;    ;0019322;MERCADINHO DO RUBIRO                              ;(75)98316-2240 ;010;102;TXA1F44;     218,38;    0,27;14/02/2026;41;Sem Vasilhame.                ;   ;jose.al    ;12:05
019418                            ;14/02/2026;    ;289858;003;    ;0044943;BAR MIKES                                         ;               ;010;110;PXX2E06;     172,68;    0,39;14/02/2026;72;PDV FECHADO (HORARIO COM.)    ;   ;jose.al    ;11:35
019419                            ;14/02/2026;    ;289878;003;    ;0084563;SUPERMERCADO ALDA                                 ;(75)99951-2567 ;030;305;PXX2E06;     175,85;    0,40;14/02/2026;72;PDV FECHADO (HORARIO COM.)    ;   ;jose.al    ;17:59
019419                            ;14/02/2026;    ;289879;003;    ;0084563;SUPERMERCADO ALDA                                 ;(75)99951-2567 ;030;305;PXX2E06;      11,79;    0,01;14/02/2026;72;PDV FECHADO (HORARIO COM.)    ;   ;jose.al    ;17:59
019419                            ;14/02/2026;    ;289888;003;    ;0020654;O REI DO CUPIM                                    ;(75)99919-9738 ;010;107;PXX2E06;     445,70;    0,43;14/02/2026;72;PDV FECHADO (HORARIO COM.)    ;   ;jose.al    ;17:59
019422                            ;14/02/2026;    ;289914;003;    ;0084706;BAR DA VANI                                       ;(99) 9666-6666 ;010;110;PLL7H92;     477,10;    0,50;14/02/2026;72;PDV FECHADO (HORARIO COM.)    ;   ;jose.al    ;18:48
019422                            ;14/02/2026;    ;289921;003;    ;0019389;KA TE ESPERA                                      ;(75)98804-3622 ;010;102;PLL7H92;     107,80;    0,13;14/02/2026;72;PDV FECHADO (HORARIO COM.)    ;   ;jose.al    ;18:48
019422                            ;14/02/2026;    ;289922;003;    ;0019389;KA TE ESPERA                                      ;(75)98804-3622 ;010;102;PLL7H92;      43,10;    0,04;14/02/2026;72;PDV FECHADO (HORARIO COM.)    ;   ;jose.al    ;18:48
019422                            ;14/02/2026;    ;289927;003;    ;0019441;BAR MARINALVA                                     ;(75)98143-9283 ;010;105;PLL7H92;     117,30;    0,12;14/02/2026;72;PDV FECHADO (HORARIO COM.)    ;   ;jose.al    ;18:48
019443                            ;17/02/2026;    ;289944;003;    ;0099999;REVALLE ALAGOINHAS                                ;(81)99985-5888 ;090;998;       ;     110,00;    0,00;18/02/2026;51;NF ERRADA                     ;   ;alyson     ;10:13
019454                            ;18/02/2026;    ;289972;003;    ;0018814;DIST CRAVO E CANELA                               ;(75)99707-8817 ;020;209;SJQ8D11;     640,79;    0,91;18/02/2026;71;SEM DINHEIRO/CHEQUE           ;   ;romario.al ;21:07
019454                            ;18/02/2026;    ;290005;003;    ;0050002;MERCEARIA DO NIVALDO                              ;(75) 3427-2600 ;020;209;SJQ8D11;     686,64;    1,09;18/02/2026;71;SEM DINHEIRO/CHEQUE           ;   ;romario.al ;21:07
019459                            ;18/02/2026;    ;290081;003;    ;0019140;GILMARIO SANTANA DA                               ;(75)99881-4890 ;020;202;SKS7B90;     289,53;    0,43;19/02/2026;42;Produto/Quantidade Errada     ;   ;romario.al ;02:08
019459                            ;18/02/2026;    ;290087;003;    ;0019986;MERC DO MUNDINHO                                  ;(75)99854-9201 ;020;207;SKS7B90;     247,18;    0,48;19/02/2026;71;SEM DINHEIRO/CHEQUE           ;   ;romario.al ;02:09
019459                            ;18/02/2026;    ;290090;003;    ;0020160;MERC SUPER POIINT                                 ;(75)99821-0257 ;020;207;SKS7B90;     216,60;    0,55;19/02/2026;71;SEM DINHEIRO/CHEQUE           ;   ;romario.al ;02:09
019461                            ;18/02/2026;    ;290122;003;    ;0020541;SANDUBOM                                          ;(75)99866-8550 ;020;201;SKS9J44;      96,66;    0,18;19/02/2026;72;PDV FECHADO (HORARIO COM.)    ;   ;romario.al ;03:06
019461                            ;18/02/2026;    ;290123;003;    ;0020541;SANDUBOM                                          ;(75)99866-8550 ;020;201;SKS9J44;      40,56;    0,04;19/02/2026;72;PDV FECHADO (HORARIO COM.)    ;   ;romario.al ;03:05
019461                            ;18/02/2026;    ;290134;003;    ;0020870;SALGADOS MQ PEDE AI                               ;(71)99691-3614 ;020;208;SKS9J44;      98,54;    0,18;19/02/2026;39;Cliente Cancelou.             ;   ;romario.al ;03:11
019461                            ;18/02/2026;    ;290135;003;    ;0020870;SALGADOS MQ PEDE AI                               ;(71)99691-3614 ;020;208;SKS9J44;      70,85;    0,14;19/02/2026;39;Cliente Cancelou.             ;   ;romario.al ;03:11
019464                            ;18/02/2026;    ;290236;003;    ;0046043;BAR DO SUSSEGO                                    ;(75)99218-2252 ;020;204;SJQ5B35;      69,12;    0,16;19/02/2026;71;SEM DINHEIRO/CHEQUE           ;   ;emerson.al ;13:51
019464                            ;18/02/2026;    ;290237;003;    ;0046043;BAR DO SUSSEGO                                    ;(75)99218-2252 ;020;204;SJQ5B35;      65,58;    0,08;19/02/2026;71;SEM DINHEIRO/CHEQUE           ;   ;emerson.al ;13:51
019464                            ;18/02/2026;    ;290279;003;    ;0019839;ESPACO ANDRADE GEAN                               ;(75)99881-4792 ;020;204;SJQ5B35;    3882,31;    4,10;19/02/2026;71;SEM DINHEIRO/CHEQUE           ;   ;emerson.al ;13:51
019465                            ;18/02/2026;    ;290294;003;    ;0082554;BAR DO REINALDO                                   ;(75)99972-9987 ;010;111;SJQ0A82;     763,56;    0,96;18/02/2026;87;TEMPO INSUFICIENTE            ;   ;jose.al    ;18:24
019465                            ;18/02/2026;    ;290295;003;    ;0082554;BAR DO REINALDO                                   ;(75)99972-9987 ;010;111;SJQ0A82;     126,04;    0,13;18/02/2026;87;TEMPO INSUFICIENTE            ;   ;jose.al    ;18:24
019465                            ;18/02/2026;    ;290313;003;    ;0030792;MIRELA VARIEDADES                                 ;(75)99876-0434 ;010;105;SJQ0A82;     747,30;    1,64;18/02/2026;87;TEMPO INSUFICIENTE            ;   ;jose.al    ;18:25
019465                            ;18/02/2026;    ;290314;003;    ;0030792;MIRELA VARIEDADES                                 ;(75)99876-0434 ;010;105;SJQ0A82;       9,51;    0,00;18/02/2026;87;TEMPO INSUFICIENTE            ;   ;jose.al    ;18:24
019466                            ;18/02/2026;    ;290323;003;    ;0026606;BAR E REST DO P                                   ;(75)98110-1784 ;010;103;SKS5C26;    1283,68;    1,44;18/02/2026;71;SEM DINHEIRO/CHEQUE           ;   ;jose.al    ;16:59
019468                            ;18/02/2026;    ;290398;003;    ;0049670;MERCADINHO LR                                     ;               ;010;108;SJQ0C73;     810,16;    1,67;18/02/2026;72;PDV FECHADO (HORARIO COM.)    ;   ;jose.al    ;18:57
019470                            ;18/02/2026;    ;290448;003;    ;0029790;MERCEARIA DO ROQUE                                ;(75)98112-0547 ;010;106;SJQ4A23;     548,53;    0,77;18/02/2026;72;PDV FECHADO (HORARIO COM.)    ;   ;jose.al    ;18:42
019471                            ;18/02/2026;    ;290506;003;    ;0040451;BAR DO VAQUEIRO CAPA                              ;(75)99840-6479 ;020;206;SKB4I83;     221,48;    0,27;18/02/2026;71;SEM DINHEIRO/CHEQUE           ;   ;jose.al    ;17:16
019472                            ;18/02/2026;    ;290530;003;    ;0019781;BAR PAULINO                                       ;(75)99702-2494 ;020;204;TCH4H00;     128,76;    0,28;18/02/2026;71;SEM DINHEIRO/CHEQUE           ;   ;jose.al    ;11:06
019474                            ;18/02/2026;    ;290569;003;    ;0035590;BUTECO DA RAFA                                    ;(75)99116-4119 ;010;111;PJX0435;     286,70;    0,48;18/02/2026;72;PDV FECHADO (HORARIO COM.)    ;   ;jose.al    ;15:46
019474                            ;18/02/2026;    ;290572;003;    ;0020246;J¡ T‘ INDO                                        ;(75)98355-4283 ;010;111;PJX0435;     431,20;    0,55;18/02/2026;72;PDV FECHADO (HORARIO COM.)    ;   ;jose.al    ;15:46
019474                            ;18/02/2026;    ;290576;003;    ;0082290;MERCEARIA AVENIDA                                 ;(75) 9971-4029 ;010;111;PJX0435;     108,17;    0,13;18/02/2026;72;PDV FECHADO (HORARIO COM.)    ;   ;jose.al    ;15:46
019475                            ;18/02/2026;    ;290598;003;    ;0018990;JW MERCADINHO                                     ;(75)98140-5696 ;010;105;PLL7H92;     174,50;    0,21;18/02/2026;71;SEM DINHEIRO/CHEQUE           ;   ;jose.al    ;11:51
019475                            ;18/02/2026;    ;290599;003;    ;0082506;VEIO DO PANDEIRO                                  ;(75)99911-4694 ;010;105;PLL7H92;     108,91;    0,13;18/02/2026;64;SEM VASILHAME                 ;   ;jose.al    ;11:51
019475                            ;18/02/2026;    ;290606;003;    ;0089655;MERC SANTA BARBARA                                ;(75)99937-2153 ;010;105;PLL7H92;     215,60;    0,27;18/02/2026;72;PDV FECHADO (HORARIO COM.)    ;   ;jose.al    ;11:51
019476                            ;18/02/2026;    ;290627;003;    ;0084706;BAR DA VANI                                       ;(99) 9666-6666 ;010;110;PLL7H92;     284,24;    0,35;18/02/2026;64;SEM VASILHAME                 ;   ;jose.al    ;15:52
019488                            ;19/02/2026;    ;290715;003;    ;0030198;RESTAURANTE PIONEIRO                              ;(75)99841-9786 ;020;202;SKS7B90;     206,24;    0,33;20/02/2026;71;SEM DINHEIRO/CHEQUE           ;   ;tailan.al  ;03:29
019488                            ;19/02/2026;    ;290716;003;    ;0030198;RESTAURANTE PIONEIRO                              ;(75)99841-9786 ;020;202;SKS7B90;      33,00;    0,04;20/02/2026;71;SEM DINHEIRO/CHEQUE           ;   ;tailan.al  ;03:29
019489                            ;19/02/2026;    ;290752;003;    ;0018959;DIVINO PRECO SUPERME                              ;(75)98201-4270 ;030;304;SJQ8D11;    2446,06;    2,98;19/02/2026;71;SEM DINHEIRO/CHEQUE           ;   ;tailan.al  ;21:16
019492                            ;19/02/2026;    ;290870;003;    ;0060647;QUITE BAR                                         ;(07)19344-2405 ;020;208;SJQ5E98;     110,32;    0,22;21/02/2026;72;PDV FECHADO (HORARIO COM.)    ;   ;romario.al ;03:04
019492                            ;19/02/2026;    ;290889;003;    ;0018654;CESTA DO POVO - ITAN                              ;(75)98273-2174 ;030;305;SJQ5E98;    1273,47;    1,74;21/02/2026;72;PDV FECHADO (HORARIO COM.)    ;   ;romario.al ;03:05
019493                            ;19/02/2026;    ;290903;003;    ;0034905;DISTRIBUIDORA FENIX                               ;(75)98370-7871 ;030;306;SKS5C26;    1656,37;    2,05;19/02/2026;34;Pedido Duplicado              ;   ;tailan.al  ;20:08
019493                            ;19/02/2026;    ;290904;003;    ;0034905;DISTRIBUIDORA FENIX                               ;(75)98370-7871 ;030;306;SKS5C26;     144,90;    0,54;19/02/2026;34;Pedido Duplicado              ;   ;tailan.al  ;20:08
019493                            ;19/02/2026;    ;290913;003;    ;0051195;PONTAL BEIRA RIO                                  ;(71)99646-0309 ;010;111;SKS5C26;     321,38;    0,51;19/02/2026;71;SEM DINHEIRO/CHEQUE           ;   ;tailan.al  ;20:08
019493                            ;19/02/2026;    ;290935;003;    ;0083582;BAR DO GILO                                       ;(75)98116-4200 ;010;105;SKS5C26;     205,78;    0,30;19/02/2026;72;PDV FECHADO (HORARIO COM.)    ;   ;tailan.al  ;20:07
019493                            ;19/02/2026;    ;290936;003;    ;0083582;BAR DO GILO                                       ;(75)98116-4200 ;010;105;SKS5C26;     159,90;    0,14;19/02/2026;72;PDV FECHADO (HORARIO COM.)    ;   ;tailan.al  ;20:07
019494                            ;19/02/2026;    ;290940;003;    ;0038006;KYOSKY DO BYTA                                    ;(75)98132-0780 ;010;102;SKS9J44;     323,40;    0,41;19/02/2026;02;Sem Vasilhame Ambev           ;   ;emerson.al ;18:14
019495                            ;19/02/2026;    ;290992;003;    ;0019506;LOS HERMANOS                                      ;(75)98351-4419 ;010;106;SKS2H93;     156,67;    0,30;19/02/2026;82;ENDERECO NAO ENCONTRADO       ;   ;tailan.al  ;20:09
019496                            ;19/02/2026;    ;291046;003;    ;0047240;BAR TOKA DO GATO                                  ;(71)99917-8473 ;010;101;SJQ1F85;     266,59;    0,47;19/02/2026;71;SEM DINHEIRO/CHEQUE           ;   ;emerson.al ;16:23
019498                            ;19/02/2026;    ;291129;003;    ;0019122;BARRACA DA DAI                                    ;(71)99618-7198 ;010;109;PLL7H92;     181,38;    0,20;19/02/2026;42;Produto/Quantidade Errada     ;   ;tailan.al  ;20:30
019498                            ;19/02/2026;    ;291132;003;    ;0020821;SKINA DO SABOR                                    ;(71)99739-9107 ;010;109;PLL7H92;     121,54;    0,20;19/02/2026;72;PDV FECHADO (HORARIO COM.)    ;   ;tailan.al  ;20:30
019499                            ;19/02/2026;    ;291140;003;    ;0083717;DEPOSITO DA TORRE                                 ;(75)99989-6399 ;010;102;SJQ0A82;     198,89;    0,21;19/02/2026;42;Produto/Quantidade Errada     ;   ;emerson.al ;16:37
019499                            ;19/02/2026;    ;291141;003;    ;0083717;DEPOSITO DA TORRE                                 ;(75)99989-6399 ;010;102;SJQ0A82;     156,18;    0,07;19/02/2026;42;Produto/Quantidade Errada     ;   ;emerson.al ;16:38
019499                            ;19/02/2026;    ;291142;003;    ;0083717;DEPOSITO DA TORRE                                 ;(75)99989-6399 ;010;102;SJQ0A82;     263,83;    0,28;19/02/2026;42;Produto/Quantidade Errada     ;   ;emerson.al ;16:38
019499                            ;19/02/2026;    ;291143;003;    ;0083717;DEPOSITO DA TORRE                                 ;(75)99989-6399 ;010;102;SJQ0A82;     134,53;    0,36;19/02/2026;42;Produto/Quantidade Errada     ;   ;emerson.al ;16:38
019499                            ;19/02/2026;    ;291144;003;    ;0083717;DEPOSITO DA TORRE                                 ;(75)99989-6399 ;010;102;SJQ0A82;     192,44;    0,21;19/02/2026;42;Produto/Quantidade Errada     ;   ;emerson.al ;16:38
019500                            ;19/02/2026;    ;291168;003;    ;0087391;BAR DO LISMAR                                     ;(66) 6656-6556 ;010;107;SJQ5B35;     210,06;    0,38;20/02/2026;72;PDV FECHADO (HORARIO COM.)    ;   ;jose.al    ;17:  
019502                            ;19/02/2026;    ;291230;003;    ;0084784;BAR DO EDGARD                                     ;(75)99994-7741 ;010;104;PJX0435;     256,92;    0,12;19/02/2026;72;PDV FECHADO (HORARIO COM.)    ;   ;emerson.al ;17:26
019503                            ;19/02/2026;    ;291249;003;    ;0044936;PJ MERCADINHO E AaáO                              ;(75)99813-2560 ;010;102;SKB4I83;     299,11;    0,38;19/02/2026;33;Nao Fez Pedido                ;   ;emerson.al ;18:55
019504                            ;19/02/2026;    ;291262;003;    ;0039295;ENCONTRO DOS AMIGOS                               ;(75)99990-9742 ;010;107;TXA1F44;     172,46;    0,18;19/02/2026;72;PDV FECHADO (HORARIO COM.)    ;   ;emerson.al ;11:21
019504                            ;19/02/2026;    ;291265;003;    ;0020286;NALDO SPORT CLUB                                  ;(75)99942-3064 ;010;110;TXA1F44;     155,31;    0,14;19/02/2026;71;SEM DINHEIRO/CHEQUE           ;   ;emerson.al ;11:21
019506                            ;19/02/2026;    ;291285;003;    ;0023867;RECANTO DA VAL                                    ;(75)99940-0099 ;010;110;TXA1F44;     480,00;    0,83;19/02/2026;65;NAO FEZ PEDIDO                ;   ;emerson.al ;17:37
019508                            ;19/02/2026;    ;291325;003;    ;0020156;SAMI BAR                                          ;(75)99842-7995 ;010;111;TCH4H00;     108,32;    0,12;19/02/2026;71;SEM DINHEIRO/CHEQUE           ;   ;emerson.al ;17:35
019509                            ;19/02/2026;    ;291341;003;    ;0038832;BARREST A√ PAI PA                                 ;               ;010;108;PLL7H92;     175,90;    0,14;19/02/2026;72;PDV FECHADO (HORARIO COM.)    ;   ;emerson.al ;14:30
019510                            ;19/02/2026;    ;291355;003;    ;0030712;CONVERSA FIADA                                    ;(71)99727-7419 ;010;107;PXX2E06;     362,72;    0,37;19/02/2026;71;SEM DINHEIRO/CHEQUE           ;   ;emerson.al ;11:52
019511                            ;19/02/2026;    ;291361;003;    ;0034357;BAR DO BIRA                                       ;(75)99972-4532 ;010;107;PXX2E06;     281,50;    0,36;19/02/2026;72;PDV FECHADO (HORARIO COM.)    ;   ;emerson.al ;17:32
019511                            ;19/02/2026;    ;291372;003;    ;0019123;RESTAURANTE SILVA                                 ;(75)99896-7335 ;010;107;PXX2E06;     267,00;    0,31;19/02/2026;02;Sem Vasilhame Ambev           ;   ;emerson.al ;17:32
019511                            ;19/02/2026;    ;291375;003;    ;0034852;MERC. DO ROMARIO                                  ;(75)99902-6520 ;010;107;PXX2E06;      51,12;    0,12;19/02/2026;72;PDV FECHADO (HORARIO COM.)    ;   ;emerson.al ;17:33
019511                            ;19/02/2026;    ;291376;003;    ;0034852;MERC. DO ROMARIO                                  ;(75)99902-6520 ;010;107;PXX2E06;      51,12;    0,12;19/02/2026;72;PDV FECHADO (HORARIO COM.)    ;   ;emerson.al ;17:33
019511                            ;19/02/2026;    ;291378;003;    ;0020576;VIP BAR                                           ;(75)99829-2380 ;010;107;PXX2E06;     148,60;    0,16;19/02/2026;72;PDV FECHADO (HORARIO COM.)    ;   ;emerson.al ;17:33
019517                            ;19/02/2026;    ;291381;003;    ;0055828;BOTECO TERESOPO                                   ;(75)99965-4081 ;010;110;MSG0C01;    2016,60;    2,25;19/02/2026;39;Cliente Cancelou.             ;   ;emerson.al ;15:23
019535                            ;20/02/2026;    ;291632;003;    ;0018818;KIOSQUE IRMAS ASSIS                               ;(75)99941-5706 ;020;204;SKS2H93;     272,98;    0,34;21/02/2026;02;Sem Vasilhame Ambev           ;   ;emerson.al ;13:45
019542                            ;20/02/2026;    ;291826;003;    ;0020675;BAR ANTONIA                                       ;(75)99196-2073 ;010;103;SKS5C26;     136,69;    0,23;21/02/2026;72;PDV FECHADO (HORARIO COM.)    ;   ;emerson.al ;08:47
019542                            ;20/02/2026;    ;291827;003;    ;0020675;BAR ANTONIA                                       ;(75)99196-2073 ;010;103;SKS5C26;      29,63;    0,12;21/02/2026;72;PDV FECHADO (HORARIO COM.)    ;   ;emerson.al ;08:46
019545                            ;20/02/2026;    ;291924;003;    ;0018497;BOX IVANA KEYTE                                   ;(71)99651-4805 ;010;109;PJX0435;     198,32;    0,18;20/02/2026;71;SEM DINHEIRO/CHEQUE           ;   ;jose.al    ;17:13
019545                            ;20/02/2026;    ;291929;003;    ;0032848;SKINA BAR                                         ;(71)99665-8299 ;010;109;PJX0435;     170,21;    0,24;20/02/2026;71;SEM DINHEIRO/CHEQUE           ;   ;jose.al    ;17:13
019547                            ;20/02/2026;    ;291956;003;    ;0024433;MERC. 2 IRMAS                                     ;(75)98132-8499 ;010;107;PLL7H92;     114,44;    0,21;20/02/2026;72;PDV FECHADO (HORARIO COM.)    ;   ;jose.al    ;10:51
019550                            ;20/02/2026;    ;292008;003;    ;0026177;BAR DO BEZINHO                                    ;(71)99975-5143 ;010;105;TXA1F44;     486,04;    0,65;20/02/2026;72;PDV FECHADO (HORARIO COM.)    ;   ;jose.al    ;11:26
019552                            ;20/02/2026;    ;292021;003;    ;0082623;Bar chega mais                                    ;(75) 8813-5832 ;010;107;TXA1F44;     443,33;    0,57;20/02/2026;43;Forma de Pagamento            ;   ;jose.al    ;16:33
019563                            ;20/02/2026;    ;292077;003;    ;0083589;IMPERIO DAS BEBIDAS                               ;(75)99989-6465 ;010;110;MSG0C01;     856,40;    0,42;20/02/2026;70;CLIENTE CANCELOU              ;   ;jose.al    ;17:45
019567                            ;21/02/2026;    ;292140;003;    ;0050641;HL MERCEARIA DA ADRI                              ;(75)99951-7486 ;020;209;SJQ3B12;     822,28;    1,43;23/02/2026;42;Produto/Quantidade Errada     ;   ;tailan.al  ;21:26
019570                            ;21/02/2026;    ;292194;003;    ;0019155;MENOR PRECO                                       ;(75)99991-4441 ;030;304;TCH4H00;     416,38;    0,57;21/02/2026;65;NAO FEZ PEDIDO                ;   ;emerson.al ;15:  
019570                            ;21/02/2026;    ;292198;003;    ;0019842;RESTAURANTE VITORIA                               ;(75)99180-8298 ;020;203;TCH4H00;     265,77;    0,16;21/02/2026;72;PDV FECHADO (HORARIO COM.)    ;   ;emerson.al ;15:  
019575                            ;21/02/2026;    ;292284;003;    ;0020246;J¡ T‘ INDO                                        ;(75)98355-4283 ;010;111;IAK5E60;     215,60;    0,27;21/02/2026;72;PDV FECHADO (HORARIO COM.)    ;   ;emerson.al ;18:07
019575                            ;21/02/2026;    ;292301;003;    ;0091394;DEPOSITO JB                                       ;(75)98156-2176 ;010;103;IAK5E60;     179,30;    0,18;21/02/2026;72;PDV FECHADO (HORARIO COM.)    ;   ;emerson.al ;18:13
019575                            ;21/02/2026;    ;292302;003;    ;0091394;DEPOSITO JB                                       ;(75)98156-2176 ;010;103;IAK5E60;      43,85;    0,10;21/02/2026;72;PDV FECHADO (HORARIO COM.)    ;   ;emerson.al ;18:13
019575                            ;21/02/2026;    ;292308;003;    ;0046402;CENTRAL DAS BEBIDAS                               ;(75)99101-7372 ;010;105;IAK5E60;     118,83;    0,17;21/02/2026;72;PDV FECHADO (HORARIO COM.)    ;   ;emerson.al ;18:07
019576                            ;21/02/2026;    ;292333;003;    ;0030725;BARRACA DA MARA GALE                              ;(71) 9935-9721 ;010;109;SJQ0C73;     224,00;    0,26;21/02/2026;72;PDV FECHADO (HORARIO COM.)    ;   ;emerson.al ;17:09
019576                            ;21/02/2026;    ;292334;003;    ;0030725;BARRACA DA MARA GALE                              ;(71) 9935-9721 ;010;109;SJQ0C73;      12,50;    0,01;21/02/2026;72;PDV FECHADO (HORARIO COM.)    ;DER;emerson.al ;17:10
019578                            ;21/02/2026;    ;292366;003;    ;0020307;MERCEARIA LANCHE DEU                              ;(77)99809-3440 ;010;101;SJQ1F85;     161,70;    0,20;21/02/2026;72;PDV FECHADO (HORARIO COM.)    ;   ;emerson.al ;16:33
019578                            ;21/02/2026;    ;292376;003;    ;0044416;MODESTIA QUIOSQUE                                 ;(71)99919-1853 ;010;101;SJQ1F85;     113,25;    0,19;21/02/2026;72;PDV FECHADO (HORARIO COM.)    ;   ;emerson.al ;16:32
019578                            ;21/02/2026;    ;292377;003;    ;0044416;MODESTIA QUIOSQUE                                 ;(71)99919-1853 ;010;101;SJQ1F85;      13,74;    0,00;21/02/2026;72;PDV FECHADO (HORARIO COM.)    ;   ;emerson.al ;16:32
019578                            ;21/02/2026;    ;292402;003;    ;0049680;DISTRIBUIDORA ARCANJ                              ;(75)98724-1017 ;010;101;SJQ1F85;      92,74;    0,12;21/02/2026;72;PDV FECHADO (HORARIO COM.)    ;   ;emerson.al ;16:32
019578                            ;21/02/2026;    ;292403;003;    ;0049680;DISTRIBUIDORA ARCANJ                              ;(75)98724-1017 ;010;101;SJQ1F85;       4,12;    0,00;21/02/2026;72;PDV FECHADO (HORARIO COM.)    ;   ;emerson.al ;16:31
019579                            ;21/02/2026;    ;292431;003;    ;0024390;BOTECO DO LEO                                     ;(75)98185-2291 ;010;102;SKS7B90;     334,68;    0,83;21/02/2026;52;FALTA PRODUTO ESTOQUE         ;   ;tailan.al  ;20:03
019580                            ;21/02/2026;    ;292458;003;    ;0028334;MERCEARIA NOVA IDEIA                              ;(75)98159-6789 ;010;103;SJQ8D11;     107,80;    0,13;21/02/2026;71;SEM DINHEIRO/CHEQUE           ;   ;tailan.al  ;20:05
019580                            ;21/02/2026;    ;292462;003;    ;0046889;BAR DO PEDRO                                      ;(71)98324-0914 ;010;106;SJQ8D11;     293,25;    0,40;21/02/2026;45;Tempo Insuficiente.           ;   ;tailan.al  ;20:05
019580                            ;21/02/2026;    ;292464;003;    ;0018602;CIRANDO DISTRIBUIDOR                              ;(75)98161-8683 ;010;106;SJQ8D11;     973,14;    1,36;21/02/2026;45;Tempo Insuficiente.           ;   ;tailan.al  ;20:06
019580                            ;21/02/2026;    ;292465;003;    ;0018602;CIRANDO DISTRIBUIDOR                              ;(75)98161-8683 ;010;106;SJQ8D11;     269,50;    0,34;21/02/2026;45;Tempo Insuficiente.           ;   ;tailan.al  ;20:06
019580                            ;21/02/2026;    ;292476;003;    ;0082733;BRILHO DO SOL                                     ;(75)98249-5639 ;010;106;SJQ8D11;    1699,65;    2,00;21/02/2026;45;Tempo Insuficiente.           ;   ;tailan.al  ;20:06
019580                            ;21/02/2026;    ;292487;003;    ;0019531;NA BRASA CHURRASCARI                              ;(75)98116-5110 ;010;106;SJQ8D11;     792,57;    1,01;21/02/2026;72;PDV FECHADO (HORARIO COM.)    ;   ;tailan.al  ;20:05
019580                            ;21/02/2026;    ;292488;003;    ;0053180;BIG LESTE                                         ;(75)98113-7143 ;010;106;SJQ8D11;     111,37;    0,36;21/02/2026;45;Tempo Insuficiente.           ;   ;tailan.al  ;20:05
019580                            ;21/02/2026;    ;292489;003;    ;0034339;BAR DA JUSCELINA                                  ;(75)98133-6208 ;010;106;SJQ8D11;     384,74;    0,64;21/02/2026;45;Tempo Insuficiente.           ;   ;tailan.al  ;20:04
019580                            ;21/02/2026;    ;292490;003;    ;0048837;LAMPIAO BURGUERS                                  ;(75)98110-5263 ;010;106;SJQ8D11;     873,17;    1,18;21/02/2026;45;Tempo Insuficiente.           ;   ;tailan.al  ;20:04
019581                            ;21/02/2026;    ;292530;003;    ;0055245;PADARIA DANIEL                                    ;(75)98128-6007 ;010;106;SJQ7E10;     996,18;    1,78;21/02/2026;39;Cliente Cancelou.             ;   ;emerson.al ;18:16
019582                            ;21/02/2026;    ;292547;003;    ;0020994;SITIO SaO JOSE                                    ;(75)98704-0113 ;010;111;SJQ0A82;     331,47;    0,25;21/02/2026;45;Tempo Insuficiente.           ;   ;tailan.al  ;20:35
019582                            ;21/02/2026;    ;292548;003;    ;0020994;SITIO SaO JOSE                                    ;(75)98704-0113 ;010;111;SJQ0A82;     285,80;    0,28;21/02/2026;45;Tempo Insuficiente.           ;   ;tailan.al  ;20:35
019582                            ;21/02/2026;    ;292558;003;    ;0084769;PRATO SABOROSO                                    ;(75)98325-8478 ;010;111;SJQ0A82;     339,94;    0,44;21/02/2026;71;SEM DINHEIRO/CHEQUE           ;   ;tailan.al  ;20:31
019584                            ;21/02/2026;    ;292625;003;    ;0019856;BAR DO BATATA                                     ;(75)98339-4787 ;010;102;PJX0435;     480,31;    0,85;21/02/2026;71;SEM DINHEIRO/CHEQUE           ;   ;emerson.al ;15:37
019585                            ;21/02/2026;    ;292630;003;    ;0050654;TREILER DA BETE                                   ;(07)59857-6179 ;020;209;TCH4H00;     396,66;    0,53;21/02/2026;72;PDV FECHADO (HORARIO COM.)    ;   ;emerson.al ;11:02
019585                            ;21/02/2026;    ;292631;003;    ;0050654;TREILER DA BETE                                   ;(07)59857-6179 ;020;209;TCH4H00;     160,58;    0,20;21/02/2026;72;PDV FECHADO (HORARIO COM.)    ;   ;emerson.al ;11:02
019588                            ;21/02/2026;    ;292689;003;    ;0034981;PE DE PAU FEST                                    ;(75)99803-9474 ;010;110;PXX2E06;      98,26;    0,13;21/02/2026;72;PDV FECHADO (HORARIO COM.)    ;   ;emerson.al ;17:03
019588                            ;21/02/2026;    ;292701;003;    ;0020597;MERCEARIA DA TATI                                 ;               ;010;110;PXX2E06;     218,42;    0,39;21/02/2026;71;SEM DINHEIRO/CHEQUE           ;   ;emerson.al ;17:04
019588                            ;21/02/2026;    ;292702;003;    ;0020597;MERCEARIA DA TATI                                 ;               ;010;110;PXX2E06;      15,03;    0,09;21/02/2026;72;PDV FECHADO (HORARIO COM.)    ;   ;emerson.al ;17:03
019589                            ;21/02/2026;    ;292719;003;    ;0042551;MANUEL JOAQUIM                                    ;(75)99807-9402 ;010;107;SKS2H93;     440,79;    0,42;23/02/2026;72;PDV FECHADO (HORARIO COM.)    ;   ;emerson.al ;14:10
019593                            ;21/02/2026;    ;292722;003;    ;0018296;CDR CAMACARI                                      ;(19) 3313-7039 ;090;998;NZU8698;   66670,00;    0,00;21/02/2026;51;NF ERRADA                     ;   ;emerson.al ;12:02
019605                            ;23/02/2026;    ;292798;003;    ;0050120;MERCADO FRIGO CARNE                               ;(75)99871-6698 ;020;204;SJQ8D11;     256,40;    0,66;24/02/2026;71;SEM DINHEIRO/CHEQUE           ;   ;tailan.al  ;02:55
019605                            ;23/02/2026;    ;292799;003;    ;0050120;MERCADO FRIGO CARNE                               ;(75)99871-6698 ;020;204;SJQ8D11;      55,68;    0,07;24/02/2026;71;SEM DINHEIRO/CHEQUE           ;   ;tailan.al  ;02:55
019606                            ;23/02/2026;    ;292831;003;    ;0060886;BAR DOS AMIGOS                                    ;(07)19628-4333 ;020;208;SKS9J44;     123,48;    0,16;23/02/2026;71;SEM DINHEIRO/CHEQUE           ;   ;tailan.al  ;21:12
019606                            ;23/02/2026;    ;292832;003;    ;0060886;BAR DOS AMIGOS                                    ;(07)19628-4333 ;020;208;SKS9J44;       4,12;    0,00;23/02/2026;71;SEM DINHEIRO/CHEQUE           ;   ;tailan.al  ;21:11
019608                            ;23/02/2026;    ;292868;003;    ;0029790;MERCEARIA DO ROQUE                                ;(75)98112-0547 ;010;106;SJQ5E98;     512,30;    0,75;23/02/2026;72;PDV FECHADO (HORARIO COM.)    ;   ;tailan.al  ;20:05
019608                            ;23/02/2026;    ;292876;003;    ;0083596;CASA FIGUEREDO                                    ;(75)98142-7763 ;030;305;SJQ5E98;    4438,80;    6,21;23/02/2026;71;SEM DINHEIRO/CHEQUE           ;   ;tailan.al  ;20:06
019608                            ;23/02/2026;    ;292881;003;    ;0035229;BAR DO GIL                                        ;(75)98120-2381 ;010;106;SJQ5E98;     405,55;    0,55;23/02/2026;72;PDV FECHADO (HORARIO COM.)    ;   ;tailan.al  ;20:06
019609                            ;23/02/2026;    ;292897;003;    ;0084754;DEPOSITO SNOKER                                   ;(71)99957-4321 ;030;306;SJQ0A82;    2545,10;    3,21;23/02/2026;47;Dificil Acesso                ;   ;emerson.al ;18:18
019609                            ;23/02/2026;    ;292898;003;    ;0030466;BOCA PRETA                                        ;(71)99249-5794 ;010;101;SJQ0A82;     104,21;    0,12;23/02/2026;47;Dificil Acesso                ;   ;emerson.al ;18:18
019613                            ;23/02/2026;    ;292993;003;    ;0035121;PEDRO HORTIFRUTI                                  ;(75)99888-1231 ;010;107;TMM9J07;    1197,88;    0,78;24/02/2026;41;Sem Vasilhame.                ;   ;jose.al    ;11:54
019614                            ;23/02/2026;    ;293046;003;    ;0018804;JADIEL COMERCIO DE A                              ;(75)99971-7137 ;020;207;SKB4I83;     123,93;    0,36;23/02/2026;71;SEM DINHEIRO/CHEQUE           ;   ;emerson.al ;18:52
019616                            ;23/02/2026;    ;293067;003;    ;0020358;BAR DA FARINHA                                    ;(75)98211-3122 ;010;111;TCH4H00;     124,50;    0,16;23/02/2026;71;SEM DINHEIRO/CHEQUE           ;   ;emerson.al ;17:54
019616                            ;23/02/2026;    ;293073;003;    ;0018671;TO NO BABA BEER                                   ;(75)98867-6321 ;010;111;TCH4H00;     161,70;    0,20;23/02/2026;72;PDV FECHADO (HORARIO COM.)    ;   ;emerson.al ;17:55
019616                            ;23/02/2026;    ;293074;003;    ;0018671;TO NO BABA BEER                                   ;(75)98867-6321 ;010;111;TCH4H00;      60,24;    0,07;23/02/2026;72;PDV FECHADO (HORARIO COM.)    ;   ;emerson.al ;17:55
019617                            ;23/02/2026;    ;293091;003;    ;0026028;BAR DA IVONETE                                    ;(75)98321-5743 ;010;102;TXA1F44;     105,88;    0,10;23/02/2026;71;SEM DINHEIRO/CHEQUE           ;   ;emerson.al ;16:24
019617                            ;23/02/2026;    ;293093;003;    ;0039054;CLUBE DO VAQUEIRO 2                               ;(75)99179-9941 ;010;102;TXA1F44;     705,15;    0,85;23/02/2026;71;SEM DINHEIRO/CHEQUE           ;   ;emerson.al ;16:26
019617                            ;23/02/2026;    ;293094;003;    ;0039054;CLUBE DO VAQUEIRO 2                               ;(75)99179-9941 ;010;102;TXA1F44;      42,82;    0,02;23/02/2026;71;SEM DINHEIRO/CHEQUE           ;   ;emerson.al ;16:25
019617                            ;23/02/2026;    ;293098;003;    ;0018408;POINT DA DENY                                     ;(75)98822-2824 ;010;102;TXA1F44;     121,16;    0,07;23/02/2026;72;PDV FECHADO (HORARIO COM.)    ;   ;emerson.al ;16:25
019617                            ;23/02/2026;    ;293099;003;    ;0082112;DEPOSITO DO CHINO                                 ;(75)99987-9494 ;010;102;TXA1F44;      65,25;    0,04;23/02/2026;72;PDV FECHADO (HORARIO COM.)    ;   ;emerson.al ;16:25
019617                            ;23/02/2026;    ;293100;003;    ;0082112;DEPOSITO DO CHINO                                 ;(75)99987-9494 ;010;102;TXA1F44;     196,80;    0,21;23/02/2026;72;PDV FECHADO (HORARIO COM.)    ;   ;emerson.al ;16:25
019618                            ;23/02/2026;    ;293103;003;    ;0042681;REST CASA DA MUKECA                               ;(75)99109-9696 ;010;107;TXA1F44;     499,07;    0,63;23/02/2026;72;PDV FECHADO (HORARIO COM.)    ;   ;tailan.al  ;20:05
019618                            ;23/02/2026;    ;293109;003;    ;0083186;BOX DO FAUSTO                                     ;(75)90000-0000 ;010;111;TXA1F44;     283,73;    0,38;23/02/2026;72;PDV FECHADO (HORARIO COM.)    ;   ;tailan.al  ;20:04
019618                            ;23/02/2026;    ;293110;003;    ;0028793;DELÕCIAS DA SOL                                   ;(75)99943-1968 ;010;111;TXA1F44;     335,94;    0,66;23/02/2026;72;PDV FECHADO (HORARIO COM.)    ;   ;tailan.al  ;20:04
019618                            ;23/02/2026;    ;293111;003;    ;0053387;BAR DELICIAS DA JO                                ;(71)99630-3436 ;010;107;TXA1F44;     117,96;    0,15;23/02/2026;72;PDV FECHADO (HORARIO COM.)    ;   ;tailan.al  ;20:04
019618                            ;23/02/2026;    ;293112;003;    ;0090756;OBA OBA                                           ;(75)99833-4082 ;010;107;TXA1F44;     114,88;    0,24;23/02/2026;72;PDV FECHADO (HORARIO COM.)    ;   ;tailan.al  ;20:03
019620                            ;23/02/2026;    ;292727;003;    ;0054054;WHISKRITORIO                                      ;(75)99853-4701 ;010;104;SJQ4A23;     539,00;    0,69;23/02/2026;64;SEM VASILHAME                 ;   ;tailan.al  ;20:47
019621                            ;23/02/2026;    ;292972;003;    ;0083499;BAR ZE CAFE                                       ;(75)99963-3170 ;010;107;SJQ5B35;    3412,31;    0,00;23/02/2026;45;Tempo Insuficiente.           ;   ;emerson.al ;18:15
019621                            ;23/02/2026;    ;292973;003;    ;0084242;AFRODISIACO                                       ;(75)99971-3360 ;010;110;SJQ5B35;    3412,31;    0,00;23/02/2026;45;Tempo Insuficiente.           ;   ;emerson.al ;18:16
019621                            ;23/02/2026;    ;292974;003;    ;0084177;PANIFICACAO CENTRAL                               ;(75)56656-5656 ;010;110;SJQ5B35;    3096,37;    0,00;23/02/2026;45;Tempo Insuficiente.           ;   ;emerson.al ;18:16
019642                            ;24/02/2026;    ;293253;003;    ;0020578;CAJUEIRO SAUIPE CASA                              ;(71)99913-6500 ;020;208;SKB4I83;     348,12;    0,37;25/02/2026;72;PDV FECHADO (HORARIO COM.)    ;   ;romario.al ;03:51
019642                            ;24/02/2026;    ;293254;003;    ;0020578;CAJUEIRO SAUIPE CASA                              ;(71)99913-6500 ;020;208;SKB4I83;      75,00;    0,10;25/02/2026;72;PDV FECHADO (HORARIO COM.)    ;   ;romario.al ;03:50
019643                            ;24/02/2026;    ;293323;003;    ;0019268;ORIGINAL FLAME BURGE                              ;(75)99226-0230 ;020;207;SKS9J44;      53,90;    0,06;25/02/2026;73;FALTA DE ATIVOS DE GIRO       ;   ;romario.al ;  :52
019643                            ;24/02/2026;    ;293325;003;    ;0019986;MERC DO MUNDINHO                                  ;(75)99854-9201 ;020;207;SKS9J44;     247,18;    0,48;25/02/2026;71;SEM DINHEIRO/CHEQUE           ;   ;romario.al ;  :53
019643                            ;24/02/2026;    ;293326;003;    ;0019986;MERC DO MUNDINHO                                  ;(75)99854-9201 ;020;207;SKS9J44;      22,40;    0,00;25/02/2026;71;SEM DINHEIRO/CHEQUE           ;   ;romario.al ;  :54
019643                            ;24/02/2026;    ;293327;003;    ;0019986;MERC DO MUNDINHO                                  ;(75)99854-9201 ;020;207;SKS9J44;      46,08;    0,06;25/02/2026;71;SEM DINHEIRO/CHEQUE           ;   ;romario.al ;  :54
019644                            ;24/02/2026;    ;293340;003;    ;0040325;POINT DO PASTEL                                   ;(75)98807-5061 ;020;206;TXA1F44;     118,68;    0,20;24/02/2026;72;PDV FECHADO (HORARIO COM.)    ;   ;jose.al    ;16:46
019647                            ;24/02/2026;    ;293453;003;    ;0040219;Parada obrigatoria E                              ;(07)59155-8128 ;020;206;SJQ0A82;     709,83;    0,93;24/02/2026;72;PDV FECHADO (HORARIO COM.)    ;   ;romario.al ;20:05
019647                            ;24/02/2026;    ;293454;003;    ;0040219;Parada obrigatoria E                              ;(07)59155-8128 ;020;206;SJQ0A82;      28,92;    0,04;24/02/2026;72;PDV FECHADO (HORARIO COM.)    ;   ;romario.al ;20:04
019647                            ;24/02/2026;    ;293456;003;    ;0019870;BOX MAE E FILHA                                   ;(75)99948-7325 ;020;206;SJQ0A82;     260,34;    0,30;24/02/2026;72;PDV FECHADO (HORARIO COM.)    ;   ;romario.al ;20:03
019650                            ;24/02/2026;    ;293560;003;    ;0037444;DELICIAS DA MONICA                                ;(75)98840-0953 ;010;103;SJQ7E10;     365,88;    0,60;24/02/2026;72;PDV FECHADO (HORARIO COM.)    ;   ;jose.al    ;18:19
019655                            ;24/02/2026;    ;293652;003;    ;0047294;CANTINHO DA R√î                                   ;               ;010;108;PJX0435;      53,90;    0,06;24/02/2026;71;SEM DINHEIRO/CHEQUE           ;   ;jose.al    ;17:49
019655                            ;24/02/2026;    ;293656;003;    ;0049546;DOS E DUPLA                                       ;(71)99981-2551 ;010;108;PJX0435;     161,70;    0,20;24/02/2026;71;SEM DINHEIRO/CHEQUE           ;   ;jose.al    ;17:49
019655                            ;24/02/2026;    ;293672;003;    ;0082794;LANCH. BELA FLOR                                  ;(71)99907-7473 ;010;109;PJX0435;      73,58;    0,09;24/02/2026;72;PDV FECHADO (HORARIO COM.)    ;   ;jose.al    ;17:50
019656                            ;24/02/2026;    ;293694;003;    ;0019237;MERC O BOM PRECO                                  ;(75)99940-4646 ;030;306;IAK5E60;     379,04;    0,65;24/02/2026;85;DIFICIL ACESSO                ;   ;jose.al    ;16:32
019656                            ;24/02/2026;    ;293695;003;    ;0019237;MERC O BOM PRECO                                  ;(75)99940-4646 ;030;306;IAK5E60;      18,57;    0,02;24/02/2026;85;DIFICIL ACESSO                ;DER;jose.al    ;16:32
019656                            ;24/02/2026;    ;293696;003;    ;0019237;MERC O BOM PRECO                                  ;(75)99940-4646 ;030;306;IAK5E60;       1,53;    0,00;24/02/2026;85;DIFICIL ACESSO                ;DER;jose.al    ;16:32
019656                            ;24/02/2026;    ;293704;003;    ;0027181;REST. D.MARIA                                     ;(75) 8254-8861 ;010;111;IAK5E60;     148,06;    0,14;24/02/2026;71;SEM DINHEIRO/CHEQUE           ;   ;jose.al    ;16:33
019656                            ;24/02/2026;    ;293723;003;    ;0083582;BAR DO GILO                                       ;(75)98116-4200 ;010;105;IAK5E60;     117,00;    0,13;24/02/2026;71;SEM DINHEIRO/CHEQUE           ;   ;jose.al    ;16:32
019658                            ;24/02/2026;    ;293760;003;    ;0018875;DELIVERY DO MR                                    ;(75)98177-3778 ;010;106;TCH4H00;     177,50;    0,21;24/02/2026;42;Produto/Quantidade Errada     ;   ;jose.al    ;11:44
019659                            ;24/02/2026;    ;293789;003;    ;0049849;BRUNO MERCEARIA                                   ;(75)99900-0740 ;010;110;PLL7H92;     116,81;    0,15;24/02/2026;72;PDV FECHADO (HORARIO COM.)    ;   ;jose.al    ;13:46
019659                            ;24/02/2026;    ;293790;003;    ;0049849;BRUNO MERCEARIA                                   ;(75)99900-0740 ;010;110;PLL7H92;      34,90;    0,04;24/02/2026;72;PDV FECHADO (HORARIO COM.)    ;   ;jose.al    ;13:46
019662                            ;24/02/2026;    ;293835;003;    ;0030585;DELICIAS DA MAZER                                 ;(75)99971-3901 ;010;111;PXX2E06;      80,07;    0,14;24/02/2026;72;PDV FECHADO (HORARIO COM.)    ;   ;jose.al    ;19:  
019697                            ;25/02/2026;    ;294152;003;    ;0018858;MERCADINHO ANJOS                                  ;(75)99212-6582 ;010;104;SJQ8D11;     528,58;    0,53;26/02/2026;71;SEM DINHEIRO/CHEQUE           ;   ;jose.al    ;18:21
019697                            ;25/02/2026;    ;294167;003;    ;0050183;COM BEB. ALIM. SAM                                ;(75)99938-2518 ;020;204;SJQ8D11;     932,63;    2,02;26/02/2026;42;Produto/Quantidade Errada     ;   ;jose.al    ;18:21
019698                            ;25/02/2026;    ;294176;003;    ;0038220;BAR DO SINHO                                      ;(75)98124-9869 ;010;102;SJQ7E10;     626,08;    0,95;25/02/2026;45;Tempo Insuficiente.           ;   ;tailan.al  ;20:09
019698                            ;25/02/2026;    ;294210;003;    ;0035714;BAR E MERC SUCUPIRA                               ;(75)98158-2997 ;010;106;SJQ7E10;     477,34;    0,63;25/02/2026;45;Tempo Insuficiente.           ;   ;tailan.al  ;20:09
019698                            ;25/02/2026;    ;294211;003;    ;0051340;POINT DOS VAQUEIROS                               ;(75)98132-1962 ;010;106;SJQ7E10;     431,20;    0,55;25/02/2026;45;Tempo Insuficiente.           ;   ;tailan.al  ;20:08
019699                            ;25/02/2026;    ;294215;003;    ;0055944;DEP GELA GUELA                                    ;(75)98849-1559 ;010;102;TMM9J07;      82,30;    0,10;25/02/2026;72;PDV FECHADO (HORARIO COM.)    ;   ;tailan.al  ;20:11
019699                            ;25/02/2026;    ;294244;003;    ;0092057;DEPOSITO DO SENADO                                ;(71)98277-5150 ;010;102;TMM9J07;     135,05;    0,28;25/02/2026;71;SEM DINHEIRO/CHEQUE           ;   ;tailan.al  ;20:10
019699                            ;25/02/2026;    ;294245;003;    ;0018905;BAR DE NORATINHO                                  ;(75)98278-0401 ;010;102;TMM9J07;     107,45;    0,12;25/02/2026;45;Tempo Insuficiente.           ;   ;tailan.al  ;20:12
019699                            ;25/02/2026;    ;294246;003;    ;0018485;FRIOS DOIS IRMAO                                  ;(71)98656-5529 ;010;102;TMM9J07;     225,12;    0,33;25/02/2026;45;Tempo Insuficiente.           ;   ;tailan.al  ;20:14
019699                            ;25/02/2026;    ;294247;003;    ;0018485;FRIOS DOIS IRMAO                                  ;(71)98656-5529 ;010;102;TMM9J07;      40,56;    0,04;25/02/2026;45;Tempo Insuficiente.           ;   ;tailan.al  ;20:14
019699                            ;25/02/2026;    ;294248;003;    ;0019964;BAR DA SONIA                                      ;(75)98324-7257 ;010;102;TMM9J07;     142,64;    0,32;25/02/2026;45;Tempo Insuficiente.           ;   ;tailan.al  ;20:14
019699                            ;25/02/2026;    ;294249;003;    ;0018879;BAR DA TATI                                       ;(75)98363-8282 ;010;102;TMM9J07;     107,78;    0,14;25/02/2026;45;Tempo Insuficiente.           ;   ;tailan.al  ;20:15
019699                            ;25/02/2026;    ;294250;003;    ;0018879;BAR DA TATI                                       ;(75)98363-8282 ;010;102;TMM9J07;      53,40;    0,06;25/02/2026;45;Tempo Insuficiente.           ;   ;tailan.al  ;20:15
019699                            ;25/02/2026;    ;294251;003;    ;0018486;MERCADO DA IVETE                                  ;(71)98303-7996 ;010;102;TMM9J07;     102,45;    0,09;25/02/2026;45;Tempo Insuficiente.           ;   ;tailan.al  ;20:15
019699                            ;25/02/2026;    ;294252;003;    ;0018486;MERCADO DA IVETE                                  ;(71)98303-7996 ;010;102;TMM9J07;      23,99;    0,03;25/02/2026;45;Tempo Insuficiente.           ;   ;tailan.al  ;20:16
019699                            ;25/02/2026;    ;294253;003;    ;0018486;MERCADO DA IVETE                                  ;(71)98303-7996 ;010;102;TMM9J07;     269,09;    0,60;25/02/2026;45;Tempo Insuficiente.           ;   ;tailan.al  ;20:16
019699                            ;25/02/2026;    ;294254;003;    ;0018487;SERVIMOS ALMO«O                                   ;(75)98153-3016 ;010;102;TMM9J07;     100,59;    0,12;25/02/2026;45;Tempo Insuficiente.           ;   ;tailan.al  ;20:13
019699                            ;25/02/2026;    ;294255;003;    ;0018487;SERVIMOS ALMO«O                                   ;(75)98153-3016 ;010;102;TMM9J07;      43,46;    0,02;25/02/2026;45;Tempo Insuficiente.           ;   ;tailan.al  ;20:13
019700                            ;25/02/2026;    ;294272;003;    ;0019480;JC A«OUGUE E MERC                                 ;(75)98327-9663 ;010;102;TMM5E06;     116,45;    0,11;26/02/2026;23;(C)Pedidos duplicados         ;   ;jose.al    ;15:19
019700                            ;25/02/2026;    ;294273;003;    ;0019480;JC A«OUGUE E MERC                                 ;(75)98327-9663 ;010;102;TMM5E06;      42,82;    0,02;26/02/2026;23;(C)Pedidos duplicados         ;   ;jose.al    ;15:19
019700                            ;25/02/2026;    ;294301;003;    ;0018614;DEP DA SUZANA                                     ;(75)99982-7938 ;010;102;TMM5E06;     129,69;    0,18;26/02/2026;23;(C)Pedidos duplicados         ;   ;jose.al    ;15:19
019700                            ;25/02/2026;    ;294302;003;    ;0018614;DEP DA SUZANA                                     ;(75)99982-7938 ;010;102;TMM5E06;      23,99;    0,03;26/02/2026;23;(C)Pedidos duplicados         ;   ;jose.al    ;15:19
019705                            ;25/02/2026;    ;294441;003;    ;0020821;SKINA DO SABOR                                    ;(71)99739-9107 ;010;109;PXX2E06;     200,64;    0,30;26/02/2026;71;SEM DINHEIRO/CHEQUE           ;   ;jose.al    ;15:04
019706                            ;25/02/2026;    ;294455;003;    ;0030014;REST. SOL BEACH                                   ;(75)99843-2094 ;020;202;SKB4I83;     195,24;    0,17;25/02/2026;72;PDV FECHADO (HORARIO COM.)    ;   ;emerson.al ;16:21
019708                            ;25/02/2026;    ;294508;003;    ;0033311;EDNA VARIEDADES                                   ;(75)99111-5215 ;010;110;IAK5E60;     108,52;    0,10;26/02/2026;86;HORARIO DE ENTREGA            ;   ;jose.al    ;14:05
019709                            ;25/02/2026;    ;294533;003;    ;0089001;Casa Da Jaceane                                   ;(75)99211-4773 ;010;105;PJX0435;     117,00;    0,13;25/02/2026;33;Nao Fez Pedido                ;   ;emerson.al ;15:12
019709                            ;25/02/2026;    ;294534;003;    ;0089001;Casa Da Jaceane                                   ;(75)99211-4773 ;010;105;PJX0435;       4,12;    0,00;25/02/2026;33;Nao Fez Pedido                ;   ;emerson.al ;15:12
019712                            ;25/02/2026;    ;294012;003;    ;0019092;GUI BEBIDAS DEP                                   ;(71)99955-1095 ;020;208;SJQ5E98;    3412,31;    0,00;26/02/2026;70;CLIENTE CANCELOU              ;   ;jose.al    ;16:25
019713                            ;25/02/2026;    ;294367;003;    ;0030800;JANIO DEPOSITO                                    ;(75) 8325-4428 ;010;107;SKS7B90;    1440,45;    1,34;25/02/2026;72;PDV FECHADO (HORARIO COM.)    ;   ;emerson.al ;18:32
019713                            ;25/02/2026;    ;294380;003;    ;0084242;AFRODISIACO                                       ;(75)99971-3360 ;010;110;SKS7B90;    3412,31;    0,00;25/02/2026;51;NF ERRADA                     ;   ;emerson.al ;18:33
019713                            ;25/02/2026;    ;294381;003;    ;0083499;BAR ZE CAFE                                       ;(75)99963-3170 ;010;107;SKS7B90;    3412,31;    0,00;25/02/2026;72;PDV FECHADO (HORARIO COM.)    ;   ;emerson.al ;18:32
019732                            ;26/02/2026;    ;294615;003;    ;0050605;QUIOSQUE DO GAMA                                  ;               ;020;209;SKS9J44;     403,81;    0,56;26/02/2026;71;SEM DINHEIRO/CHEQUE           ;   ;romario.al ;20:51
019732                            ;26/02/2026;    ;294630;003;    ;0050255;LIMA RAMOS                                        ;(75)99113-8538 ;030;304;SKS9J44;    1470,82;    2,73;26/02/2026;86;HORARIO DE ENTREGA            ;   ;romario.al ;20:52
019739                            ;26/02/2026;    ;294830;003;    ;0037136;DELICIAS DA PRACA                                 ;(75)98802-8248 ;010;110;SJQ1F85;     250,70;    0,28;26/02/2026;72;PDV FECHADO (HORARIO COM.)    ;   ;jose.al    ;17:48
019741                            ;26/02/2026;    ;294903;003;    ;0031746;Pizza Club                                        ;(71)99908-6885 ;010;109;PXX2E06;     354,64;    0,45;27/02/2026;72;PDV FECHADO (HORARIO COM.)    ;   ;emerson.al ;10:56
019741                            ;26/02/2026;    ;294911;003;    ;0044700;BAR DA √çNDIA                                     ;               ;010;101;PXX2E06;     323,40;    0,41;27/02/2026;34;Pedido Duplicado              ;   ;emerson.al ;10:55
019741                            ;26/02/2026;    ;294914;003;    ;0091203;BAR DA NANA                                       ;(71)99602-7556 ;010;101;PXX2E06;     149,90;    0,14;27/02/2026;40;Horario de Entrega            ;   ;emerson.al ;10:55
019741                            ;26/02/2026;    ;294915;003;    ;0028605;JEITIM MINEIRO                                    ;(71)99925-0468 ;010;101;PXX2E06;     142,90;    0,14;27/02/2026;40;Horario de Entrega            ;   ;emerson.al ;10:55
019743                            ;26/02/2026;    ;294948;003;    ;0050768;PIT STOP BAR                                      ;(71)98258-6997 ;010;103;TMM3F04;     161,70;    0,20;26/02/2026;71;SEM DINHEIRO/CHEQUE           ;   ;jose.al    ;18:09
019743                            ;26/02/2026;    ;294949;003;    ;0050768;PIT STOP BAR                                      ;(71)98258-6997 ;010;103;TMM3F04;     107,80;    0,13;26/02/2026;71;SEM DINHEIRO/CHEQUE           ;   ;jose.al    ;18:09
019746                            ;26/02/2026;    ;295039;003;    ;0030516;KIOSK DA KEU                                      ;(75)98119-3720 ;010;111;PLL7H92;     116,12;    0,14;26/02/2026;72;PDV FECHADO (HORARIO COM.)    ;   ;jose.al    ;17:23
019761                            ;27/02/2026;    ;295116;003;    ;0020284;BARBEARIA DO LEO                                  ;(75)99996-7428 ;020;207;SJQ5E98;      68,93;    0,15;28/02/2026;65;NAO FEZ PEDIDO                ;   ;romario.al ;20:10
019761                            ;27/02/2026;    ;295128;003;    ;0030439;BELI LANCHES                                      ;(07)59244-8773 ;020;207;SJQ5E98;      45,96;    0,01;28/02/2026;65;NAO FEZ PEDIDO                ;   ;romario.al ;20:11
019761                            ;27/02/2026;    ;295129;003;    ;0030439;BELI LANCHES                                      ;(07)59244-8773 ;020;207;SJQ5E98;      44,80;    0,01;28/02/2026;65;NAO FEZ PEDIDO                ;   ;romario.al ;20:11
019766                            ;27/02/2026;    ;295304;003;    ;0020103;BAR DA CIDA                                       ;(75)98127-9947 ;010;104;SKS2H93;     867,95;    0,75;27/02/2026;72;PDV FECHADO (HORARIO COM.)    ;   ;tailan.al  ;21:11
019768                            ;27/02/2026;    ;295366;003;    ;0018868;BAR DO NEGO PILO                                  ;(75)99949-3273 ;020;204;SJQ8D11;     390,94;    0,45;28/02/2026;33;Nao Fez Pedido                ;   ;jose.al    ;10:37
019769                            ;27/02/2026;    ;295415;003;    ;0052959;NG SUPERMERCADO                                   ;               ;010;102;SJQ4A23;     116,38;    0,30;27/02/2026;71;SEM DINHEIRO/CHEQUE           ;   ;tailan.al  ;20:21
019769                            ;27/02/2026;    ;295416;003;    ;0052959;NG SUPERMERCADO                                   ;               ;010;102;SJQ4A23;      22,40;    0,00;27/02/2026;71;SEM DINHEIRO/CHEQUE           ;   ;tailan.al  ;20:21
019773                            ;27/02/2026;    ;295521;003;    ;0092499;TURMA DA GELADA                                   ;(71)99936-9085 ;010;108;PXX2E06;     346,62;    0,34;27/02/2026;72;PDV FECHADO (HORARIO COM.)    ;   ;emerson.al ;18:33
019774                            ;27/02/2026;    ;295532;003;    ;0020810;MERCADINHO TOP 2                                  ;(71)99988-1279 ;010;101;SJQ3B12;     125,95;    0,36;27/02/2026;72;PDV FECHADO (HORARIO COM.)    ;   ;tailan.al  ;20:17
019774                            ;27/02/2026;    ;295533;003;    ;0034343;BAR DE POMBO                                      ;(75)99845-7359 ;010;101;SJQ3B12;     203,49;    0,25;27/02/2026;71;SEM DINHEIRO/CHEQUE           ;   ;tailan.al  ;20:17
019774                            ;27/02/2026;    ;295548;003;    ;0020622;TACIANE BISPO DOS SA                              ;(75)99827-1202 ;010;101;SJQ3B12;     153,81;    0,25;27/02/2026;72;PDV FECHADO (HORARIO COM.)    ;   ;tailan.al  ;20:18
019774                            ;27/02/2026;    ;295549;003;    ;0020001;KOMANDO                                           ;(75)99127-8588 ;010;101;SJQ3B12;    1691,58;    2,13;27/02/2026;34;Pedido Duplicado              ;   ;tailan.al  ;20:18
019774                            ;27/02/2026;    ;295551;003;    ;0020001;KOMANDO                                           ;(75)99127-8588 ;010;101;SJQ3B12;      30,06;    0,18;27/02/2026;34;Pedido Duplicado              ;   ;tailan.al  ;20:18
019775                            ;27/02/2026;    ;295580;003;    ;0060360;BENTO RESTAURANTE                                 ;(71)99639-4031 ;020;208;SKS9J44;     117,11;    0,26;28/02/2026;86;HORARIO DE ENTREGA            ;   ;jose.al    ;16:23
019775                            ;27/02/2026;    ;295581;003;    ;0060360;BENTO RESTAURANTE                                 ;(71)99639-4031 ;020;208;SKS9J44;      20,88;    0,02;28/02/2026;52;FALTA PRODUTO ESTOQUE         ;   ;jose.al    ;16:23
019775                            ;27/02/2026;    ;295584;003;    ;0060684;SALGADOS JR                                       ;(07)19918-1628 ;020;208;SKS9J44;      17,86;    0,02;28/02/2026;81;PRODUTO DANIFICADO / FALTA    ;DER;jose.al    ;16:23
019777                            ;27/02/2026;    ;295694;003;    ;0024632;BAR PLANETA                                       ;(75)99177-9514 ;010;103;SKS5C26;     182,98;    0,14;27/02/2026;50;CARGA ERRADA ARMAZEM          ;   ;tailan.al  ;20:20
019778                            ;27/02/2026;    ;295719;003;    ;0084177;PANIFICACAO CENTRAL                               ;(75)56656-5656 ;010;110;TMM9J07;    1558,14;    1,71;27/02/2026;40;Horario de Entrega            ;   ;tailan.al  ;20:28
019778                            ;27/02/2026;    ;295720;003;    ;0082728;COMERCIAL TAMARINEIR                              ;(75)99852-1355 ;030;305;TMM9J07;     787,04;    1,27;27/02/2026;72;PDV FECHADO (HORARIO COM.)    ;   ;tailan.al  ;20:27
019779                            ;27/02/2026;    ;295747;003;    ;0018495;DEPOSITO PETROLAR                                 ;(75)99938-8473 ;010;107;TMM5E06;     544,68;    0,75;27/02/2026;34;Pedido Duplicado              ;   ;emerson.al ;18:13
019779                            ;27/02/2026;    ;295762;003;    ;0083480;PEQUENO COMERCI                                   ;(75)99941-2434 ;010;107;TMM5E06;     711,58;    0,80;27/02/2026;72;PDV FECHADO (HORARIO COM.)    ;   ;emerson.al ;18:13
019780                            ;27/02/2026;    ;295773;003;    ;0089380;BAR E MERCEARIA JAIR                              ;(75)98180-6818 ;010;106;TMM3F04;     461,51;    0,77;27/02/2026;50;CARGA ERRADA ARMAZEM          ;   ;tailan.al  ;20:26
019781                            ;27/02/2026;    ;295802;003;    ;0018628;DEPOSITO DO LUAN                                  ;(75)99806-1854 ;020;206;SKB4I83;    1237,68;    1,44;27/02/2026;47;Dificil Acesso                ;   ;emerson.al ;17:06
019781                            ;27/02/2026;    ;295803;003;    ;0018627;BAR DA LANE                                       ;(75)99706-1837 ;020;206;SKB4I83;     470,30;    0,62;27/02/2026;47;Dificil Acesso                ;   ;emerson.al ;17:05
019781                            ;27/02/2026;    ;295804;003;    ;0018627;BAR DA LANE                                       ;(75)99706-1837 ;020;206;SKB4I83;      29,65;    0,04;27/02/2026;47;Dificil Acesso                ;   ;emerson.al ;17:05
019781                            ;27/02/2026;    ;295805;003;    ;0018644;BAR DO ANDR…                                      ;(75)99800-3565 ;020;206;SKB4I83;     308,98;    0,40;27/02/2026;47;Dificil Acesso                ;   ;emerson.al ;17:05
019781                            ;27/02/2026;    ;295806;003;    ;0018644;BAR DO ANDR…                                      ;(75)99800-3565 ;020;206;SKB4I83;     199,15;    0,20;27/02/2026;47;Dificil Acesso                ;   ;emerson.al ;17:06
019782                            ;27/02/2026;    ;295830;003;    ;0028588;CLUB DOS COMERCIARIO                              ;(75)98107-4950 ;010;110;IAK5E60;     193,66;    0,20;27/02/2026;72;PDV FECHADO (HORARIO COM.)    ;   ;emerson.al ;14:42
019782                            ;27/02/2026;    ;295864;003;    ;0018751;DEGUSTE FOODE DRINKS                              ;(75)99943-6030 ;010;110;IAK5E60;     542,86;    0,51;27/02/2026;72;PDV FECHADO (HORARIO COM.)    ;   ;emerson.al ;14:42
019782                            ;27/02/2026;    ;295865;003;    ;0018751;DEGUSTE FOODE DRINKS                              ;(75)99943-6030 ;010;110;IAK5E60;      33,00;    0,04;27/02/2026;72;PDV FECHADO (HORARIO COM.)    ;   ;emerson.al ;14:42
019782                            ;27/02/2026;    ;295871;003;    ;0019029;DIVINA MASSA                                      ;(74)99147-6010 ;010;110;IAK5E60;     330,91;    0,72;27/02/2026;72;PDV FECHADO (HORARIO COM.)    ;   ;emerson.al ;14:43
019782                            ;27/02/2026;    ;295872;003;    ;0019029;DIVINA MASSA                                      ;(74)99147-6010 ;010;110;IAK5E60;      22,40;    0,00;27/02/2026;72;PDV FECHADO (HORARIO COM.)    ;   ;emerson.al ;14:43
019782                            ;27/02/2026;    ;295873;003;    ;0019029;DIVINA MASSA                                      ;(74)99147-6010 ;010;110;IAK5E60;      51,12;    0,12;27/02/2026;72;PDV FECHADO (HORARIO COM.)    ;   ;emerson.al ;14:43
019808                            ;28/02/2026;    ;296028;003;    ;0040372;BAR DE MINGA                                      ;(75)99957-4728 ;020;206;SKS2H93;     371,65;    0,56;28/02/2026;85;DIFICIL ACESSO                ;   ;romario.al ;20:59
019808                            ;28/02/2026;    ;296029;003;    ;0040462;BAR DE PARAIBA                                    ;(75)99831-3335 ;020;206;SKS2H93;     175,50;    0,20;28/02/2026;85;DIFICIL ACESSO                ;   ;romario.al ;21:  
019808                            ;28/02/2026;    ;296030;003;    ;0040321;BAR DA GROTA                                      ;(75)99130-1538 ;020;206;SKS2H93;     435,56;    0,56;28/02/2026;85;DIFICIL ACESSO                ;   ;romario.al ;21:  
019810                            ;28/02/2026;    ;296098;003;    ;0046046;DOGUERIA RJ                                       ;               ;010;101;SJQ3B12;    1014,64;    2,25;28/02/2026;72;PDV FECHADO (HORARIO COM.)    ;   ;jose.al    ;18:11
019811                            ;28/02/2026;    ;296151;003;    ;0084036;MERC TEM DE TUDO                                  ;(71)99964-2362 ;030;306;SJQ0C73;    2111,05;    3,96;28/02/2026;70;CLIENTE CANCELOU              ;   ;jose.al    ;17:37
019811                            ;28/02/2026;    ;296152;003;    ;0084036;MERC TEM DE TUDO                                  ;(71)99964-2362 ;030;306;SJQ0C73;      22,40;    0,00;28/02/2026;70;CLIENTE CANCELOU              ;   ;jose.al    ;17:37
019811                            ;28/02/2026;    ;296153;003;    ;0084036;MERC TEM DE TUDO                                  ;(71)99964-2362 ;030;306;SJQ0C73;      75,00;    0,12;28/02/2026;70;CLIENTE CANCELOU              ;DER;jose.al    ;17:37
019813                            ;28/02/2026;    ;296204;003;    ;0050186;MER. PEQUENO PRECO                                ;(07)53434-2484 ;020;204;SJQ4A23;     176,77;    0,18;28/02/2026;71;SEM DINHEIRO/CHEQUE           ;   ;romario.al ;20:17
019814                            ;28/02/2026;    ;296250;003;    ;0048393;BAR DE NANE                                       ;(75)98102-9708 ;010;102;SJQ1F85;     518,03;    0,63;28/02/2026;71;SEM DINHEIRO/CHEQUE           ;   ;romario.al ;20:25
019814                            ;28/02/2026;    ;296251;003;    ;0048393;BAR DE NANE                                       ;(75)98102-9708 ;010;102;SJQ1F85;      22,40;    0,00;28/02/2026;71;SEM DINHEIRO/CHEQUE           ;   ;romario.al ;20:25
019814                            ;28/02/2026;    ;296257;003;    ;0034046;LIDIANE DE ALMEIDA                                ;(75)98297-3438 ;010;102;SJQ1F85;     484,13;    0,66;28/02/2026;87;TEMPO INSUFICIENTE            ;   ;romario.al ;20:27
019814                            ;28/02/2026;    ;296259;003;    ;0018483;MERCAD VF CARMO                                   ;(75)98260-4113 ;010;102;SJQ1F85;     101,39;    0,20;28/02/2026;42;Produto/Quantidade Errada     ;   ;romario.al ;20:23
019814                            ;28/02/2026;    ;296260;003;    ;0018483;MERCAD VF CARMO                                   ;(75)98260-4113 ;010;102;SJQ1F85;      37,43;    0,09;28/02/2026;42;Produto/Quantidade Errada     ;   ;romario.al ;20:23
019814                            ;28/02/2026;    ;296264;003;    ;0035200;BAR CASA VELHA                                    ;(75)98171-6715 ;010;102;SJQ1F85;     204,38;    0,38;28/02/2026;71;SEM DINHEIRO/CHEQUE           ;   ;romario.al ;20:24
019814                            ;28/02/2026;    ;296273;003;    ;0019894;BAR DO VANGE                                      ;(75)98223-1869 ;010;102;SJQ1F85;     273,15;    0,29;28/02/2026;87;TEMPO INSUFICIENTE            ;   ;romario.al ;20:27
019814                            ;28/02/2026;    ;296274;003;    ;0048968;MERC PONTO CERTO                                  ;(75)98185-9003 ;010;102;SJQ1F85;     485,10;    0,62;28/02/2026;87;TEMPO INSUFICIENTE            ;   ;romario.al ;20:30
019814                            ;28/02/2026;    ;296275;003;    ;0055470;BAR DA JOGINALVA                                  ;(75)98196-0712 ;010;102;SJQ1F85;     108,15;    0,11;28/02/2026;87;TEMPO INSUFICIENTE            ;   ;romario.al ;20:29
019814                            ;28/02/2026;    ;296276;003;    ;0048970;BAR DA VILA                                       ;(71)98407-1948 ;010;102;SJQ1F85;     470,30;    0,59;28/02/2026;87;TEMPO INSUFICIENTE            ;   ;romario.al ;20:28
019814                            ;28/02/2026;    ;296277;003;    ;0048970;BAR DA VILA                                       ;(71)98407-1948 ;010;102;SJQ1F85;      44,76;    0,06;28/02/2026;87;TEMPO INSUFICIENTE            ;   ;romario.al ;20:28
019814                            ;28/02/2026;    ;296278;003;    ;0020834;BAR DA ANA                                        ;(75)98224-2378 ;010;102;SJQ1F85;     104,62;    0,12;28/02/2026;87;TEMPO INSUFICIENTE            ;   ;romario.al ;20:26
019815                            ;28/02/2026;    ;296310;003;    ;0024511;IDALBA DISTRIBUIDORA                              ;(71) 9907-7917 ;010;109;SKS5C26;     251,41;    0,33;28/02/2026;71;SEM DINHEIRO/CHEQUE           ;   ;jose.al    ;15:05
019816                            ;28/02/2026;    ;296348;003;    ;0035054;BOX DE KURA                                       ;(75)99974-6183 ;010;108;TMM5E06;     555,30;    0,63;28/02/2026;71;SEM DINHEIRO/CHEQUE           ;   ;jose.al    ;17:13
019818                            ;28/02/2026;    ;296444;003;    ;0019989;BAR TABARNA                                       ;(75)99991-0641 ;010;103;TMM4F43;       8,77;    0,02;28/02/2026;70;CLIENTE CANCELOU              ;   ;romario.al ;20:38
019818                            ;28/02/2026;    ;296445;003;    ;0046148;ESPETO E PROSA                                    ;(75)99279-0443 ;010;111;TMM4F43;     622,91;    0,50;28/02/2026;87;TEMPO INSUFICIENTE            ;   ;romario.al ;20:42
019818                            ;28/02/2026;    ;296446;003;    ;0019783;BAHIA                                             ;(75)98241-5168 ;010;111;TMM4F43;     177,50;    0,21;28/02/2026;87;TEMPO INSUFICIENTE            ;   ;romario.al ;20:41
019818                            ;28/02/2026;    ;296447;003;    ;0019783;BAHIA                                             ;(75)98241-5168 ;010;111;TMM4F43;     203,60;    0,24;28/02/2026;87;TEMPO INSUFICIENTE            ;   ;romario.al ;20:41
019818                            ;28/02/2026;    ;296448;003;    ;0018938;JUNQUEIRA BAR                                     ;(75)99943-5321 ;010;107;TMM4F43;     269,50;    0,34;28/02/2026;87;TEMPO INSUFICIENTE            ;   ;romario.al ;20:40
019818                            ;28/02/2026;    ;296449;003;    ;0018938;JUNQUEIRA BAR                                     ;(75)99943-5321 ;010;107;TMM4F43;     253,66;    0,28;28/02/2026;87;TEMPO INSUFICIENTE            ;   ;romario.al ;20:40
019819                            ;28/02/2026;    ;296459;003;    ;0027355;MERC. DO GALEGO                                   ;(75)98131-6164 ;010;105;TMM9J07;     385,92;    0,33;28/02/2026;71;SEM DINHEIRO/CHEQUE           ;   ;jose.al    ;18:44
019819                            ;28/02/2026;    ;296467;003;    ;0043710;QUERO PAO                                         ;(75)98355-6834 ;010;105;TMM9J07;     559,41;    1,64;28/02/2026;71;SEM DINHEIRO/CHEQUE           ;   ;jose.al    ;18:44
019819                            ;28/02/2026;    ;296475;003;    ;0050919;JRV BAR E DISTRIBUID                              ;(75)99885-5296 ;010;111;TMM9J07;     400,82;    0,48;28/02/2026;42;Produto/Quantidade Errada     ;   ;jose.al    ;18:44
019819                            ;28/02/2026;    ;296476;003;    ;0018671;TO NO BABA BEER                                   ;(75)98867-6321 ;010;111;TMM9J07;     304,32;    0,39;28/02/2026;02;Sem Vasilhame Ambev           ;   ;jose.al    ;18:44
019820                            ;28/02/2026;    ;296514;003;    ;0040106;MERCADINHO SANTANA                                ;(75)99703-7581 ;020;206;SKB4I83;     170,41;    0,25;28/02/2026;71;SEM DINHEIRO/CHEQUE           ;   ;jose.al    ;17:46
019821                            ;28/02/2026;    ;296561;003;    ;0021004;BAR DO CRISPIM                                    ;(75)99842-2435 ;010;103;PJX0435;     132,03;    0,16;28/02/2026;72;PDV FECHADO (HORARIO COM.)    ;   ;jose.al    ;15:38
019822                            ;28/02/2026;    ;296572;003;    ;0089655;MERC SANTA BARBARA                                ;(75)99937-2153 ;010;105;PXX2E06;     178,66;    0,23;28/02/2026;71;SEM DINHEIRO/CHEQUE           ;   ;jose.al    ;16:19
019822                            ;28/02/2026;    ;296584;003;    ;0021010;ABATEDOURO FAVES                                  ;(75)99992-6516 ;010;105;PXX2E06;     180,74;    0,37;28/02/2026;23;(C)Pedidos duplicados         ;   ;jose.al    ;16:19
019822                            ;28/02/2026;    ;296586;003;    ;0032604;CANTINHO DA FAFA                                  ;(75)98303-6978 ;010;111;PXX2E06;     106,78;    0,18;28/02/2026;72;PDV FECHADO (HORARIO COM.)    ;   ;jose.al    ;16:19
019824                            ;27/02/2026;    ;296592;003;    ;0018296;CDR CAMACARI                                      ;(19) 3313-7039 ;090;998;RCX8J64;    5600,00;    0,00;02/03/2026;51;NF ERRADA                     ;   ;alyson     ;22:13
